business_id,month,employee_count,revenue,expenses,cash_balance,accounts_receivable,accounts_payable,inventory_value,loan_emi,loan_outstanding,profit,profit_margin,working_capital,cash_ratio,receivable_ratio,payable_ratio,debt_service_ratio,inventory_ratio,revenue_growth,expense_growth,cash_growth,receivable_growth,risk_target
MSME001,2023-11-01,78,914941.09,580689.41,898933.57,194432.31,63537.72,271136.71,83266.39,3830253.97,334251.67999999993,36.53259031136091,402031.30000000005,1.5480454000357953,0.21250800966868807,0.10941773503325986,0.09100737840946678,0.29634335255398797,1.5743539838150467,2.159073850148041,33.31825692495667,0.2351164245682824,0
MSME001,2023-12-01,78,954177.9,599253.05,1142402.89,194889.45,65568.91,282764.28,83266.39,3746987.58,354924.85,37.19692627548803,412084.82000000007,1.9063780985345002,0.20424854736207998,0.1094177326256412,0.08726505822446737,0.29634335483980506,4.28845205760735,3.1968277155252522,27.084239383784503,0.23511524396331307,0
MSME001,2024-01-01,78,998694.48,624293.06,1400314.05,195347.67,68308.73,295956.47,83266.39,3663721.19,374401.4199999999,37.48908474992271,422995.41000000003,2.243039591053599,0.19560303367252016,0.10941773083301613,0.08337523804076698,0.296343352173129,4.665438174579384,4.178536930266774,22.576199890390704,0.23511790915311526,0
MSME001,2024-02-01,78,1047960.97,665666.78,1673865.01,195806.96,72835.75,310556.27,83266.39,3580454.8,382294.18999999994,36.47981183879395,433527.48,2.514568940934682,0.18684566086464077,0.1094177329984831,0.07945562132910351,0.2963433552301094,4.933089246673306,6.627291355761655,19.534972172849365,0.23511414290222632,0
MSME001,2024-03-01,78,1071720.93,668863.37,1953935.77,196267.33,73185.51,317597.37,83266.39,3497188.4,402857.55999999994,37.58978188473001,440679.18999999994,2.921277883702915,0.18313287023329852,0.10941772756968288,0.07769409710044574,0.2963433493829406,2.267256193711109,0.4802087314617065,16.73198007765273,0.23511421657329556,0
MSME001,2024-04-01,78,1099211.62,691274.09,2229275.07,196728.79,75637.65,325744.06,83266.39,3413922.01,407937.53000000014,37.11182838478364,446835.19999999995,3.224878672944331,0.17897262585342755,0.10941774195529301,0.07575100961905769,0.2963433556133622,2.565097800226801,3.35056769516322,14.091522568318604,0.23511809122793714,0
MSME001,2024-05-01,78,1097129.46,701250.2,2487110.06,197191.33,76729.21,325127.02,83266.39,3330655.62,395879.26,36.083185661608255,445589.13999999996,3.5466800009468806,0.17973387570870625,0.10941773706446004,0.07589477179839835,0.29634335040096366,-0.18942303393774118,1.4431482597590195,11.565867015235586,0.23511556188597904,0
MSME001,2024-06-01,78,1076984.52,670167.59,2760003.02,197654.96,73328.22,319157.2,83266.39,3247389.23,406816.93000000005,37.77370263409171,443483.94000000006,4.1183773449862,0.1835262776107497,0.10941773534587074,0.07731437959758233,0.2963433494847261,-1.8361497648600178,-4.432456489851977,10.97229127045547,0.23511682790515742,0
MSME001,2024-07-01,78,1046308.61,670376.45,3018376.0,198119.67,73351.07,310066.6,83266.39,3164122.84,375932.16000000003,35.92937651540496,434835.2,4.502509000726383,0.18935108447592724,0.10941773088836879,0.07958109988218486,0.29634335131773404,-2.8483148485736853,0.031165338807270793,9.361329611878478,0.235111732081017,0
MSME001,2024-08-01,78,1019891.4,646324.08,3252574.78,198585.49,70719.32,302238.04,83266.39,3080856.45,373567.32000000007,36.62814687916773,430104.20999999996,5.032420856112927,0.1947123880052327,0.10941773978156595,0.08164240820150066,0.2963433557729774,-2.524800976262631,-3.587890057892096,7.759098932671082,0.2351205208448004,0
MSME001,2024-09-01,78,1003412.91,626736.34,3499160.03,199052.39,68576.07,297354.75,83266.39,2997590.06,376676.57000000007,37.53953793558427,427831.07,5.583145266476809,0.1983753527747615,0.10941773377940715,0.08298317588917607,0.2963433567941636,-1.6157102609160146,-3.0306375092817195,7.581232306056318,0.2351128473686792,0
MSME001,2024-10-01,78,1034659.69,641343.24,3754744.64,199520.39,70174.33,306614.52,83266.39,2914323.67,393316.44999999995,38.01408847772933,435960.58,5.854501000119686,0.19283672876054544,0.10941774329764511,0.08047707937669825,0.2963433513100332,3.114050027520565,2.3306291765369913,7.304170366852314,0.23511398180147136,0
MSME001,2024-11-01,78,1059250.42,669660.37,4024532.7,199989.5,73272.72,313901.82,83266.39,2831057.28,389590.04999999993,36.779787163077074,440618.6,6.00981166020023,0.1888028517373635,0.10941773364907349,0.07860878639066295,0.29634335193371936,2.3766974047283007,4.415284707764289,7.185257210993723,0.23511882670237405,0
MSME001,2024-12-01,78,1118538.56,700277.16,4322044.74,200459.71,76622.74,331471.47,83266.39,2747790.89,418261.4,37.39356111245731,455308.43999999994,6.171905906512787,0.17921573486031628,0.10941773397264593,0.07444212741311305,0.2963433553868719,5.597178804989289,4.571987737604966,7.3924617384771185,0.23511734366052917,0
MSME001,2025-01-01,78,1170081.6,719530.98,4636333.63,200931.02,78729.45,346745.9,83266.39,2664524.5,450550.6200000001,38.505914459299255,468947.47000000003,6.443549699555675,0.17172393788604143,0.1094177348694562,0.07116289154534179,0.29634334904505805,4.60807001593222,2.749457086391338,7.271763919778396,0.23511457738814023,0
MSME001,2025-02-01,78,1230194.65,777431.59,4956033.22,201403.44,85064.8,364560.01,83266.39,2581258.11,452763.05999999994,36.804180541672814,480898.64999999997,6.374880161481475,0.1637167256417511,0.1094177302468504,0.06768554065813895,0.2963433550942528,5.137509213032643,8.046993334463505,6.895525980514905,0.23511551377184414,0
MSME001,2025-03-01,78,1268719.88,809133.94,5287740.27,201876.97,88533.6,375976.7,83266.39,2497991.72,459585.93999999994,36.224382327799574,489320.07000000007,6.535061759985003,0.15911863066258566,0.10941773125967255,0.06563023982882653,0.2963433504328789,3.131636932415538,4.0778314655312675,6.692994886745329,0.23511514996963356,0
MSME001,2025-04-01,78,1267181.55,793119.36,5618777.95,202351.61,86781.32,375520.83,83266.39,2414725.33,474062.19000000006,37.41075538860237,491091.11999999994,7.084403979244688,0.1596863606481644,0.10941773001228972,0.06570991346898951,0.2963433534839582,-0.12125056320547722,-1.9792248487314645,6.260475422330081,0.23511349511535773,0
MSME001,2025-05-01,78,1261733.37,788099.18,5958714.24,202827.37,86232.03,373906.3,83266.39,2331458.94,473634.19000000006,37.53837389590481,490501.6399999999,7.56086846835699,0.1607529568628275,0.10941773851357134,0.06599364967259287,0.2963433550148554,-0.42994470681805286,-0.6329665184317212,6.050003987076935,0.23511550019295058,0
MSME001,2025-06-01,78,1236800.72,789367.92,6270692.28,203304.25,86370.85,366517.67,83266.39,2248192.55,447432.79999999993,36.17662835771958,483451.06999999995,7.943941121904219,0.16437914913244875,0.10941773514180815,0.06732401481784389,0.29634335109378007,-1.9760632945770573,0.16098735187111135,5.2356603695766335,0.23511619758220803,0
MSME001,2025-07-01,78,1196258.13,729718.75,6589943.65,203782.25,79844.17,354503.15,83266.39,2164926.16,466539.3799999999,38.99989210522648,478441.23000000004,9.030799400453942,0.17034973045491447,0.10941773114641772,0.06960570458150199,0.29634335693083236,-3.2780212158996846,-7.556573872421879,5.091166265935798,0.23511559645210678,0
MSME001,2025-08-01,78,1147609.79,728785.45,6873833.49,204261.38,79742.05,340086.53,83266.39,2081659.76,418824.3400000001,36.4953613719172,464605.86000000004,9.431902749979436,0.17798853040457244,0.10941773055430787,0.07255636081668491,0.2963433502950511,-4.066709247777467,-0.12789859106676627,4.30792515198517,0.23511861312750515,0
MSME001,2025-09-01,78,1156378.35,723862.69,7165406.0,204741.63,79203.42,342685.04,83266.39,1998393.37,432515.66000000015,37.402607892131506,468223.24999999994,9.89884697607498,0.17705418819022337,0.10941774053860961,0.0720061820597039,0.2963433550965391,0.7640715578071333,-0.6754745172258825,4.241774410511656,0.23511541927307977,0
MSME001,2025-10-01,78,1162894.34,719655.8,7477447.33,205223.01,78743.11,344616.01,83266.39,1915126.98,443238.54000000004,38.115117148132306,471095.91000000003,10.390310659623669,0.1764760588653308,0.10941773831323251,0.07160271327831899,0.2963433548055621,0.5634825314742242,-0.5811723767666366,4.354831114943103,0.23511583843500716,0
MSME001,2025-11-01,78,1165758.21,740795.25,7768460.33,205705.52,81056.14,345464.7,83266.39,1831860.59,424962.95999999996,36.45378229847508,470114.07999999996,10.486649759160848,0.17645641972360632,0.10941773722226215,0.071426809852791,0.2963433557975972,0.2462708692863691,2.9374389812462987,3.891876293563934,0.23511496103676421,0
MSME002,2023-11-01,68,726538.78,451262.93,604407.64,158394.39,79812.51,120722.51,96817.7,4453614.34,275275.85000000003,37.88866576399405,199304.39,1.3393691345309486,0.2180122993572346,0.17686476041805604,0.13325881930211625,0.16616113733116902,3.137865593393596,1.192340126401925,32.91972743971252,0.2664561502925933,1
MSME002,2023-12-01,68,760781.7,469807.96,765291.89,158816.44,83092.47,126412.36,96817.7,4356796.64,290973.73999999993,38.246679698000094,202136.33,1.6289461975058914,0.20875428523057274,0.17686475554820313,0.1272608160790408,0.16616114714641533,4.713157912919663,4.1095841841030545,26.618500388247913,0.26645514402372505,0
MSME002,2024-01-01,68,797519.02,511961.03,928421.21,159239.61,90547.86,132516.67,96817.7,4259978.94,285557.99,35.80579056283823,201208.42000000004,1.8134607042258664,0.19966873015768324,0.17686475081902228,0.12139860940244408,0.16616114058320516,4.82889112606153,8.972404384123255,21.31596089434582,0.26645226400994204,0
MSME002,2024-02-01,68,833123.96,532087.13,1101008.63,159663.92,94107.46,138432.83,96817.7,4163161.23,301036.82999999996,36.133498069122865,203989.28999999998,2.0692261998518924,0.19164485438637488,0.17686475521405678,0.11621043764003619,0.16616114365502102,4.4644628036582645,3.9311781211159635,18.58934480826864,0.2664600848997445,0
MSME002,2024-03-01,68,868461.01,545513.44,1295531.45,160089.35,96482.1,144304.47,96817.7,4066343.53,322947.57000000007,37.186191007009064,207911.72,2.374884567463636,0.18433683050434238,0.17686475332303456,0.11148191903284178,0.16616113831063067,4.241511671324405,2.5233292148975517,17.667692577486882,0.26645343544113853,0
MSME002,2024-04-01,68,857183.39,519946.1,1509779.98,160515.92,91960.14,142430.57,96817.7,3969525.83,337237.29000000004,39.34249005921592,210986.34999999998,2.9037240206244457,0.18725971813336234,0.17686475578910968,0.11294864218029235,0.1661611408499178,-1.2985752808868156,-4.68683961297085,16.537501270231616,0.26645745016766753,0
MSME002,2024-05-01,68,842298.17,520872.77,1694712.82,160943.62,92124.03,139957.23,96817.7,3872708.12,321425.4,38.16052455628628,208776.81999999998,3.2536022568428753,0.19107677747893004,0.17686474568444036,0.11494468758017128,0.16616114694871056,-1.7365268825379365,0.17822424285902638,12.248992730715646,0.26645332126555843,1
MSME002,2024-06-01,68,806582.93,508722.28,1860300.11,161372.47,89975.04,134022.74,96817.7,3775890.42,297860.65,36.928707380405385,205420.16999999998,3.6568087994887897,0.20006928487812156,0.17686475221804712,0.1200344024141448,0.1661611410496872,-4.24021341516152,-2.3327174503670056,9.770817099265239,0.2664597701977911,1
MSME002,2024-07-01,68,776588.09,486954.82,2022886.83,161802.45,86125.14,129038.76,96817.7,3679072.72,289633.26999999996,37.29561059840616,204716.07,4.1541571146169165,0.20835041392406625,0.1768647448648316,0.12467059596548796,0.16616113698060964,-3.7187546232846813,-4.278849355683811,8.739811341515203,0.26645189232092914,1
MSME002,2024-08-01,68,760961.84,455352.67,2190839.75,162233.58,80535.84,126442.29,96817.7,3582255.02,305609.17,40.16090609747264,208140.03,4.811303181773371,0.21319542120535243,0.1768647584739099,0.12723069004353754,0.16616114416460095,-2.0121670936261715,-6.489749911501031,8.302635496420718,0.26645455615781355,1
MSME002,2024-09-01,68,736121.85,450841.64,2352878.86,162665.86,79737.99,122314.85,96817.7,3485437.31,285280.20999999996,38.75448201951891,205242.71999999997,5.218858799289258,0.22097681246657735,0.17686474124262347,0.1315240133138284,0.16616114573966254,-3.2642885220105167,-0.99066729969981,7.396210060548691,0.26645531708047177,1
MSME002,2024-10-01,68,725437.33,452209.04,2507548.97,163099.3,79979.84,120539.49,96817.7,3388619.61,273228.29,37.66394128077197,203658.94999999998,5.545110221591325,0.22482893181138058,0.17686475263740858,0.13346114956615204,0.16616113482883493,-1.451460787368286,0.3032994024243063,6.573653774933419,0.2664603377746211,1
MSME002,2024-11-01,68,738554.05,457209.95,2667681.14,163533.88,80864.32,122718.98,96817.7,3291801.91,281344.10000000003,38.0939079543332,205388.53999999998,5.834696160921258,0.22142438999555955,0.17686474233555066,0.13109087953684634,0.16616113607392713,1.808112080474289,1.1058845705517184,6.3860036998599545,0.26645117422332554,0
MSME002,2024-12-01,68,783579.71,486711.87,2838008.88,163969.63,86082.17,130200.5,96817.7,3194984.2,296867.83999999997,37.88610606060741,208087.96000000002,5.830983493375659,0.20925711565451333,0.17686474340557998,0.12355820188350716,0.16616114268706628,6.0964610511579975,6.452597980424524,6.384861273187981,0.2664585466938041,0
MSME002,2025-01-01,68,822272.47,514012.3,3025689.13,164406.54,90910.66,136629.73,96817.7,3098166.5,308260.17,37.488810734475884,210125.61000000002,5.88641386597169,0.19994168113155972,0.17686475596012002,0.11774406116259736,0.1661611387767853,4.937948176325291,5.609156398836124,6.613095939291069,0.26645788003547555,0
MSME002,2025-02-01,68,858247.49,560609.57,3198140.58,164844.61,99152.07,142607.38,96817.7,3001348.8,297637.92000000004,34.67973090139769,208299.91999999998,5.704755593094853,0.19207118217147362,0.17686474742127575,0.11280860256288078,0.16616113843805125,4.375072900105725,9.065399796853102,5.699575950818203,0.26645533687406076,0
MSME002,2025-03-01,68,876349.6,530569.83,3406567.61,165283.84,93839.1,145615.25,96817.7,2904531.09,345779.77,39.45682978573848,217059.98999999996,6.420582960776342,0.18860491292516138,0.17686474935825133,0.11047839811874165,0.16616114162658374,2.109194633356859,-5.358406564483009,6.517131589005998,0.2664509321839592,0
MSME002,2025-04-01,68,896916.73,550925.72,3609025.75,165724.25,97439.34,149032.71,96817.7,2807713.39,345991.01,38.57559998908706,217317.61999999997,6.5508391040447345,0.1847710544991172,0.17686475047852188,0.10794502629023321,0.166161144078559,2.346909269999098,3.8366090284477794,5.94317105011164,0.2664567812558083,0
MSME002,2025-05-01,68,881563.73,537969.0,3828360.35,166165.83,95147.75,146481.64,96817.7,2710895.69,343594.73,38.975597373998134,217499.71999999997,7.116321479490454,0.18848986675075663,0.17686474499460006,0.1098249584292675,0.16616114639834378,-1.7117531077829318,-2.351808879062678,6.077390830475515,0.2664546679197466,0
MSME002,2025-06-01,68,848846.58,519893.64,4012910.85,166608.59,91950.86,141045.32,96817.7,2614077.98,328952.93999999994,38.75293224365703,215703.05000000005,7.718715024096082,0.19627644609229622,0.17686475256746745,0.11405794908191773,0.16616114539802943,-3.7112631664190654,-3.3599259436882023,4.820614652954491,0.2664567077358848,1
MSME002,2025-07-01,68,801345.62,519707.87,4164990.64,167052.53,91918.0,133152.5,96817.7,2517260.28,281637.75,35.14560296716915,208287.03000000003,8.014099613307762,0.20846501912620424,0.17686474518848444,0.12081890458202042,0.16616113781217148,-5.595941730718879,-0.035732308631442056,3.7897624862510915,0.2664568495537978,1
MSME002,2025-08-01,68,799064.24,525667.46,4316064.06,167497.65,92972.04,132773.43,96817.7,2420442.58,273396.78,34.214618339071215,207299.03999999998,8.210635788640978,0.20961725179942978,0.1768647425884037,0.12116385035576113,0.1661611461927016,-0.284693638183231,1.1467192136228377,3.627221116636159,0.2664551084619937,1
MSME002,2025-09-01,68,791308.94,509395.14,4470172.32,167943.96,90094.04,131484.8,96817.7,2323624.87,281913.79999999993,35.62626248099762,209334.72000000003,8.775451450125733,0.2122356408610776,0.17686474197614055,0.1223513284204776,0.16616114560768136,-0.9705477497028325,-3.095553983881738,3.5705739733622233,0.2664574697018196,0
MSME002,2025-10-01,68,804793.91,505579.74,4642395.17,168391.46,89419.23,133725.48,96817.7,2226807.17,299214.17000000004,37.17898039263245,212697.71000000002,9.182320418931344,0.20923550477662037,0.17686474145502745,0.1203012333927825,0.1661611480136573,1.7041346708404514,-0.7490059681370398,3.852711655643737,0.2664579303715442,0
MSME002,2025-11-01,68,808377.66,501303.22,4825221.09,168840.14,88662.87,134320.96,96817.7,2129989.47,307074.44000000006,37.986507445047415,214498.22999999998,9.625354271612299,0.20886294655891408,0.17686475263414425,0.11976790650053341,0.16616114799609874,0.4453003378218856,-0.8458645910138785,3.9381809024241266,0.2664505670299633,0
MSME003,2023-11-01,39,857202.77,557270.73,595767.11,151226.53,93941.54,166752.92,99691.74,4585819.82,299932.04000000004,34.98962561681876,224037.91000000003,1.0690802116953102,0.1764186202991388,0.16857433011060888,0.11629890090065854,0.19453147590738654,3.070620413390257,0.9529641540908296,37.9738690207849,0.19851329371856075,0
MSME003,2023-12-01,39,905728.93,594325.76,788305.32,151526.72,100188.07,176192.78,99691.74,4486128.09,311403.17000000004,34.38149756351495,227531.43,1.3263859200718473,0.16729808994839107,0.16857433539478417,0.11006796481591904,0.19453146980741798,5.660989639592517,6.649376686265218,32.31769709475905,0.19850352977086594,0
MSME003,2024-01-01,39,976629.48,651648.33,988362.19,151827.52,109851.18,189985.17,99691.74,4386436.35,324981.15,33.27578745626233,231961.51,1.5167109996276673,0.15546071781490764,0.16857432904032763,0.10207734052836497,0.19453147164879767,7.828009866042374,9.644974836695619,25.378094619480684,0.19851284314740258,0
MSME003,2024-02-01,39,1002294.35,653749.97,1208572.23,152128.91,110205.47,194977.79,99691.74,4286744.62,348544.38,34.77465277540475,236901.23,1.8486765360769348,0.15178067201516202,0.1685743404317097,0.09946353583655342,0.19453146672930963,2.6279024466883794,0.3225113766500476,22.280297873393963,0.19850814924726734,0
MSME003,2024-03-01,39,1021332.35,660095.5,1431717.86,152430.89,111275.16,198681.28,99691.74,4187052.88,361236.85,35.369177329984694,239837.01000000004,2.1689556435394577,0.14924709865500688,0.1685743350772729,0.09760949998303688,0.19453146666704527,1.8994420152123936,0.9706356085951384,18.463574163043628,0.19850270405539217,0
MSME003,2024-04-01,39,1020751.19,675958.74,1650678.76,152733.48,113949.29,198568.23,99691.74,4087361.15,344792.44999999995,33.77830497557392,237352.42000000004,2.4419815327781693,0.14962851035226324,0.16857432748040213,0.09766507350336766,0.19453147049478337,-0.056902143557879814,2.4031734802009597,15.293578861969337,0.19850963279162137,0
MSME003,2024-05-01,39,975456.55,645874.4,1846047.76,153036.67,108877.85,189757.0,99691.74,3987669.41,329582.15,33.78747623356468,233915.82000000004,2.8582147860327023,0.1568872237312877,0.1685743389117141,0.10220008261772398,0.19453147349310432,-4.437383021811603,-4.450617799542023,11.835676615842573,0.19850919392394584,0
MSME003,2024-06-01,39,973438.71,616881.71,2065749.06,153340.46,103990.42,189364.46,99691.74,3887977.67,356557.0,36.62860294512019,238714.5,3.348695587035641,0.15752451430660694,0.1685743284559369,0.10241193305328901,0.19453146670117527,-0.20686108468901399,-4.488905273223409,11.90117096428751,0.1985079785125965,0
MSME003,2024-07-01,39,921207.11,622905.71,2241984.69,153644.86,105005.92,179203.77,99691.74,3788285.94,298301.4,32.3815781230781,227842.71000000002,3.599236054522602,0.16678644610113788,0.16857434169290245,0.10821859592464501,0.19453146643646724,-5.36567936567881,0.9765243323553774,8.531318416768396,0.19851251261409075,0
MSME003,2024-08-01,39,890126.1,594816.08,2408981.98,153949.85,100270.73,173157.54,99691.74,3688594.2,295310.02,33.176200540575095,226836.66000000003,4.049961090493721,0.1729528546573345,0.1685743431818454,0.11199732262653574,0.1945314714398331,-3.3739437812198347,-4.509451358215999,7.448636502508865,0.19850322360279726,0
MSME003,2024-09-01,39,883676.09,584743.45,2579306.97,154255.46,98572.74,171902.81,99691.74,3588902.47,298932.64,33.82830466760734,227585.53000000003,4.411006177153418,0.17456108832819048,0.1685743380280703,0.11281479846308845,0.19453147136752336,-0.7246175569955771,-1.693402437943503,7.070413619283289,0.19851269747908074,0
MSME003,2024-10-01,39,890047.61,590167.04,2742402.84,154561.67,99487.02,173142.27,99691.74,3489210.73,299880.56999999995,33.69264370026227,228216.91999999998,4.64682480404192,0.17365550815871525,0.16857434125768866,0.11200719925532973,0.1945314700637194,0.7210243744401934,0.9275161611472571,6.323243875078566,0.19850837046546665,0
MSME003,2024-11-01,39,914769.05,618612.85,2910234.3,154868.48,104282.25,177951.37,99691.74,3389519.0,296156.20000000007,32.37496939801364,228537.59999999998,4.704451742313468,0.16929790092920174,0.16857433530519128,0.10898022839753925,0.19453147217868816,2.777541304784825,4.819959108526284,6.119868954044683,0.19850328998127775,0
MSME003,2024-12-01,39,958319.23,640737.47,3111699.67,155175.91,108011.89,186423.25,99691.74,3289827.26,317581.76,33.139453958364165,233587.27000000002,4.856434679869745,0.16192507166948952,0.16857433045081632,0.10402769440408705,0.19453147152228178,4.760784156394449,3.5764889138659273,6.922651210591546,0.1985103747386141,0
MSME003,2025-01-01,39,1018927.17,681228.9,3342624.87,155483.95,114837.71,198213.4,99691.74,3190135.53,337698.27,33.14253265029728,238859.63999999996,4.906757288189036,0.15259574440438173,0.16857433676110922,0.0978399074391156,0.19453146980073166,6.324399855776663,6.319503992797548,7.42119177587599,0.19851019401142533,0
MSME003,2025-02-01,39,1060992.66,673126.17,3589810.81,155792.6,113471.8,206396.46,99691.74,3090443.79,387866.4899999999,36.556943758687254,248717.26,5.333043001433149,0.14683664258337095,0.16857434023104464,0.09396081967240001,0.1945314682949833,4.128409884290352,-1.1894283991768395,7.394965023400912,0.1985092351975748,0
MSME003,2025-03-01,39,1094242.71,737724.69,3812740.09,156101.86,124361.45,212864.64,99691.74,2990752.06,356518.02,32.58125612735405,244605.05,5.168242491653627,0.1426574365754742,0.16857433631508253,0.0911056926301113,0.19453146733780846,3.1338623963713452,9.596792232873664,6.210056512699613,0.1985075029237393,0
MSME003,2025-04-01,39,1078353.12,699789.92,4055582.37,156411.73,117966.62,209773.62,99691.74,2891060.32,378563.20000000007,35.10568041014246,248218.72999999998,5.795428390851929,0.1450468562654133,0.16857433442310799,0.09244813980785811,0.19453147221385142,-1.4521083718254668,-5.142131002827066,6.369232475009867,0.1985050017982104,0
MSME003,2025-05-01,39,1071202.94,687197.73,4298600.97,156722.22,115843.9,208382.68,99691.74,2791368.59,384005.20999999996,35.84803548055982,249261.00000000003,6.255260723867641,0.14630488224761595,0.16857433449321785,0.0930652225431719,0.19453146758540452,-0.6630648038557285,-1.7994243186583825,5.992199832942857,0.19850812979307353,0
MSME003,2025-06-01,39,1036599.39,688286.93,4519143.77,157033.33,116027.51,201651.2,99691.74,2691676.85,348312.45999999996,33.60145330589091,242657.02000000002,6.565784664834474,0.15148892765603497,0.16857433280042086,0.0961719068733004,0.19453146697298365,-3.2303449428546127,0.1584987773460833,5.130571586876087,0.1985104600993992,0
MSME003,2025-07-01,39,1015933.83,671759.19,4728470.6,157345.06,113241.36,197631.1,99691.74,2591985.12,344174.64,33.87766307575367,241734.80000000005,7.038936973828374,0.15487727187901598,0.16857433688402537,0.09812818222619873,0.19453146864889814,-1.9935917577570739,-2.401286335627517,4.632002004220381,0.1985119974211802,0
MSME003,2025-08-01,39,987413.73,652516.71,4929639.39,157657.4,109997.57,192083.05,99691.74,2492293.38,334897.02,33.916585300064646,239742.87999999995,7.5548094239609584,0.15966701212469467,0.1685743342879296,0.10096248104631886,0.19453147567636112,-2.8072792890458165,-2.8644907708668566,4.254415582070026,0.19850639098550893,0
MSME003,2025-09-01,39,984421.16,645074.22,5146032.19,157970.36,108742.96,191500.9,99691.74,2392601.65,339346.94000000006,34.471723464375756,240728.3,7.977426520005714,0.16047030114631017,0.1685743386241664,0.10126939977600644,0.194531474719621,-0.3030715402347006,-1.1405822848582714,4.389627371912108,0.1985063815590049,0
MSME003,2025-10-01,39,964341.12,619989.53,5342066.35,158283.95,104514.32,187594.7,99691.74,2292909.91,344351.58999999997,35.708483529147856,241364.33000000002,8.616381554056243,0.16413688757770695,0.16857433060200228,0.10337808679152871,0.19453147450561895,-2.0397814285097238,-3.8886517585526748,3.8094235084837225,0.1985119233760324,0
MSME003,2025-11-01,39,982963.13,656094.51,5542350.95,158598.15,110600.69,191217.26,99691.74,2193218.18,326868.62,33.25339578097909,239214.72000000003,8.447488685738278,0.1613469978268666,0.1685743262811329,0.10141961275800854,0.19453146731963386,1.9310604529650277,5.823482212675435,3.749197162255391,0.1985040176214925,0
MSME004,2023-11-01,31,758456.31,502234.27,587540.23,155497.34,82096.68,160619.53,52435.19,2412018.68,256222.04000000004,33.782043424492045,234020.19,1.1698529254086942,0.20501819017103304,0.16346291940611696,0.0691340942235684,0.21177163124926732,3.0731819754968637,-1.1272768729073568,39.229697085123135,0.19510995683222898,0
MSME004,2023-12-01,31,796181.84,527863.3,760707.42,155800.74,86286.07,168608.73,52435.19,2359583.49,268318.5399999999,33.70066064305108,238123.39999999997,1.4411068547481896,0.19568487017990766,0.16346290791574258,0.06585830945352886,0.21177163498227994,4.973988547870323,5.10300302685438,29.47324815527952,0.19511587786646967,0
MSME004,2024-01-01,31,832501.18,581282.78,938568.15,156104.72,95018.18,176300.14,52435.19,2307148.3,251218.40000000002,30.17634161191219,237386.68,1.61464984391934,0.18751291139311058,0.16346291902884166,0.06298512393700151,0.21177163977112923,4.561689073440811,10.11994582688358,23.380964260871796,0.1951081875477767,0
MSME004,2024-02-01,31,867092.39,584449.6,1126875.93,156409.3,95535.83,183625.57,52435.19,2254713.12,282642.79000000004,32.59661752999586,244499.03999999998,1.9280977008111564,0.18038366130741845,0.16346290595459387,0.06047243708366533,0.2117716313944354,4.155094410797111,0.5447985230183416,20.063303874098004,0.19511261414772996,0
MSME004,2024-03-01,31,878785.83,590744.54,1322691.03,156714.48,96564.82,186101.91,52435.19,2202277.93,288041.2899999999,32.77718872640447,246251.57,2.2390237072694736,0.1783306861012996,0.16346290733385366,0.0596677691082024,0.2117716326855202,1.3485806281842594,1.0770714874302367,17.37681095025254,0.19511627505526263,0
MSME004,2024-04-01,31,897754.49,602808.81,1528052.88,157020.25,98536.88,190118.94,52435.19,2149842.74,294945.67999999993,32.85371260020097,248602.31,2.5348881015856417,0.17490333019665544,0.16346290625712653,0.05840704845708987,0.21177163925963768,2.158507721955427,2.0422143893196187,15.526063558471392,0.19511279366144496,0
MSME004,2024-05-01,31,880393.86,597163.29,1712902.14,157326.61,97614.05,186442.45,52435.19,2097407.55,283230.56999999995,32.17089337719824,246155.01,2.868398256697929,0.1787002580867613,0.16346291145927608,0.059558786564004436,0.2117716382074723,-1.9337837007086467,-0.9365357483743453,12.097046013224366,0.19510859268150327,0
MSME004,2024-06-01,31,829025.72,538140.3,1906799.3,157633.58,87965.98,175564.13,52435.19,2044972.36,290885.4199999999,35.0876230956984,245231.72999999998,3.543312589672247,0.19014317191510052,0.163462911066129,0.06324917156973128,0.2117716323686556,-5.834677220488571,-9.883894570947248,11.31980371044432,0.19511638876601456,0
MSME004,2024-07-01,31,791498.24,513709.63,2085935.72,157941.14,83972.47,167616.88,52435.19,1992537.17,277788.61,35.096554352413975,241585.55000000002,4.060534586435532,0.19954705142490275,0.1634629080245196,0.06624801844158239,0.21177163956801723,-4.526696710929546,-4.53983282798186,9.394613266325402,0.1951107118166151,0
MSME004,2024-08-01,31,795874.82,535053.2,2263304.04,158249.3,87461.35,168543.71,52435.19,1940101.98,260821.62,32.77168889449223,239331.66,4.23005420769374,0.1988369226205699,0.16346290424952137,0.06588371523049316,0.2117716326293625,0.5529487974603731,4.154792659814444,8.503057802759152,0.1951106595786012,0
MSME004,2024-09-01,31,765833.39,508127.86,2425609.57,158558.07,83060.06,162181.79,52435.19,1887666.79,257705.53000000003,33.65033875057342,237679.8,4.773620501737495,0.20703990198181357,0.16346291266139196,0.06846814292074677,0.21177163612571137,-3.774642600201872,-5.032273426268629,7.1711766131076216,0.19511618692784616,0
MSME004,2024-10-01,31,778981.11,522852.31,2592345.8,158867.43,85466.96,164966.1,52435.19,1835231.61,256128.8,32.87997574164539,238366.57,4.958084243713105,0.20394259624601166,0.16346290982246978,0.06731253085199974,0.21177163076521843,1.7167859447862366,2.897784427722594,6.873992915521021,0.19510832845026638,0
MSME004,2024-11-01,31,809477.02,555796.43,2755478.16,159177.4,90852.1,171424.27,52435.19,1782796.42,253680.58999999997,31.33882540606279,239749.56999999998,4.9577111533444,0.19664227157430608,0.16346290673367586,0.06477662577746802,0.21177163250415681,3.9148458940166053,6.300846217931033,6.292847196542994,0.19511236507068208,0
MSME004,2024-12-01,31,858742.96,570865.16,2948716.87,159487.98,93315.28,181857.4,52435.19,1730361.23,287877.79999999993,33.5231627401056,248030.1,5.165347400076053,0.18572260551632355,0.16346290952490425,0.061060401589784215,0.21177163420355727,6.086144360219148,2.7111958959506133,7.012892092746625,0.19511563827530054,0
MSME004,2025-01-01,31,917323.59,613361.38,3171423.65,159799.16,100261.84,194263.12,52435.19,1677926.04,303962.20999999996,33.135767281423554,253800.44000000003,5.170562988494646,0.17420151595578176,0.16346291642946284,0.05716106134368572,0.21177163883902736,6.821672226576392,7.444178236415744,7.5526674760062695,0.19511188241270183,0
MSME004,2025-02-01,31,948985.97,622317.51,3398810.02,160110.94,101725.83,200968.31,52435.19,1625490.85,326668.45999999996,34.42289668413117,259353.41999999998,5.461536860822059,0.1687179210879166,0.16346290818653006,0.0552539148708384,0.211771634516367,3.45160424796227,1.4601718158388177,7.1698516216841535,0.19510740857460185,0
MSME004,2025-03-01,31,950367.48,641226.39,3619778.53,160423.34,104816.73,201260.87,52435.19,1573055.66,309141.08999999997,32.52858462707499,256867.47999999998,5.645086644047821,0.16880137775758067,0.16346290738283556,0.05517359453419008,0.21177162964372476,0.1455774946809818,3.038461829557071,6.501349257526301,0.1951147123363306,0
MSME004,2025-04-01,31,921278.5,605856.43,3828736.61,160736.35,99035.06,195100.65,52435.19,1520620.47,315422.06999999995,34.23742874711609,256801.94,6.319544400973015,0.17447096616278357,0.16346291810421157,0.056915677506855965,0.21177163040275007,-3.060813907479243,-5.515986327387424,5.772675821689011,0.19511500009912197,0
MSME004,2025-05-01,31,910997.35,605734.69,4034727.68,161049.96,99015.16,192923.4,52435.19,1468185.28,305262.66000000003,33.50862217107438,254958.19999999998,6.660882638238864,0.1767842244546595,0.1634629180640125,0.05755800497114509,0.21177163687688005,-1.1159654762376459,-0.020093869433734923,5.3801316460888815,0.1951083249059682,0
MSME004,2025-06-01,31,886788.6,580812.89,4243660.8,161364.19,94941.37,187796.67,52435.19,1415750.1,305975.70999999996,34.50379380158924,254219.49,7.306416357254054,0.18196466440818027,0.1634629183246949,0.059129300940494726,0.21177163305888239,-2.657389727862547,-4.114309517257453,5.178369807600003,0.19511336730539952,0
MSME004,2025-07-01,31,860750.79,579924.73,4440866.38,161679.03,94796.19,182282.6,52435.19,1363314.91,280826.06000000006,32.62571039870902,249165.44,7.657659951835473,0.18783489004988307,0.16346292043796787,0.06091796906744634,0.21177163253024722,-2.936191331282334,-0.1529167164316947,4.647062743563302,0.19511144325143892,0
MSME004,2025-08-01,31,834256.71,553428.8,4617794.03,161994.49,90465.08,176671.91,52435.19,1310879.72,280827.9099999999,33.66204989828609,248201.32,8.34397131121474,0.1941782284256365,0.16346290615884101,0.06285258406851772,0.21177163801295648,-3.078019829641987,-4.568856720422998,3.9840795660237793,0.19511497564030922,0
MSME004,2025-09-01,31,806647.75,529482.72,4801373.89,162310.56,86550.79,170825.11,52435.19,1258444.53,277165.03,34.36010699837693,246584.88,9.068046432185737,0.2012161566185488,0.16346291716564423,0.06500382601947381,0.21177163142152194,-3.309408203621156,-4.3268583058923005,3.97548827009937,0.19511157447391625,0
MSME004,2025-10-01,31,811546.44,533898.61,4992144.31,162627.25,87272.62,171862.52,52435.19,1206009.34,277647.82999999996,34.2121924655353,247217.15000000002,9.350360192921274,0.2003917976647153,0.16346290918419884,0.06461144725125034,0.21177163934081208,0.6072898610328892,0.8340007772113855,3.973246499243155,0.19511361429596086,0
MSME004,2025-11-01,31,830187.07,547283.81,5184604.62,162944.55,89460.61,175810.07,52435.19,1153574.15,282903.2599999999,34.0770496461719,249294.01,9.47333819357821,0.19627449750572482,0.1634629206371005,0.06316069220398723,0.21177163118187328,2.296927086513989,2.5070677745349546,3.855263350750393,0.19510875329933342,0
MSME005,2023-11-01,15,1166916.53,739618.71,1106488.19,260593.68,137972.66,304465.7,86742.93,3990174.82,427297.82000000007,36.6176850712707,427086.72,1.4960251478765323,0.22331818369219603,0.18654565945201684,0.07433516260156156,0.2609147202670957,1.621783709357505,0.3290740224266786,36.440193339975416,0.2865702442683693,0
MSME005,2023-12-01,15,1168828.07,769198.81,1384584.38,261340.46,143490.7,304964.45,86742.93,3903431.89,399629.26,34.19059400241816,422814.21,1.8000344800325416,0.22359187523619276,0.18654566041255316,0.07421359242339208,0.2609147211873514,0.16381120250306136,3.9993715140062003,25.133227133675963,0.2865687302930686,0
MSME005,2024-01-01,15,1185484.88,752826.77,1694145.8,262089.38,140436.56,309310.46,86742.93,3816688.96,432658.10999999987,36.496299303285916,430963.2800000001,2.2503793269731895,0.2210820099198566,0.1865456511329957,0.07317084465893821,0.2609147237710869,1.4250864115540773,-2.128453630863003,22.357714305573783,0.28656871576639986,0
MSME005,2024-02-01,15,1211333.41,782179.24,1995715.05,262840.45,145912.14,316054.72,86742.93,3729946.03,429154.1699999999,35.42824514350677,432983.0299999999,2.551480463736164,0.21698439738403652,0.1865456567218532,0.07160945886896655,0.260914722066487,2.1804183618098882,3.8989673547342063,17.80066686114028,0.28657017693736186,0
MSME005,2024-03-01,15,1253823.8,831780.48,2305262.29,263593.67,155165.03,327141.09,86742.93,3643203.1,422043.32000000007,33.66049679388763,435569.73,2.7714791888359778,0.2102318284275669,0.18654564964063597,0.06918271131876742,0.26091472342445565,3.507736982174059,6.3414160672431,15.510593057861644,0.28656928566359596,0
MSME005,2024-04-01,15,1256536.74,811906.05,2607268.47,264349.05,151457.55,327848.93,86742.93,3556460.17,444630.68999999994,35.38541101472289,440740.43,3.211293314047851,0.21037908529439417,0.18654566005512582,0.06903334159572604,0.2609147186575699,0.2163733054038275,-2.389384035557063,13.100729635411689,0.2865698557935836,0
MSME005,2024-05-01,15,1204726.0,771910.72,2924155.89,265106.59,143996.59,314330.75,86742.93,3469717.24,432815.28,35.926449665733124,435440.7500000001,3.7882047939430095,0.2200555063973053,0.18654565388080113,0.07200220631081258,0.26091472251781733,-4.123296864363867,-4.926103211079669,12.154000389534115,0.2865680811033888,0
MSME005,2024-06-01,15,1164948.28,767441.68,3212368.65,265866.3,143162.91,303952.16,86742.93,3382974.31,397506.6,34.12225304972337,426655.54999999993,4.185814679755209,0.22822154817036167,0.18654565386649313,0.07446075631786846,0.26091472490092005,-3.301806385850392,-0.5789581468696126,9.856272060789472,0.2865677537476463,0
MSME005,2024-07-01,15,1128510.33,709081.68,3510918.87,266628.19,132276.11,294444.96,86742.93,3296231.38,419428.65,37.16657604720375,428797.04000000004,4.951360286166186,0.2362656175242986,0.18654566001479544,0.07686498536526466,0.26091472286301537,-3.1278598909129207,-7.604486636691399,9.293772058197614,0.2865688505839348,0
MSME005,2024-08-01,15,1088804.14,673381.0,3788996.1,267392.27,125616.3,284085.03,86742.93,3209488.45,415423.1399999999,38.15407424883597,425861.00000000006,5.626823596151362,0.24558344350160172,0.18654565543132343,0.0796680751048577,0.26091472245871516,-3.518460482324537,-5.034776811607944,7.9203547645633865,0.286571348663478,0
MSME005,2024-09-01,15,1066130.33,679960.61,4046462.55,268158.53,126843.7,278169.1,86742.93,3122745.52,386169.7200000001,36.22162404853449,419483.93,5.951024942459535,0.25152509262164974,0.18654565887279853,0.08136240716460996,0.26091472324964243,-2.0824507518863555,0.9771006309949426,6.795109923707754,0.286567745582178,0
MSME005,2024-10-01,15,1078417.25,682088.33,4328807.24,268926.99,127240.61,281374.94,86742.93,3036002.58,396328.92000000004,36.75098112534829,423061.31999999995,6.34640273056717,0.2493719290933078,0.186545648713855,0.08043540661093838,0.2609147247969188,1.1524782340635475,0.31291812624263393,6.9775683454675885,0.2865692916798057,0
MSME005,2024-11-01,15,1109202.74,699015.48,4632893.16,269697.66,130398.3,289407.32,86742.93,2949259.65,410187.26,36.980368440128444,428706.68,6.627740432872818,0.24314550467121995,0.18654565418207908,0.07820295323107478,0.2609147178990921,2.854691910760887,2.481665387824483,7.0247045696587795,0.2865722031098361,0
MSME005,2024-12-01,15,1158568.17,773175.15,4916010.15,270470.53,144232.46,302287.49,86742.93,2862516.72,385393.0199999999,33.2645959020262,428525.56000000006,6.358210232183485,0.2334524087607206,0.18654564880932864,0.07487080367484979,0.26091472027925644,4.450532641129246,10.609159900149855,6.111019188709288,0.28656904179296117,0
MSME005,2025-01-01,15,1207067.52,782860.69,5233065.7,271245.61,146039.26,314941.69,86742.93,2775773.79,424206.8300000001,35.1435874937634,440148.04000000004,6.684542686643265,0.22471452963956812,0.1865456547575534,0.071862533423151,0.260914724969155,4.186145559307053,1.2526967531224953,6.449448644852773,0.286567264832871,0
MSME005,2025-02-01,15,1244477.94,788423.97,5578314.95,272022.92,147077.06,324702.61,86742.93,2689030.86,456053.97,36.64620764591456,449648.47000000003,7.075273155381108,0.21858396300701,0.18654564751500388,0.06970226406745306,0.2609147173794017,3.099281471843418,0.7106347363028398,6.597456821533876,0.2865705365701521,0
MSME005,2025-03-01,15,1303347.7,825353.7,5936409.24,272802.45,153966.15,340062.6,86742.93,2602287.93,477994.0,36.67432719603526,458898.9,7.192563915325031,0.209309035493752,0.18654565915194904,0.06655394412404303,0.26091471984030046,4.7304783883915125,4.683993816169751,6.4193989261936535,0.2865677642163389,0
MSME005,2025-04-01,15,1304139.3,847935.01,6261125.14,273584.22,158178.59,340269.14,86742.93,2515545.0,456204.29000000004,34.98125468652007,455674.77,7.3839681887884305,0.2097814397587742,0.18654565283252073,0.06651354652068225,0.2609147197695829,0.060735903397080016,2.735955506106058,5.4699042278291365,0.2865700069775601,0
MSME005,2025-05-01,15,1268544.63,774977.43,6613536.29,274368.23,144568.67,330981.97,86742.93,2428802.07,493567.19999999984,38.90814625891403,460781.5299999999,8.53384374045577,0.21628583142557625,0.18654565204563442,0.0683798803357829,0.26091472240909647,-2.7293610429499515,-8.60414762211551,5.628559438120417,0.2865698906172387,0
MSME005,2025-06-01,15,1226165.03,799604.78,6919384.06,275154.49,149162.8,319924.5,86742.93,2342059.14,426560.25,34.78815979607573,445916.19,8.653505122868324,0.22440249335768447,0.18654565821880154,0.0707432750712194,0.2609147155338462,-3.340804808735809,3.1778151268224697,4.624572340556399,0.28657108004086496,0
MSME005,2025-07-01,15,1181167.08,769356.6,7195549.53,275942.99,143520.13,308183.88,86742.93,2255316.21,411810.4800000001,34.86471024912073,440606.74,9.352684476873273,0.2336189305242066,0.18654565386194127,0.07343832339113276,0.2609147217343714,-3.669811884946672,-3.782891342895678,3.99118574146613,0.2865662849986572,0
MSME005,2025-08-01,15,1154699.52,734509.42,7490170.11,276733.76,137019.54,301278.1,86742.93,2168573.27,420190.1,36.38956219536663,440992.31999999995,10.197514022352497,0.23965867760991189,0.1865456538324587,0.07512164723165382,0.2609147183156359,-2.2407972968566003,-4.52939248197779,4.094483385482306,0.2865700628959633,0
MSME005,2025-09-01,15,1148374.5,719275.04,7799495.47,277526.8,134177.63,299627.81,86742.93,2081830.34,429099.45999999996,37.36581228510386,442976.98,10.843550848087261,0.2416692464000202,0.18654565018688818,0.07553540243187218,0.2609147190224095,-0.5477632830400814,-2.0740891246840643,4.129750799478171,0.2865714685479581,0
MSME005,2025-10-01,15,1132360.9,702064.97,8103395.82,278322.1,130967.17,295449.63,86742.93,1995087.41,430295.92999999993,37.99989296698605,442804.56,11.542230657085769,0.24578921790747102,0.18654565545408142,0.07660360756009855,0.2609147225058725,-1.394457992579956,-2.3926966797012783,3.8964103661438543,0.286566918942599,0
MSME005,2025-11-01,15,1142256.34,728312.54,8383178.39,279119.69,135863.54,298031.49,86742.93,1908344.48,413943.80000000005,36.2391335030804,441287.6399999999,11.510413359077958,0.24435818846056917,0.18654565524850086,0.07593998559027476,0.26091471726915516,0.8738768708810296,3.738624076344399,3.452658320225055,0.286570847230605,0
MSME006,2023-11-01,12,449434.38,283027.0,300636.74,65987.86,32986.45,116303.51,78624.65,3616733.89,166407.38,37.025956937250776,149304.91999999998,1.0622192935656316,0.146824237166725,0.11654877449854606,0.1749413340385753,0.25877751052333825,2.9524004125111247,0.0813622751394405,34.53646864343085,0.36700013399937337,1
MSME006,2023-12-01,12,481461.99,315888.57,381117.22,66230.04,36816.43,124591.53,78624.65,3538109.24,165573.41999999998,34.38971786744785,154005.14,1.2064925932584392,0.13756026721860223,0.11654878807422503,0.16330396092119337,0.2587774997565228,7.12620382980047,11.61075445098878,26.770008216560615,0.3670069009663157,1
MSME006,2024-01-01,12,505274.36,324859.72,469034.75,66473.11,37862.0,130753.63,78624.65,3459484.59,180414.64,35.70627252884948,159364.74,1.4438070376961478,0.1315584467812695,0.11654876757266183,0.15560783650292487,0.2587774887290937,4.945846296194634,2.8399729689491338,23.06836988368042,0.3670086866926381,1
MSME006,2024-02-01,12,521334.71,328632.96,570867.52,66717.07,38301.77,134909.69,78624.65,3380859.94,192701.75,36.96315367146761,163324.99000000002,1.7370975814477039,0.12797358150198748,0.11654877830878557,0.15081414778616983,0.25877749440469827,3.178540466609081,1.1614982614649882,21.711135475569776,0.36700554555069154,1
MSME006,2024-03-01,12,521993.41,336111.58,667900.52,66961.93,39173.39,135080.15,78624.65,3302235.29,185881.82999999996,35.609995536150535,162868.69,1.9871392708338105,0.12828117887541912,0.11654876633527472,0.15062383641969732,0.2587775006584853,0.12634877121455723,2.2756755743550405,16.997463789847433,0.3670125201840957,1
MSME006,2024-04-01,12,534426.79,345153.78,760697.17,67207.68,40227.25,138297.63,78624.65,3223610.64,189273.01,35.41607822467133,165278.06,2.203936952392641,0.12575656995039486,0.11654877428837661,0.14711958956997645,0.25877750252752113,2.3819036336110155,2.690237569321474,13.893783163995742,0.3669995772224599,1
MSME006,2024-05-01,12,530861.39,345019.35,856463.66,67454.34,40211.58,137374.98,78624.65,3144985.99,185842.04000000004,35.00763918807507,164617.74,2.482364134069582,0.12706582409393155,0.11654876748217166,0.14810768212018582,0.2587774936881358,-0.6671446990896612,-0.03894785680749191,12.58930541308574,0.36701162724259717,1
MSME006,2024-06-01,12,515776.26,325166.9,952744.81,67701.9,37897.8,133471.29,78624.65,3066361.34,190609.36,36.955822666208014,163275.39,2.9300178154664573,0.13126214843622308,0.11654876311211258,0.15243945116822552,0.25877749782434734,-2.841632539898975,-5.754010608390503,11.241708725855348,0.3670038132461029,1
MSME006,2024-07-01,12,497819.1,317826.4,1037762.53,67950.37,37042.28,128824.38,78624.65,2987736.69,179992.69999999995,36.15624631517753,159732.47,3.2651866868202264,0.13649610872704562,0.11654878260585022,0.15793819481815782,0.25877749568065994,-3.481579396461565,-2.2574560940858412,8.923451390934357,0.36700594813439125,1
MSME006,2024-08-01,12,480098.61,311636.66,1115547.7,68199.75,36320.87,124238.72,78624.65,2909112.04,168461.95,35.08903098053127,156117.6,3.579642074202695,0.14205362935751886,0.116548771893525,0.16376771013771524,0.2587775040631757,-3.5596243695752094,-1.9475222951900961,7.495469122401244,0.3670031524478867,1
MSME006,2024-09-01,12,476391.75,300936.24,1204284.26,68450.05,35073.75,123279.46,78624.65,2830487.39,175455.51,36.83008994173388,156655.76,4.001792073962245,0.1436843732075545,0.11654877458427738,0.16504200587016882,0.2587774872255869,-0.7721038809089587,-3.4336204219362343,7.954528524419002,0.3670101429990691,1
MSME006,2024-10-01,12,472104.36,292691.67,1289598.93,68701.26,34112.86,122169.99,78624.65,2751862.74,179412.69,38.00276066079966,156758.39,4.405998059322973,0.14552134193380462,0.11654879006293552,0.16654082584621754,0.25877750843055125,-0.8999715045443168,-2.7396401310789353,7.084263477793851,0.36699754054232425,1
MSME006,2024-11-01,12,485829.92,312855.48,1362677.66,68953.4,36462.92,125721.85,78624.65,2673238.09,172974.44,35.60390846245122,158212.33000000002,4.35561384444984,0.14192909321023292,0.11654876558339333,0.16183575107930775,0.2587774956305697,2.90731481488542,6.889095955481062,5.6667796707926765,0.36700928047026515,1
MSME006,2024-12-01,12,509883.03,338618.17,1445491.5,69206.46,39465.53,131946.25,78624.65,2594613.44,171264.86000000004,33.589048845183186,161687.18000000002,4.268794849372672,0.1357300712675219,0.11654876641734849,0.15420134692460738,0.2587774886330302,4.950932211009151,8.234693539649673,6.0772875663053005,0.36700148216042283,1
MSME006,2025-01-01,12,528760.75,335572.77,1551466.12,69460.46,39110.6,136831.38,78624.65,2515988.79,193187.97999999998,36.535990994036524,167181.24000000002,4.623337346471825,0.13136462946616217,0.11654878910467019,0.1486960785194438,0.2587774905758417,3.7023628733044767,-0.8993610709076783,7.331390049682063,0.36701776105871886,1
MSME006,2025-02-01,12,566768.12,363491.63,1661270.45,69715.38,42364.5,146666.84,78624.65,2437364.14,203276.49,35.865900502660594,174017.72,4.5703128019756605,0.12300511891882698,0.11654876344745545,0.13872454576308912,0.2587775049874012,7.188008943553403,8.319763251350821,7.077455871224547,0.36700016095487786,1
MSME006,2025-03-01,12,598184.98,385382.27,1782770.52,69971.24,44915.83,154796.81,78624.65,2358739.49,212802.70999999996,35.57473308674517,179852.21999999997,4.625979602019574,0.11697257928475571,0.11654877117206248,0.13143868975112014,0.25877749387823146,5.543159343542459,6.022322989940654,7.313683933883253,0.3670065342826767,1
MSME006,2025-04-01,12,631751.7,414168.63,1911374.69,70228.04,48270.85,163483.13,78624.65,2280114.84,217583.06999999995,34.44123221195922,185440.31999999998,4.614967314158969,0.11116399053615526,0.11654878352327167,0.12445498761617896,0.2587775070490511,5.611428090354242,7.469560029318423,7.213725409818861,0.3670079306869356,1
MSME006,2025-05-01,12,620976.49,397111.52,2038503.56,70485.78,46282.86,160694.74,78624.65,2201490.19,223864.96999999997,36.0504743102271,184897.65999999997,5.133327685885315,0.1135079687155306,0.11654877199231087,0.12661453576124918,0.25877749413669426,-1.705608390131752,-4.118397378381844,6.651174710281427,0.3670044045085197,1
MSME006,2025-06-01,12,607024.57,391858.68,2160482.3,70744.47,45670.65,157084.3,78624.65,2122865.54,215165.88999999996,35.445993561677405,182158.12,5.513422083696091,0.11654300912399643,0.1165487772275454,0.12952465828524864,0.2587774989074989,-2.2467710492550252,-1.3227619284376435,5.983739366145624,0.36701019695035697,1
MSME006,2025-07-01,12,570725.65,372895.66,2258427.21,71004.1,43460.53,147690.96,78624.65,2044240.89,197829.99000000005,34.662887501201325,175234.53,6.056458822824594,0.1244102135588264,0.11654876862873653,0.13776260099751955,0.25877750544416567,-5.9798106689486925,-4.839249700938108,4.533474308028351,0.3669968832899606,1
MSME006,2025-08-01,12,555117.77,358817.04,2363220.39,71264.69,41819.69,143651.99,78624.65,1965616.24,196300.73000000004,35.36199714882124,173096.99,6.586143149723325,0.12837760535030251,0.11654878486261412,0.14163598113603892,0.2587775022946932,-2.734743041599763,-3.775485078051055,4.640095529135957,0.3670069756535055,1
MSME006,2025-09-01,12,537649.81,344358.75,2461373.04,71526.24,40134.59,139131.67,78624.65,1886991.59,193291.06000000006,35.95110728301012,170523.32000000004,7.1477000076228645,0.1330349953997008,0.11654877362634171,0.1462376597882551,0.258777493104666,-3.146712453467304,-4.0294323814721755,4.153343057436976,0.36701205042777296,1
MSME006,2025-10-01,12,544431.97,344776.54,2565143.84,71788.74,40183.28,140886.74,78624.65,1808366.95,199655.43,36.672245753679746,172492.19999999998,7.440018511700361,0.13185989059386063,0.11654876517990465,0.14441593134216565,0.25877749243858694,1.261445623871782,0.12132405521856349,4.215972073863283,0.3669981813667178,1
MSME006,2025-11-01,12,544243.23,338448.08,2675858.41,72052.21,39445.71,140837.9,78624.65,1729742.3,205795.14999999997,37.81308405067344,173444.4,7.906259683907795,0.13238972214684233,0.11654877758502868,0.14446601384458194,0.25877749549590173,-0.03466732491848035,-1.835525120125625,4.316115465868009,0.3670074164834114,1
MSME007,2023-11-01,55,706143.57,479483.74,473369.5,112133.03,93020.76,199978.68,84685.55,3895535.49,226659.82999999996,32.09826437986258,219090.94999999995,0.9872482849991951,0.15879636204858455,0.194001907134536,0.11992681601561565,0.2831983303338725,4.50772881762298,7.493431805289097,38.91270358705747,0.2589244393770507,0
MSME007,2023-12-01,55,723184.35,475995.68,620438.19,112423.37,92344.07,204804.6,84685.55,3810849.93,247188.66999999998,34.18058894664963,224883.89999999997,1.3034534052914093,0.15545603275292116,0.19400190774840648,0.11710091624632088,0.28319832972049247,2.413217470775808,-0.7274615819089059,31.068476105875,0.25892460053920097,0
MSME007,2024-01-01,55,759843.52,509008.05,775109.45,112714.46,98748.53,215186.41,84685.55,3726164.38,250835.47000000003,33.01146399195456,229152.34,1.5227842663784983,0.14833904222806296,0.19400190232747794,0.1114513024997568,0.28319832220191865,5.069132096124607,6.935434792181305,24.929358394266487,0.2589230335294346,0
MSME007,2024-02-01,55,795164.0,520816.72,927894.1,113006.3,101039.43,225189.11,84685.55,3641478.83,274347.28,34.50197443546237,237155.97999999998,1.7816135011948158,0.14211697209632226,0.1940018937948075,0.10650073443968791,0.28319832135257633,4.648388657706781,2.3199377691570877,19.71136463373011,0.2589197517337105,0
MSME007,2024-03-01,55,821488.89,505599.86,1129801.67,113298.9,98087.33,232644.28,84685.55,3556793.27,315889.03,38.45323215509342,247855.84999999998,2.234576706567917,0.1379189680824533,0.19400189311761282,0.10308788229625358,0.2831983278556573,3.310623971910198,-2.921730316184934,21.759764395527448,0.25892361753281357,0
MSME007,2024-04-01,55,833210.64,537670.4,1329377.29,113592.26,104309.08,235963.86,84685.55,3472107.72,295540.24,35.47005112656746,245247.03999999998,2.4724762419504587,0.13633078425402728,0.19400190153670352,0.10163762431070252,0.2831983278562069,1.4268908737159025,6.343067420944304,17.664659674294892,0.2589257265516176,0
MSME007,2024-05-01,55,816420.28,560197.94,1481847.66,113886.38,108679.47,231208.86,84685.55,3387422.16,256222.34000000008,31.383632459497463,236415.77,2.645221544370549,0.1394947954992005,0.19400190939652512,0.1037278863283504,0.28319833015417006,-2.015139893076734,4.189841955220142,11.469307558277887,0.2589260923235637,0
MSME007,2024-06-01,55,812853.96,537150.93,1643249.05,114181.26,104208.3,230198.88,84685.55,3302736.61,275703.0299999999,33.91790451509887,240171.84000000003,3.059194275247741,0.14046958693539488,0.19400189812572788,0.10418298263565082,0.28319832507182474,-0.43682403381749557,-4.114083318478445,10.891901668218718,0.2589247283125484,0
MSME007,2024-07-01,55,785468.04,504955.2,1805043.49,114476.9,97962.27,222443.23,84685.55,3218051.06,280512.84,35.712826711574415,238957.86,3.5746606629657443,0.14574354928559535,0.19400190353520472,0.10781539882895808,0.2831983208381082,-3.369107041072905,-5.993795821967584,9.846008430675802,0.2589216479131462,0
MSME007,2024-08-01,55,774160.33,510685.68,1962380.58,114773.31,99073.99,219240.91,84685.55,3133365.5,263474.64999999997,34.03360257428845,234940.22999999998,3.8426387440509395,0.14825521994907695,0.19400189564743622,0.10939019569757599,0.2831983266308673,-1.4396142712566729,1.134849190581666,8.716526270511093,0.25892559983717867,0
MSME007,2024-09-01,55,766607.42,511059.15,2105453.85,115070.48,99146.45,217101.94,84685.55,3048679.95,255548.27000000002,33.33495911114453,233025.96999999997,4.1197850581483575,0.15010353017454486,0.19400190760697658,0.11046794981452175,0.28319832855257254,-0.9756260696023977,0.07313108916624511,7.290801359234811,0.258919081448461,0
MSME007,2024-10-01,55,784757.74,513467.45,2269220.15,115368.43,99613.66,222242.08,84685.55,2963994.39,271290.29,34.56994129169086,237996.85,4.4194040927034415,0.14701152230750855,0.19400189827027983,0.10791298471296377,0.2831983281872441,2.3676160087258147,0.47123703782625537,7.7781947108458205,0.25892826726714446,0
MSME007,2024-11-01,55,811704.47,520205.2,2456422.4,115667.14,100920.8,229873.35,84685.55,2879308.84,291499.26999999996,35.91199516247582,244619.69,4.722025846723562,0.14249907974511955,0.19400190540194523,0.10433052068815145,0.28319832955952556,3.4337641575857614,1.3122058662141,8.249629283434668,0.2589183193357103,0
MSME007,2024-12-01,55,850506.77,567145.48,2639305.2,115966.63,110027.3,240862.09,84685.55,2794623.28,283361.29000000004,33.31675890128423,246801.41999999998,4.6536652288933,0.13635003751939564,0.19400189877207522,0.09957069477530438,0.2831983218663856,4.780348197417217,9.0234161442446,7.445087620109647,0.2589240124723391,0
MSME007,2025-01-01,55,886797.33,579482.29,2844941.96,116266.9,112420.67,251139.52,84685.55,2709937.73,307315.0399999999,34.65448413111482,254985.75,4.909454540879929,0.13110876190842838,0.19400190815149845,0.09549594606921066,0.2831983267247771,4.26693370118616,2.175246111456275,7.791321746344448,0.25892793469983744,0
MSME007,2025-02-01,55,948732.21,640419.22,3053254.68,116567.94,124242.55,268679.37,84685.55,2625252.18,308312.99,32.497367197009154,261004.76,4.76758751868815,0.12286706277211776,0.19400190706331394,0.08926180549936215,0.28319832210608725,6.9841076314471895,10.515753639338987,7.322213350180262,0.2589214987240629,0
MSME007,2025-03-01,55,985714.25,651264.13,3275548.16,116869.76,126346.48,279152.62,84685.55,2540566.62,334450.12,33.92972354817839,269675.9,5.02952336711681,0.11856352893346118,0.19400190211611992,0.08591287992437971,0.2831983204057362,3.89804832282441,1.6934079523722056,7.280541693953935,0.258921964306813,0
MSME007,2025-04-01,55,991842.17,645190.54,3508237.45,117172.37,125168.19,280888.04,84685.55,2455881.07,346651.63,34.95028145455844,272892.22,5.437521526586549,0.11813610425537764,0.1940018990359034,0.0853820825141968,0.283198323781696,0.6216730660026482,-0.9325847563568357,7.1038274705141236,0.2589292559512346,0
MSME007,2025-05-01,55,978956.01,649372.02,3720121.51,117475.75,125979.41,277238.7,84685.55,2371195.51,329583.99,33.66688458248497,268735.04000000004,5.728798586055493,0.12000105091545431,0.1940019066420509,0.08650598099908494,0.2831983226702904,-1.2992147732536985,0.6481000170895257,6.039615705031576,0.2589176953577077,0
MSME007,2025-06-01,55,962479.75,638889.0,3936100.68,117779.92,123945.68,272572.65,84685.55,2286509.96,323590.75,33.620525522744764,266406.89,6.160852166808319,0.12237132261743688,0.19400190017358257,0.0879868381646471,0.283198321834823,-1.6830439602694702,-1.6143319510440235,5.805702029340454,0.258921522101363,0
MSME007,2025-07-01,55,923606.16,590542.22,4141271.85,118084.88,114566.31,261563.72,84685.55,2201824.41,333063.94000000006,36.061251475412426,265082.29,7.012660077039031,0.1278519840101543,0.19400189541062787,0.09169010955925197,0.2831983277374417,-4.0388995197041755,-7.567320770900743,5.212548831449104,0.25892359240862195,0
MSME007,2025-08-01,55,898645.04,589477.38,4342701.64,118390.63,114359.73,254494.77,84685.55,2117138.85,309167.66000000003,34.40375746134425,258525.67000000004,7.367036950595118,0.1317434857260215,0.1940018970702489,0.09423693030120102,0.28319832489143876,-2.7025718407941324,-0.18031564280026613,4.8639596069985025,0.258923919810905,0
MSME007,2025-09-01,55,891419.95,591048.16,4536195.12,118697.18,114664.47,252448.64,84685.55,2032453.3,300371.7899999999,33.69587925421682,256481.35,7.674831641468946,0.13315517562737966,0.1940019067143361,0.09500073450229604,0.2831983286889642,-0.803998206010248,0.26646993647152506,4.455601513531571,0.25893096438458496,0
MSME007,2025-10-01,55,869568.28,569458.85,4719522.56,119004.51,110476.1,246260.28,84685.55,1947767.74,300109.43000000005,34.512462897105685,254788.68999999997,8.287732397169698,0.13685470449773074,0.19400190198115283,0.09738803949932488,0.2831983245755008,-2.4513328426181036,-3.6527158802084903,4.041436383362607,0.25891937786559627,0
MSME007,2025-11-01,55,893200.71,600047.79,4904143.8,119312.64,116410.41,252952.94,84685.55,1863082.19,293152.9199999999,32.82049786995802,255855.17,8.172922026760567,0.13357875633574004,0.1940018977488443,0.09481133305413518,0.28319831944602913,2.717719878190583,5.371580404800103,3.9118626440044046,0.25892296014664584,0
MSME008,2023-11-01,42,1524467.05,965612.96,1271794.7,248192.0,137387.44,370369.69,98295.49,4521592.32,558854.0900000001,36.65898124856159,481174.24999999994,1.3170853672055105,0.1628057490648945,0.14228002905014864,0.06447859269900258,0.24295027563895197,0.6465158281802275,1.6923513813245084,47.35413415112322,0.14139678591436056,0
MSME008,2023-12-01,42,1593068.63,1011774.52,1701174.76,248542.95,143955.31,387036.47,98295.49,4423296.83,581294.1099999999,36.48895590894913,491624.1099999999,1.6813773487792516,0.156015218252085,0.1422800309302116,0.06170198078660303,0.2429502801771949,4.500036914540062,4.780544784734464,33.76174314926772,0.14140262377515533,0
MSME008,2024-01-01,42,1703644.31,1098035.35,2176855.79,248894.38,156228.51,413900.86,98295.49,4325001.35,605608.96,35.547852121784736,506566.73,1.9825006453571825,0.1460952726687415,0.1422800367948081,0.05769719032489828,0.24295027874685882,6.941049363328444,8.525697010041334,27.96191438908957,0.1413960846606166,0
MSME008,2024-02-01,42,1812921.36,1158696.85,2694361.99,249246.32,164859.43,440449.75,98295.49,4226705.86,654224.51,36.086756129344735,524836.6400000001,2.3253381503539945,0.13748324968712378,0.1422800364046903,0.05421938985814586,0.24295027888027088,6.414311330045175,5.524548913657479,23.77310441864411,0.14140134461855247,0
MSME008,2024-03-01,42,1881872.98,1152465.03,3244015.39,249598.75,163972.76,457201.56,98295.49,4128410.38,729407.95,38.759680262798604,542827.55,2.8148493060999864,0.13263315465637857,0.1422800308309572,0.05223279734852243,0.24295027605954575,3.8033431301178977,-0.5378300631437849,20.400131906552012,0.14139827621124645,0
MSME008,2024-04-01,42,1878045.12,1204228.89,3790751.29,249951.68,171337.73,456271.59,98295.49,4030114.89,673816.2300000002,35.87859646311374,534885.54,3.147866092134694,0.13309141369297878,0.14228003614827744,0.05233925902696097,0.2429502811945221,-0.20340692707112584,4.491577501488253,16.853677750277264,0.14139894530722508,0
MSME008,2024-05-01,42,1851177.09,1132446.97,4337712.71,250305.11,161124.59,449743.99,98295.49,3931819.41,718730.1200000001,38.82557340853868,538924.51,3.830389258757079,0.13521402752450873,0.1422800310022464,0.05309891232502235,0.2429502787331924,-1.430638152080177,-5.960820288907032,14.42883951376297,0.1413993296624394,0
MSME008,2024-06-01,42,1806832.65,1154883.01,4849162.46,250659.04,164316.79,438970.5,98295.49,3833523.92,651949.6399999999,36.08245843908123,525312.75,4.198834356390782,0.13872842069795452,0.14228003059807764,0.05440209971853232,0.2429502809792595,-2.3954726017055505,1.9812000556635345,11.7907704865037,0.14139943047908332,0
MSME008,2024-07-01,42,1725982.85,1089052.13,5324074.24,251013.47,154950.37,419328.01,98295.49,3735228.43,636930.7200000002,36.9024941354429,515391.11,4.888723040282747,0.1454321924461764,0.14228003024979163,0.05695044420632569,0.2429502761281782,-4.474670080817933,-5.700220665641287,9.793686722552097,0.14139924895586464,0
MSME008,2024-08-01,42,1676769.19,1045232.75,5817340.43,251368.4,148715.75,407371.54,98295.49,3636932.95,631536.44,37.6638862263446,510024.18999999994,5.5655933379431515,0.14991234422669705,0.1422800328443593,0.05862195619183581,0.2429502774916803,-2.85134119380156,-4.023625572450773,9.264825540824905,0.1413987862882493,0
MSME008,2024-09-01,42,1657050.5,1031753.38,6273741.05,251723.84,146797.9,402580.88,98295.49,3538637.46,625297.12,37.735550002851454,507506.81999999995,6.080659556453306,0.15191078364841626,0.14228002819821148,0.05931955000767931,0.24295027822024737,-1.1759931013522462,-1.2896046359052615,7.8455202251245915,0.1414020218929668,0
MSME008,2024-10-01,42,1666891.43,1029040.46,6763479.11,252079.77,146411.91,404971.74,98295.49,3440341.98,637850.97,38.26589773756291,510639.6,6.57260756297182,0.15122746776615198,0.14228003240999873,0.05896934151254231,0.24295028021111129,0.5938823228380796,-0.2629426811279312,7.806156742793857,0.1413970166671552,0
MSME008,2024-11-01,42,1749895.66,1095980.14,7268378.39,252436.21,155936.09,425137.64,98295.49,3342046.49,653915.52,37.36882917922089,521637.76,6.631852279732003,0.1442578639231553,0.1422800325560644,0.05617220057566176,0.2429502796755322,4.979582263495108,6.505058119872165,7.465082271836865,0.1413996847109189,0
MSME008,2024-12-01,42,1828513.72,1181579.7,7752088.39,252793.15,168115.2,444237.92,98295.49,3243751.01,646934.02,35.38032079956174,528915.8699999999,6.56078332253,0.13825061700931618,0.14228003409334133,0.05375704263241733,0.24295027985898843,4.4927284407345836,7.810320358542278,6.654991994713688,0.14139809815716387,0
MSME008,2025-01-01,42,1904958.14,1192019.15,8320582.52,253150.6,169600.52,462810.11,98295.49,3145455.52,712938.99,37.4254412750508,546360.19,6.980242322449266,0.13289037416853686,0.14228002964549688,0.05159981625632992,0.24295027816201778,4.1806861585922395,0.8835163637289867,7.3334319914791335,0.141400192212493,0
MSME008,2025-02-01,42,1979070.57,1262250.76,8886568.58,253508.55,179593.08,480815.75,98295.49,3047160.04,716819.81,36.22002271500607,554731.2200000001,7.040256073999116,0.12809475005229348,0.1422800331686867,0.04966750124529415,0.2429502804440167,3.8905017618917404,5.891818935962578,6.802240812341598,0.1413980452742214,0
MSME008,2025-03-01,42,2067755.27,1300293.41,9504049.1,253867.01,185005.79,502361.72,98295.49,2948864.55,767461.8600000001,37.11570083436422,571222.94,7.309157323192156,0.1227742052859089,0.14228003355027388,0.04753729390809387,0.24295027912079747,4.481128735091033,3.013874200400557,6.948469642035882,0.1413995701525783,0
MSME008,2025-04-01,42,2091625.69,1308494.53,10089570.73,254225.98,186172.65,508161.04,98295.49,2850569.07,783131.1599999999,37.4412670366465,576214.37,7.710823773944244,0.12154468230881216,0.1422800368909452,0.04699478040929972,0.2429502766338656,1.1544122433792658,0.6307130326839161,6.160759733448784,0.1414008066664474,0
MSME008,2025-05-01,42,2026465.84,1238832.08,10700098.69,254585.45,176261.07,492330.44,98295.49,2752273.58,787633.76,38.86735934320018,570654.8200000001,8.637247018982588,0.12563026969159272,0.14228003362651054,0.04850587069358149,0.24295027840192954,-3.1152729817542024,-5.323862530781842,6.0510796379540155,0.1413978225199397,0
MSME008,2025-06-01,42,1931373.59,1185379.29,11308169.84,254945.43,168655.81,469227.75,98295.49,2653978.1,745994.3,38.62506476543464,555517.3699999999,9.539705928218131,0.13200213118788684,0.14228003764094782,0.050894084142467745,0.2429502776829417,-4.692516800579282,-4.314772830228941,5.682855528877373,0.14139849704686291,0
MSME008,2025-07-01,42,1922556.12,1193196.5,11873163.55,255305.93,169768.04,467085.55,98295.49,2555682.61,729359.6200000001,37.93697424031503,552623.44,9.950719391148064,0.13279504683587598,0.1422800351828052,0.051127501027122164,0.24295028121207715,-0.45653880977009065,0.6594690885817656,4.996332014765725,0.14140280922079196,0
MSME008,2025-08-01,42,1821181.71,1136724.6,12395167.66,255666.93,161733.21,442456.6,98295.49,2457387.13,684457.1099999999,37.583131119848545,536390.3200000001,10.904283816854143,0.1403851842988254,0.14228002983308355,0.05397346649170994,0.24295027649931758,-5.272897313395464,-4.7328248113366005,4.396503996611756,0.14139898748140034,0
MSME008,2025-09-01,42,1759560.57,1084641.63,12914795.79,256028.44,154322.85,427485.73,98295.49,2359091.64,674918.9400000002,38.35724393392153,529191.32,11.906970406437377,0.14550703417956223,0.14228003584926022,0.055863658049577686,0.24295027820497248,-3.383579994332353,-4.5818459457990235,4.192183149541995,0.14139881133630183,0
MSME008,2025-10-01,42,1787972.21,1090172.04,13446636.7,256390.46,155109.71,434388.35,98295.49,2260796.16,697800.1699999999,39.02746172995608,535669.1,12.334417143921613,0.1433973406107917,0.14228002948965743,0.0549759607281592,0.24295028053036685,1.614700879549713,0.5098836193480949,4.118074483313228,0.14139835402660061,0
MSME008,2025-11-01,42,1859071.55,1162744.38,13997044.92,256752.99,165435.31,451661.95,98295.49,2162500.67,696327.1700000002,37.45564123123718,542979.6299999999,12.037938140797552,0.138108180935801,0.1422800340690531,0.052873430288360876,0.24295027805680744,3.9765349596792676,6.65696214333289,4.093277986754873,0.14139761674438756,0
MSME009,2023-11-01,95,1096920.32,700321.2,1069459.55,173183.54,138567.94,246583.23,59862.97,2753696.77,396599.1200000001,36.155690870965,281198.83,1.5270986370254107,0.15788160438125534,0.19786340896148796,0.05457367222443285,0.22479593595275907,4.9559624172951455,1.9441587677983652,38.036727780334914,0.21925334652432849,0
MSME009,2023-12-01,95,1163857.37,757990.54,1364095.05,173563.26,149978.6,261630.4,59862.97,2693833.8,405866.8300000001,34.87255745091858,285215.06000000006,1.7996201509322267,0.14912760315295334,0.19786341924531142,0.0514349709363442,0.2247959301061091,6.102270947082111,8.234698592588675,27.549943333527672,0.21925871246193385,0
MSME009,2024-01-01,95,1219189.38,770218.0,1722157.14,173943.81,152397.96,274068.81,59862.97,2633970.83,448971.3799999999,36.82540115301857,295614.66000000003,2.2359346834272893,0.1426716905949427,0.19786341009947833,0.04910063274993423,0.22479592957084324,4.7541916583816235,1.613141504378146,26.249057204628066,0.2192572322045505,0
MSME009,2024-02-01,95,1258738.58,823318.55,2056430.17,174325.2,162904.62,282959.31,59862.97,2574107.85,435420.03,34.59177599847619,294379.89,2.4977333135516013,0.13849198139299107,0.1978634150779185,0.04755790515295082,0.22479593022405017,3.243893085748506,6.89422345361963,19.410135244685044,0.2192604611799709,0
MSME009,2024-03-01,95,1311443.96,852433.5,2413789.12,174707.42,168665.4,294807.27,59862.97,2514244.88,459010.45999999996,35.0003869017781,300849.29000000004,2.831645072606837,0.13321760237471375,0.19786341104614025,0.04564660925351321,0.22479593409389756,4.187158544071945,3.5362922407129016,17.3776360225254,0.2192568831127062,0
MSME009,2024-04-01,95,1343987.9,875779.54,2777516.26,175090.48,173284.73,302123.01,59862.97,2454381.91,468208.35999999987,34.837245186508,303928.76,3.1714788176028863,0.1302768276410822,0.1978634143474053,0.04454130130189417,0.22479593008240628,2.4815349334484704,2.7387520551456657,15.068720667694446,0.21925800289421815,0
MSME009,2024-05-01,95,1329070.02,862662.94,3135898.38,175474.38,170689.43,298769.53,59862.97,2394518.93,466407.0800000001,35.09273950818634,303554.48000000004,3.6351374732754835,0.1320279423652939,0.19786340885352047,0.045041246209135015,0.22479592911139476,-1.1099713025690128,-1.4977056897218732,12.90297108827727,0.21925806588685148,0
MSME009,2024-06-01,95,1308150.18,860215.02,3493941.47,175859.12,170205.08,294066.84,59862.97,2334655.96,447935.1599999999,34.241875806644764,299720.88,4.061707118297004,0.13443343332338187,0.19786341326613896,0.045761542455316565,0.22479593283395033,-1.5740209082438006,-0.2837632042011595,11.417560348368184,0.2192570790106263,0
MSME009,2024-07-01,95,1261100.06,825938.84,3817409.84,176244.7,163423.08,283490.16,59862.97,2274792.99,435161.2200000001,34.50647841536064,296311.78,4.621903771954834,0.13975473127802404,0.1978634156495171,0.04746885033055981,0.22479592935710427,-3.5966910160116217,-3.9846060813957918,9.257979069695166,0.21925504915527583,0
MSME009,2024-08-01,95,1218423.59,816221.27,4113520.54,176631.13,161500.33,273896.67,59862.97,2214930.01,402202.32000000007,33.01005687192908,289027.47,5.039712503448973,0.14496693223085083,0.19786341759998485,0.04913149293178081,0.22479593488500987,-3.384066923286011,-1.1765483749377803,7.756848554673401,0.2192576571096838,0
MSME009,2024-09-01,95,1227165.78,766256.06,4464806.56,177018.41,151614.04,275861.87,59862.97,2155067.04,460909.72,37.558879779062934,301266.24,5.826781402550995,0.1442497932104984,0.19786341396112417,0.04878148574188566,0.22479592773520787,0.7175000608778292,-6.121527560780171,8.539790103977452,0.21925919853424958,0
MSME009,2024-10-01,95,1240336.13,810514.94,4799721.12,177406.53,160371.25,278822.52,59862.97,2095204.07,429821.18999999994,34.65360555126294,295857.80000000005,5.921816962436251,0.14303101047294334,0.19786341014269276,0.04826350579661016,0.2247959349535356,1.0732331535515893,5.775990861331648,7.501210981915429,0.21925403126148435,0
MSME009,2024-11-01,95,1315594.16,868751.26,5149794.32,177795.51,171894.09,295740.21,59862.97,2035341.09,446842.8999999999,33.96510212541533,301641.63,5.92781220254,0.1351446482553556,0.19786341374630062,0.04550261153485206,0.22479592794787112,6.0675512209742655,7.185101362844715,7.29361542572291,0.21925912197258146,0
MSME009,2024-12-01,95,1366485.37,853927.93,5554311.93,178185.34,168961.1,307180.35,59862.97,1975478.12,512557.44000000006,37.50917874810471,316404.58999999997,6.504427053931822,0.13039681500578376,0.19786341922321243,0.043807984567006374,0.22479593030695963,3.8683061651778816,-1.7062801152081142,7.855024586690673,0.21925750543418943,0
MSME009,2025-01-01,95,1401520.22,900507.0,5948000.61,178576.03,178177.39,315056.04,59862.97,1915615.15,501013.22,35.747841012240265,315454.67999999993,6.605168654991022,0.12741594980342133,0.1978634147208184,0.04271288358579657,0.2247959290947654,2.563865722177461,5.454683980180852,7.087982903401691,0.2192604621682026,0
MSME009,2025-02-01,95,1465480.98,916578.87,6387490.51,178967.57,181357.42,329434.16,59862.97,1855752.17,548902.11,37.45542367939842,327044.30999999994,6.96883892817647,0.12212206943825366,0.19786340917939774,0.040848684368459016,0.2247959301389227,4.563670155254695,1.7847579197052266,7.3888677694671445,0.21925675019207613,0
MSME009,2025-03-01,95,1503847.19,933423.04,6852743.37,179359.97,184690.27,338058.73,59862.97,1795889.2,570424.1499999999,37.930991512508655,332728.42999999993,7.341519414391143,0.11926741705718119,0.1978634146420898,0.03980655108980854,0.22479593156004102,2.6179944007188594,1.8377218318375688,7.283812935167866,0.2192576006926794,0
MSME009,2025-04-01,95,1455957.77,940968.48,7267474.72,179753.23,186183.24,327293.38,59862.97,1736026.23,514989.29000000004,35.371169453630515,320863.37,7.72339868387515,0.12346046959864777,0.19786341833681825,0.04111586972745782,0.2247959293489673,-3.1844605168959927,0.8083623048344757,6.052048465956195,0.2192573961737443,0
MSME009,2025-05-01,95,1426408.56,934734.14,7665167.69,180147.35,184949.69,320650.84,59862.97,1676163.25,491674.42000000004,34.46939634181668,315848.50000000006,8.200372022359213,0.1262943556648314,0.19786341600832083,0.04196761830986208,0.22479593083765567,-2.029537573744322,-0.662545040828566,5.472230524662924,0.2192561435474527,0
MSME009,2025-06-01,95,1386333.98,908008.72,8040050.12,180542.34,179661.71,311642.24,59862.97,1616300.28,478325.26,34.502887969318905,312522.87,8.854595713574206,0.13023004745220196,0.1978634191971196,0.04318077091351393,0.22479593265109177,-2.809474166363668,-2.8591466660242038,4.89072705466147,0.21925940070723904,0
MSME009,2025-07-01,95,1328774.73,855371.55,8383914.57,180938.19,169246.73,298703.15,59862.97,1556437.31,473403.17999999993,35.62704567688459,310394.61,9.801488686407678,0.1361691985217088,0.1978634080125765,0.04505125560297192,0.22479592910379928,-4.1519035694414725,-5.796989482656056,4.2768943584645225,0.21925604819346134,0
MSME009,2025-08-01,95,1299749.79,860522.98,8705396.83,181334.91,170266.02,292178.47,59862.97,1496574.33,439226.81000000006,33.79318184002169,303247.36,10.116402504439801,0.1395152446995202,0.1978634202191788,0.046057303075232654,0.22479593553156102,-2.1843386500885575,0.6022447204375503,3.8345125933219038,0.21925719495701212,0
MSME009,2025-09-01,95,1283904.29,846558.9,9027830.76,181732.5,167503.03,288616.46,59862.97,1436711.36,437345.39,34.063706571149474,302845.93000000005,10.664149606129,0.1415467659197556,0.1978634091496764,0.04662572628369362,0.22479593085556246,-1.219119258330481,-1.622743415870187,3.7038395411091107,0.21925728476661632,0
MSME009,2025-10-01,95,1313400.02,858569.24,9390294.13,182130.96,169879.44,295246.98,59862.97,1376848.39,454830.78,34.6300268824421,307498.49999999994,10.937142506992215,0.13867135467228026,0.19786341285648668,0.04557862729437144,0.2247959307934227,2.297346478996487,1.4187246746800497,4.014955304722623,0.21925632454293797,0
MSME009,2025-11-01,95,1362246.24,896839.24,9749279.85,182530.3,177451.67,306227.41,59862.97,1316985.41,465407.0,34.16467495626929,311306.0399999999,10.870710619218668,0.13399214814496385,0.19786340972324093,0.043944309216812374,0.22479592969917098,3.7190664882127855,4.4574156884539695,3.822944361807745,0.21925981173107623,0
MSME010,2023-11-01,71,1006741.48,694270.48,891485.7,176072.93,94531.8,210133.15,24520.07,1127923.44,312471.0,31.037858895016424,291674.27999999997,1.2840610765994256,0.17489388636296183,0.13615990125347113,0.02435587535342241,0.208726027659057,5.304737439517515,7.445877969968717,43.948462943228314,0.2338180894922104,0
MSME010,2023-12-01,71,1024239.08,713464.41,1156885.92,176484.63,97145.25,213785.35,24520.07,1103403.36,310774.6699999999,30.342004720226058,293124.73,1.6215047363049264,0.17230804159513227,0.13615991020491128,0.023939791479153483,0.20872602322496817,1.7380430177566408,2.7646184812581964,29.770552685253392,0.23382356390617698,0
MSME010,2024-01-01,71,1062108.66,717371.31,1450940.84,176897.29,97677.21,221689.72,24520.07,1078883.29,344737.34999999986,32.457823100698555,300909.8,2.022579966293885,0.16655291182730778,0.13615990580944756,0.023086216056274318,0.20872602620526606,3.697337930124678,0.5475956397040127,25.417797460963154,0.23382206144524353,0
MSME010,2024-02-01,71,1114550.45,760440.0,1757251.04,177310.91,103541.44,232635.69,24520.07,1054363.21,354110.44999999995,31.771594547380065,306405.16,2.3108345694597863,0.15908737913120038,0.13615990742201883,0.021999964200812985,0.20872602940494978,4.937516468418601,6.003681691703,21.111143304781454,0.23381929706214333,0
MSME010,2024-03-01,71,1179939.8,782977.87,2107690.88,177725.51,106610.19,246284.15,24520.07,1029843.14,396961.93000000005,33.64255786608775,317399.47000000003,2.6918907427102634,0.1506225232846625,0.1361599019395018,0.02078078051100573,0.2087260299211875,5.866881126825629,2.9637933301772668,19.942502922063987,0.23382655923429585,0
MSME010,2024-04-01,71,1170125.33,829783.7,2409651.94,178141.07,112983.27,244235.61,24520.07,1005323.06,340341.6300000001,29.08591253212168,309393.41,2.903951885292517,0.15224101678065544,0.13615990528616073,0.020955080085310177,0.20872602595484363,-0.8317771804968288,5.977925021048169,14.326629339497842,0.23382124490738398,0
MSME010,2024-05-01,71,1152324.51,783330.47,2721376.83,178557.6,106658.2,240520.12,24520.07,980802.99,368994.04000000004,32.02171235600986,312419.51999999996,3.474110779834723,0.15495426717947708,0.13615990196321612,0.021278788906434004,0.20872602978825816,-1.52127464841737,-5.598233611964176,12.936511071387358,0.23382030881480276,0
MSME010,2024-06-01,71,1140753.63,780920.41,3032116.74,178975.11,106330.05,238104.97,24520.07,956282.92,359833.21999999986,31.543464823337874,310750.02999999997,3.882747462062107,0.1568919925330415,0.1361599064877815,0.021494623690130183,0.20872602439143675,-1.0041338094943564,-0.3076683586685891,11.418481504452306,0.2338237073078897,0
MSME010,2024-07-01,71,1115144.39,769723.4,3324668.68,179393.59,104805.46,232759.66,24520.07,931762.84,345420.9899999999,30.975449735258042,307347.79,4.319303115898516,0.16087027976708917,0.13615989847781684,0.021988246741751535,0.20872602874323748,-2.2449404785150673,-1.4338221740164303,9.648439195649171,0.23382022226443588,0
MSME010,2024-08-01,71,1066319.83,716536.29,3616663.98,179813.05,97563.51,222568.7,24520.07,907242.77,349783.54000000004,32.80287303669482,304818.24,5.047426111523255,0.1686295658592413,0.13615990056832988,0.022995042678705505,0.20872602547398936,-4.378317322656288,-6.909899062442426,8.7826886858392,0.23382106350622323,0
MSME010,2024-09-01,71,1048350.88,709848.58,3888302.9,180233.49,96652.91,218818.11,24520.07,882722.69,338502.30000000005,32.28902712420101,302398.68999999994,5.477651163294572,0.17192096028001616,0.1361598976502848,0.02338918244624357,0.20872602310402028,-1.685137000593906,-0.9333386310412917,7.510759127808164,0.2338206264784537,0
MSME010,2024-10-01,71,1070656.87,722066.07,4179456.3,180654.92,98316.45,223473.95,24520.07,858202.62,348590.80000000016,32.55859181102533,305812.42,5.788190961527939,0.16873278924554044,0.13615990846931778,0.022901893862596705,0.20872602255846917,2.1277217795629744,1.7211403029079753,7.487930016974764,0.2338244684714441,0
MSME010,2024-11-01,71,1120513.19,762689.92,4510799.3,181077.33,103847.78,233880.27,24520.07,833682.54,357823.2699999999,31.93387397786901,311109.81999999995,5.914329246674717,0.1616021405334818,0.13615989575422735,0.021882892784153663,0.20872603025761793,4.6566104787614915,5.626057183382138,7.927897224335134,0.23382147577268864,0
MSME010,2024-12-01,71,1190875.66,808260.17,4842450.07,181500.73,110052.63,248566.74,24520.07,809162.47,382615.4899999999,32.12892015947323,320014.83999999997,5.991202152148609,0.15240947153122605,0.1361599075208667,0.020589949751765018,0.20872602266470036,6.279486098686626,5.974938019372278,7.352372560667919,0.23382275406866881,0
MSME010,2025-01-01,71,1253512.88,853801.34,5200723.09,181925.12,116253.51,261640.76,24520.07,784642.39,399711.5399999999,31.887310164694917,327312.37,6.091256649936858,0.1451322303126235,0.13615990576918044,0.019561083409051213,0.20872602441867213,5.259761543871,5.634469158612609,7.398589863002947,0.23382275101593297,0
MSME010,2025-02-01,71,1300504.31,923338.11,5544587.98,182350.5,125721.63,271449.1,24520.07,760122.32,377166.20000000007,29.001534027980274,328077.97,6.004937866151762,0.1402152215858477,0.13615990571427838,0.018854278153065097,0.20872602875110807,3.748779190844864,8.144373490910661,6.611866927912136,0.2338214755609469,0
MSME010,2025-03-01,71,1339546.62,929571.83,5888534.67,182776.87,126570.41,279598.24,24520.07,735602.24,409974.79000000015,30.60548874364672,335804.69999999995,6.334674180046958,0.1364468151171924,0.13615990278018644,0.018304752991724915,0.20872602403341511,3.002090012296854,0.6751286373309018,6.2032867228486,0.2338189366083432,0
MSME010,2025-04-01,71,1354764.14,940548.02,6238101.68,183204.24,128064.93,282774.54,24520.07,711082.17,414216.1199999999,30.574777392616838,337913.85,6.632411686965222,0.13522962011675332,0.1361599060088394,0.018099143072978004,0.20872602960984782,1.1360201856953411,1.1807791120348465,5.93640064277654,0.23382061417289712,0
MSME010,2025-05-01,71,1306506.8,869171.88,6607064.99,183632.62,118346.36,272701.97,24520.07,686562.09,437334.92000000004,33.47360457672322,337988.23,7.601563214401276,0.14055236451888348,0.1361599042987907,0.018767655859119905,0.20872602423500586,-3.5620473391036023,-7.588782123001014,5.914672907351526,0.23382646602503332,0
MSME010,2025-06-01,71,1288163.46,878821.95,6957776.05,184061.99,119660.31,268873.24,24520.07,662042.02,409341.51,31.777140301744005,333274.92,7.917162344431657,0.14288713794132926,0.1361599013315496,0.01903490570987008,0.20872602612093966,-1.4039988157734884,1.1102602629067926,5.308121844280511,0.23382011322388152,0
MSME010,2025-07-01,71,1239138.18,876741.78,7259273.9,184492.37,119377.08,258640.39,24520.07,637521.94,362396.3999999999,29.245842461249953,323755.68,8.279831149372168,0.1488876486720795,0.13615990788074453,0.019788002981233295,0.20872602763317327,-3.8058275616667525,-0.23669982298460956,4.333250277579714,0.23382339830184673,0
MSME010,2025-08-01,71,1232162.26,847468.05,7586044.57,184923.75,115391.17,257184.33,24520.07,613001.87,384694.20999999996,31.221067426622852,326716.91,8.951422499054685,0.1500806801208146,0.13615990596931649,0.019900033295939448,0.20872602444421565,-0.5629654636256864,-3.338922664321986,4.50142362034307,0.2338199677309083,0
MSME010,2025-09-01,71,1218886.32,843129.15,7916574.18,185356.14,114800.38,254413.3,24520.07,588481.79,375757.17000000004,30.827909365657664,324969.06,9.389515449679328,0.15207007984140802,0.1361598991091697,0.020116781686416826,0.20872602787108152,-1.0774506273224072,-0.5119839031099804,4.357074453623988,0.23382069636810332,0
MSME010,2025-10-01,71,1199225.16,823064.21,8233416.65,185789.54,112068.34,250309.5,24520.07,563961.72,376160.94999999995,31.366999504913657,324030.70000000007,10.003371000665915,0.15492465151414936,0.13615989935949227,0.02044659403243341,0.2087260243939512,-1.6130429620376807,-2.3798180859954887,4.002267430278805,0.2338201475278856,0
MSME010,2025-11-01,71,1228254.6,828972.49,8573335.89,186223.96,112872.81,256368.7,24520.07,539441.64,399282.1100000001,32.50808993509978,329719.85000000003,10.34212352450924,0.15161674134987974,0.1361598983821526,0.019963344733249927,0.20872602471832793,2.420683035035731,0.7178394988162529,4.128531986778539,0.23382371257283374,0
MSME011,2023-11-01,26,1249669.97,790734.54,1374042.81,318312.62,148097.62,354262.5,44172.11,2031917.14,458935.42999999993,36.7245305574559,524477.5,1.7376790066613252,0.2547173474929545,0.1872911988895793,0.03534702046173039,0.28348484680319236,0.25621827521833396,0.4064525044576328,36.72151562640424,0.28189025916469657,0
MSME011,2023-12-01,26,1274562.62,807953.35,1774019.7,319209.91,151322.55,361319.2,44172.11,1987745.02,466609.27000000014,36.60936408130344,529206.56,2.195695704461155,0.25044662772237897,0.18729119694843768,0.034656680893403256,0.2834848553772901,1.9919379194172526,2.177571502061859,29.109492592883623,0.2818895461951687,0
MSME011,2024-01-01,26,1350129.74,863674.05,2183926.47,320109.73,161758.55,382741.33,44172.11,1943572.91,486455.68999999994,36.030292170291716,541092.51,2.5286466231097253,0.2370955327596887,0.18729120088764967,0.0327169372626367,0.2834848523520414,5.928866798243293,6.896524409484783,23.106100231017734,0.2818897445884483,0
MSME011,2024-02-01,26,1388743.58,871693.27,2615016.81,321012.09,163260.48,393687.77,44172.11,1899400.8,517050.31000000006,37.231517570723895,551439.3800000001,2.9999277268711735,0.23115288856996913,0.18729120164022833,0.03180724695051335,0.2834848532657123,2.860009586930512,0.9285007463174288,19.73923325358109,0.28189083786989144,0
MSME011,2024-03-01,26,1400877.06,901312.43,3021248.84,321916.99,168807.89,397127.43,44172.11,1855228.69,499564.63,35.66084735515621,550236.5299999999,3.352055002725303,0.22979674604707995,0.18729120378379782,0.03153175340025912,0.2834848548380112,0.8737019687968584,3.3978878832000126,15.534585798704658,0.28188969455946733,0
MSME011,2024-04-01,26,1410384.68,900964.42,3443155.95,322824.44,168742.71,399822.69,44172.11,1811056.58,509420.2599999999,36.11924230487245,553904.42,3.8216336556331494,0.2288910568710942,0.18729120290898943,0.03131919300201134,0.283484850388477,0.6786905340572691,-0.038611472383665024,13.964659395616042,0.2818894398832539,0
MSME011,2024-05-01,26,1360899.73,852328.96,3876091.14,323734.45,159633.72,385794.46,44172.11,1766884.47,508570.77,37.3701867072896,549895.1900000001,4.547646885071229,0.2378826616417949,0.18729120737608165,0.03245801951918971,0.2834848530684917,-3.5086136925423728,-5.398155456571752,12.573789752392717,0.28189005764247543,0
MSME011,2024-06-01,26,1278544.36,825422.52,4245907.47,324647.02,154594.38,362447.96,44172.11,1722712.35,453121.8400000001,35.44044729116791,532500.6,5.143920073806563,0.2539192461026538,0.1872912069324205,0.03454875042427155,0.2834848530402183,-6.051538418631319,-3.1568140075869278,9.5409606390215,0.28188844282714953,0
MSME011,2024-07-01,26,1245400.0,788350.63,4600308.4,325562.17,147651.14,353052.03,44172.11,1678540.24,457049.37,36.69900192709169,530963.0599999999,5.8353583100453665,0.2614117311707082,0.18729120569105148,0.03546821101654087,0.28348484824152886,-2.592351195385989,-4.491262244698635,8.346883028046781,0.2818907747867083,0
MSME011,2024-08-01,26,1167686.93,762219.32,4922357.07,326479.9,142756.97,331021.56,44172.11,1634368.13,405467.61,34.7240000365509,514744.49,6.4579274505925675,0.27959540490874557,0.18729119854899506,0.03782872691741099,0.2834848549687886,-6.2400088325036185,-3.3146811844369406,7.000588699661958,0.2818908597396419,0
MSME011,2024-09-01,26,1127870.06,704385.5,5247331.24,327400.21,131925.21,319734.07,44172.11,1590196.02,423484.56000000006,37.54728270737145,515209.07000000007,7.44951626630588,0.29028185214881935,0.18729120630677376,0.039164183505323295,0.2834848457631724,-3.4098925813959347,-7.587556295476738,6.602003174060678,0.28188871657948145,0
MSME011,2024-10-01,26,1141494.2,738406.65,5582182.86,328323.12,138297.07,323596.31,44172.11,1546023.91,403087.54999999993,35.312273159162785,513622.3599999999,7.559767859620441,0.28762574527316914,0.18729120329563662,0.038696745020693056,0.2834848481928336,1.207952979973581,4.829904931319562,6.381369970461415,0.2818904728252747,0
MSME011,2024-11-01,26,1199342.87,753949.72,5958328.74,329248.63,141208.15,339995.54,44172.11,1501851.8,445393.15000000014,37.13643205299583,528036.0199999999,7.902819753020136,0.2745241900675159,0.18729120292000373,0.036830260224084206,0.2834848553358223,5.067802359398765,2.104947185944206,6.738329600331294,0.2818899869128977,0
MSME011,2024-12-01,26,1272380.7,794456.24,6379127.36,330176.75,148794.66,360700.65,44172.11,1457679.68,477924.45999999996,37.561435818697966,542082.74,8.029551583608935,0.25949525169628873,0.18729119680651007,0.03471611130222268,0.28348484852057254,6.089820669880641,5.3725757733552815,7.0623599059759234,0.28189031492704686,0
MSME011,2025-01-01,26,1341843.02,863865.07,6778164.34,331107.48,161794.33,380392.17,44172.11,1413507.57,477977.95000000007,35.6210035656779,549705.32,7.84632296800703,0.24675574941694742,0.18729120509525868,0.032918984815377285,0.28348485205072643,5.4592403044151805,8.736646086384825,6.255353710323153,0.2818884127970822,0
MSME011,2025-02-01,26,1403227.08,895845.87,7211348.56,332040.84,167784.05,397793.62,44172.11,1369335.46,507381.2100000001,36.15816835575893,562050.4099999999,8.049764810547153,0.23662659075821144,0.18729120222432905,0.0314789463726712,0.2834848512188063,4.574608138588387,3.7020596283630303,6.390878094289465,0.2818903396564876,0
MSME011,2025-03-01,26,1425908.39,923749.6,7620375.42,332976.83,173010.17,404223.43,44172.11,1325163.35,502158.7899999999,35.21676382029002,564190.09,8.249395095813844,0.23351909024113396,0.18729119882704146,0.03097822434441248,0.2834848527681361,1.616367751397707,3.1147913870496424,5.671988485881774,0.2818900229260901,0
MSME011,2025-04-01,26,1441978.6,911798.44,8068162.24,333915.46,170771.82,408779.09,44172.11,1280991.24,530180.1600000001,36.76754703571884,571922.73,8.84862474649551,0.2315675558569316,0.18729119562871813,0.030632985815462168,0.2834848519943361,1.1270156002097798,-1.2937661894522057,5.876177948198791,0.28189048469229316,0
MSME011,2025-05-01,26,1438346.31,942912.07,8492200.53,334856.73,176599.14,407749.39,44172.11,1236819.13,495434.2400000001,34.444711718974,566006.98,9.006354675256198,0.23280675013516042,0.1872912073338928,0.030710344020001692,0.28348485143331026,-0.2518962486683263,3.412336393117754,5.255698601321135,0.28188871518555203,1
MSME011,2025-06-01,26,1348594.32,890790.02,8876481.05,335800.66,166837.13,382306.06,44172.11,1192647.01,457804.30000000005,33.946776522090055,551269.59,9.964728893123432,0.24900050001693613,0.18729119798625493,0.03275418659630718,0.2834848511003665,-6.239943007883819,-5.527774185773227,4.525099456171233,0.28189070591473353,0
MSME011,2025-07-01,26,1279259.52,807823.69,9248002.62,336747.24,151298.27,362650.7,44172.11,1148474.9,471435.8300000001,36.852243241465196,548099.6699999999,11.448045822969117,0.26323606331262633,0.18729120211862071,0.034529436216351156,0.283484855363828,-5.141264424130155,-9.313792042708346,4.185460070350722,0.2818874745511346,0
MSME011,2025-08-01,26,1248104.24,816835.54,9608355.97,337696.5,152986.11,353818.65,44172.11,1104302.79,431268.69999999995,34.55390072226659,538529.04,11.762901464840768,0.27056754490314044,0.18729120184951792,0.03539136282398977,0.28348485539957785,-2.4354151376571376,1.1155713940501188,3.8965532862273555,0.28189095180111146,0
MSME011,2025-09-01,26,1231134.41,786696.64,9969215.41,338648.43,147341.36,349007.96,44172.11,1060130.68,444437.7699999999,36.09985769141161,540315.03,12.672248619239049,0.2750702338016854,0.18729120287077874,0.03587919372670284,0.28348485524013584,-1.3596484537221065,-3.689714578285863,3.7556835022214408,0.281889211170383,0
MSME011,2025-10-01,26,1194444.58,775466.31,10311251.5,339603.05,145238.02,338606.94,44172.11,1015958.57,418978.27,35.0772465307683,532971.97,13.296840065173171,0.2843188002912617,0.18729120546835876,0.03698129719840162,0.2834848478277661,-2.9801644484942824,-1.427529930723992,3.430922855342322,0.2818911636472077,0
MSME011,2025-11-01,26,1223965.14,802286.22,10652956.8,340560.35,150261.15,346975.57,44172.11,971786.46,421678.9199999999,34.45187335972656,537274.7699999999,13.278249749821207,0.27824350454948416,0.1872912013869564,0.03608935300232489,0.28348484663541973,2.4714884637008216,3.4585525707751197,3.313907143085393,0.28188792768497617,0
MSME012,2023-11-01,9,1227016.83,840731.7,1006163.57,290336.45,146797.47,347068.8,35560.09,1635763.95,386285.1300000001,31.48164887029301,490607.78,1.1967713005231038,0.23661977806775478,0.17460679786428893,0.028980930929855292,0.2828557779439749,-0.8246667445347966,1.6038837880057555,40.76788682557244,0.17371039003222233,0
MSME012,2023-12-01,9,1283594.43,891636.88,1301953.93,290840.79,155685.86,363072.1,35560.09,1600203.86,391957.54999999993,30.535934157956728,498227.0299999999,1.460184026932578,0.22658308824228848,0.17460679733211573,0.027703524702892328,0.2828557771164526,4.610988098671798,6.05486625519176,29.39784035313464,0.17370881265510452,0
MSME012,2024-01-01,9,1298963.91,896328.59,1604939.94,291346.01,156505.06,367419.44,35560.09,1564643.78,402635.31999999995,30.996651785344824,502260.38999999996,1.7905709556804386,0.2242910736449945,0.17460679235948504,0.027375733633738908,0.28285577233627685,1.1973782092525864,0.5261906618308609,23.271638344376754,0.17371015943121737,0
MSME012,2024-02-01,9,1356173.52,915874.74,1956593.65,291852.11,159917.96,383601.51,35560.09,1529083.69,440298.78,32.4662569727803,515535.66000000003,2.1363114021465424,0.21520263129750533,0.17460680267260126,0.02622089981523898,0.2828557735001344,4.404249383649161,2.18069023102343,21.910708384514365,0.17371097685532355,0
MSME012,2024-03-01,9,1365469.09,948877.27,2279764.12,292359.09,165680.42,386230.82,35560.09,1493523.6,416591.82000000007,30.509062640151015,512909.49,2.4025911380509726,0.21410890377606426,0.1746067960928182,0.02604239836728929,0.28285577669136397,0.6854263014957063,3.6033890398593282,16.516994727034916,0.17371126766911882,0
MSME012,2024-04-01,9,1414669.6,984425.92,2612366.8,292866.94,171887.46,400147.47,35560.09,1457963.52,430243.68000000005,30.413015166226803,521126.94999999995,2.6536956686390374,0.2070214416143529,0.1746068002760431,0.02513667502291701,0.28285577777312804,3.6031947087136196,3.7463907213205694,14.5893461995533,0.17370761415353986,0
MSME012,2024-05-01,9,1385334.58,946489.54,2943496.98,293375.68,165263.51,391849.89,35560.09,1422403.43,438845.04000000004,31.677909895239893,519962.06000000006,3.1099096773959065,0.21177243695165682,0.1746068001977074,0.025668954282509857,0.2828557776995648,-2.073630478805799,-3.853655133339029,12.675485693662925,0.1737102863163642,0
MSME012,2024-06-01,9,1346339.19,915199.77,3263739.64,293885.3,159800.1,380819.82,35560.09,1386843.35,431139.4199999999,32.02309070420805,514905.02,3.566149978381223,0.2182847399695763,0.17460679650301922,0.02641243028809107,0.28285577871353507,-2.8148716247305527,-3.305875942379677,10.879666674568833,0.17370901364421876,0
MSME012,2024-07-01,9,1319507.77,878688.71,3595316.04,294395.81,153425.02,373230.39,35560.09,1351283.26,440819.06000000006,33.4078411679228,514201.17999999993,4.091683435877991,0.22311032696685068,0.17460679561934966,0.02694951163493338,0.2828557728007922,-1.9929168072423065,-3.9894087823033497,10.159401072813523,0.17371062792184144,0
MSME012,2024-08-01,9,1285082.01,870871.8,3920090.53,294907.21,152060.14,363492.87,35560.09,1315723.18,414210.20999999996,32.232200495904536,506339.94000000006,4.501340530259448,0.22948512834601117,0.17460680205743256,0.027671455769581584,0.2828557766519508,-2.6089850156774785,-0.889610838404864,9.033266794537486,0.17371171145406095,0
MSME012,2024-09-01,9,1243651.6,858612.5,4200630.96,295419.49,149919.58,351774.04,35560.09,1280163.09,385039.1000000001,30.96036703526937,497273.95000000007,4.892347782032058,0.23754200131290787,0.1746067987596267,0.02859328931028593,0.2828557772932548,-3.223950664440467,-1.407704325711323,7.156478347963047,0.17370887609020613,0
MSME012,2024-10-01,9,1258444.89,851263.25,4507151.42,295932.66,148636.35,355958.4,35560.09,1244603.0,407181.6399999999,32.355937334689315,503254.7100000001,5.294662279852913,0.2351574251296773,0.17460679760344405,0.028257169052512104,0.2828557713004024,1.1895043595810728,-0.8559449111211426,7.297009971092527,0.17370891812180655,0
MSME012,2024-11-01,9,1280922.76,863937.76,4839326.67,296446.73,150849.41,362316.4,35560.09,1209042.92,416985.0,32.55348511412195,507913.72,5.601476048459787,0.23143216691691854,0.17460680269374962,0.027761307012766325,0.2828557750039511,1.7861624437125911,1.4889060463963322,7.369959849274377,0.1737118167356,0
MSME012,2024-12-01,9,1347321.24,946979.45,5146321.62,296961.68,165349.05,381097.59,35560.09,1173482.83,400341.79000000004,29.713907724040634,512710.22000000003,5.434459660133069,0.22040896497705328,0.17460679848966099,0.026393178511755665,0.2828557723917423,5.183644328405879,9.611999132900495,6.3437533965856385,0.1737074313486353,0
MSME012,2025-01-01,9,1412765.76,944048.5,5503042.91,297477.54,164837.28,399608.95,35560.09,1137922.75,468717.26,33.177280570559695,532249.21,5.8291951208015265,0.21056395081375698,0.17460679191799997,0.025170549150341805,0.282855772212373,4.857380560555846,-0.309505132344734,6.9315778596830135,0.1737126487161511,0
MSME012,2025-02-01,9,1449033.05,970444.89,5870358.89,297994.28,169446.27,409867.37,35560.09,1102362.66,478588.16000000003,33.02810519056139,538415.38,6.04914194560806,0.20565043702764407,0.1746067929730662,0.024540565172064224,0.28285577751314916,2.567112753355527,2.7960840994927683,6.67477949940245,0.1737072318132249,0
MSME012,2025-03-01,9,1507307.44,1011898.52,6258064.7,298511.93,176684.36,426350.62,35560.09,1066802.57,495408.9199999999,32.8671448739084,548178.1900000001,6.184478558185854,0.19804316098910785,0.17460679752748326,0.023591796242974823,0.2828557789113016,4.021605304309639,4.271610930941172,6.6044651999121795,0.17371138801722807,0
MSME012,2025-04-01,9,1519769.89,1013378.77,6667639.58,299030.47,176942.82,429875.69,35560.09,1031242.49,506391.1199999999,33.32024955435852,551963.3399999999,6.579612458232177,0.19676035955680105,0.17460679583804584,0.023398338283962185,0.28285577496208986,0.8268021287017646,0.14628443176298855,6.544753044819118,0.17370830036842477,0
MSME012,2025-05-01,9,1506713.04,1003742.04,7050216.76,299549.92,175260.18,426182.48,35560.09,995682.4,502971.0,33.382003516741314,550472.22,7.0239329220483775,0.19881019945244516,0.17460679439111665,0.02360110323330048,0.28285577192588707,-0.8591333520892364,-0.9509504526130863,5.7378203397130845,0.17371139469499752,0
MSME012,2025-06-01,9,1496879.05,1035918.04,7389765.22,300070.27,180878.33,423400.88,35560.09,960122.32,460961.01,30.79480670131631,542592.8200000001,7.133542360165867,0.20046393861948966,0.17460679611294344,0.023756154513619517,0.2828557724820853,-0.6526783626960575,3.205604499737791,4.816142135181667,0.17371061224120687,0
MSME012,2025-07-01,9,1426135.13,984881.4,7734738.88,300591.52,171966.99,403390.56,35560.09,924562.23,441253.72999999986,30.940527353813934,532015.0900000001,7.85347238763977,0.2107735190563604,0.1746068003721057,0.024934586668515765,0.2828557767874353,-4.726094603301457,-4.9267063637582815,4.668262789545019,0.17370931148894542,0
MSME012,2025-08-01,9,1353751.34,928619.57,8040804.04,301113.68,162143.29,382916.39,35560.09,889002.15,425131.77000000014,31.40397777925746,521886.78,8.658878511466218,0.2224290910027834,0.17460679834692694,0.026267815180888384,0.2828557791122851,-5.075521139430861,-5.7125487393710594,3.957019942733986,0.173710821915396,0
MSME012,2025-09-01,9,1336054.84,916036.21,8340399.59,301636.74,159946.15,377910.83,35560.09,853442.06,420018.6300000001,31.4372297771849,519601.42000000004,9.104879806006796,0.22576673574267353,0.1746067985674933,0.026615741311935965,0.282855777087713,-1.3072193893451711,-1.3550608243158124,3.725940198388411,0.17370848112912007,0
MSME012,2025-10-01,9,1339130.82,908485.0,8670196.9,302160.71,158627.66,378780.89,35560.09,817881.97,430645.82000000007,32.158607177751314,522313.94000000006,9.543577384326655,0.2256394263258014,0.1746068014331552,0.026554605023577902,0.2828557780486301,0.2302285735516607,-0.8243353174870682,3.9542147404474814,0.17370894540233994,0
MSME012,2025-11-01,9,1366654.54,931874.06,9008752.03,302685.6,162711.55,386566.13,35560.09,782321.89,434780.48,31.81348814017037,526540.1799999999,9.667349287520675,0.22147923351573542,0.17460680255441383,0.0260198089269875,0.2828557756812486,2.0553421360282043,2.574512512589644,3.9048147799273014,0.1737121944146658,0
MSME013,2023-11-01,85,929888.73,609733.88,734709.21,201654.45,94751.49,142434.22,44348.29,2040021.53,320154.85,34.42937199593762,249337.18000000005,1.2049670095419331,0.21685868802819022,0.1553981058097018,0.0476920394550862,0.153173401725172,3.118191513661439,1.8046420537635388,43.077298415873535,0.18250549501213076,0
MSME013,2023-12-01,85,987355.89,676100.84,960541.27,202022.49,105064.8,151236.66,44348.29,1995673.24,311255.05000000005,31.52409917765316,248194.35000000003,1.4207071093122736,0.20460959624193864,0.15539812078920062,0.044916215570456566,0.15317340133556098,6.180003923695265,10.884578039193094,30.73761114278124,0.18251022975193099,0
MSME013,2024-01-01,85,1028828.37,700233.06,1199222.4,202391.2,108814.9,157589.14,44348.29,1951324.94,328595.30999999994,31.938787807727344,251165.44000000003,1.7126046576549812,0.19672008072638977,0.15539811844930598,0.043105625090801104,0.1531734005352127,4.200357785884079,3.569322588032886,24.848607493980968,0.18250938299000374,0
MSME013,2024-02-01,85,1083778.57,721501.91,1454616.22,202760.59,112120.03,166006.05,44348.29,1906976.65,362276.66000000003,33.427184300202576,256646.61000000002,2.016094759887746,0.1870867311945465,0.15539810559891656,0.04092006543366142,0.15317340146336347,5.341046339925493,3.037395863600034,21.29661854214866,0.18251287605388633,0
MSME013,2024-03-01,85,1093399.08,711287.9,1747994.86,203130.64,110532.8,167479.66,44348.29,1862628.36,382111.18000000005,34.94709177915168,260077.50000000006,2.457506812642251,0.18577904784774465,0.15539811657136302,0.04056002132359577,0.15317340490171255,0.8876822504434667,-1.4156594540408074,20.16880026265624,0.18250588045733984,0
MSME013,2024-04-01,85,1122310.67,732820.4,2051427.23,203501.38,113878.91,171908.14,44348.29,1818280.06,389490.2699999999,34.704318546664084,261530.61000000002,2.7993587924135297,0.1813235723759091,0.15539811664631606,0.039515163836052636,0.15317339894843915,2.644193737569256,3.0272552084746662,17.35888227955087,0.18251308615973016,0
MSME013,2024-05-01,85,1097895.55,739638.17,2314411.87,203872.78,114938.38,168168.4,44348.29,1773931.77,358257.38,32.631280817196135,257102.8,3.12911361781126,0.18569414913832194,0.15539811851516533,0.040393906323784624,0.15317340524788536,-2.1754332960230993,0.9303466442801112,12.81959389804923,0.18250490488074256,0
MSME013,2024-06-01,85,1048319.95,707474.91,2555953.75,204244.87,109940.27,160574.73,44348.29,1729583.47,340845.0399999999,32.51345545794487,254879.32999999996,3.612783596806281,0.19483066214660896,0.1553981186414088,0.04230415532967774,0.15317339901811466,-4.515511516555481,-4.348512732921828,10.43642590720033,0.18251087761691487,0
MSME013,2024-07-01,85,1026947.33,680939.68,2785275.38,204617.64,105816.74,157301.02,44348.29,1685235.18,346007.6499999999,33.69283310761419,256101.92000000004,4.090340836063482,0.1992484268886507,0.1553981110338584,0.043184580848951624,0.15317340568965693,-2.038749715676025,-3.750695554701722,8.972057103928432,0.18251131595130587,0
MSME013,2024-08-01,85,992429.45,660452.57,3023302.63,204991.08,102633.08,152013.79,44348.29,1640886.88,331976.88,33.450929937639394,254371.78999999998,4.577622629282827,0.20655481354367305,0.1553981083001918,0.04468659207966874,0.1531733968595954,-3.3612123028743834,-3.0086526900591437,8.54591440793191,0.18250625899114414,0
MSME013,2024-09-01,85,970939.58,640393.88,3260372.88,205365.21,99516.0,148722.12,44348.29,1596538.59,330545.69999999995,34.043900033408875,254571.32999999996,5.091199310024637,0.21151183269302917,0.15539811217433872,0.045675643380404786,0.15317340343669994,-2.165380118455773,-3.037112869437386,7.841432996074227,0.18251038045167256,0
MSME013,2024-10-01,85,984635.72,660601.47,3481321.68,205740.02,102656.22,150820.0,44348.29,1552190.3,324034.25,32.90904884092566,253903.80000000002,5.269927237673268,0.20895039233392831,0.15539811014952784,0.045040301808266715,0.15317339899064397,1.4106068268429306,3.155493928205555,6.776795419792614,0.1825090043245492,0
MSME013,2024-11-01,85,1009900.0,680912.65,3717500.73,206115.52,105812.54,154689.82,44348.29,1507842.0,328987.35,32.57623031983364,254992.8,5.459585352100596,0.2040949797009605,0.15539811163737374,0.04391354589563323,0.15317340330725815,2.565850444670037,3.0746495311310795,6.7841777264317615,0.1825118904916989,0
MSME013,2024-12-01,85,1037941.24,704334.14,3942102.23,206491.7,109452.2,158984.99,44348.29,1463493.71,333607.1,32.141231810001116,256024.49,5.596920561028037,0.1989435355704722,0.15539811828516503,0.04272716825472702,0.15317340122259715,2.7766353104267782,3.4397202049337716,6.041733850580844,0.18250930352068373,0
MSME013,2025-01-01,85,1104196.41,702156.55,4246986.57,206868.56,109113.8,169133.52,44348.29,1419145.41,402039.85999999987,36.41017633810274,266888.27999999997,6.048489571164721,0.1873476114634352,0.1553981088690264,0.04016340716050689,0.15317340146034344,6.38332570733966,-0.3091700197863423,7.7340546290196155,0.1825061249435045,0
MSME013,2025-02-01,85,1142792.72,748387.07,4554834.8,207246.12,116297.94,175045.45,44348.29,1374797.12,394405.65,34.512439841233856,265993.63,6.086201890152912,0.18135057773206675,0.15539811504226017,0.03880694129728093,0.1531734031347347,3.495420710523778,6.5840758731083415,7.24862734849665,0.18251202599370853,0
MSME013,2025-03-01,85,1137952.12,780655.32,4809349.17,207624.36,121312.36,174304.0,44348.29,1330448.83,357296.80000000016,31.398227897321384,260616.0,6.160656370086609,0.18245439008453182,0.15539810834825285,0.03897201755729406,0.15317340416747938,-0.42357637700035644,4.311705973220525,5.587784874217605,0.182507638743723,0
MSME013,2025-04-01,85,1133759.08,748579.33,5094154.02,208003.29,116327.81,173661.74,44348.29,1286100.53,385179.7500000001,33.97368601449261,265337.22000000003,6.805095753846155,0.18346339506273238,0.15539810590281727,0.03911614979083563,0.1531734061172855,-0.368472445044532,-4.108854340478974,5.921900031226057,0.1825074861158127,0
MSME013,2025-05-01,85,1088056.23,726415.42,5359005.48,208382.92,112883.58,166661.27,44348.29,1241752.24,361640.80999999994,33.237327265705744,262160.61,7.377328911878,0.19151852106025807,0.15539810539814808,0.04075918944005311,0.1531733980329307,-4.031090097201262,-2.960796419532441,5.199125486983225,0.18251153623580763,0
MSME013,2025-06-01,85,1034410.37,715522.94,5576265.86,208763.24,111190.91,158444.15,44348.29,1197403.94,318887.43000000005,30.827942105800823,256016.48,7.793273350537162,0.20181858772355502,0.15539810645344232,0.04287301373438474,0.15317339674388608,-4.930430847310163,-1.4994835875042578,4.054117518834843,0.1825101596618195,0
MSME013,2025-07-01,85,987972.35,654877.87,5803142.89,209144.25,101766.79,151331.09,44348.29,1153055.65,333094.48,33.71495973546223,258708.55,8.861412418776649,0.2116903878939527,0.15539812026324848,0.044888189431617195,0.15317340611809632,-4.489322743351853,-8.47562902735165,4.068619317946198,0.18250818487008935,0
MSME013,2025-08-01,85,941009.04,608179.26,6025037.62,209525.96,94509.91,144137.56,44348.29,1108707.35,332829.78,35.36945617440615,259153.61000000002,9.906680507322791,0.22266094276841378,0.15539811403631226,0.04712844203919656,0.1531734062831107,-4.753504488258198,-7.13088838992223,3.823699229987443,0.18251039653254253,0
MSME013,2025-09-01,85,916452.47,606288.84,6261300.06,209908.36,94216.14,140376.14,44348.29,1064359.06,310163.63,33.84394064648001,256068.36,10.32725599897237,0.22904445879228194,0.15539811024725445,0.048391260269067746,0.15317339916166087,-2.609599797255935,-0.31083269758328536,3.921343813949485,0.18250721772137268,0
MSME013,2025-10-01,85,921867.04,622642.16,6469348.46,210291.46,96757.42,141205.51,44348.29,1020010.77,299224.88,32.45857233381508,254739.55,10.390154852347292,0.22811473984361127,0.1553981182385722,0.048107035044880224,0.15317340123148346,0.5908184196393718,2.6972820413451837,3.3227668057167037,0.18250821453704713,0
MSME013,2025-11-01,85,948100.96,625913.01,6690419.82,210675.27,97265.7,145223.85,44348.29,975662.47,322187.94999999995,33.98245161570135,258633.41999999998,10.68905696655834,0.22220763282425113,0.15539811195169118,0.04677591508819905,0.15317340254565295,2.845737927673375,0.5253177844558365,3.4172121252531884,0.18251335551144887,0
MSME014,2023-11-01,93,1552850.73,994416.2,1356511.86,288354.98,153834.97,267108.16,46091.68,2120217.13,558434.53,35.96189377455488,401628.1699999999,1.364128882856092,0.18569394625586452,0.15469877703118676,0.02968197722391514,0.17201148496739282,2.9968401803388556,8.81805264709772,54.41330775410751,0.23575417646686248,0
MSME014,2023-12-01,93,1606677.41,1009444.32,1851982.09,289034.78,156159.8,276366.97,46091.68,2074125.46,597233.09,37.17193546649791,409241.95,1.8346550208930792,0.17989596306081135,0.15469877526280992,0.028687575809010723,0.17201148673646938,3.4663138549060557,1.5112505206572369,36.5253150090409,0.23575108708024928,0
MSME014,2024-01-01,93,1667729.76,1038758.15,2369509.71,289716.19,160694.62,286868.67,46091.68,2028033.78,628971.61,37.71424034551018,415890.24,2.2810985502255745,0.17371890635326914,0.15469878142472335,0.027637379331768956,0.17201148344321684,3.7999133877160807,2.903957099882448,27.944526180596043,0.23575363490857537,0
MSME014,2024-02-01,93,1704534.53,1070584.52,2905068.87,290399.2,165618.12,293199.52,46091.68,1981942.1,633950.01,37.19197228582984,417980.6,2.713535284444427,0.17036862257052662,0.15469878081181296,0.027040625571838665,0.1720114874997575,2.206878529288825,3.0638864301570035,22.602108686864185,0.23575140899099178,0
MSME014,2024-03-01,93,1743414.5,1110550.5,3456056.41,291083.82,171800.81,299887.32,46091.68,1935850.43,632864.0,36.30026020777044,419170.33,3.112020939164856,0.16696191295873702,0.15469878227059464,0.026437591289965753,0.17201148665449323,2.2809728589071154,3.733098999040263,18.96641920230966,0.23575133815796345,0
MSME014,2024-04-01,93,1750339.65,1089872.46,4010586.71,291770.06,168601.94,301078.52,46091.68,1889758.75,660467.19,37.733658721608684,424246.6400000001,3.6798679269315606,0.1666933957646449,0.15469878007560628,0.02633299199958134,0.17201148359976878,0.39721764388216396,-1.8619630534586262,16.045175026526827,0.23575339914116977,0
MSME014,2024-05-01,93,1758000.41,1071279.85,4605399.17,292457.92,165725.68,302396.26,46091.68,1843667.07,686720.5599999998,39.062593847745454,429128.49999999994,4.2989692842631175,0.16635827747048137,0.15469877455456665,0.02621824189449421,0.1720114843431692,0.4376727682538606,-1.7059436477548817,14.831058471242976,0.23575414146330687,0
MSME014,2024-06-01,93,1730748.98,1115114.25,5112579.84,293147.39,172506.81,297708.7,46091.68,1797575.4,615634.73,35.5704228119782,418349.2800000001,4.584803610930449,0.16937602933037696,0.15469877638098517,0.026631060039682936,0.1720114837219202,-1.5501378637334917,4.091778632819421,11.012740726228953,0.2357501550992458,0
MSME014,2024-07-01,93,1653229.47,1040251.24,5621388.44,293838.49,160925.6,284374.46,46091.68,1751483.72,612978.23,37.07762540671381,417287.35,5.4038757406335804,0.17773605862469896,0.15469878219034855,0.027879783681813996,0.17201148731034901,-4.478957428014773,-6.713483394190323,9.95209103668493,0.23575171520373583,0
MSME014,2024-08-01,93,1584918.31,999292.34,6117892.22,294531.23,154589.3,272624.15,46091.68,1705392.04,585625.9700000001,36.949915103195444,412566.08,6.1222246735124575,0.18583369763707253,0.15469877413450403,0.029081423130255843,0.17201148367072622,-4.131982960598924,-3.937404583146664,8.832404757284461,0.2357553634311227,0
MSME014,2024-09-01,93,1635210.49,1023144.42,6624298.15,295225.59,158279.19,281274.98,46091.68,1659300.37,612066.07,37.43041484524723,418221.38000000006,6.474450742740697,0.1805428669920042,0.1546987765422207,0.02818700117316395,0.17201148214258336,3.1731717453626906,2.38689711161002,8.277457526049737,0.23575089134013627,0
MSME014,2024-10-01,93,1607040.2,986828.43,7119707.33,295921.59,152661.15,276429.37,46091.68,1613208.69,620211.7699999999,38.593419753905344,419689.80999999994,7.214736740002515,0.18414075142613112,0.15469877575375487,0.028681099576724964,0.17201148421800525,-1.7227317322309976,-3.54944906018253,7.478666702222636,0.23575192109870358,0
MSME014,2024-11-01,93,1697800.22,1060399.82,7663396.95,296619.23,164042.56,292041.14,46091.68,1567117.01,637400.3999999999,37.54272101578594,424617.81,7.2268938616002405,0.17470797005786698,0.15469878144641705,0.027147881981073135,0.17201148672250732,5.647650880170896,7.455337499751602,7.6364040655025,0.23575163947988642,0
MSME014,2024-12-01,93,1769494.68,1119865.48,8233877.61,297318.52,173241.82,304373.41,46091.68,1521025.34,649629.2,36.712695852806974,428450.1099999999,7.352559532418126,0.1680245345524294,0.1546987768566632,0.026047933639450106,0.17201148635270266,4.222785411112739,5.607852705972727,7.444226936463205,0.2357534270451822,0
MSME014,2025-01-01,93,1853130.29,1143738.3,8823972.61,298019.46,176934.92,318759.69,46091.68,1474933.66,709391.99,38.28074009842017,439844.23,7.715027650993238,0.1608194856067028,0.15469878030664883,0.02487233641839614,0.17201148333720237,4.72652508907232,2.1317578250559244,7.166671985545814,0.2357538978735585,0
MSME014,2025-02-01,93,1928833.26,1199688.76,9458898.1,298722.04,185590.39,331781.47,46091.68,1428841.98,729144.5,37.802360376137436,444913.12,7.884460049454827,0.1548718835344015,0.15469878204076865,0.02389614538272738,0.17201148325283439,4.085140176517221,4.891893538932801,7.195460798240183,0.23574970574067322,0
MSME014,2025-03-01,93,1988524.51,1184019.87,10157107.79,299426.29,183166.43,342049.05,46091.68,1382750.3,804504.6399999999,40.457366049765206,458308.91,8.578494371044632,0.15057711810653013,0.15469878051962083,0.023178834240267926,0.1720114830266789,3.0946817041095587,-1.3060795868421682,7.381511912048189,0.2357542818065994,0
MSME014,2025-04-01,93,2019807.51,1226940.83,10853848.55,300132.19,189806.25,347430.09,46091.68,1336658.63,792866.6799999999,39.254566391824135,457756.03,8.846268935397642,0.14859445195349333,0.1546987803804687,0.02281983791613885,0.17201148539149655,1.573176485513872,3.6250202456484137,6.859637353518733,0.23575084205198493,0
MSME014,2025-05-01,93,2022130.98,1254034.65,11508938.67,300839.76,193997.63,347829.75,46091.68,1290566.95,768096.3300000001,37.98449940171532,454671.88,9.177528443891084,0.14877362691906337,0.1546987796549322,0.022793617453998948,0.17201148364781,0.11503422917760187,2.2082417780489028,6.035556116175944,0.23575278613068296,0
MSME014,2025-06-01,93,1985156.79,1238022.55,12142598.92,301549.0,191520.58,341469.77,46091.68,1244475.27,747134.24,37.636031761501314,451498.19000000006,9.808059570481975,0.15190185557081362,0.1546987815367337,0.02321815598253073,0.17201148630683222,-1.8284765114473411,-1.276846696381151,5.505809598688227,0.2357534123814009,0
MSME014,2025-07-01,93,1948072.18,1212545.47,12773349.17,302259.91,187579.3,335090.79,46091.68,1198383.6,735526.71,37.75664564954672,449771.39999999997,10.534325916866441,0.1551584756987803,0.154698775956006,0.023660150005324752,0.1720114857345789,-1.8680947614218457,-2.0578849714813385,5.194524287227309,0.2357527300703932,0
MSME014,2025-08-01,93,1876560.73,1125187.14,13399913.27,302972.49,174065.08,322790.0,46091.68,1152291.92,751373.5900000001,40.03992932325724,451697.41000000003,11.909052986510316,0.16145093796138427,0.15469878192884431,0.024561784366019426,0.17201148614039258,-3.6708829751883165,-7.204540543951731,4.905245223168042,0.23575074842046018,0
MSME014,2025-09-01,93,1809988.65,1109039.06,13997512.76,303686.76,171566.99,311338.84,46091.68,1106200.24,700949.5899999999,38.72673952955451,443458.6100000001,12.621298261577909,0.16778379245637812,0.15469878040183724,0.02546517625953069,0.17201148747534967,-3.547557983908156,-1.435146157109457,4.459726551648058,0.23575407787024272,0
MSME014,2025-10-01,93,1814052.01,1157562.95,14544616.4,304402.71,179073.57,312037.78,46091.68,1060108.57,656489.06,36.1890980181985,437366.92,12.564859993143354,0.1678026364855989,0.15469877469730697,0.025408135900138826,0.17201148494083146,0.22449643537820752,4.375309378192682,3.90857754074303,0.23575278685181722,0
MSME014,2025-11-01,93,1874566.28,1173448.3,15160969.3,305120.34,181531.02,322446.93,46091.68,1014016.89,701117.98,37.401610574153715,446036.25,12.920014712194819,0.16276849917517988,0.15469877965650466,0.024587916944713205,0.17201148523806797,3.33586190839148,1.3723098169304837,4.237670372661051,0.23575020077843956,0
MSME015,2023-11-01,94,1514579.13,920593.61,1287978.22,253386.06,146156.66,390321.2,55399.07,2548357.13,593985.5199999999,39.21785981561756,497550.6,1.3990736042584524,0.16729800046828852,0.15876349608813817,0.036577204124026194,0.25770934794275163,6.807003713671311,2.0855413578611204,55.039026920093306,0.3999298984498134,0
MSME015,2023-12-01,94,1554784.26,956815.98,1751956.86,254399.42,151907.45,400682.44,55399.07,2492958.06,597968.28,38.45988767599178,503174.41,1.8310280102136256,0.16362361424986385,0.15876349598592618,0.035631355053723016,0.25770934933442147,2.6545413972527188,3.934675366690854,36.02379549554806,0.399927288817703,0
MSME015,2024-01-01,94,1633086.18,1027133.64,2243022.39,255416.84,163071.33,420861.58,55399.07,2437558.99,605952.5399999999,37.1047497321911,513207.0900000001,2.183768793708285,0.15640132353578548,0.15876349838955717,0.03392293112173664,0.25770935126032357,5.036191966594772,7.349131020993194,28.02954463159555,0.39993015707346924,0
MSME015,2024-02-01,94,1713284.18,1068834.41,2766534.53,256438.33,169691.89,441529.35,55399.07,2382159.92,644449.77,37.61487892802466,528275.7899999999,2.58836589102703,0.14967647106856494,0.15876349826723862,0.03233501519870451,0.25770934860321887,4.910824730633623,4.059916682312137,23.33958601278161,0.39993056056915055,0
MSME015,2024-03-01,94,1707357.05,1052250.32,3283227.53,257463.9,167058.94,440001.88,55399.07,2326760.86,655106.73,38.369638617768906,530406.8400000001,3.1201962761104216,0.1507967533797339,0.15876349650337954,0.03244726696152981,0.2577093525926519,-0.34595136458913656,-1.5516051733401648,18.67654259858451,0.3999285130269037,0
MSME015,2024-04-01,94,1712668.08,1066497.27,3807447.51,258493.57,169320.84,441370.58,55399.07,2271361.79,646170.81,37.72889899366841,530543.31,3.570048997875072,0.15093033671766687,0.15876350063230824,0.03234664710981243,0.2577093513648015,0.3110673306441658,1.3539506455080064,15.966605275145218,0.3999279122238075,0
MSME015,2024-05-01,94,1704982.72,1052245.83,4327813.06,259527.37,167058.23,439389.99,55399.07,2215962.72,652736.8899999999,38.284076568236415,531859.13,4.112929637364302,0.1522170089794224,0.15876349921006577,0.03249245247482625,0.2577093508607524,-0.4487361030282133,-1.3362847145403367,13.667044618035984,0.3999325785937202,0
MSME015,2024-06-01,94,1658318.86,1005034.73,4845207.94,260565.29,159562.83,427364.28,55399.07,2160563.65,653284.1300000001,39.394361709183,528366.7400000001,4.820935829749883,0.157126169330306,0.15876349865043965,0.033406765934025494,0.25770935271157686,-2.7369110227697724,-4.486698702336511,11.955111573141775,0.3999269903594449,0
MSME015,2024-07-01,94,1594709.22,986441.57,5320474.66,261607.37,156610.91,410971.48,55399.07,2105164.58,608267.65,38.142856539074884,515967.93999999994,5.393603454890897,0.16404706683767714,0.15876349371610526,0.03473929247113778,0.25770935217895086,-3.8357906633227468,-1.8500017407358627,9.809005637846768,0.3999304742392962,0
MSME015,2024-08-01,94,1549165.12,984633.27,5751672.25,262653.62,156323.82,399234.34,55399.07,2049765.52,564531.8500000001,36.441037996001356,505564.13999999996,5.841436020133669,0.16954527093922692,0.15876349577340607,0.035760597295141784,0.2577093525059485,-2.8559501273843435,-0.18331546996745995,8.10449475949575,0.3999313933701565,0
MSME015,2024-09-01,94,1515290.3,960063.67,6182309.51,263704.05,152423.07,390504.48,55399.07,1994366.45,555226.63,36.64160128260571,501785.46,6.439478654577148,0.1740287323161773,0.15876350159151423,0.03656003737369664,0.25770935113885435,-2.1866500583230364,-2.4953046731804984,7.4871661889287955,0.39992976300877725,0
MSME015,2024-10-01,94,1540737.55,986206.3,6638498.99,264758.68,156573.56,397062.47,55399.07,1938967.38,554531.25,35.99128547233758,505247.5899999999,6.731349201480461,0.17183892220969105,0.15876349603526158,0.03595620162564351,0.2577093483572202,1.6793646735546286,2.7230100270329016,7.378949230252951,0.39992939054216414,0
MSME015,2024-11-01,94,1558887.96,979759.36,7087242.8,265817.53,155550.02,401740.0,55399.07,1883568.31,579128.6,37.1501105185263,512007.51,7.233656639932483,0.17051740524059217,0.15876349474221915,0.03553755716992003,0.2577093481432752,1.1780338578754046,-0.6537110947273495,6.759717982573643,0.3999302308049124,0
MSME015,2024-12-01,94,1605145.62,979950.03,7572455.34,266880.61,155580.29,413661.04,55399.07,1828169.24,625195.5900000001,38.94946241699866,524961.3599999999,7.727389262899456,0.1662656687808798,0.15876349327730518,0.034513423149732665,0.2577093534977842,2.9673498793332254,0.01946090109310461,6.846280756742251,0.3999284772527867,0
MSME015,2025-01-01,94,1679747.59,1039433.85,8087412.56,267947.94,165024.15,432886.66,55399.07,1772770.18,640313.7400000001,38.11964034429721,535810.45,7.7805937915144865,0.15951678787644516,0.15876349418483918,0.03298059204240322,0.2577093502482715,4.647676140436396,6.070087063520968,6.800399564984416,0.39992789285066,0
MSME015,2025-02-01,94,1750451.62,1112033.03,8603130.11,269019.55,176550.25,451107.75,55399.07,1717371.11,638418.5900000001,36.471650099075575,543577.05,7.7363980006960755,0.15368579566911994,0.15876349464188128,0.031648443959850774,0.2577093504589404,4.209205622375678,6.9844925677569725,6.376792900991801,0.3999321659274413,0
MSME015,2025-03-01,94,1807268.22,1112195.36,9180953.95,270095.43,176576.03,465749.92,55399.07,1661972.04,695072.8599999999,38.45986181287467,559269.32,8.254803319805253,0.14944955431131302,0.15876350176465398,0.030653485402404743,0.25770935096728476,3.2458252116673636,0.014597587987119631,6.71643730377105,0.39992632505705394,0
MSME015,2025-04-01,94,1791157.42,1103003.32,9725122.24,271175.63,175116.66,461598.02,55399.07,1606572.97,688154.0999999999,38.41952093747293,557656.99,8.816947386885472,0.15139687163845153,0.15876349311441781,0.030929202191508104,0.25770935309527404,-0.8914448791668583,-0.8264771038066554,5.927143224588338,0.39993272007601277,0
MSME015,2025-05-01,94,1740238.66,1087079.13,10227900.81,272260.14,172588.48,448475.77,55399.07,1551173.9,653159.53,37.532755995663265,548147.43,9.408607458042177,0.15644988601735813,0.15876349314147906,0.03183417957166864,0.2577093477511872,-2.8427853091773536,-1.4437118829343287,5.169894604841496,0.3999290054198523,1
MSME015,2025-06-01,94,1653130.61,1057413.83,10688648.6,273348.99,167878.72,426027.22,55399.07,1495774.84,595716.78,36.03567536626764,531497.49,10.10829279582999,0.1653523250652288,0.1587634994333297,0.0335116110396141,0.2577093530437985,-5.005523207948947,-2.7288997811962257,4.504812850252882,0.39993000811648916,0
MSME015,2025-07-01,94,1557178.01,964510.82,11161523.28,274442.19,153129.11,401299.33,55399.07,1440375.77,592667.1900000001,38.06033646724821,522612.41000000003,11.5722115797519,0.17624329924874807,0.15876349629753245,0.035576581254188146,0.25770934820740243,-5.804296370750772,-8.785870523369276,4.42408294721186,0.39992831142343643,0
MSME015,2025-08-01,94,1487284.97,933000.46,11563011.07,275539.77,148126.42,383287.24,55399.07,1384976.7,554284.51,37.268211619189564,510700.58999999997,12.393360524173804,0.1852636015006593,0.15876350157426505,0.037248456830704074,0.25770934806125284,-4.488442525591541,-3.266978383923158,3.597069861596891,0.3999312204876482,0
MSME015,2025-09-01,94,1487337.99,913437.79,12012167.95,276641.73,145020.58,383300.91,55399.07,1329577.63,573900.2,38.58572858748804,514922.05999999994,13.150504699395016,0.185997891440936,0.15876349937306622,0.037247129013358964,0.2577093522636371,0.0035648850804870236,-2.0967481623749618,3.8844283489905873,0.3999277490868147,0
MSME015,2025-10-01,94,1518879.29,964402.1,12435980.93,277748.1,153111.85,391429.4,55399.07,1274178.56,554477.1900000001,36.50567847297464,516065.65,12.895016435571844,0.1828638403516582,0.15876349709317308,0.03647364893624957,0.2577093535853004,2.1206544989817777,5.579395833842171,3.528197256016563,0.39992881768053934,0
MSME015,2025-11-01,94,1560118.44,976622.23,12906599.27,278858.9,155051.96,402057.11,55399.07,1218779.5,583496.21,37.40076362407459,525864.05,13.21554934296345,0.17874213447537998,0.1587634965057062,0.0355095283663207,0.2577093505798188,2.7151038447564835,1.2671198040734355,3.7843282540318324,0.39993072859905165,0
MSME016,2023-11-01,51,1012421.02,695432.16,923253.79,157361.64,127313.04,159722.03,58460.93,2689202.96,316988.86,31.30998406176908,189770.63000000006,1.327597202292169,0.15543102809145548,0.18307039467372344,0.05774369441677534,0.15776245933732194,4.87483845684209,2.9078300713671457,28.366745951316254,0.3055667352063862,0
MSME016,2023-12-01,51,1065371.49,688851.55,1191312.73,157842.48,126108.32,168075.63,58460.93,2630742.03,376519.93999999994,35.34165720916748,199809.78999999998,1.7294186679263477,0.14815722166546808,0.18307038722639152,0.05487375112694259,0.15776246274433345,5.230084021763992,-0.9462619617706447,29.034155386462036,0.30556366850269523,0
MSME016,2024-01-01,51,1134924.96,751764.97,1480498.68,158324.79,137625.91,179048.56,58460.93,2572281.1,383159.99,33.760821508410565,199747.43999999997,1.9693637494175873,0.13950243018710243,0.183070394993265,0.05151083292766775,0.15776246563473237,6.5285649797142575,9.133088253920585,24.27456223018787,0.3055641295043099,0
MSME016,2024-02-01,51,1184589.61,790498.71,1789460.02,158808.57,144716.91,186883.77,58460.93,2513820.16,394090.90000000014,33.26813747758602,200975.42999999996,2.2637102342646456,0.13406209936283334,0.1830703936253103,0.049351209487646944,0.15776245918618176,4.376029407265847,5.1523736201754655,20.86873458070224,0.30556175062665947,0
MSME016,2024-03-01,51,1234665.31,846747.17,2092588.2,159293.83,155014.34,194783.84,58460.93,2455359.23,387918.14,31.418890354990214,199063.33,2.4713258858603564,0.12901782265187314,0.18307039632621386,0.04734961736310547,0.15776246276814887,4.227261456395848,7.115566323947586,16.939645290315,0.3055628546998257,0
MSME016,2024-04-01,51,1242649.8,805932.93,2418407.8,159780.58,147542.46,196043.49,58460.93,2396898.29,436716.87,35.14400195453297,208281.60999999996,3.0007556584144037,0.12858053813713244,0.18307039520025567,0.04704537835197012,0.15776246050979123,0.6466926652373584,-4.820121217529428,15.570172860575227,0.30556739077716166,0
MSME016,2024-05-01,51,1211428.95,812990.85,2721914.01,160268.81,148834.55,191118.01,58460.93,2338437.36,398438.1,32.88992722189774,202552.27000000002,3.3480253929057135,0.13229732540236883,0.1830703875695526,0.04825782807980609,0.15776245895394858,-2.512441558353773,0.8757453303217089,12.549835887892847,0.3055627911727532,0
MSME016,2024-06-01,51,1193507.84,812821.33,2991264.86,160758.54,148803.52,188290.73,58460.93,2279976.43,380686.5100000001,31.89643982564874,200245.75000000003,3.6801013329706787,0.13469416338312448,0.1830703926039933,0.0489824432154547,0.1577624575972622,-1.4793364480847115,-0.02085140318615064,9.895641413007027,0.3055678768688841,0
MSME016,2024-07-01,51,1159839.1,764328.06,3272459.32,161249.76,139925.84,182979.07,58460.93,2221515.49,395511.04000000004,34.10050928615874,204302.99000000002,4.281485256474817,0.139027697893613,0.18307039519130042,0.05040434487852668,0.15776246032747127,-2.8209902668087983,-5.966042992498721,9.400520286926373,0.3055638599355204,0
MSME016,2024-08-01,51,1135535.5,780939.89,3532532.03,161742.48,142966.97,179144.88,58460.93,2163054.56,354595.61,31.227170792987096,197920.38999999998,4.523436534916919,0.1424371849228844,0.18307038970694658,0.051483137251103116,0.15776246537426616,-2.09542858142997,2.1733900492937552,7.9473168210384415,0.305563245489493,0
MSME016,2024-09-01,51,1106534.72,740260.59,3804713.19,162236.71,135519.8,174569.64,58460.93,2104593.62,366274.13,33.10100653687577,201286.55,5.1396943743824055,0.14661691772310587,0.1830703968719988,0.05283244072088403,0.15776246044950132,-2.5539298419115952,-5.209018071800642,7.704987745008496,0.3055659836549873,0
MSME016,2024-10-01,51,1141412.14,783750.51,4056967.46,162732.44,143481.51,180071.99,58460.93,2046132.69,357661.6299999999,31.33501190901999,199322.91999999998,5.176350647605958,0.142571148752632,0.18307038804989104,0.051218072728751604,0.15776246255800294,3.1519498999543316,5.874947361442007,6.630046928714761,0.3055596973089658,0
MSME016,2024-11-01,51,1188865.96,784662.45,4352154.32,163229.7,143648.46,187558.42,58460.93,1987671.76,404203.51,33.999081780422074,207139.66,5.54653063874791,0.13729865728513246,0.18307038905710346,0.04917369322274145,0.1577624612954685,4.157465856285714,0.11635590514638139,7.276047020598986,0.3055690678515077,0
MSME016,2024-12-01,51,1270901.5,850183.22,4671870.01,163728.47,155643.38,200500.55,58460.93,1929210.82,420718.28,33.10392504847937,208585.64,5.495133166707289,0.12882860709504237,0.18307039746091439,0.045999575891601356,0.15776246231513613,6.900318686893847,8.350185484216821,7.3461478268536995,0.3055632645284412,0
MSME016,2025-01-01,51,1320194.68,889453.03,4989937.35,164228.76,162832.52,208277.16,58460.93,1870749.89,430741.6499999999,32.62713117432043,209673.40000000005,5.610119007633264,0.12439738054390585,0.18307039777018916,0.04428205240154429,0.1577624597002618,3.8785995610202573,4.618982011900918,6.808137626243593,0.30556078609909054,0
MSME016,2025-02-01,51,1394848.51,913378.52,5361415.5,164730.59,167212.57,220054.73,58460.93,1812288.95,481469.99,34.51772622963909,217572.75,5.869872547473527,0.118099269432492,0.18307039889661517,0.041912028138453544,0.15776245837621464,5.654759190515746,2.6899104497963178,7.444545370895295,0.30556767279981134,0
MSME016,2025-03-01,51,1422897.34,930448.84,5741502.37,165233.95,170337.64,224479.79,58460.93,1753828.02,492448.5000000001,34.60885660240254,219376.09999999998,6.170680346057501,0.11612499746468007,0.18307039858311824,0.04108583827980169,0.15776246373473438,2.010887189462607,1.868920674858865,7.08930076394938,0.30556559045895604,0
MSME016,2025-04-01,51,1435195.55,932427.85,6111834.23,165738.84,170699.93,226419.98,58460.93,1695367.09,502767.70000000007,35.031302877158446,221458.89,6.554752981691828,0.11548171257916734,0.1830703898430318,0.0407337731781568,0.1577624596174368,0.864307610554671,0.21269412297832968,6.450086338638927,0.30556069137122055,0
MSME016,2025-05-01,51,1426112.2,944895.67,6470315.99,166245.28,172982.42,224986.97,58460.93,1636906.15,481216.5299999999,33.743244746100615,218249.83,6.8476512227005975,0.11657237067321913,0.1830703912528248,0.04099321918710183,0.15776246076570974,-0.6328998163351418,1.3371350930798664,5.865371122802854,0.3055650685138245,0
MSME016,2025-06-01,51,1385753.21,922200.21,6807514.88,166753.27,168827.56,218619.84,58460.93,1578445.22,463553.0,33.4513387127568,216545.55,7.381818835196318,0.12033403119448664,0.18307039856345295,0.042187114976987856,0.15776246334655794,-2.830001033579266,-2.4019011538067514,5.211474841741071,0.30556657007043686,0
MSME016,2025-07-01,51,1362278.6,921705.7,7122992.99,167262.81,168737.03,214916.43,58460.93,1519984.28,440572.90000000014,32.34088093287233,213442.21,7.728055701510797,0.12278164686724138,0.18307039871837616,0.042914077927965685,0.15776246503468525,-1.6939964367825522,-0.05362284617133062,4.634262510785736,0.3055652221992444,0
MSME016,2025-08-01,51,1294842.85,876227.81,7403053.28,167773.9,160411.37,204277.6,58460.93,1461523.35,418615.04000000004,32.32940893174797,211640.13,8.448776899696895,0.12957085873393823,0.18307039353156343,0.045149054188313276,0.15776246515165912,-4.950217231629416,-4.934100982558743,3.931778262216157,0.30556105089947216,0
MSME016,2025-09-01,51,1270573.14,841633.63,7698380.62,168286.56,154078.2,200448.75,58460.93,1403062.42,428939.5099999999,33.75952918381384,214657.11,9.146949867010424,0.13244932912716856,0.18307039370563177,0.04601146377138116,0.15776246458350285,-1.8743363335558594,-3.9480805796383023,3.9892640081066633,0.3055660028168816,0
MSME016,2025-10-01,51,1254942.23,861563.96,7978564.12,168800.78,157726.85,197982.78,58460.93,1344601.48,393378.27,31.346325001749285,209056.71,9.260559274090342,0.1345088052379909,0.18307038980599885,0.04658455871709728,0.15776246528894003,-1.2302251250171925,2.3680529495951674,3.6395121757437865,0.3055621316402135,0
MSME016,2025-11-01,51,1279832.07,871068.99,8259493.05,169316.58,159466.94,201909.46,58460.93,1286140.55,408763.0800000001,31.938805846613928,211759.09999999998,9.482019386317495,0.13229593473149956,0.18307039032579958,0.04567859437996424,0.15776246332067612,1.9833454803732442,1.1032297590535256,3.521046215518786,0.305567308397503,0
MSME017,2023-11-01,84,563957.84,379336.82,375503.85,115236.51,46094.4,98399.93,65956.84,3034014.54,184621.01999999996,32.73667052842106,167542.04,0.9898956025412982,0.2043353276195256,0.1215131186052543,0.11695349425410949,0.17448100375730213,-0.47510454513000067,-1.1320570798135754,33.34529226520362,0.37366893507226884,0
MSME017,2023-12-01,84,603015.55,397699.54,490279.03,115667.1,48325.71,105214.76,65956.84,2968057.7,205316.01000000007,34.048211526220186,172556.15,1.232787520951118,0.19181445652603818,0.12151311515220763,0.10937834024346468,0.17448100633557456,6.9256435906627445,4.840742852222979,30.565646663809186,0.37365761944718745,0
MSME017,2024-01-01,84,630086.28,421351.85,614065.5,116099.3,51199.78,109938.09,65956.84,2902100.86,208734.43000000005,33.12791225988924,174837.61000000002,1.4573698916950288,0.1842593684153859,0.12151312495720619,0.1046790607787873,0.17448100917226764,4.489225858271806,5.947281206309674,25.248167354822403,0.3736585424896077,0
MSME017,2024-02-01,84,669433.02,448564.13,739181.12,116533.12,54506.43,116803.34,65956.84,2836144.03,220868.89,32.99342628781592,178830.03,1.647882812207922,0.17407734085181514,0.12151312678523804,0.09852642165753939,0.1744809958731943,6.244659064787128,6.458326930331504,20.374963257176958,0.37366289030165145,0
MSME017,2024-03-01,84,694906.18,459297.44,890762.62,116968.56,55810.67,121247.93,65956.84,2770187.19,235608.74000000005,33.90511507610999,182405.82,1.9394025361865723,0.16832280869915417,0.1215131310115728,0.09491474086473083,0.17448100691808494,3.805184273700757,2.3928150474269883,20.506679066694765,0.3736620112805733,0
MSME017,2024-04-01,84,697947.99,449326.51,1048481.81,117405.63,54599.07,121778.67,65956.84,2704230.35,248621.47999999998,35.62177749089871,184585.22999999998,2.333451925638663,0.16821544252889103,0.12151312861553618,0.09450108166369245,0.17448100968096492,0.43772959394317024,-2.1709091171942974,17.706085376595617,0.37366451292553116,0
MSME017,2024-05-01,84,693910.1,467056.8,1185928.66,117844.33,56753.53,121074.13,65956.84,2638273.51,226853.3,32.69203027885024,182164.93000000002,2.539152968118653,0.16982650922648337,0.12151312217272076,0.09505098715237031,0.17448100265437844,-0.5785373778352754,3.945970158760481,13.109130620015218,0.3736618082114118,0
MSME017,2024-06-01,84,686267.1,467434.24,1312462.06,118284.67,56799.39,119740.57,65956.84,2572316.67,218832.86,31.887418178723703,181225.84999999998,2.807800429852978,0.17235952299039253,0.12151311380184729,0.09610957599453623,0.17448100018199914,-1.1014395092390217,0.08081244079949368,10.669562535068522,0.373662440950695,0
MSME017,2024-07-01,84,671852.71,447727.49,1451458.18,118726.65,54404.77,117225.53,65956.84,2506359.84,224125.21999999997,33.3592790003035,181547.41,3.241833955739461,0.17671529523189689,0.12151313291037813,0.09817157692197148,0.1744809959909219,-2.100405221232382,-4.215940620866798,10.590486707097636,0.37365788821155377,0
MSME017,2024-08-01,84,654709.18,445039.42,1569597.59,119170.29,54078.13,114234.31,65956.84,2440403.0,209669.76000000007,32.02486942370352,179326.46999999997,3.5268731700216582,0.1820201910106102,0.12151312348915069,0.10074219518351643,0.17448099627990551,-2.5516798168455535,-0.6003808253989495,8.139360239783144,0.37366505329679,0
MSME017,2024-09-01,84,645704.2,443808.43,1673153.06,119615.58,53928.55,112663.12,65956.84,2374446.16,201895.76999999996,31.267532408802662,178350.15000000002,3.7699893623021086,0.18524826073610798,0.12151312673353232,0.10214714415672067,0.1744810084865485,-1.3754167919258542,-0.27660246366489893,6.597580848732054,0.3736585687590388,0
MSME017,2024-10-01,84,647628.33,447822.21,1787930.54,120062.54,54416.27,112998.84,65956.84,2308489.32,199806.11999999994,30.85197338417854,178645.11000000002,3.9925008185726205,0.18538802958172013,0.12151311119651702,0.10184366085405806,0.17448100208957815,0.2979893889493157,0.9043947182346246,6.85995099575647,0.37366369832423363,0
MSME017,2024-11-01,84,662563.7,429663.95,1929883.06,120511.17,52209.81,115604.78,65956.84,2242532.49,232899.74999999994,35.15129941468268,183906.14,4.491610385279007,0.18188616430390014,0.12151312671216656,0.09954792271294066,0.17448100461887667,2.306163783786297,-4.054792190856283,7.939487403129197,0.3736635923244691,0
MSME017,2024-12-01,84,689051.72,458657.45,2067690.28,120961.47,55732.9,120226.44,65956.84,2176575.65,230394.26999999996,33.43642622356417,185455.01,4.508136257243832,0.17554773682300656,0.12151312488219694,0.09572117460210389,0.17448100993057533,3.9978073051692986,6.747948018445582,7.140703126333459,0.37365830901816555,0
MSME017,2025-01-01,84,733405.78,496221.68,2212924.86,121413.46,60297.45,127965.38,65956.84,2110618.81,237184.10000000003,32.340091456601286,189081.39,4.459548925794617,0.16554745450738062,0.12151313098613506,0.08993226096472814,0.17448100831711472,6.436971088324128,8.190040301318557,7.024000712524492,0.37366444042057356,0
MSME017,2025-02-01,84,761531.31,519852.06,2351841.7,121867.13,63168.85,132872.75,65956.84,2044661.97,241679.25000000006,31.73595712039733,191571.03,4.524059594954765,0.1600290472626792,0.12151312817727412,0.08661080527339052,0.1744810072221456,3.834920690153276,4.762061182010435,6.277521777219319,0.37365708876100356,0
MSME017,2025-03-01,84,788743.61,534505.99,2509568.0,122322.5,64949.49,137620.78,65956.84,1978705.13,254237.62,32.23323989908457,194993.79,4.695116700188898,0.15508525007258062,0.12151311905784255,0.08362266161497016,0.17448100783979728,3.5733658803864365,2.818865428752937,6.706501547276744,0.3736610519998296,0
MSME017,2025-04-01,84,789848.21,536735.46,2662106.93,122779.57,65220.4,137813.51,65956.84,1912748.3,253112.75,32.04574585286456,195372.68000000002,4.95981191553843,0.15544704469229603,0.12151311933070344,0.08350571561085135,0.17448100566056865,0.14004550857786846,0.41710851547238637,6.0782943518565835,0.37365979276093864,0
MSME017,2025-05-01,84,775235.69,538277.48,2807940.69,123238.35,65407.78,135263.9,65956.84,1846791.46,236958.20999999996,30.56595730261077,193094.47,5.216530124945967,0.1589688808057844,0.12151312739295725,0.0850797258831053,0.17448100202920225,-1.8500415415260596,0.2872960918214762,5.478133066578206,0.37366151388216196,0
MSME017,2025-06-01,84,734177.9,491013.73,2939134.65,123698.85,59664.61,128100.1,65956.84,1780834.62,243164.17000000004,33.120606054745046,192134.34000000003,5.9858502327419645,0.16848620749820992,0.12151311939892191,0.08983768103071475,0.17448100794099086,-5.2961687045135815,-8.780554965814291,4.672248258918876,0.37366615181069207,0
MSME017,2025-07-01,84,713299.61,474723.92,3084546.91,124161.06,57685.19,124457.23,65956.84,1714877.78,238575.69,33.44677140647813,190933.09999999998,6.497559486785499,0.1740657898298865,0.12151313125321346,0.0924672312662557,0.1744810010480729,-2.843764433661111,-3.317587473572281,4.94745145480151,0.3736574753928634,0
MSME017,2025-08-01,84,707687.31,486870.63,3211740.19,124625.01,59161.17,123477.99,65956.84,1648920.95,220816.68000000005,31.202577307766056,188941.83000000002,6.596701448185527,0.17610180123195934,0.12151312146308764,0.09320054078686248,0.17448100065550137,-0.7868082249477104,2.558689269333647,4.123564455695039,0.37366787944626,0
MSME017,2025-09-01,84,711656.22,491243.02,3333171.68,125090.68,59692.47,124170.49,65956.84,1582964.11,220413.19999999995,30.971864476923976,189568.69999999998,6.785178708493405,0.175774027521322,0.12151311585048068,0.09268076094381639,0.17448100151502927,0.5608281996747788,0.8980599219961194,3.7808627976225084,0.3736569409302337,0
MSME017,2025-10-01,84,718223.91,485064.68,3474146.74,125558.1,58941.72,125316.43,65956.84,1517007.27,233159.23000000004,32.46330660308984,191932.81,7.162233993206844,0.17481748832338373,0.12151311449846236,0.09183325573218523,0.17448100551261234,0.9228739685574583,-1.2576952238425698,4.229456911742391,0.37366492851427235,0
MSME017,2025-11-01,84,762114.22,516539.66,3627671.88,126027.26,62766.35,132974.45,65956.84,1451050.43,245574.56,32.22280250852687,196235.36000000002,7.023026808822386,0.16536531755043227,0.12151312834332992,0.08654456021041046,0.1744809983994263,6.11095083147537,6.488821243385523,4.419074710701465,0.3736596842417894,0
MSME018,2023-11-01,49,1076595.86,742177.12,889072.61,205441.88,134915.58,281903.61,46537.28,2140715.11,334418.7400000001,31.06260690989468,352429.91000000003,1.1979251125391739,0.19082544121988357,0.18178353436710631,0.04322632264255595,0.2618471986321775,2.8330293319019706,0.621006116351408,38.345392285068705,0.14604497912376058,0
MSME018,2023-12-01,49,1123785.26,788868.67,1149856.46,205741.93,143403.33,294260.02,46537.28,2094177.82,334916.58999999997,29.802543414744555,356598.62,1.4576018844809744,0.1830793989947866,0.18178352804909845,0.04141118562099667,0.2618471966788388,4.383204668834595,6.291159986176886,29.33212057899297,0.14605103886315973,0
MSME018,2024-01-01,49,1200193.03,821341.95,1453011.07,206042.41,149306.44,314267.18,46537.28,2047640.54,378851.0800000001,31.565845704003138,371003.14999999997,1.7690695939736185,0.17167439307658702,0.1817835312076779,0.03877482941223213,0.2618471963630717,6.7991432811638886,4.116436770140708,26.364561190533298,0.1460470405813874,0
MSME018,2024-02-01,49,1241800.77,863493.29,1743731.13,206343.33,156968.86,325162.05,46537.28,2001103.25,378307.48,30.464426270246232,374536.52,2.0193916388163244,0.166164601427973,0.18178353186739873,0.037475641120757235,0.26184719630992015,3.4667540103944683,5.13200865973058,20.008110468146654,0.14604760252998616,0
MSME018,2024-03-01,49,1259608.1,888850.97,2041288.51,206644.69,161578.47,329824.85,46537.28,1954565.97,370757.1300000001,29.434324056823712,374891.07000000007,2.29654754159744,0.16405474845707962,0.18178353340830578,0.03694584053563961,0.26184719675905543,1.4339925075098847,2.9366389170204066,17.064407171534523,0.14604785141347776,0
MSME018,2024-04-01,49,1260992.31,872337.48,2324911.58,206946.49,158576.59,330187.3,46537.28,1908028.68,388654.8300000001,30.82134814922068,378557.20000000007,2.665151542038524,0.16411399844301983,0.18178353405152328,0.03690528453738151,0.26184719556299274,0.10989211644478747,-1.8578468784255286,13.894315703565097,0.1460477885979028,0
MSME018,2024-05-01,49,1211472.54,852550.94,2597370.6,207248.73,154979.72,317220.69,46537.28,1861491.4,358921.6000000001,29.626886961878647,369489.70000000007,3.0465869875177196,0.17107175206794203,0.18178353072955383,0.038413813325063065,0.2618471979562987,-3.9270477390936698,-2.2682207807923183,11.719113206017063,0.1460474154454161,0
MSME018,2024-06-01,49,1169523.08,808736.91,2862796.96,207551.41,147015.05,306236.34,46537.28,1814954.11,360786.17000000004,30.848999576818958,366772.7,3.539837151738258,0.17746670719828803,0.1817835295782407,0.03979167302965923,0.2618471967222742,-3.4626835206681528,-5.139168575663044,10.219040748362973,0.1460467333141091,0
MSME018,2024-07-01,49,1140201.57,770995.58,3136999.84,207854.53,140154.3,298558.59,46537.28,1768416.83,369205.9900000001,32.380764920364044,366258.82,4.068765011597083,0.18229630222312357,0.1817835324036488,0.04081495870944994,0.26184720128038413,-2.5071339336030896,-4.666700571388549,9.578146261549758,0.14604574355818745,0
MSME018,2024-08-01,49,1086803.3,742527.18,3392503.03,208158.1,134979.21,284576.4,46537.28,1721879.54,344276.12,31.67786847905228,357755.29000000004,4.568860401850879,0.1915324511804482,0.18178352743935916,0.04282033372552328,0.26184719902856385,-4.683230702795827,-3.692420649155981,8.1448263637782,0.14604925858483497,0
MSME018,2024-09-01,49,1070108.0,736291.27,3649566.16,208462.11,133845.63,280204.78,46537.28,1675342.26,333816.73,31.194676612080276,354821.26,4.956688078075406,0.19480473933472134,0.18178353520339852,0.04348839556381225,0.2618471967315449,-1.5361841466620563,-0.8398224560614787,7.5773883686111265,0.1460476435939606,0
MSME018,2024-10-01,49,1102578.43,752751.78,3915495.2,208766.56,136837.88,288707.07,46537.28,1628804.97,349826.6499999999,31.72805130969231,360635.75,5.2015754781742265,0.1893439544250834,0.1817835356031971,0.042207682223567536,0.2618471957591262,3.0343133590254423,2.235597605279227,7.286593209752912,0.1460457250480829,0
MSME018,2024-11-01,49,1140696.21,806565.08,4159372.8,209071.46,146620.25,298688.11,46537.28,1582267.69,334131.13,29.291859398743863,361139.31999999995,5.15689670075972,0.18328408402443977,0.18178353320230528,0.0407972601223949,0.2618472011930328,3.457149075553745,7.1488771504465864,6.228525066254709,0.14604829432451893,0
MSME018,2024-12-01,49,1198638.19,842746.23,4441175.0,209376.81,153197.39,313860.05,46537.28,1535730.4,355891.95999999996,29.691358323899227,370039.47,5.269884150060214,0.17467890790297613,0.18178353642709266,0.038825127038543635,0.26184719677586776,5.079527703524156,4.485831447104061,6.7751128247028,0.14605054176213272,0
MSME018,2025-01-01,49,1244653.66,834497.45,4748039.52,209682.6,151697.89,325909.08,46537.28,1489193.12,410156.20999999996,32.95344103997573,383893.79000000004,5.689699255521991,0.16846662387993142,0.18178352731934655,0.03738974262125257,0.2618472033416911,3.8389791334781265,-0.9787976150305688,6.9095345263359365,0.1460476926742782,0
MSME018,2025-02-01,49,1294475.02,910966.29,5043067.85,209988.83,165598.67,338954.66,46537.28,1442655.83,383508.73,29.626584064943945,383344.81999999995,5.535954409465579,0.16221929875479557,0.1817835322973367,0.03595069760403719,0.2618472004195183,4.002829188643542,9.163459996192923,6.2136873283649585,0.14604454542246348,0
MSME018,2025-03-01,49,1311548.42,901731.79,5369365.98,210295.52,163919.99,343425.28,46537.28,1396118.55,409816.6299999999,31.246778521528007,389800.81000000006,5.954504476325494,0.160341407753745,0.18178353232949676,0.035482700669183076,0.2618471989009754,1.3189439530474578,-1.0137038111476149,6.470230813967759,0.14605062564518878,0
MSME018,2025-04-01,49,1341869.69,931573.35,5697014.2,210602.65,169344.69,351364.82,46537.28,1349581.26,410296.33999999997,30.57646678046659,392622.77999999997,6.115475716431777,0.15694716973598233,0.18178352783492574,0.034680923450920186,0.2618471991866811,2.3118681352229498,3.309360979721032,6.102177076780291,0.14604685824977093,0
MSME018,2025-05-01,49,1309606.12,914862.78,6008706.38,210910.23,166306.99,342916.69,46537.28,1303043.98,394743.3400000001,30.14214228015367,387519.93000000005,6.567877184816721,0.16104859833733826,0.18178353479414694,0.03553532569013956,0.26184719570491927,-2.404374302544965,-1.7938007780063603,5.4711497822842015,0.14604754498579453,0
MSME018,2025-06-01,49,1297863.25,896593.05,6318708.07,211218.26,162985.85,339841.86,46537.28,1256506.69,401270.19999999995,30.91775655100797,388074.27,7.0474649229101205,0.16274307790131204,0.1817835304433823,0.03585684393174705,0.26184720154453867,-0.8966718939890206,-1.9969912864965411,5.159208495057133,0.14604791811188012,0
MSME018,2025-07-01,49,1203437.81,832681.67,6588414.46,211526.74,151367.81,315116.82,46537.28,1209969.41,370756.14,30.808084715237587,375275.75000000006,7.91228472700738,0.17576873374121424,0.1817835259901902,0.038670282430298575,0.2618471992333364,-7.275453712091773,-7.128248428871942,4.268378709890297,0.14604797899575583,0
MSME018,2025-08-01,49,1184289.13,814074.22,6868980.2,211835.67,147985.29,310102.79,46537.28,1163432.12,370214.9099999999,31.260517438000967,373953.1699999999,8.437781262745306,0.17887158180705418,0.1817835356584563,0.039295539257377124,0.26184719773624876,-1.5911648978354953,-2.234641480699351,4.258471316632995,0.14604772900108642,0
MSME018,2025-09-01,49,1171996.75,808292.48,7157858.92,212145.05,146934.26,306884.07,46537.28,1116894.84,363704.27,31.03287359798566,372094.86,8.855530760350511,0.18101163676435109,0.18178352964511066,0.03970768690271539,0.2618472022213372,-1.0379543042837724,-0.7102227116343229,4.205554705194814,0.14604716948753982,0
MSME018,2025-10-01,49,1163221.94,803088.96,7418256.29,212454.88,145988.35,304586.41,46537.28,1070357.55,360132.98,30.959954211317577,371052.93999999994,9.237153864000323,0.18264346011217775,0.18178353491498628,0.04000722338507474,0.2618472017472435,-0.7487060011045266,-0.6437669691050418,3.6379226373464135,0.14604630181096478,0
MSME018,2025-11-01,49,1200128.8,817608.76,7707195.41,212765.17,148627.81,314250.36,46537.28,1023820.27,382520.04000000004,31.87324893794733,378387.72000000003,9.426507869118232,0.17728527971331076,0.18178353421751497,0.03877690461223828,0.26184719506772935,3.17281326382135,1.8079939736688866,3.8949735450566347,0.14604983420480888,0
MSME019,2023-11-01,74,656324.8,425069.17,512318.71,126701.01,77635.08,165772.35,72943.83,3355416.03,231255.63000000006,35.23493703117725,214838.27999999997,1.2052596286858444,0.19304620212431403,0.18264105110234177,0.11113983503289834,0.25257669678183725,1.794258018856465,1.8614267322988542,35.25392078823835,0.21151817420657082,0
MSME019,2023-12-01,74,685386.7,439858.72,653240.74,126969.0,80336.26,173112.71,72943.83,3282472.2,245527.97999999998,35.823277574542956,219745.44999999995,1.4851149023486452,0.1852516251044848,0.182641053472806,0.10642726215726102,0.25257669867244287,4.427975295158726,3.479327846806668,27.506711593648415,0.21151370458689644,0
MSME019,2024-01-01,74,713626.67,470560.21,791031.16,127237.55,85943.61,180245.47,72943.83,3209528.38,243066.46000000002,34.06073094213254,221539.41000000003,1.6810413273149465,0.17829707793852492,0.18264104820932478,0.10221567251683572,0.25257670092402795,4.120297344550172,6.979852530830821,21.093359853826634,0.21150832092873273,0
MSME019,2024-02-01,74,738461.5,483575.64,937324.47,127506.68,88320.77,186518.17,72943.83,3136584.55,254885.86,34.51579533936434,225704.07999999996,1.9383202801530697,0.17266530482631795,0.18264106521163886,0.09877810826969315,0.2525767016967032,3.480087144164612,2.7659435973135027,18.49400091900297,0.2115177477089114,0
MSME019,2024-03-01,74,765511.33,488815.23,1103447.85,127776.37,89277.73,193350.33,72943.83,3063640.72,276696.1,36.145265152378606,231848.96999999997,2.257392532552638,0.1669163668681429,0.18264105641716605,0.09528772095378393,0.2525767058209315,3.662998003281137,1.083509913774816,17.72314553998575,0.2115104871368345,0
MSME019,2024-04-01,74,768577.01,502092.35,1259758.06,128046.64,91702.68,194124.65,72943.83,2990696.9,266484.66000000003,34.6724734844723,230468.61,2.509016638074649,0.16660222506525402,0.18264106194806592,0.09490763976924056,0.2525767066594927,0.4004748042070183,2.7161837817532897,14.165618248293299,0.21151798255030219,0
MSME019,2024-05-01,74,749489.21,481878.11,1405632.52,128317.47,88010.73,189303.51,72943.83,2917753.07,267611.1,35.70579755244241,229610.25,2.916987700478862,0.17120656079892066,0.1826410624877731,0.09732472332723777,0.252576698202233,-2.483524715369778,-4.02600039614226,11.579561554859197,0.2115088689558675,0
MSME019,2024-06-01,74,732261.97,457755.32,1567389.1,128588.88,83604.92,184952.31,72943.83,2844809.24,274506.64999999997,37.48749235195158,229936.27000000002,3.42407620735025,0.17560502288545726,0.18264106684767747,0.09961439073505347,0.25257669738058364,-2.298530755366046,-5.005994150678472,11.507743147547567,0.21151445707277006,0
MSME019,2024-07-01,74,704090.15,447260.63,1716675.77,128860.86,81688.15,177836.77,72943.83,2771865.42,256829.52000000002,36.47679491042447,225009.48,3.8382000445690916,0.1830175581919446,0.18264104756995936,0.10360012847786608,0.2525767048438328,-3.8472324324039353,-2.292641841934251,9.524544352133102,0.2115112908674499,0
MSME019,2024-08-01,74,670158.2,436270.34,1851269.4,129133.42,79680.87,169266.35,72943.83,2698921.59,233887.85999999993,34.90039516042629,218718.90000000002,4.243399631522051,0.19269094968919281,0.18264104316603322,0.108845687480956,0.2525767050227842,-4.819262135679647,-2.457245119026008,7.840364054302462,0.21151496272802106,0
MSME019,2024-09-01,74,646764.44,417308.35,1967227.98,129406.56,76217.64,163357.63,72943.83,2625977.76,229456.08999999997,35.47753645825055,216546.55,4.714087269042184,0.20008298539109542,0.1826410614597096,0.11278268483653803,0.2525767031966074,-3.4907817288514886,-4.346385316957379,6.26373341448847,0.2115176690898446,0
MSME019,2024-10-01,74,651962.21,417413.85,2105487.99,129680.27,76236.91,164670.46,72943.83,2553033.94,234548.36,35.97576000608992,218113.81999999998,5.0441258477647555,0.1989076483436057,0.18264106473707092,0.11188352466011796,0.2525766945909334,0.8036573563011684,0.02528106614689829,7.028164066678233,0.2115116884337187,0
MSME019,2024-11-01,74,653652.28,438969.82,2231006.25,129954.56,80173.91,165097.34,72943.83,2480090.11,214682.46000000002,32.843526530650216,214877.99000000002,5.082368191052406,0.198812983563677,0.18264105263546365,0.11159424090129388,0.25257670637972834,0.25922821508321814,5.164172199844352,5.9614806921791,0.2115125145868424,0
MSME019,2024-12-01,74,691482.65,435419.24,2380224.13,130229.43,79525.43,174652.41,72943.83,2407146.28,256063.41000000003,37.03106795231956,225356.40999999997,5.466511149116883,0.1883336190720042,0.18264105646778492,0.10548902420039027,0.25257670600990495,5.787537373846541,-0.8088437606029508,6.688366740344187,0.21151239325498672,0
MSME019,2025-01-01,74,730802.06,470932.99,2536016.87,130504.88,86011.7,184583.57,72943.83,2334202.46,259869.07000000007,35.55943315211783,229076.75,5.385090711100958,0.17857760280533416,0.18264105897529073,0.09981338859389641,0.25257669634921387,5.68624679158618,8.156219738934833,6.5452970599033655,0.21151133042662806,0
MSME019,2025-02-01,74,760186.34,497762.7,2702070.98,130780.92,90911.91,192005.36,72943.83,2261258.63,262423.63999999996,34.52096232089621,231874.36999999997,5.428432021925307,0.1720379768991903,0.18264106571263777,0.09595519698499187,0.2525767037592388,4.020826104403685,5.697139629143422,6.54783144246196,0.21151699461352536,0
MSME019,2025-03-01,74,773785.14,486783.94,2875666.31,131057.54,88906.73,195440.1,72943.83,2188314.8,287001.2,37.0905546208861,237590.91000000003,5.907479835920634,0.1693720042232912,0.18264105015461274,0.09426884315715858,0.25257670365703844,1.7888771850333551,-2.205621272947933,6.424528862672596,0.21151403431018956,0
MSME019,2025-04-01,74,789022.48,515507.38,3054468.7,131334.74,94152.81,199288.7,72943.83,2115370.98,273515.1,34.66505795880492,236470.63,5.925169684282697,0.16645246913624057,0.18264105161792252,0.09244835457666555,0.25257670732017673,1.9691952212987696,5.900654816179851,6.217772534254862,0.21151015042706334,0
MSME019,2025-05-01,74,795222.21,512567.15,3233315.89,131612.53,93615.81,200854.6,72943.83,2042427.15,282655.05999999994,35.54416066925494,238851.32,6.308082540989995,0.16550409224611573,0.182641064687817,0.09172760655163291,0.25257669802758653,0.7857482083400091,-0.5703565291344526,5.855263470206773,0.21151296298298483,0
MSME019,2025-06-01,74,773036.12,497179.41,3391930.29,131890.91,90805.37,195250.92,72943.83,1969483.32,275856.71,35.684840961894515,236336.46000000002,6.82234666556284,0.17061416224639026,0.18264105104433026,0.09436018332493959,0.25257671012837024,-2.78992333476199,-3.0020925063184545,4.90562646509618,0.21151481549668283,0
MSME019,2025-07-01,74,731628.13,474996.41,3553960.14,132169.88,86753.85,184792.22,72943.83,1896539.49,256631.72000000003,35.076797826239954,230208.24999999997,7.482077896125573,0.18065171988397985,0.18264106459246715,0.09970069084139781,0.2525767017733449,-5.3565401316564625,-4.4617696456898726,4.776921579953819,0.2115157140094137,0
MSME019,2025-08-01,74,700356.56,438807.71,3712571.03,132449.43,80144.3,176893.75,72943.83,1823595.67,261548.85000000003,37.34509890219348,229198.88,8.460587508820206,0.18911714056051676,0.18264104794330072,0.10415241916203369,0.2525767017874438,-4.274243801970812,-7.618731265779455,4.462933847085848,0.21150809851684382,0
MSME019,2025-09-01,74,692435.84,449047.77,3849834.64,132729.58,82014.56,174893.16,72943.83,1750651.84,243388.06999999995,35.14954829605584,225608.18,8.573329826356781,0.19168502312069807,0.1826410584334936,0.10534381062655568,0.25257670082472916,-1.1309553522280247,2.3336098629625157,3.6972655577717006,0.2115146890401931,0
MSME019,2025-10-01,74,686754.22,425030.16,3992320.76,133010.32,77627.96,173458.12,72943.83,1677708.01,261724.06,38.11029512130264,228840.47999999998,9.393029332318442,0.19367965441843227,0.18264106246013226,0.10621533566987038,0.2525767078650059,-0.8205265631542114,-5.348564585901416,3.7010971463439235,0.2115127615110568,0
MSME019,2025-11-01,74,692129.68,439634.74,4145533.83,133291.66,80295.35,174815.83,72943.83,1604764.19,252494.94000000006,36.48087161931851,227812.13999999998,9.429495562611818,0.19258191615189799,0.18264104879427864,0.10539040891874482,0.2525766992104716,0.7827341781751374,3.4361279208986018,3.8376943940746866,0.21151742210678837,0
MSME020,2023-11-01,57,579680.37,369040.42,467656.94,132430.58,67234.76,113867.5,64700.19,2976208.66,210639.95,36.33725772014671,179063.32,1.2672241701871032,0.2284544843221101,0.18218806492795558,0.11161356041778679,0.19643152656695964,-1.4389231331888075,-6.622677354339867,33.51876935122633,0.2965335100891142,0
MSME020,2023-12-01,57,597432.33,404786.03,581202.07,132823.28,73747.19,117354.54,64700.19,2911508.47,192646.29999999993,32.245710572777334,176430.63,1.435825416208163,0.22232355587452057,0.18218808094735878,0.1082971020332964,0.1964315188634,3.0623703887022957,9.686096173421888,24.279577675036744,0.29653271925562663,0
MSME020,2024-01-01,57,623179.33,408958.79,711858.25,133217.15,74507.41,122412.07,64700.19,2846808.28,214220.53999999998,34.375424486559915,181121.81,1.7406601041635517,0.21377016789051717,0.18218806349656896,0.10382274713764977,0.19643153119343676,4.309609424719274,1.0308557338305269,22.480336314012117,0.2965368721507211,0
MSME020,2024-02-01,57,653609.92,435659.33,835493.58,133612.18,79371.93,128389.6,64700.19,2782108.1,217950.59000000003,33.34566739745933,182629.85,1.91776813318792,0.204421897391031,0.18218806423817432,0.09898899637263767,0.19643153518845002,4.883119278041548,6.5289072280363625,17.367970378934295,0.2965308896039298,0
MSME020,2024-03-01,57,679149.74,444365.06,967701.65,134008.39,80958.01,133406.42,64700.19,2717407.91,234784.68,34.570385022896424,186456.80000000005,2.1777176855444034,0.19731788456548627,0.1821880640210551,0.09526645773287053,0.19643152627872612,3.9075018934841,1.998288433304074,15.823948042784487,0.296537336641034,0
MSME020,2024-04-01,57,673788.74,447534.29,1105727.51,134405.77,81535.41,132353.35,64700.19,2652707.72,226254.45,33.5794347053054,185223.71,2.4707101437970262,0.19947761371019646,0.18218807323121544,0.09602444528829615,0.19643152540661338,-0.7893693664669632,0.7132041389572796,14.263265955989635,0.2965336722573708,0
MSME020,2024-05-01,57,684508.29,439866.33,1257237.68,134804.33,80138.4,134459.01,64700.19,2588007.53,244641.96000000002,35.73980966687781,189124.93999999997,2.8582266799097806,0.1969360078896926,0.18218807518183988,0.09452068140767148,0.19643152897388577,1.5909363519491349,-1.7133793256378094,13.702306276163823,0.296534888345934,0
MSME020,2024-06-01,57,658373.73,433322.43,1397811.21,135204.07,78946.18,129325.36,64700.19,2523307.34,225051.3,34.18291006234407,185583.25,3.225799342997315,0.20536066953947268,0.1821880764399849,0.09827273940592983,0.1964315313735255,-3.818004892241711,-1.4877019570922911,11.181141977863728,0.29653350155742775,0
MSME020,2024-07-01,57,630239.9,429954.56,1516853.15,135604.99,78332.59,123798.99,64700.19,2458607.15,200285.34000000003,31.779222483374987,181071.38999999998,3.5279382779426736,0.21516408275642337,0.18218806657150002,0.10265962215340539,0.19643153345257894,-4.27323095045119,-0.7772203252898735,8.516310296295293,0.2965295349466768,0
MSME020,2024-08-01,57,612410.17,402636.45,1630868.31,136007.11,73355.56,120296.67,64700.19,2393906.97,209773.72000000003,34.25379431566265,182948.21999999997,4.050473597211579,0.22208499574721297,0.1821880756200786,0.10564845779749216,0.19643153542012534,-2.8290385930817785,-6.353720262904061,7.516558870580203,0.2965377601517494,0
MSME020,2024-09-01,57,607452.76,393884.44,1749395.28,136410.42,71761.05,119322.87,64700.19,2329206.78,213568.32,35.15801294573096,183972.24,4.441392201225313,0.22456136342190627,0.1821880803415337,0.10651065277899141,0.1964315216873819,-0.8094917822805026,-2.173675532853525,7.267721696057716,0.2965359678622992,0
MSME020,2024-10-01,57,632888.65,415652.28,1881011.49,136814.92,75726.89,124319.28,64700.19,2264506.59,217236.37,34.32457984512757,185407.31,4.525444898317411,0.21617534142854355,0.18218807797710143,0.10222997362964244,0.19643152077383597,4.187303388003372,5.526453393284592,7.523526072392284,0.2965315992722539,0
MSME020,2024-11-01,57,652820.04,419093.89,2029247.51,137220.62,76353.91,128234.44,64700.19,2199806.4,233726.15000000002,35.80253908872038,189101.15,4.8419878180519405,0.2101967029075884,0.18218807723491268,0.09910876816833013,0.19643153111537445,3.1492727828189127,0.8280021945266336,7.880654679041865,0.29653198642369816,0
MSME020,2024-12-01,57,682550.82,461993.41,2173396.52,137627.53,84169.69,134074.5,64700.19,2135106.21,220557.40999999997,32.313697901644886,187532.34000000003,4.704388575585959,0.2016370444035215,0.18218807493379616,0.09479175484691382,0.1964315272524323,4.554207618994033,10.23625517422837,7.103569637988616,0.2965370656392574,0
MSME020,2025-01-01,57,721912.55,488994.53,2326896.12,138035.64,89088.97,141806.38,64700.19,2070406.02,232918.02000000002,32.26402145245986,190753.05000000002,4.758532002392746,0.19120825645710135,0.18218807069273352,0.089623306867293,0.19643152068765116,5.766857037839346,5.844481634489118,7.062659693593321,0.2965322417687988,0
MSME020,2025-02-01,57,746992.87,484524.55,2504905.8,138444.96,88274.59,146732.95,64700.19,2005705.84,262468.32,35.13665665911911,196903.32000000004,5.169822251524716,0.1853363874811817,0.18218806456762612,0.08661420021318277,0.19643152684978105,3.4741493273665824,-0.9141165648621996,7.6500914015877886,0.2965321130107945,0
MSME020,2025-03-01,57,776919.78,507966.87,2680906.88,138855.5,92545.51,152611.54,64700.19,1941005.65,268952.91000000003,34.617848190195396,198921.53000000003,5.277719942641141,0.17872565942393692,0.182188082462937,0.08327782567204042,0.19643152861933827,4.00631802549869,4.838210984355706,7.026255438428075,0.29653661642865536,0
MSME020,2025-04-01,57,805564.79,514962.92,2868179.65,139267.25,93820.1,158238.32,64700.19,1876305.46,290601.87000000005,36.07430136066399,203685.47,5.569681890882551,0.1728815009404768,0.1821880689972785,0.08031655653668776,0.1964315247691002,3.6869971311581207,1.3772650173031975,6.985426140575246,0.2965312861211933,0
MSME020,2025-05-01,57,771906.17,517605.47,3032370.91,139680.23,94301.54,151626.71,64700.19,1811605.27,254300.70000000007,32.944509304803205,197005.40000000002,5.8584599386092275,0.1809549339397041,0.1821880669074073,0.08381872371871311,0.1964315300135507,-4.178263550967765,0.5131534519029035,5.724580745839969,0.2965377718020745,0
MSME020,2025-06-01,57,777040.79,507867.69,3201726.87,140094.43,92527.43,152635.31,64700.19,1746905.08,269173.10000000003,34.640794082380154,200202.31,6.3042539091234575,0.18029224694883778,0.1821880616189622,0.08326485666215798,0.19643152838861908,0.6651870654175385,-1.8813131940046857,5.584935518326817,0.29653444871904355,0
MSME020,2025-07-01,57,762509.59,496416.94,3374340.84,140509.86,90441.24,149780.92,64700.19,1682204.9,266092.64999999997,34.896957820556715,199849.54000000004,6.797392611138532,0.18427290862007387,0.18218806151135777,0.08485164101345927,0.19643152291369873,-1.870069137554553,-2.254671881174408,5.39127717661938,0.2965357009554248,0
MSME020,2025-08-01,57,745707.16,472252.05,3550451.35,140926.52,86038.69,146480.4,64700.19,1617504.71,273455.11000000004,36.670575886652344,201368.22999999998,7.518127978480983,0.1889837292161711,0.18218807096761147,0.08676353597033988,0.19643153218483242,-2.203569662645155,-4.867861680949082,5.219108511871617,0.29653434997374273,0
MSME020,2025-09-01,57,740590.75,480409.83,3716577.05,141344.41,87524.94,145475.37,64700.19,1552804.52,260180.91999999998,35.131537897279976,199294.84000000003,7.7362635356566285,0.19085359896812107,0.18218807054801522,0.0873629464046101,0.19643152442830267,-0.6861151769013474,1.7274207703280586,4.679002290793255,0.2965304188310425,0
MSME020,2025-10-01,57,754228.04,483861.28,3888744.19,141763.55,88153.75,148154.17,64700.19,1488104.33,270366.76,35.84681895411897,201763.96999999997,8.036898902098551,0.18795847208226305,0.18218806431463166,0.085783326220542,0.19643153282924883,1.8414070119023185,0.7184386714151891,4.632411428144612,0.2965380802820494,0
MSME020,2025-11-01,57,773836.58,514363.98,4059721.23,142183.92,93710.98,152005.9,64700.19,1423404.14,259472.59999999998,33.530671294965146,200478.84000000003,7.892701254080817,0.18373894912023933,0.18218806845689312,0.08360962982649386,0.1964315256329702,2.599815832887886,6.3040175481700045,4.396716051409899,0.296528973773591,0
MSME021,2023-11-01,86,637531.96,408324.3,522925.25,126515.3,55281.34,107467.55,32953.81,1515875.15,229207.65999999997,35.95234033443594,178701.51,1.280661596676955,0.19844542381843885,0.135385868536357,0.05168965960545727,0.1685680981389545,4.0942281313357975,8.995140889123721,55.3414253920971,0.11707137032854753,0
MSME021,2023-12-01,86,655809.65,424658.51,711242.18,126663.42,57492.76,110548.59,32953.81,1482921.34,231151.14,35.24668171625715,179719.25,1.6748567690307208,0.19314052484589087,0.13538586569241248,0.05024904711298468,0.16856810508963996,2.866944897946766,4.000303190380783,36.01220824582483,0.11707674882008856,0
MSME021,2024-01-01,86,679411.54,441466.42,892431.3,126811.71,59768.31,114527.11,32953.81,1449967.54,237945.12000000005,35.022237037657625,181570.51,2.0215157021455905,0.18664933186151061,0.13538585788699398,0.04850345933188005,0.16856809644416695,3.5988933679155233,3.9579826152547737,25.475024554927273,0.11707405342442634,0
MSME021,2024-02-01,86,701651.45,445543.65,1097386.15,126960.17,60320.31,118276.05,32953.81,1417013.73,256107.79999999993,36.50071556183628,184915.91,2.4630272477230903,0.1809447839094468,0.13538585949996143,0.04696606840903699,0.16856809745066445,3.2734077493002056,0.9235651490774766,22.965896646610197,0.11707120738297938,0
MSME021,2024-03-01,86,720451.21,457284.0,1304720.67,127108.81,61909.79,121445.09,32953.81,1384059.92,263167.20999999996,36.528109932662886,186644.11,2.8531955415015613,0.17642944898378338,0.13538586523910742,0.04574051586366272,0.16856809776195672,2.679358818399069,2.6350616825085327,18.893487948613163,0.11707608772104638,0
MSME021,2024-04-01,86,715981.44,449951.46,1527399.85,127257.62,60917.07,120691.63,32953.81,1351106.11,266029.9799999999,37.15598828930537,187032.18,3.3945880517867417,0.17773871345044923,0.1353858702892085,0.0460260673796237,0.1685680986367468,-0.6204125883833345,-1.603498044978613,17.06719186107477,0.11707292358413834,0
MSME021,2024-05-01,86,714069.61,449197.03,1737579.71,127406.61,60814.93,120369.36,32953.81,1318152.31,264872.57999999996,37.09338365485124,186961.04,3.868190557715842,0.17842323523612774,0.1353858684239297,0.04614929628499384,0.16856810360547342,-0.26702228482347046,-0.16766919702849714,13.760631179844607,0.11707746852409606,0
MSME021,2024-06-01,86,691878.55,426009.76,1948177.96,127555.77,57675.7,116628.65,32953.81,1285198.5,265868.79000000004,38.42708955206084,186508.71999999997,4.57308292655079,0.1843615039084533,0.13538586533792088,0.04762947196440762,0.16856809623596508,-3.10768861876084,-5.161937513255599,12.120206560192859,0.11707398854738926,0
MSME021,2024-07-01,86,670030.6,424712.63,2145426.05,127705.1,57500.09,112945.78,32953.81,1252244.69,245317.96999999997,36.612950214512594,183150.79,5.0514769245265905,0.19059592203699355,0.13538587256046516,0.04918254479720777,0.16856809226324887,-3.157772415404414,-0.3044836343655599,10.124747022597447,0.11707036067438725,0
MSME021,2024-08-01,86,656095.29,410129.41,2331933.5,127854.61,55525.72,110596.74,32953.81,1219290.88,245965.88000000006,37.4893531090583,182925.63,5.685848035136032,0.1948720131796709,0.13538585296772548,0.05022717050750356,0.1685681054043232,-2.0798020269521933,-3.4336676072006633,8.693259317887003,0.11707441597867962,0
MSME021,2024-09-01,86,650390.78,412113.41,2520108.25,128004.29,55794.33,109635.14,32953.81,1186337.08,238277.37000000005,36.636031341034695,181845.09999999998,6.115084316232273,0.19681135393708993,0.13538586380870257,0.05066770780483696,0.16856810301031636,-0.8694636414780521,0.4837497510846722,8.069473250416447,0.11707047559723627,0
MSME021,2024-10-01,86,648203.16,401432.6,2722448.63,128154.15,54348.3,109266.38,32953.81,1153383.27,246770.56000000006,38.06994091173515,183072.22999999998,6.7818324421085885,0.1977067652678521,0.1353858655226307,0.05083870618588159,0.16856810756676965,-0.3363547066272954,-2.5917161977330405,8.0290352606877,0.11707420118498568,0
MSME021,2024-11-01,86,675696.89,427086.3,2921164.06,128304.19,57821.45,113900.94,32953.81,1120429.46,248610.59000000003,36.793212116160554,184383.68,6.839751263386346,0.18988423936655976,0.13538586931961993,0.04877010755517906,0.16856809863369357,4.241529769771568,6.390537290693388,7.299143418548182,0.11707775362717054,0
MSME021,2024-12-01,86,735084.44,457875.51,3148322.16,128454.4,61989.87,123911.79,32953.81,1087475.65,277208.92999999993,37.71116825707806,190376.32,6.875934814683581,0.17474781536662645,0.13538586066767364,0.044829965384657035,0.1685681035501173,8.789081447451963,7.209130800964592,7.776286964176871,0.11707333953785426,0
MSME021,2025-01-01,86,773337.05,491568.64,3387732.43,128604.79,66551.45,130359.96,32953.81,1054521.84,281768.41000000003,36.435395148855214,192413.3,6.891677284376807,0.1662984981774764,0.1353858740866789,0.04261248054777667,0.1685681036489846,5.20383889502547,7.358578754299394,7.604376484774988,0.11707656569179825,0
MSME021,2025-02-01,86,807789.63,507990.22,3635874.05,128755.35,68774.69,136167.56,32953.81,1021568.04,299799.41000000003,37.11355021975214,196148.22000000003,7.15737017535495,0.15939217986742416,0.1353858544757023,0.04079503966892964,0.16856809612671061,4.455053588858826,3.3406484189064445,7.324711296635655,0.11707184468012777,0
MSME021,2025-03-01,86,827224.8,511489.47,3909660.4,128906.09,69248.44,139443.71,32953.81,988614.23,315735.3300000001,38.168020349486625,199101.36,7.6436772002364,0.15582957619258997,0.13538585652603954,0.03983658371944361,0.16856809660445382,2.405969237312444,0.688842001722012,7.530138454603508,0.1170747467969191,0
MSME021,2025-04-01,86,828910.96,504089.64,4179149.83,129057.0,68246.61,139727.95,32953.81,955660.42,324821.31999999995,39.18651528024192,200538.34000000003,8.290489425650565,0.15569464783044973,0.13538586113374598,0.03975554865386265,0.16856810531254168,0.20383334735611935,-1.4467218650659586,6.892911466172369,0.11706972106593216,0
MSME021,2025-05-01,86,823860.15,520907.19,4427127.04,129208.1,70523.47,138876.54,32953.81,922706.61,302952.96,36.77237696227934,197561.17,8.498878735000758,0.1568325643618034,0.13538586403462774,0.039999276576249014,0.1685680998164555,-0.6093308260756936,3.3362221052589014,5.933675988831433,0.11708004990043097,0
MSME021,2025-06-01,86,804146.56,494635.34,4671075.95,129359.36,66966.63,135553.46,32953.81,889752.81,309511.22000000003,38.48940422004666,197946.19,9.443473953963743,0.16086540244604167,0.13538585819606017,0.04097985571187421,0.16856810280951767,-2.3928320844259776,-5.04348001032583,5.5103209778231355,0.11706696406803552,0
MSME021,2025-07-01,86,762844.04,486991.38,4898286.47,129510.81,65931.75,128591.17,32953.81,856799.0,275852.66000000003,36.16108215251967,192170.22999999998,10.058261133903438,0.1697736407562416,0.13538586658351118,0.04319862025794945,0.16856809945057707,-5.13619308400698,-1.545372799282807,4.864200934262253,0.11707695523539563,0
MSME021,2025-08-01,86,741264.12,470658.51,5115132.86,129662.43,63720.51,124953.48,32953.81,823845.19,270605.61,36.50596362333037,190895.39999999997,10.868034363173418,0.174920688188712,0.13538586607092262,0.044456232415512026,0.16856809419023275,-2.828877053296508,-3.3538314374270795,4.426984647143373,0.11707130856488668,0
MSME021,2025-09-01,86,732720.57,463917.62,5328216.23,129814.23,62807.89,123513.31,32953.81,790891.38,268802.94999999995,36.68560171580825,190519.64999999997,11.485263762993094,0.1771674432451105,0.135385868723848,0.044974593793647696,0.1685680941098733,-1.1525648914451736,-1.4322252454332607,4.165744582438857,0.11707323393523872,0
MSME021,2025-10-01,86,720645.26,444691.47,5551341.0,129966.21,60204.94,121477.8,32953.81,757937.58,275953.79000000004,38.29259766448752,191239.07,12.48357878328541,0.1803469990214048,0.1353858665199942,0.04572819919748032,0.16856809687473695,-1.6480102366990934,-4.144302602690542,4.187607266081228,0.11707499247193276,0
MSME021,2025-11-01,86,724378.77,444656.63,5778386.65,130118.37,60200.22,122107.15,32953.81,724983.77,279722.14,38.6154525207855,192025.3,12.995165842911193,0.1796275310498125,0.13538585942145967,0.04549251215631291,0.16856809594240316,0.5180787562524269,-0.007834645445292665,4.089924398447153,0.11707658475228477,0
MSME022,2023-11-01,10,453966.76,293895.82,346010.82,67351.27,56821.48,131893.68,64446.4,2964534.29,160070.94,35.260497927205066,142423.47,1.177324740447142,0.14836167740563208,0.19333885048109906,0.14196281683707415,0.29053598549814524,3.527619873294352,5.861995993468083,30.551129260252896,0.1191893872984684,1
MSME022,2023-12-01,10,479455.22,309527.45,440239.78,67431.55,59843.68,139298.99,64446.4,2900087.89,169927.76999999996,35.441843765930834,146886.86,1.422296406990721,0.14064201866443338,0.19333884603772622,0.13441588976755744,0.29053597539307213,5.614609316329666,5.318765676898707,27.2329518481532,0.11919597061791354,1
MSME022,2024-01-01,10,491962.89,322208.69,537561.91,67511.92,62295.45,142932.92,64446.4,2835641.49,169754.2,34.50548881847572,148149.39,1.668365648362867,0.13722970039467813,0.19333882646057746,0.13099849868757377,0.2905359792483535,2.608725377940413,4.09696781335549,22.106618806687585,0.11918753165245377,1
MSME022,2024-02-01,10,507980.84,336833.55,633864.33,67592.39,65123.01,147586.71,64446.4,2771195.09,171147.29000000004,33.69168215084648,150056.08999999997,1.881832525293279,0.13306090442308807,0.1933388464421077,0.12686777713899602,0.2905359776955367,3.255926478519555,4.538940275012449,17.9146658661139,0.11919376607865129,1
MSME022,2024-03-01,10,522965.16,329596.37,752739.35,67672.95,63723.78,151940.19,64446.4,2706748.7,193368.78999999998,36.97546314557551,155889.36000000002,2.2838217241288183,0.12940240607997672,0.1933388404732734,0.1232326834162337,0.2905359699296221,2.9497805468410965,-2.1485923833893583,18.754016336587355,0.11918501476275711,1
MSME022,2024-04-01,10,523144.48,339046.42,862163.69,67753.61,65550.84,151992.3,64446.4,2642302.3,184098.06,35.190672374102085,154195.06999999998,2.542907516911696,0.12951223340825466,0.19333883543144328,0.12319044253319848,0.2905359911281105,0.03428909107443534,2.8671583974059,14.536816761339754,0.11919090271668153,1
MSME022,2024-05-01,10,514221.79,325774.72,968482.61,67834.37,62984.9,149399.93,64446.4,2577855.9,188447.07,36.64704095872717,154249.4,2.9728599260249537,0.13191656075095534,0.19333882015154524,0.1253280223694916,0.2905359767037488,-1.705588100633304,-3.9144197422878,12.331639714495513,0.11919660074199978,1
MSME022,2024-06-01,10,498909.37,318715.9,1067554.53,67915.22,61620.16,144951.12,64446.4,2513409.5,180193.46999999997,36.1174756048378,151246.18,3.3495490184204804,0.13612736918530915,0.1933388324837261,0.12917456330796112,0.2905359744997373,-2.9777851304200853,-2.166779546307318,10.229602367356904,0.11918736770166749,1
MSME022,2024-07-01,10,489545.63,302554.94,1172758.99,67996.17,58495.62,142230.62,64446.4,2448963.11,186990.69,38.1967846388497,151731.16999999998,3.8761852310195297,0.1388964906090572,0.19333883624574102,0.13164533814753898,0.2905359812935109,-1.8768418801194287,-5.070647557903452,9.854715337117259,0.11919272292719718,1
MSME022,2024-08-01,10,488586.32,318839.12,1272335.61,68077.22,61643.98,141951.91,64446.4,2384516.71,169747.2,34.74252001161228,148385.15,3.990525409805422,0.13933509231285887,0.19333882241300882,0.13190381589071098,0.29053598962819915,-0.1959592612439387,5.382222481642507,8.490799972464934,0.11919789011645143,1
MSME022,2024-09-01,10,477182.84,312774.62,1362498.88,68158.36,60471.48,138638.78,64446.4,2320070.31,164408.22000000003,34.45392545968334,146325.66,4.356168285009826,0.14283489322457613,0.19333883292704504,0.13505598818264294,0.2905359714947,-2.333974475584988,-1.9020564352329128,7.086437673468859,0.11918818071594561,1
MSME022,2024-10-01,10,477950.07,301591.03,1459843.57,68239.6,58309.26,138861.69,64446.4,2255623.91,176359.03999999998,36.899050982459315,148792.03,4.840474101633593,0.14277558323194722,0.19333884034946264,0.1348391893739026,0.29053597586040736,0.16078323352952673,-3.5756066141172105,7.144570276637596,0.11919300875198324,1
MSME022,2024-11-01,10,487644.89,316968.69,1560472.94,68320.94,61282.36,141678.39,64446.4,2191177.52,170676.2,35.000100175355065,148716.97000000003,4.923113825532736,0.1401038776393207,0.19333884365676623,0.13215846473855186,0.2905359881859933,2.028416901372143,5.098845280643771,6.893161162466188,0.11919765063099774,0
MSME022,2024-12-01,10,511769.02,328873.25,1668503.26,68402.37,63583.97,148687.32,64446.4,2126731.12,182895.77000000002,35.73795264121302,153505.72,5.073393047321423,0.13365867672099416,0.19333883190560497,0.12592868556209205,0.2905359921942911,4.947069167483731,3.7557526580937584,6.922921713720975,0.119187470195814,0
MSME022,2025-01-01,10,540730.95,361258.64,1777583.75,68483.9,69845.32,157101.8,64446.4,2062284.72,179472.30999999994,33.19068568203835,155740.37999999998,4.920529374743812,0.12665060137578588,0.19333882229086619,0.11918385659263633,0.2905359865197285,5.659179994912544,9.847377371069243,6.537625224657928,0.119191776542249,0
MSME022,2025-02-01,10,589688.78,383028.25,1910653.11,68565.53,74054.24,171325.81,64446.4,1997838.32,206660.53000000003,35.045694781576145,165837.09999999998,4.988282483080557,0.11627409631229543,0.19333884641668075,0.10928883537516179,0.29053598408299375,9.054009207351665,6.026045494718124,7.4859685232833595,0.119195898598079,0
MSME022,2025-03-01,10,597010.74,380907.62,2046325.54,68647.25,73644.24,173453.1,64446.4,1933391.93,216103.12,36.197526362758566,168456.11,5.372235766772007,0.11498494985199094,0.19333884683115557,0.10794847677279643,0.2905359793024829,1.2416651373288845,-0.5536484580445422,7.100840507882666,0.11918525241474409,0
MSME022,2025-04-01,10,600047.86,387037.01,2182405.48,68729.07,74829.29,174335.49,64446.4,1868945.53,213010.84999999998,35.498976698292026,168235.27000000002,5.6387513948601455,0.1145393135807534,0.19333884891266598,0.10740209955919183,0.2905359749137344,0.5087211663897362,1.6091539465658444,6.64996538136351,0.1191890425326747,0
MSME022,2025-05-01,10,591148.28,375563.36,2316436.39,68810.99,72610.98,171749.84,64446.4,1804499.13,215584.92000000004,36.46883993301986,167949.85000000003,6.167897715048667,0.11640225021038715,0.19333882836706967,0.10901900957911947,0.290535971786977,-1.4831450277982716,-2.964483939145779,6.141430235045053,0.11919265021336223,0
MSME022,2025-06-01,10,561314.72,359013.36,2438501.0,68893.01,69411.23,163082.12,64446.4,1740052.73,202301.36,36.040629755799024,162563.90000000002,6.792229124843711,0.12273508522990453,0.1933388495625901,0.114813308298774,0.2905359759672791,-5.046713491241162,-4.406713157534858,5.269499759499108,0.11919607609189864,1
MSME022,2025-07-01,10,550367.57,355954.86,2552130.87,68975.12,68819.9,159901.58,64446.4,1675606.34,194412.70999999996,35.32415799862626,160056.8,7.169816054766046,0.1253255528845931,0.19333884077323737,0.11709701572714397,0.2905359776194662,-1.9502695386288904,-0.8519181570290302,4.659824621765596,0.11918480554122812,1
MSME022,2025-08-01,10,530022.93,339329.36,2662369.54,69057.34,65605.54,153990.73,64446.4,1611159.94,190693.57000000007,35.97836229462752,157442.53000000003,7.845974601195723,0.13029123098504433,0.19333882573556263,0.12159172056952328,0.2905359773774316,-3.6965550132250558,-4.670676500947335,4.319475591782629,0.11920240225751222,1
MSME022,2025-09-01,10,508730.8,324866.21,2766345.26,69139.65,62809.25,147804.6,64446.4,1546713.54,183864.58999999997,36.14182392731086,154135.0,8.515337005963161,0.1359061609794414,0.19333882092569737,0.12668075139150214,0.2905359769842911,-4.017209217721973,-4.262274858856885,3.9053827215886683,0.11919080578544072,1
MSME022,2025-10-01,10,510764.44,331592.08,2864739.23,69222.06,64109.63,148395.45,64446.4,1482267.14,179172.36,35.07925493012004,153507.88,8.639347568253138,0.13552638864209104,0.19333884572876406,0.12617636419637984,0.29053598562969657,0.39974776443651994,2.0703507453114334,3.556821754056849,0.11919354523779457,0
MSME022,2025-11-01,10,522270.35,340792.33,2971312.05,69304.56,65888.39,151738.33,64446.4,1417820.75,181478.01999999996,34.74790786036389,155154.5,8.718834869317627,0.13269863012518326,0.1933388289577996,0.12339662781928938,0.290535983901824,2.252684231502089,2.7745686808924974,3.7201578029843807,0.11918165971946948,0
MSME023,2023-11-01,5,746899.06,492897.18,700259.54,164798.96,79835.28,145786.05,43823.39,2015876.1,254001.88000000006,34.00752439024358,230749.73,1.4207010476302584,0.22064421931391903,0.16197146836993467,0.05867377848888978,0.19518842345309684,2.2433203809906654,4.724353153445948,34.97455140342034,0.23414064495723697,0
MSME023,2023-12-01,5,792538.69,504806.46,918899.74,165184.81,81764.24,154694.38,43823.39,1972052.7,287732.2299999999,36.30513357019831,238114.95,1.820301071424482,0.20842491613879444,0.16197146130023773,0.05529495348675029,0.19518842670002648,6.110548592737541,2.4161793743676885,31.222737786621213,0.2341337590965331,0
MSME023,2024-01-01,5,852979.35,563868.96,1133226.59,165571.57,91330.68,166491.7,43823.39,1928229.31,289110.39,33.89418395650493,240732.59000000003,2.009733945986316,0.19410970500047864,0.1619714623057102,0.05137684751688303,0.19518842982541137,7.626209390484151,11.700028561441144,23.324291070100877,0.23413775152811844,0
MSME023,2024-02-01,5,890642.66,560031.44,1384706.1,165959.24,90709.11,173843.14,43823.39,1884405.92,330611.2200000001,37.120523735074634,249093.27000000002,2.4725506482278927,0.18633650447419617,0.16197146003088686,0.04920423416502416,0.19518842719705343,4.4155007972936255,-0.6805694713183041,22.191458638470518,0.2341404384822665,0
MSME023,2024-03-01,5,912479.64,585690.53,1635904.69,166347.81,94865.15,178105.47,43823.39,1840582.52,326789.11,35.81330428369887,249588.13000000003,2.7931212922291913,0.18230303746832094,0.16197145956927114,0.04802670446433194,0.1951884318207911,2.4518228219609473,4.581723126115933,18.140931855503474,0.2341358034659624,0
MSME023,2024-04-01,5,934348.88,613658.11,1882652.44,166737.29,99395.1,182374.09,43823.39,1796759.13,320690.77,34.32237966614783,249716.28,3.0679174760682297,0.1784529243509127,0.16197145997141635,0.0469025980959061,0.1951884289731262,2.3966825166641614,4.775146355874993,15.083259526568149,0.23413593482235484,0
MSME023,2024-05-01,5,923051.81,616514.35,2129028.06,167127.69,99857.73,180169.03,43823.39,1752935.74,306537.4600000001,33.209128315343435,247438.99,3.453330907869379,0.18105992338609897,0.16197146100492227,0.047476630807971654,0.1951884260971223,-1.2090847692780349,0.4654448386578025,13.086622616333798,0.23414078518368964,0
MSME023,2024-06-01,5,904825.17,596919.43,2370045.52,167519.0,96683.91,176611.4,43823.39,1709112.34,307905.74,34.02930756225537,247446.49000000002,3.970461340151048,0.18513963310724435,0.16197145735396817,0.04843299175684956,0.19518842518494484,-1.97460638747895,-3.1783396444867718,11.32053938265145,0.2341383405706221,0
MSME023,2024-07-01,5,887471.23,564321.92,2605261.4,167911.22,91404.05,173224.11,43823.39,1665288.95,323149.30999999994,36.41237023537089,249731.27999999997,4.616622724844712,0.18920187418357212,0.16197146834204135,0.04938006835444119,0.19518842317851812,-1.9179329416753599,-5.460956430920671,9.924530057127345,0.23413463547419244,0
MSME023,2024-08-01,5,866501.8,554375.66,2837767.78,168304.37,89793.03,169131.12,43823.39,1621465.56,312126.14,36.02140699534612,247642.46,5.118853486460787,0.19423429934017447,0.1619714509111024,0.050575070934647796,0.19518842315157336,-2.362829271659872,-1.7625152678811373,8.924493334910654,0.23414158982346667,0
MSME023,2024-09-01,5,858770.06,559684.31,3070821.41,168698.43,90652.89,167621.98,43823.39,1577642.16,299085.75,34.827221386828505,245667.52000000002,5.486702691379717,0.19644190902510036,0.1619714692377208,0.051030412029036035,0.19518843029995714,-0.8922935878494465,0.957590742710468,8.212568753599726,0.23413533469154313,0
MSME023,2024-10-01,5,867785.67,569184.71,3302149.23,169093.42,92191.68,169381.72,43823.39,1533818.77,298600.9600000001,34.40952879528422,246283.46000000002,5.8015424026411395,0.19485620222329783,0.1619714626557695,0.050500246218631376,0.19518842711472753,1.0498281693705147,1.697456911021833,7.533092587106838,0.23413970124086525,0
MSME023,2024-11-01,5,889449.18,578213.95,3535038.83,169489.33,93654.16,173610.19,43823.39,1489995.38,311235.2300000001,34.99190701373181,249445.36000000002,6.113721106175318,0.19055538395122246,0.16197146402296245,0.04927025735185904,0.19518843111418685,2.4964125070191523,1.5863461968259829,7.052667332057561,0.23413684577435756,0
MSME023,2024-12-01,5,928758.53,590840.18,3809124.8,169886.17,95699.25,181282.92,43823.39,1446171.98,337918.35,36.3838757960048,255469.84000000003,6.446963034910726,0.18291748017646742,0.16197146578623003,0.0471849125304938,0.195188430732367,4.419516132445023,2.18366056370658,7.753407619570618,0.23413863279773128,0
MSME023,2025-01-01,5,985824.91,663143.28,4065322.17,170283.93,107410.29,192421.61,43823.39,1402348.59,322681.63,32.73214408834526,255295.25,6.130382818627069,0.17273242770868916,0.16197146716166677,0.044453522684875145,0.19518842346964024,6.144372100679396,12.237336330105375,6.725885431740131,0.23413324345353814,0
MSME023,2025-02-01,5,1015541.24,662542.95,4337846.32,170682.63,107313.05,198221.9,43823.39,1358525.2,352998.29000000004,34.75962138179637,261591.48000000004,6.547268097864449,0.1680706044000734,0.16197146162373324,0.043152742866454145,0.19518842976775616,3.014361850523728,-0.09052794744449644,6.70362983802586,0.2341383593859936,0
MSME023,2025-03-01,5,1024054.71,654736.17,4626846.09,171082.26,106048.57,199883.63,43823.39,1314701.8,369318.5399999999,36.064336836066104,264917.32,7.066733597442767,0.167063593701942,0.16197145485333428,0.04279399291078892,0.1951884289463402,0.8383184911328723,-1.1783054970247453,6.662286966404096,0.23413630314930156,0
MSME023,2025-04-01,5,1065794.16,715666.36,4911151.79,171482.83,115917.53,208030.69,43823.39,1270878.41,350127.79999999993,32.851352835335476,263595.99,6.862348245626635,0.16089676265443226,0.16197146670412174,0.041118061671495745,0.1951884311319552,4.075900397938703,9.306067511131989,6.144697585996428,0.23413882888849713,0
MSME023,2025-05-01,5,1069385.52,680763.74,5216769.85,171884.34,110264.3,208731.68,43823.39,1227055.02,388621.78,36.34066225246813,270351.72000000003,7.663113564186012,0.16073187525486599,0.16197146457888606,0.040979973246692177,0.19518842933276298,0.3369656294607726,-4.876940142890051,6.222940627131379,0.23414005938671156,0
MSME023,2025-06-01,5,1050981.99,672027.14,5496012.12,172286.78,108849.22,205139.52,43823.39,1183231.62,378954.85,36.0572163562955,268577.07999999996,8.17825916971151,0.16392933622011924,0.16197146442627303,0.041697565150474174,0.19518842563610436,-1.7209443793478774,-1.2833527238098719,5.35278108924051,0.2341341858135504,0
MSME023,2025-07-01,5,1015458.72,679131.13,5751412.72,172690.17,109999.86,198205.79,43823.39,1139408.23,336327.58999999997,33.12075452953912,260896.10000000003,8.468780867105885,0.17006124089416458,0.16197145903177784,0.043156249620861,0.19518842676342374,-3.3800074918505563,1.0570986761040624,4.647016680887517,0.23413868434944973,0
MSME023,2025-08-01,5,1002966.69,668812.28,6007957.73,173094.5,108328.5,195767.49,43823.39,1095584.84,334154.4099999999,33.31660097305923,260533.49,8.983025446243301,0.17258250121945726,0.16197145782072062,0.0436937641468432,0.19518842644714351,-1.2301859006144555,-1.519419379288356,4.4605564317770074,0.23413608313662682,0
MSME023,2025-09-01,5,1008483.79,669564.53,6269560.46,173499.78,108450.35,196844.37,43823.39,1051761.44,338919.26,33.606812857150636,261893.80000000002,9.363638871372114,0.17204022684390394,0.16197146823174757,0.04345472920293542,0.19518843232968572,0.550078088834649,0.11247550658011196,4.354270481859723,0.23413799976312877,0
MSME023,2025-10-01,5,1014778.43,650055.45,6548422.49,173906.01,105290.43,198073.01,43823.39,1007938.05,364722.9800000001,35.941144314626406,266688.59,10.073636779754713,0.17137338049252782,0.16197145951164627,0.04318518082809466,0.1951884314293121,0.624168683960713,-2.9136967575029815,4.447872092137062,0.23413862542074337,0
MSME023,2025-11-01,5,1048967.14,705353.54,6827872.46,174313.19,114247.14,204746.25,43823.39,964114.65,343613.59999999986,32.757327364897236,264812.3,9.680071159776132,0.16617602530428172,0.16197145618635442,0.04177765759182886,0.19518843078344666,3.3690812683119242,8.506672776914659,4.26743953107398,0.23413796912481466,0
MSME024,2023-11-01,31,931953.07,572901.61,913114.2,194550.32,89410.05,263532.5,75505.13,3473235.94,359051.45999999996,38.52677474414028,368672.77,1.5938412182154629,0.20875549023085466,0.1560652796908705,0.08101816757790176,0.28277443197864033,4.383079161550185,-0.05082930537039232,38.66166708852199,0.13191347834586864,0
MSME024,2023-12-01,31,968752.57,620097.03,1160670.41,194806.97,96775.62,273938.46,75505.13,3397730.82,348655.5399999999,35.99015381192743,371969.81000000006,1.8717561185545428,0.20109053233272972,0.1560652854602448,0.07794057258604228,0.28277443434292004,3.948643036285082,8.237962536010347,27.11119923444405,0.1319195979734067,0
MSME024,2024-01-01,31,1026264.65,653260.45,1438078.99,195063.95,101951.28,290201.4,75505.13,3322225.69,373004.20000000007,36.34581002083625,383314.07000000007,2.2013868894098825,0.1900717811921126,0.15606528758935276,0.07357276702456818,0.28277442860377194,5.936715089179079,5.348101731756394,23.900719584985385,0.13191519790078932,0
MSME024,2024-02-01,31,1092157.48,715691.44,1716244.82,195321.27,111694.59,308834.21,75505.13,3246720.56,376466.04000000004,34.46994109311049,392460.89,2.39802339958125,0.17883984093575955,0.1560652870181038,0.06913392196883549,0.2827744310280236,6.420646954954545,9.556829898396568,19.342875595449737,0.13191571277009206,0
MSME024,2024-03-01,31,1130950.68,729906.28,2024528.63,195578.93,113913.03,319803.94,75505.13,3171215.43,401044.3999999999,35.46082133307527,401469.83999999997,2.773682985711535,0.17293320872312487,0.15606528279219628,0.06676253114768896,0.282774435398014,3.5519786029391875,1.9861687880464274,17.962694273419565,0.13191599665516307,0
MSME024,2024-04-01,31,1145998.35,726921.08,2330441.5,195836.93,113447.14,324059.03,75505.13,3095710.3,419077.27000000014,36.56874985902031,406448.82,3.205907166703709,0.1708876195153335,0.15606527740260334,0.06588589765421564,0.28277442982356826,1.3305328221740131,-0.4089840136736522,15.110325705791583,0.13191605046616317,0
MSME024,2024-05-01,31,1137623.37,725137.16,2628735.3,196095.28,113168.74,321690.8,75505.13,3020205.17,412486.2100000001,36.25859145281096,404617.33999999997,3.6251559635972863,0.17237275988801107,0.15606528839316414,0.06637093786144706,0.2827744299943486,-0.7308020993223918,-0.24540765828388045,12.799883627201103,0.13192098140020203,0
MSME024,2024-06-01,31,1117468.44,737345.9,2912544.4,196353.96,115074.1,315991.5,75505.13,2944700.04,380122.5399999999,34.01640049897068,397271.36,3.950038102876818,0.17571320403464818,0.15606528767570282,0.06756802008654492,0.2827744289583695,-1.7716698277743914,1.6836456154033064,10.796412251929667,0.13191546476793992,0
MSME024,2024-07-01,31,1086170.11,716404.67,3179230.94,196612.98,111805.9,307141.14,75505.13,2869194.91,369765.44000000006,34.04305058624749,391948.22,4.437758536666155,0.1810149056670322,0.15606528639742115,0.06951501362894252,0.2827744357649466,-2.8008245136658894,-2.8400822463378383,9.15647981194725,0.131914833803215,0
MSME024,2024-08-01,31,1044204.7,656405.23,3463021.36,196872.35,102442.07,295274.39,75505.13,2793689.78,387799.47,37.138261300681755,389704.67,5.275737001668923,0.18853808070390798,0.1560652860733605,0.07230874367832285,0.28277443110531875,-3.863613039397684,-8.375076616962874,8.926385825875238,0.13191906251559526,0
MSME024,2024-09-01,31,1059005.06,678355.39,3767751.8,197132.05,105867.73,299459.55,75505.13,2718184.65,380649.67000000004,35.94408415763377,390723.87,5.554244656329774,0.18614835513628233,0.1560652890220272,0.07129817680002398,0.2827744279144426,1.417381093956016,3.3439952938827178,8.799554155796475,0.1319128867004249,0
MSME024,2024-10-01,31,1060533.27,666362.56,4068518.87,197392.1,103996.06,299891.69,75505.13,2642679.52,394170.70999999996,37.16721777148962,393287.73000000004,6.1055634188091235,0.18612532542236981,0.15606528073846165,0.07119543736708986,0.2827744291322421,0.14430620378715897,-1.7679272807134216,7.982666745723543,0.1319166518077619,0
MSME024,2024-11-01,31,1105953.43,734568.87,4355841.45,197652.5,114640.7,312735.35,75505.13,2567174.39,371384.55999999994,33.58048810427759,395747.14999999997,5.929793145195494,0.17871683801369467,0.15606528493373262,0.06827152749099029,0.28277442929943264,4.282766159707552,10.235615578402225,7.0620928446130105,0.1319201730970887,0
MSME024,2024-12-01,31,1154458.36,744457.85,4674324.85,197913.23,116184.03,326451.31,75505.13,2491669.26,410000.5100000001,35.51453427908825,408180.51,6.278830762547537,0.17143384019498112,0.1560652896601198,0.06540307785548886,0.28277443458419754,4.385802212304735,1.3462291153176764,7.311638948658228,0.13191333274307215,0
MSME024,2025-01-01,31,1224234.16,777039.21,5016937.78,198174.31,121268.85,346182.12,75505.13,2416164.14,447194.94999999995,36.528546957062524,423087.57999999996,6.456479564268064,0.16187614794215513,0.15606529045040085,0.061675398765216626,0.28277443262978386,6.044029167063236,4.376521786962151,7.329677354367026,0.1319163958872105,0
MSME024,2025-02-01,31,1265584.95,796837.74,5384442.95,198435.74,124358.71,357875.06,75505.13,2340659.01,468747.20999999996,37.03798863916642,431952.09,6.757263969450042,0.15679369448886066,0.15606528626518118,0.05966026223684155,0.28277442774584194,3.377686340658892,2.5479447813193445,7.32528857473691,0.13191921798541006,0
MSME024,2025-03-01,31,1265163.22,816691.39,5724507.47,198697.51,127457.17,357755.81,75505.13,2265153.88,448471.82999999996,35.447744837223446,428996.1500000001,7.009388785156655,0.1570528662696976,0.1560652794441729,0.059680149411867986,0.282774431270615,-0.033322931028845204,2.4915549306186335,6.315686193685077,0.13191676055936963,0
MSME024,2025-04-01,31,1281710.82,810034.79,6083274.85,198959.62,126418.31,362435.05,75505.13,2189648.75,471676.03,36.800503096322466,434976.3599999999,7.509893309644144,0.15522972646825278,0.15606528455401278,0.05890964546901461,0.2827744326914553,1.3079419112421053,-0.8150692025784667,6.267218304459643,0.13191408387551729,0
MSME024,2025-05-01,31,1249300.08,809304.52,6431133.4,199222.08,126304.34,353270.12,75505.13,2114143.62,439995.56000000006,35.21936539057934,426187.86,7.9464938611735425,0.15946695528907673,0.15606528430114291,0.06043794538138507,0.28277443158412346,-2.528709245038596,-0.09015291799998604,5.7182777135246665,0.13191621495858286,0
MSME024,2025-06-01,31,1216335.79,759076.87,6777384.03,199484.89,118465.55,343948.66,75505.13,2038638.49,457258.92000000004,37.59314851698971,424968.00000000006,8.928455467230876,0.1640047852246459,0.1560652875643543,0.06207589271051541,0.28277443024183313,-2.638620658697155,-6.206273257932626,5.383975241440342,0.13191810867552167,0
MSME024,2025-07-01,31,1189587.46,772599.77,7092700.54,199748.04,120576.0,336384.92,75505.13,1963133.36,416987.68999999994,35.053134302542155,415556.95999999996,9.180303716631963,0.16791370682404472,0.15606528073390444,0.06347169295143713,0.2827744334157658,-2.1990909270210746,1.7814928282559928,4.652481084209703,0.1319147530421949,0
MSME024,2025-08-01,31,1154447.7,715402.57,7429332.05,200011.55,111649.51,326448.29,75505.13,1887628.23,439045.13,38.03075098161658,414810.32999999996,10.384827174998827,0.17325301960409292,0.15606529062371136,0.06540368177787527,0.28277442971214717,-2.9539450592392824,-7.40321214436811,4.746168375522597,0.13192119432059446,0
MSME024,2025-09-01,31,1144274.85,708338.99,7774414.52,200275.39,110547.13,323571.67,75505.13,1812123.1,435935.8600000001,38.09712850020256,413299.93,10.975556378733295,0.17502385025765443,0.15606529015154172,0.06598513460293215,0.28277443133526875,-0.8811876016557418,-0.9873573699909932,4.644865348291982,0.13191238205993994,0
MSME024,2025-10-01,31,1151714.46,722600.08,8087771.89,200539.59,112772.79,325675.4,75505.13,1736617.97,429114.38,37.25874727664703,413442.2,11.19259755686714,0.17412266404990695,0.156065288561828,0.06555889729820706,0.282774430044058,0.6501593563818853,2.013314274850231,4.030623388988008,0.13191835502104343,0
MSME024,2025-11-01,31,1209054.71,762266.45,8431960.16,200804.14,118963.33,341889.76,75505.13,1661112.84,446788.26,36.953518836215444,423730.57,11.061696549808799,0.16608358442274296,0.15606528399616698,0.06244972156801739,0.2827744329286803,4.978686296948975,5.489394631675104,4.2556624331302695,0.13191908889411685,0
MSME025,2023-11-01,12,1255252.83,868742.65,1252868.8,196316.76,159511.21,363956.8,36458.19,1677076.95,386510.18000000005,30.791420721194473,400762.3500000001,1.4421633380150036,0.15639618992135632,0.1836115793324985,0.02904449934600028,0.28994700613421437,2.37403235043121,3.3822360338223723,30.302263642458406,0.3880692905925853,0
MSME025,2023-12-01,12,1302599.88,911655.87,1552111.25,197078.6,167390.57,377684.93,36458.19,1640618.75,390944.0099999999,30.012593736765886,407372.96,1.702518791438265,0.15129634435403144,0.1836115748368954,0.02798878654894395,0.28994700199112566,3.771913424007156,4.939693014956736,23.884579933669038,0.3880667142224681,0
MSME025,2024-01-01,12,1366026.47,935519.37,1892781.07,197843.4,171772.19,396075.28,36458.19,1604160.56,430507.1,31.515282423480418,422146.49000000005,2.0232409191057155,0.1448313076978662,0.18361158037807385,0.02668922660041866,0.289947002271486,4.869230450105677,2.6175995554111875,21.948801672560524,0.38806851682526844,0
MSME025,2024-02-01,12,1432883.71,1002577.61,2228617.66,198611.17,184084.86,415460.34,36458.19,1567702.36,430306.1,30.03077618908795,429986.65,2.222887921863725,0.1386094130416208,0.18361158095282018,0.025443928035164837,0.2899470048410279,4.894285833275247,7.168022614005309,17.743023497165478,0.3880695540007917,0
MSME025,2024-03-01,12,1487257.27,1049185.59,2567674.65,199381.91,192642.62,431225.79,36458.19,1531244.17,438071.67999999993,29.455003437300388,437965.07999999996,2.447302626411405,0.13406013473378417,0.18361157628937697,0.024513707705728683,0.289947004259727,3.794694546426247,4.648815167536013,15.213780097210572,0.3880647800423187,0
MSME025,2024-04-01,12,1528831.7,1065550.12,2929156.61,200155.65,195647.34,443280.17,36458.19,1494785.98,463281.57999999984,30.30298102793132,447788.48,2.7489618320347047,0.13092065660333965,0.18361157896542676,0.023847091867600603,0.2899470033228641,2.795375812820877,1.559736442815618,14.078183931908983,0.38806930879535795,0
MSME025,2024-05-01,12,1514517.08,1038049.45,3317218.48,200932.39,190597.9,439129.69,36458.19,1458327.78,476467.6300000001,31.460036753101527,449464.18000000005,3.195626643798135,0.1326709303271773,0.18361158035390318,0.02407248520432665,0.289947004097174,-0.9363110406462538,-2.5808893907308783,13.248245883309062,0.38806798608983506,0
MSME025,2024-06-01,12,1464285.14,1017796.18,3649478.58,201712.14,186879.16,424565.09,36458.19,1421869.59,446488.95999999985,30.49194093440024,439398.06999999995,3.5856673975726654,0.13775468622183792,0.1836115753549006,0.024898285862547238,0.28994700444750815,-3.3166968311773792,-1.9510891316401047,10.016226003901929,0.3880658563808481,0
MSME025,2024-07-01,12,1448328.8,993775.16,3980546.61,202494.92,182468.63,419938.6,36458.19,1385411.39,454553.64,31.38469938594054,439964.89,4.005480082637606,0.13981281046127095,0.18361158272460745,0.025172592024683898,0.28994700650846683,-1.0897016956683658,-2.360101213977839,9.071652915414564,0.3880678674074822,0
MSME025,2024-08-01,12,1392263.55,938006.74,4347099.25,203280.74,172228.9,403682.65,36458.19,1348953.2,454256.81000000006,32.62721415065417,434734.49,4.634400867951119,0.14600737051544585,0.18361158044557335,0.026186270552008634,0.28994700751879915,-3.8710305284269664,-5.6117743977420425,9.208600624827245,0.38806899452092924,0
MSME025,2024-09-01,12,1366667.78,921445.09,4679545.97,204069.61,169187.99,396261.23,36458.19,1312495.0,445222.69000000006,32.57724346146509,431142.85,5.078485979018023,0.1493191051888265,0.1836115812392033,0.026676702658491005,0.2899470052626835,-1.8384285073038131,-1.7656216414820292,7.647553020557329,0.3880692287916654,0
MSME025,2024-10-01,12,1403074.54,969306.06,5011504.48,204861.53,177975.82,406817.26,36458.19,1276036.81,433768.48,30.915569175676154,433702.97000000003,5.170198234394614,0.14600901389030976,0.18361158290911747,0.025984499725866313,0.28994700452621713,2.663907098183005,5.194120682763637,7.093818762079618,0.3880636612183519,0
MSME025,2024-11-01,12,1457634.26,1007953.52,5357280.59,205656.54,185071.94,422636.69,36458.19,1239578.61,449680.74,30.85003915865699,443221.29,5.315007570984027,0.14108926062152244,0.18361158161340613,0.025011891528949108,0.28994700632242276,3.888583139709745,3.987126625412829,6.8996468302069625,0.38807188445777463,0
MSME025,2024-12-01,12,1490137.79,1041595.94,5703994.52,206454.62,191249.07,432060.99,36458.19,1203120.42,448541.8500000001,30.10069625843125,447266.54,5.476206560482561,0.1385473352769612,0.18361157398520583,0.02446632133260643,0.2899470055047728,2.229882412341211,3.337695571518018,6.471826968465733,0.38806448849133535,0
MSME025,2025-01-01,12,1578474.99,1101562.82,6081485.49,207255.81,202259.69,457674.09,36458.19,1166662.22,476912.1699999999,30.213476489735193,462670.21,5.520779550275671,0.13130129480226987,0.18361158013666437,0.023097097027809103,0.2899470013142242,5.928122928819879,5.75721138083547,6.6180107410061195,0.38807075375693056,0
MSME025,2025-02-01,12,1673485.83,1180351.47,6480350.67,208060.1,216726.2,485222.2,36458.19,1130204.03,493134.3600000001,29.46749540149976,476556.10000000003,5.490187316833689,0.12432737479468231,0.18361158138770312,0.02178577753478797,0.2899470024194946,6.019153968350177,7.152442744935783,6.558680122740856,0.38806632248331585,0
MSME025,2025-03-01,12,1738372.43,1197660.55,6909641.83,208867.51,219904.34,504035.88,36458.19,1093745.84,540711.8799999999,31.10449007753764,492999.05000000005,5.769282314592394,0.12015118647504092,0.18361157508277282,0.02097260021547857,0.2899470051995705,3.877331904268333,1.4664344002553786,6.624505090246924,0.388065756000322,0
MSME025,2025-04-01,12,1765039.43,1248437.66,7304420.5,209678.06,229227.61,511767.89,36458.19,1057287.64,516601.77,29.26856823816112,492218.33999999997,5.85084921260706,0.11879511382927009,0.18361157897143218,0.020655736852292304,0.28994700135395846,1.534021107318173,4.23969128815338,5.713446220699403,0.38806897252712247,0
MSME025,2025-05-01,12,1754036.92,1216204.74,7721074.08,210491.75,223309.27,508577.75,36458.19,1020829.45,537832.1799999999,30.66253474299731,495760.23,6.348498592432718,0.12000417300224217,0.18361157678106071,0.02078530365255938,0.289947004080165,-0.6233577456113859,-2.581860595265917,5.704129163976801,0.38806635276957824,0
MSME025,2025-06-01,12,1658330.37,1132449.89,8139836.37,211308.61,207930.91,480827.92,36458.19,984371.25,525880.4800000002,31.71144239491919,484205.62,7.187811524269741,0.12742250508262715,0.18361157684425225,0.021984877476494625,0.2899470025384628,-5.4563589231633625,-6.886574870609374,5.4236274080665225,0.3880722166070605,0
MSME025,2025-07-01,12,1574348.31,1086734.79,8532527.1,212128.63,199537.09,456477.57,36458.19,947913.06,487613.52,30.972404067305792,469069.11,7.851526590033986,0.13474059625344278,0.1836115783134172,0.02315763911227497,0.28994700035597587,-5.064253873611446,-4.0368320403121665,4.824307420322249,0.38806748101747335,0
MSME025,2025-08-01,12,1519440.19,1046143.77,8883564.49,212951.83,192084.11,440557.13,36458.19,911454.86,473296.4199999999,31.149394567482112,461424.85,8.49172431624766,0.14015150540410543,0.18361157950594112,0.02399448839114885,0.2899470034421033,-3.487672940684905,-3.7351357823006692,4.114108116925874,0.3880664293169689,0
MSME025,2025-09-01,12,1515827.35,1025461.66,9259129.65,213778.23,188286.63,439509.6,36458.19,874996.67,490365.69000000006,32.34970592132409,465001.19999999995,9.02923045411566,0.1410307249041258,0.183611574517569,0.024051677125366554,0.28994700484854025,-0.23777441348316053,-1.976985438626666,4.227640384923914,0.38806898254879485,0
MSME025,2025-10-01,12,1488928.87,1014799.5,9616219.27,214607.83,186328.94,431710.46,36458.19,838538.47,474129.3700000001,31.84365482818532,459989.35000000003,9.475979511223645,0.1441357168391798,0.18361158041563877,0.024486186502650057,0.289947000624684,-1.7745081588612321,-1.039742431716073,3.8566218802217556,0.3880657071582805,0
MSME025,2025-11-01,12,1522295.06,1043143.04,9992380.12,215440.66,191533.14,441384.89,36458.19,802080.28,479152.02,31.475633902405225,465292.41000000003,9.579108268795043,0.14152358873187174,0.18361157833157762,0.023949489792077498,0.2899470027840726,2.2409525849277134,2.7930187194613376,3.911733285590935,0.3880706496123709,0
MSME026,2023-11-01,52,707553.14,452840.05,650907.38,148686.36,67821.72,116026.5,23057.78,1060657.8,254713.09000000003,35.999146297336765,196891.13999999998,1.437389162023103,0.21014161565306597,0.14976970345268711,0.0325880540930113,0.16398273633553517,1.8971184838248334,6.420526572392249,43.745785424227805,0.28249614497470876,0
MSME026,2023-12-01,52,722808.43,473427.68,836044.41,149106.38,70905.13,118528.1,23057.78,1037600.02,249380.75000000006,34.501638283327715,196729.34999999998,1.7659390131138932,0.20628754980071276,0.1497697177317558,0.03190026436188631,0.16398273052792148,2.1560627940962807,4.546335952396441,28.442914566431867,0.282487243618057,0
MSME026,2024-01-01,52,760271.22,498161.34,1043263.67,149527.59,74609.48,124671.35,23057.78,1014542.24,262109.87999999995,34.475838767117864,199589.46000000002,2.0942284883046125,0.19667664126494228,0.14976971115422164,0.030328360976231615,0.16398272974215702,5.18294868254372,5.224379782779076,24.78567615804046,0.2824895889766754,0
MSME026,2024-02-01,52,790837.37,492655.33,1268901.62,149949.99,73784.85,129683.67,23057.78,991484.46,298182.04,37.704596584756736,205848.80999999997,2.57563765726436,0.18960913544083025,0.14976971831401886,0.029156158869933016,0.16398272883842097,4.020427078641764,-1.1052664183053618,21.628084681603067,0.28248967297606065,0
MSME026,2024-03-01,52,795307.16,509069.59,1494383.04,150373.59,76243.21,130416.64,23057.78,968426.68,286237.57,35.99082020083913,204547.01999999996,2.935518187208943,0.1890761174588193,0.14976972008876036,0.028992295253572213,0.16398273089858764,0.5651971150528734,3.331793852712406,17.769811027587767,0.2824941835608108,0
MSME026,2024-04-01,52,783844.08,500741.08,1719307.8,150798.38,74995.85,128536.89,23057.78,945368.91,283102.99999999994,36.11725944271977,204339.42,3.4335265642675052,0.1923831331353552,0.14976971731578326,0.02941628391197392,0.1639827272791293,-1.4413399723447795,-1.6360258329317978,15.051345871805388,0.28248976432629913,0
MSME026,2024-05-01,52,775825.62,504364.4,1931451.4,151224.37,75538.51,127222.0,23057.78,922311.13,271461.22,34.989978804773166,202907.86,3.8294760692864123,0.19492056733058133,0.14976971015400767,0.029720312665106365,0.16398272591204194,-1.0229662001146944,0.723591521590361,12.338895920788584,0.28248977210496573,0
MSME026,2024-06-01,52,741758.54,467536.01,2136192.05,151651.56,70022.73,121635.59,23057.78,899253.35,274222.53,36.96924473562515,203264.42000000004,4.569042820894159,0.20444868757426102,0.1497697043699372,0.031085290908817845,0.16398272947420328,-4.391074375708293,-7.301940818979292,10.60035214968391,0.2824875382188674,0
MSME026,2024-07-01,52,702746.6,434514.27,2332439.73,152079.96,65077.08,115238.31,23057.78,876195.57,268232.32999999996,38.16913948783245,202241.19,5.367924349181903,0.21640796269949936,0.14976971872523312,0.032810944940893344,0.1639827357400235,-5.259385352004175,-7.062929762351356,9.18679947339005,0.2824896756749462,0
MSME026,2024-08-01,52,688257.46,424027.73,2539590.33,152509.57,63506.51,112862.34,23057.78,853137.79,264229.73,38.39111747513787,201865.40000000002,5.989208135043433,0.22158796506179534,0.14976970963667874,0.03350167828184528,0.1639827340193305,-2.0617872786577673,-2.4133936959078506,8.881284147908076,0.28248955352172533,0
MSME026,2024-09-01,52,671501.96,429172.59,2729815.44,152940.4,64277.06,110114.73,23057.78,830080.02,242329.36999999994,36.08766383943242,198778.07,6.3606472165428825,0.22775867995977256,0.14976972317826726,0.03433762129301901,0.16398273803996044,-2.4344814221120115,1.2133310243648499,7.490385663895638,0.28249374776938563,0
MSME026,2024-10-01,52,659602.43,417197.28,2927624.97,153372.44,62483.52,108163.41,23057.78,807022.24,242405.15000000002,36.75019056555022,199052.33000000002,7.017363512053578,0.23252255150121262,0.14976972045455328,0.034957087711153516,0.16398273426615484,-1.7720767337745191,-2.7903249832427535,7.246260208712152,0.2824891264832541,0
MSME026,2024-11-01,52,660139.76,411066.87,3105933.6,153805.7,61565.37,108251.52,23057.78,783964.46,249072.89,37.730326984091974,200491.85000000003,7.5557867263786065,0.23298960208062608,0.14976971994848431,0.034928633900191075,0.16398272996009208,0.08146270777078524,-1.4694271256993852,6.090555717592472,0.2824888226333311,0
MSME026,2024-12-01,52,700358.02,465275.98,3282141.05,154240.19,69684.25,114846.62,23057.78,760906.68,235082.04000000004,33.56598101068366,199402.56,7.054181155021156,0.22023049011418475,0.14976971302064637,0.03292284708897886,0.1639827298615071,6.092385648760201,13.187418874208955,5.673252319367017,0.28249278147687296,0
MSME026,2025-01-01,52,707657.48,447481.19,3477058.32,154675.9,67019.13,116043.61,23057.78,737848.9,260176.28999999998,36.765850337652054,203700.38,7.770289338865841,0.21857452845690262,0.1497697143426297,0.032583249173032125,0.16398273639388367,1.0422469353602803,-3.8245666582659155,5.938723139275193,0.2824879818936976,0
MSME026,2025-02-01,52,738347.0,472551.6,3678971.89,155112.85,70773.92,121076.16,23057.78,714791.12,265795.4,35.998710633347194,205415.09000000003,7.7853336863106595,0.2100812355166338,0.14976971826992017,0.031228920819072872,0.16398273440536767,4.336776034643197,5.602561752372193,5.80702281691956,0.28249391146262237,0
MSME026,2025-03-01,52,744520.63,478920.94,3889617.39,155551.02,71727.85,122088.53,23057.78,691733.35,265599.69,35.67391947218441,205911.69999999998,8.121627319114507,0.20892774992682203,0.1497697093804251,0.030969967883898664,0.16398273611303424,0.8361420849546386,1.3478612705998705,5.725662122414321,0.28248465552660473,0
MSME026,2025-04-01,52,757151.48,468078.36,4109521.03,155990.44,70103.96,124159.77,23057.78,668675.57,289073.12,38.17903387047464,210046.25,8.779557828736197,0.20602276310679601,0.14976970949906765,0.030453324874964254,0.1639827343400293,1.6965077247087068,-2.263960310442892,5.653605945030993,0.2824925223891217,0
MSME026,2025-05-01,52,734046.67,472971.11,4313444.23,156431.1,70836.75,120370.98,23057.78,645617.79,261075.56000000006,35.566615948274794,205965.33000000002,9.119889436798795,0.21310783958736573,0.14976971849295403,0.03141187194541731,0.16398273423132617,-3.051543926190292,1.045284383580558,4.962213321487741,0.2824916706434033,0
MSME026,2025-06-01,52,716456.76,456937.93,4512004.74,156873.0,68435.46,117486.54,23057.78,622560.01,259518.83000000002,36.222539096427816,205924.07999999996,9.874436862792283,0.21895668902614585,0.14976970723354047,0.032183072709091334,0.16398273637616315,-2.3962931403258114,-3.3898856951326217,4.6032937813131225,0.28248858443109537,0
MSME026,2025-07-01,52,692018.45,451913.13,4689769.72,157316.15,67682.9,113479.08,23057.78,599502.23,240105.31999999995,34.69637550848535,203112.33,10.377591197671109,0.22732941585589228,0.14976971348453627,0.03331960296723303,0.16398273774348068,-3.410995801058536,-1.0996679570899226,3.9398225454878366,0.28248965723864927,0
MSME026,2025-08-01,52,663067.01,426820.95,4861552.67,157760.55,63924.85,108731.54,23057.78,576444.46,236246.06,35.62928881049292,202567.23999999996,11.390145375947455,0.23792550016928152,0.149769710226267,0.034774434034955226,0.16398273230333082,-4.183622560930267,-5.552434380474846,3.6629293175614697,0.28248847940912647,0
MSME026,2025-09-01,52,665877.1,407270.83,5054160.41,158206.21,60996.84,109192.35,23057.78,553386.68,258606.26999999996,38.836937026367174,206401.72,12.409826674795246,0.23759070555212064,0.14976972448530132,0.034627681294340955,0.16398273795569784,0.42380181152428253,-4.5804030940842955,3.961856490593174,0.28249140865699296,0
MSME026,2025-10-01,52,662021.03,439500.63,5223559.13,158653.13,65823.88,108560.02,23057.78,530328.9,222520.40000000002,33.612285700350036,201389.27000000002,11.885214203219686,0.23964968303197257,0.14976970567709996,0.034829376945925715,0.16398273631881452,-0.5790963527653847,7.913603829667837,3.3516688481994628,0.2824920715817747,0
MSME026,2025-11-01,52,678977.67,415016.3,5424465.56,159101.31,62156.87,111340.61,23057.78,507271.12,263961.37000000005,38.87629618217047,208285.05,13.07048797842398,0.23432480482016438,0.14976970784039087,0.033959555694961216,0.1639827271491859,2.5613446146869334,-5.570943095121395,3.846159773441671,0.28249048726614046,0
MSME027,2023-11-01,84,656178.49,423664.71,465512.47,110650.77,67408.34,159628.17,76757.64,3530851.35,232513.77999999997,35.43453245472889,202870.6,1.0987756568159759,0.1686290722513626,0.15910775292093599,0.1169767695372032,0.24326943420531816,5.597909022053593,5.225064537371771,45.233596913031036,0.29762762637006723,0
MSME027,2023-12-01,84,695165.26,444732.98,620488.33,110980.1,70760.47,169112.45,76757.64,3454093.71,250432.28000000003,36.024855442287205,209332.08000000005,1.3951929762438575,0.1596456359168466,0.15910776394410867,0.11041639221154406,0.2432694205691464,5.941488572720521,4.972864036752078,33.29145189171838,0.29763010234813425,0
MSME027,2024-01-01,84,733714.04,460276.43,788059.8,111310.41,73233.55,178490.19,76757.64,3377336.07,273437.61000000004,37.26759951329267,216567.05,1.7121445910232684,0.1517081641234506,0.1591077561803458,0.10461519858608674,0.2432694214220025,5.545268473283604,3.495007273802808,27.006385438385294,0.2976299354569001,0
MSME027,2024-02-01,84,755304.68,480281.12,961593.47,111641.7,76416.45,183742.54,76757.64,3300578.44,275023.56000000006,36.412267430939266,218967.78999999998,2.002147138325987,0.1478101525863708,0.15910775339242983,0.10162473771511649,0.2432694313505379,2.9426505181773477,4.346233849080661,22.020368251241827,0.29762714915881894,0
MSME027,2024-03-01,84,779946.2,490517.19,1154336.43,111973.98,78045.09,189737.07,76757.64,3223820.8,289429.00999999995,37.10884289198408,223665.96,2.3533047435096006,0.14356628700800134,0.15910775726330814,0.0984140188130925,0.24326943319936686,3.2624609184203512,2.1312663716616553,20.04412113988252,0.2976307240036613,0
MSME027,2024-04-01,84,794262.46,504283.85,1351311.86,112307.24,80235.47,193219.78,76757.64,3147063.16,289978.61,36.509167259396854,225291.55000000002,2.679665152869758,0.14139814690473979,0.1591077525088301,0.09664014587822771,0.24326943514364258,1.8355445542269422,2.8065601533760587,17.06395335716817,0.29762271556303954,0
MSME027,2024-05-01,84,785512.74,499024.44,1534593.79,112641.5,79398.66,191091.24,76757.64,3070305.52,286488.3,36.47150267734677,224334.08,3.075187640108368,0.14339869268065594,0.15910775832943172,0.09771660737163855,0.24326943443336133,-1.1016157052166298,-1.0429463485693624,13.563259187261178,0.29762996579738576,0
MSME027,2024-06-01,84,763733.98,491254.28,1697623.88,112976.75,78162.37,185793.13,76757.64,2993547.88,272479.69999999995,35.67730481233792,220607.51,3.4556928033278402,0.1479268344194925,0.1591077639058941,0.10050310973462252,0.243269430018028,-2.7725533770464383,-1.5570700304778584,10.623664129385002,0.29762565306747923,0
MSME027,2024-07-01,84,738457.04,473808.8,1857944.99,113313.0,75386.66,179644.02,76757.64,2916790.25,264648.24000000005,35.838000813154956,217570.36000000002,3.921296923991281,0.15344562223958214,0.15910776667719131,0.10394327068775727,0.24326942566625132,-3.309652400172103,-3.5512118082716815,9.44385336992315,0.2976276092204744,0
MSME027,2024-08-01,84,720251.83,471243.61,2010686.14,113650.25,74978.52,175215.25,76757.64,2840032.61,249008.21999999997,34.5723828289336,213886.97999999998,4.2667658453766615,0.1577923793681996,0.1591077701828148,0.10657055880024631,0.2432694270280438,-2.465303871976099,-0.541397711481928,8.220972677990845,0.29762692718400263,0
MSME027,2024-09-01,84,706769.44,459731.16,2161640.22,113988.51,73146.8,171935.4,76757.64,2763274.97,247038.27999999997,34.95316379270727,212777.11,4.701965861961587,0.16128103954240014,0.15910777072409016,0.10860350724841754,0.24326943168340726,-1.871899443837588,-2.442993338413657,7.50759041886071,0.2976324293171295,0
MSME027,2024-10-01,84,720998.87,469130.92,2319454.83,114327.77,74642.37,175396.98,76757.64,2686517.33,251867.95,34.93319621984983,215082.38,4.94415254061702,0.1585685841643552,0.159107760366765,0.1064601391122846,0.24326942426414622,2.0133057818685574,2.0446210346064086,7.300688085827711,0.29762648884523735,0
MSME027,2024-11-01,84,754086.57,479431.89,2496518.6,114668.04,76281.33,183446.21,76757.64,2609759.69,274654.67999999993,36.422168346003026,221832.91999999998,5.207243514819175,0.1520621697320508,0.15910775146809697,0.10178889673104774,0.24326942992765407,4.589147275639971,2.195755930988308,7.633852908444005,0.29762672708475435,0
MSME027,2024-12-01,84,792427.24,502172.18,2687031.19,115009.32,79899.49,192773.32,76757.64,2533002.06,290255.06,36.62860706302828,227883.15000000002,5.350816506800516,0.14513549534213388,0.15910775861777132,0.09686395939644882,0.24326942622517622,5.084385735712016,4.743174259851579,7.631130406959508,0.2976243424061442,0
MSME027,2025-01-01,84,804511.78,515666.37,2874564.88,115351.62,82046.52,195713.12,76757.64,2456244.42,288845.41000000003,35.903192119822045,229018.21999999997,5.574466452020131,0.14338089617531766,0.1591077579870101,0.09540896964864827,0.24326942732895718,1.525003103124023,2.6871639922386725,6.979215228238567,0.297628053100385,0
MSME027,2025-02-01,84,857909.9,539637.02,3076567.53,115694.94,85860.44,208703.25,76757.64,2379486.78,318272.88,37.09863704801635,238537.75,5.701179526193365,0.1348567489429834,0.15910776469709212,0.08947051432790319,0.24326942724404974,6.637332271256491,4.6484803730753255,7.027242676115897,0.29762911002031434,0
MSME027,2025-03-01,84,877008.48,560281.68,3295611.7,116039.28,89145.16,213349.35,76757.64,2302729.14,316726.79999999993,36.11445125365263,240243.47,5.882062215562715,0.13231260888150134,0.15910775451376527,0.08752211837221917,0.24326942653963848,2.2261754993152527,3.825656734966043,7.119758232643125,0.297627536692624,0
MSME027,2025-04-01,84,896601.22,577893.1,3513541.21,116384.65,91947.28,218115.67,76757.64,2225971.5,318708.12,35.54625098547156,242553.04,6.079915489560267,0.12980648186046412,0.15910776577882657,0.08560956452858719,0.24326943253545877,2.234042252362256,3.143315340954911,6.612718057773614,0.2976319742763023,0
MSME027,2025-05-01,84,886695.65,561973.49,3727489.19,116731.04,89414.34,215705.94,76757.64,2149213.87,324722.16000000003,36.62160291414535,243022.63999999998,6.632855919947398,0.13164724559097588,0.15910775435332367,0.0865659372525398,0.24326942395623571,-1.10479104634722,-2.7547672744318907,6.0892406609911465,0.2976251593315826,0
MSME027,2025-06-01,84,873741.88,586212.37,3914081.11,117078.46,93270.94,212554.69,76757.64,2072456.23,287529.51,32.90783200182644,236362.21000000002,6.676899550925546,0.13399662151938968,0.1591077649896743,0.08784933142955217,0.24326943101319579,-1.4609037497815613,4.313171427356832,5.005833967287776,0.2976243508153509,0
MSME027,2025-07-01,84,831793.9,540854.57,4096529.51,117426.92,86054.16,202350.03,76757.64,1995698.59,290939.3300000001,34.97733392851283,233722.79,7.574179339928662,0.14117309588348748,0.1591077616298962,0.09227963802090879,0.24326943248802377,-4.800957921348581,-7.737434813939537,4.661334164329567,0.2976294700152371,0
MSME027,2025-08-01,84,820401.82,532308.34,4283013.32,117776.42,84694.39,199578.68,76757.64,1918940.95,288093.48,35.116143452729055,232660.70999999996,8.046113498804097,0.14355943286425182,0.15910776449604377,0.09356103086168191,0.24326942619410571,-1.3695796518825243,-1.580134563714597,4.552238902338601,0.29763192290148677,0
MSME027,2025-09-01,84,813637.88,516062.62,4475061.3,118126.95,82109.57,197933.22,76757.64,1842183.31,297575.26,36.573427481031246,233950.59999999998,8.6715470692297,0.14518369031687658,0.15910776486775965,0.0943388230646292,0.2432694259515056,-0.824466722904138,-3.05193790501197,4.483945429336167,0.29762324241133786,0
MSME027,2025-10-01,84,830779.15,510580.12,4694870.24,118478.53,81237.26,202103.17,76757.64,1765425.67,320199.03,38.542015648803904,239344.44,9.195168507540012,0.14261134261734904,0.15910776157912296,0.0923923524079775,0.24326942966731893,2.106744341844058,-1.0623710742700188,4.911864335802507,0.2976289491940731,0
MSME027,2025-11-01,84,855765.86,556511.78,4896237.32,118831.15,88545.34,208181.67,76757.64,1688668.04,299254.07999999996,34.969153829062535,238467.48,8.798083878835413,0.13885941886020084,0.1591077550954986,0.0896946741951122,0.24326942652281083,3.0076236265679013,8.995975009759483,4.289087231514199,0.2976235441138453,0
MSME028,2023-11-01,37,581185.12,408305.1,444507.63,114911.1,75380.53,93336.94,19333.75,889352.33,172880.02000000002,29.746119446416664,132867.51,1.088665387721094,0.1977185857752174,0.18461814461783604,0.033266078801191604,0.16059760786718008,2.5486768879307453,2.89932295208144,47.11829011036859,0.1837046935934561,0
MSME028,2023-12-01,37,606065.89,416694.94,596610.28,115122.2,76929.45,97332.73,19333.75,870018.58,189370.95,31.245934332321525,135525.47999999998,1.4317675179832998,0.18994997392115237,0.1846181525506405,0.03190040937628085,0.16059760432978665,4.281040436823291,2.0547967683969715,34.218231529569024,0.18370723106817533,0
MSME028,2024-01-01,37,638464.74,447266.56,753105.39,115333.68,82573.53,102535.91,19333.75,850684.83,191198.18,29.946552725840426,135296.06,1.6837954306264256,0.1806422074302803,0.18461816148294208,0.03028162526250079,0.1605976079430792,5.345763642959667,7.336690961498116,26.23070960158447,0.18370045047784167,0
MSME028,2024-02-01,37,677002.96,472172.72,938532.33,115545.55,87171.66,108725.06,19333.75,831351.09,204830.24,30.255442310030666,137098.94999999998,1.9876885941229303,0.1706721489075912,0.18461816260795416,0.028557851504814692,0.1605976139306688,6.0360764793369714,5.568527188797656,24.621645584026417,0.18370175997159954,0
MSME028,2024-03-01,37,694932.72,487222.2,1113780.77,115757.81,89950.06,111604.53,19333.75,812017.34,207710.51999999996,29.889299211584103,137412.28,2.2859811601359707,0.16657412533403235,0.18461814753104436,0.02782103856039474,0.1605976043263584,2.6484020099409866,3.187282823116089,18.67260555637973,0.18370244462031504,0
MSME028,2024-04-01,37,692067.8,499641.87,1276953.5,115970.46,92242.96,111144.43,19333.75,792683.59,192425.93000000005,27.804491120667663,134871.93,2.555737572593746,0.1675709518633868,0.1846181545994134,0.02793620798424663,0.16059760329840514,-0.4122586140425155,2.5490771972213055,14.650345417617515,0.1837025078480714,0
MSME028,2024-05-01,37,688695.1,471380.93,1449124.13,116183.5,87025.48,110602.79,19333.75,773349.85,217314.16999999998,31.554481801888816,139760.81,3.074210341941495,0.16870092440036238,0.18461816009400295,0.028073018088846574,0.16059761424177404,-0.4873366453402528,-5.6562393379882225,13.482920873782778,0.18370195306631754,0
MSME028,2024-06-01,37,672178.02,454945.08,1628533.94,116396.94,83991.12,107950.18,19333.75,754016.1,217232.94,32.317769033863975,140356.0,3.5796275453731687,0.17316385918123298,0.18461815215146407,0.028762841724577663,0.16059760478332807,-2.39831530673007,-3.486744786217799,12.380568806069082,0.18370939074825454,0
MSME028,2024-07-01,37,641841.51,431718.63,1807469.83,116610.76,79703.1,103078.21,19333.75,734682.36,210122.88,32.737502440438924,139985.87,4.186684809038702,0.18168154939059644,0.18461816206541748,0.03012231165915087,0.16059760609749282,-4.513166021108517,-5.105330515938322,10.987544416789996,0.18369898727577105,0
MSME028,2024-08-01,37,636729.96,441513.12,1975825.95,116824.98,81511.34,102257.31,19333.75,715348.61,195216.83999999997,30.659282939976624,137570.94999999998,4.47512397819571,0.18347649292331086,0.18461816038445245,0.030364127989202835,0.16059761032761832,-0.796388192468267,2.2687207174728607,9.314463633398518,0.18370517437671374,0
MSME028,2024-09-01,37,638735.96,442243.25,2138318.47,117039.59,81646.13,102579.47,19333.75,696014.86,196492.70999999996,30.76274428012476,137972.93,4.835163611881018,0.18323626244559646,0.18461814849633093,0.03026876708178447,0.16059761219643873,0.3150472140497351,0.1653699441592993,8.22403005689849,0.18370215000251822,0
MSME028,2024-10-01,37,648380.33,450558.24,2301178.77,117254.59,83181.23,104128.33,19333.75,676681.12,197822.08999999997,30.510192991203166,138201.69,5.107394706619948,0.18084229976563293,0.1846181528052844,0.02981853258873538,0.16059760788856753,1.5099149889729047,1.8801847173472996,7.616278972701385,0.1836985245761813,0
MSME028,2024-11-01,37,679527.39,483150.26,2474628.84,117469.99,89198.31,109130.47,19333.75,657347.37,196377.13,28.8990749879854,137402.15000000002,5.121861757872178,0.1728701325784675,0.1846181558507285,0.028451759685507304,0.1605976029899251,4.8038255571386745,7.233697468278466,7.537444385513781,0.18370282988495745,0
MSME028,2024-12-01,37,703765.99,503875.81,2657680.46,117685.79,93024.62,113023.13,19333.75,638013.63,199890.18,28.402932628216377,137684.3,5.27447519260748,0.16722290032799111,0.1846181502541271,0.027471844724977403,0.16059760148398192,3.5669791029321107,4.2896696361086395,7.3971343516711086,0.18370649388834703,0
MSME028,2025-01-01,37,723795.12,498132.34,2847502.0,117901.98,91964.27,116239.76,19333.75,618679.88,225662.77999999997,31.177715041792485,142177.46999999997,5.716356420464489,0.16289413501433941,0.18461814786006467,0.02671163353519156,0.16059760115542088,2.8459928846519045,-1.1398582519768108,7.142376326159239,0.18370102286775492,0
MSME028,2025-02-01,37,775859.64,534159.58,3061158.97,118118.57,98615.55,124601.2,19333.75,599346.13,241700.06000000006,31.152549706026733,144104.22000000003,5.730794849733858,0.152242189063991,0.1846181435143408,0.02491913356905638,0.16059760499979092,7.193267619709842,7.232463565806624,7.503312376953564,0.18370344586240428,0
MSME028,2025-03-01,37,805115.71,551474.5,3285666.02,118335.56,101812.2,129299.66,19333.75,580012.39,253641.20999999996,31.503696530775677,145823.02000000002,5.95796545443171,0.14697956893674327,0.1846181464419479,0.02401362904718379,0.1605976114911483,3.770794160655133,3.2415256878852716,7.334053938400986,0.18370523788087123,0
MSME028,2025-04-01,37,817824.28,571615.96,3500261.53,118552.95,105530.68,131340.62,19333.75,560678.64,246208.32000000007,30.105283741392476,144362.89,6.123449614667862,0.14496139684187415,0.1846181481706704,0.023640469563950828,0.16059760416993243,1.5784774588487593,3.6522921730741897,6.531263637075324,0.1837064023696655,0
MSME028,2025-05-01,37,814614.1,567679.0,3706066.03,118770.73,104803.85,130825.08,19333.75,541344.89,246935.09999999998,30.31313845414657,144791.96,6.528453633127172,0.14579999290461582,0.1846181556830533,0.02373363043924725,0.1605976130292859,-0.39252686408381976,-0.6887421407897665,5.879689224250617,0.18369850771322582,0
MSME028,2025-06-01,37,781726.32,534631.93,3908347.13,118988.92,98702.76,125543.38,19333.75,522011.15,247094.3899999999,31.60881035705692,145829.53999999998,7.310351123248474,0.15221301490782607,0.18461815402607917,0.024732121082989764,0.1605976117063578,-4.037222041700483,-5.82143605805393,5.458108365111891,0.18370687794879714,0
MSME028,2025-07-01,37,755250.19,527979.64,4093309.91,119207.5,97474.63,121291.37,19333.75,502677.4,227270.54999999993,30.092087762334753,143024.24,7.752779842040879,0.15783842437696044,0.1846181606548313,0.025599132917795097,0.16059760276260243,-3.3868796946737056,-1.2442747293451073,4.732506449599838,0.18369777622992967,0
MSME028,2025-08-01,37,750067.72,520008.79,4290101.48,119426.49,96003.06,120459.08,19333.75,483343.66,230058.93,30.671754545042944,143882.51,8.250055696173906,0.15922094341028303,0.18461814847399022,0.02577600593183773,0.16059760577351603,-0.6861924788128748,-1.5096888963369914,4.807639155765764,0.18370488434034105,0
MSME028,2025-09-01,37,719808.85,494514.86,4467815.62,119645.88,91296.42,115599.58,19333.75,464009.91,225293.99,31.29914143178428,143949.04000000004,9.034744921517627,0.1662189621591899,0.18461815282962377,0.026859561396056747,0.16059760865679826,-4.034151742991954,-4.902595973425761,4.142422756862141,0.18370296238297001,0
MSME028,2025-10-01,37,736763.68,526512.42,4649221.72,119865.67,97203.75,118322.48,19333.75,444676.16,210251.26,28.537136901210978,140984.4,8.830222314603708,0.16269215388033242,0.18461815202763876,0.026241453704666875,0.16059760166244894,2.3554628426699864,6.470495143462429,4.0602861762679465,0.18370043331203956,0
MSME028,2025-11-01,37,769217.28,531447.23,4847956.39,120085.87,98114.81,123534.45,19333.75,425342.42,237770.05000000005,30.91064854913296,145505.51,9.122178301691402,0.15611436862156813,0.18461816048980065,0.025134315755361084,0.16059760123953531,4.404885973749417,0.9372637401412032,4.274579316040872,0.18370564315870475,0
MSME029,2023-11-01,88,628206.89,410964.81,475048.86,90090.77,71610.18,108427.2,39155.92,1801172.23,217242.08000000002,34.5812953436407,126907.79000000001,1.1559356140492905,0.14340939495267235,0.17424893386857135,0.06232965703384755,0.1725979159509059,7.508829206950018,4.950497046999414,42.709384955772144,0.1041923619676366,0
MSME029,2023-12-01,88,656727.26,427909.45,640509.78,90184.63,74562.76,113349.76,39155.92,1762016.31,228817.81,34.84213674943233,128971.63000000002,1.496834856065927,0.1373243285195745,0.17424892112104556,0.05962280292735221,0.17259792139586225,4.539964533021923,4.123136479738987,34.830295140588284,0.10418381372476748,0
MSME029,2024-01-01,88,693740.94,464527.72,810910.31,90278.6,80943.46,119738.24,39155.92,1722860.39,229213.21999999997,33.04017491024819,129073.38000000002,1.7456661359197254,0.13013301478214623,0.1742489339495176,0.05644170286389614,0.17259791529673887,5.636080950865341,8.557481027820234,26.603891981165372,0.10419735602396063,0
MSME029,2024-02-01,88,711150.07,484378.58,971695.39,90372.66,84402.45,122743.02,39155.92,1683704.48,226771.48999999993,31.88799376761644,128713.23,2.006065978392356,0.12707959095047267,0.174248931486607,0.05505999598650114,0.1725979159363649,2.5094569162950053,4.273342396014601,19.82772669396693,0.10418858954392984,0
MSME029,2024-03-01,88,722345.82,480068.44,1139086.78,90466.82,83651.41,124675.38,39155.92,1644548.56,242277.37999999995,33.540358827022764,131490.79,2.3727591424256094,0.12524031771928854,0.17424892584065724,0.05420661256127986,0.17259791162078023,1.574316093366912,-0.8898287781429204,17.226735016207083,0.10419080283794457,0
MSME029,2024-04-01,88,725887.71,463344.3,1320527.5,90561.08,80737.25,125286.7,39155.92,1605392.64,262543.41,36.16859830840779,135110.53,2.8499918958752706,0.12475907602843972,0.17424893324467355,0.05394211730075992,0.1725979077397522,0.4903316253702439,-3.483699115901062,15.92861256804332,0.10419289635690276,0
MSME029,2024-05-01,88,712351.21,467340.44,1488900.23,90655.44,81433.57,122950.33,39155.92,1566236.72,245010.76999999996,34.39465906150422,132172.2,3.185900689441727,0.12726228119974697,0.1742489265427148,0.054967155878067504,0.17259790995511892,-1.8648201110885276,0.8624558454695563,12.750414512382369,0.10419487046753328,1
MSME029,2024-06-01,88,670361.59,447575.56,1634364.47,90749.9,77989.56,115703.01,39155.92,1527080.8,222786.02999999997,33.23371048153281,128463.34999999998,3.6515945374675955,0.13537455211298727,0.17424892458381774,0.05841014846927611,0.1725979109274444,-5.894510939344089,-4.229225273122095,9.769911849634138,0.10419672553572124,0
MSME029,2024-07-01,88,638033.76,423555.25,1768739.28,90844.45,73804.05,110123.3,39155.92,1487924.89,214478.51,33.61554253806256,127163.7,4.175935205619574,0.142381885873876,0.17424893210507958,0.06136966796239747,0.1725979202103663,-4.822446644056678,-5.366760866031206,8.221838669804171,0.10418744263078761,0
MSME029,2024-08-01,88,614324.62,413381.86,1897325.81,90939.1,72031.35,106031.15,39155.92,1448768.97,200942.76,32.709540438083046,124938.9,4.5897655257538394,0.14803101982140973,0.17424893777390235,0.06373815849998002,0.1725979173681823,-3.7159695123342718,-2.401903883849865,7.269953884893643,0.104189083647932,0
MSME029,2024-09-01,88,624898.59,416811.66,2035891.65,91033.85,72628.99,107856.19,39155.92,1409613.05,208086.93,33.29931181313756,126261.05,4.88444025294302,0.14567779709664572,0.1742489401568085,0.06265963890236974,0.17259790904633024,1.7212349392736304,0.8296929139561149,7.303217996069944,0.10419060668074298,0
MSME029,2024-10-01,88,624714.76,397656.22,2190547.61,91128.7,69291.17,107824.46,39155.92,1370457.13,227058.54000000004,36.34595411192142,129661.99,5.508646664699473,0.14587249387224338,0.17424892788046922,0.06267807727161753,0.17259790692315322,-0.029417573177747958,-4.595706367715335,7.596473024485362,0.10419201209219686,0
MSME029,2024-11-01,88,641009.31,423790.88,2335387.0,91223.65,73845.11,110636.87,39155.92,1331301.21,217218.43000000005,33.88693839719738,128015.40999999999,5.510706129400425,0.1423125196106746,0.1742489361734259,0.06108479142058014,0.17259791437350572,2.608318394782283,6.572174326859526,6.6120174397853,0.10419330024460383,0
MSME029,2024-12-01,88,663083.99,430435.47,2500586.23,91318.7,75002.92,114446.91,39155.92,1292145.3,232648.52000000002,35.08582977550099,130762.68999999999,5.809433479076434,0.13771814940065133,0.17424892981054746,0.05905122215362189,0.17259790875059433,3.443737814042036,1.5678935799656513,7.073741097299924,0.10419447149945249,0
MSME029,2025-01-01,88,672788.52,433687.69,2662208.01,91413.85,75569.62,116121.9,39155.92,1252989.38,239100.83000000002,35.53877970450507,131966.13,6.138537180983854,0.1358730823766137,0.1742489393692498,0.05819944727951065,0.17259792126060652,1.4635446106910255,0.7555650560117755,6.463355594819853,0.10419552621752093,0
MSME029,2025-02-01,88,688288.36,472244.62,2815912.35,91509.09,82288.12,118797.14,39155.92,1213833.46,216043.74,31.38855057784211,128018.10999999999,5.962825685552543,0.13295167449875223,0.1742489305648416,0.05688883072205376,0.17259792102252028,2.303820522977995,8.890482918710463,5.773566130920038,0.10418552549749105,0
MSME029,2025-03-01,88,700840.4,470575.52,2970762.51,91604.44,81997.28,120963.59,39155.92,1174677.54,230264.88,32.85553743762489,130570.75,6.3130409121154445,0.1307065631490422,0.17424892820604013,0.05586995270249831,0.17259791244911107,1.8236600717757456,-0.353439706735037,5.49911150466027,0.10419729886943507,0
MSME029,2025-04-01,88,713326.88,458832.79,3149352.75,91699.88,79951.12,123118.73,39155.92,1135521.62,254494.09000000003,35.67706434951673,134867.49,6.863835407229724,0.12855239662355078,0.1742489241015229,0.05489197322831855,0.17259791191381993,1.7816438664209455,-2.4953975506418313,6.011595992572305,0.10418708962143253,0
MSME029,2025-05-01,88,718540.05,466959.27,3319932.56,91795.42,81367.15,124018.51,39155.92,1096365.71,251580.78000000003,35.0127706868949,134446.78,7.109683377738705,0.1277526840709853,0.17424892325191443,0.05449371959155234,0.17259790877349146,0.7308248358732783,1.771120150327543,5.416344993427624,0.10418770449862613,0
MSME029,2025-06-01,88,702254.41,465994.35,3477050.47,91891.07,81199.02,121207.65,39155.92,1057209.79,236260.06000000006,33.64308669845164,131899.7,7.461572162838456,0.13085153854711998,0.17424893670921118,0.05575745690226423,0.17259791932100504,-2.2664902255622343,-0.2066390072950175,4.732563302430459,0.10419909838639274,0
MSME029,2025-07-01,88,667188.29,441809.1,3623334.14,91986.81,76984.76,115155.31,39155.92,1018053.87,225379.19000000006,33.78044749556381,130157.36,8.201130624063651,0.13787233885654676,0.17424892334721037,0.058687960485637417,0.17259791834775756,-4.993364157015401,-5.190030737497143,4.2071195475054335,0.10418857893372824,0
MSME029,2025-08-01,88,664595.02,439821.96,3773538.75,92082.65,76638.51,114707.71,39155.92,978897.95,224773.06,33.821056919746404,130151.84999999999,8.579696088844676,0.13855452904236326,0.17424893927533766,0.058916962694062915,0.17259790782061532,-0.3886863781736971,-0.44977344287384646,4.145480493830456,0.10418885055367699,0
MSME029,2025-09-01,88,659329.16,436549.5,3932112.2,92178.6,76068.28,113798.84,39155.92,939742.03,222779.66000000003,33.7888377331893,129909.16,9.00725393111205,0.13980664832115117,0.17424892251623242,0.0593875144245099,0.17259791755608078,-0.7923411764355404,-0.7440419755302852,4.202247823743699,0.10419986827052696,0
MSME029,2025-10-01,88,663696.62,445827.82,4079956.72,92274.64,77685.02,114552.65,39155.92,900586.11,217868.8,32.82656464334563,129142.26999999997,9.151417962207923,0.1390313544161186,0.17424892865591027,0.0589967144928356,0.1725979107743535,0.6624096528659473,2.1253763891609045,3.7599262808421408,0.10418904170814702,0
MSME029,2025-11-01,88,674024.79,456725.48,4229355.67,92370.78,79583.93,116335.27,39155.92,861430.2,217299.31000000006,32.2390679428868,129122.12,9.260170179250784,0.1370435944944992,0.1742489383338105,0.05809270012160828,0.17259790993740748,1.556158294131449,2.444365181158936,3.661777814152889,0.10418897326502918,0
MSME030,2023-11-01,82,595353.31,406011.54,470809.64,130181.4,42109.92,138755.61,67055.93,3084572.63,189341.77000000008,31.80326149526238,226827.09000000003,1.1595966952072347,0.21866242752559817,0.10371606678962869,0.1126321612287668,0.23306431268518515,3.950551206366204,2.1949646297171332,28.151795252029665,0.14882148691475194,0
MSME030,2023-12-01,82,614788.91,429863.82,571551.08,130375.14,44583.78,143285.36,67055.93,3017516.71,184925.09000000003,30.079444666625495,229076.72,1.329609642421174,0.21206488581584856,0.10371605593604039,0.10907146975048719,0.23306432121555345,3.2645489113010795,5.8747788301780846,21.39748880248076,0.1488231037613641,0
MSME030,2024-01-01,82,642700.04,446856.63,680780.54,130569.18,46346.21,149790.44,67055.93,2950460.78,195843.41000000003,30.471977253961274,234013.41,1.52348761167536,0.20315726135632414,0.10371606212936797,0.10433472199566067,0.23306430788459262,4.5399533963616845,3.9530682065776146,19.11105828021531,0.14883205494544693,0
MSME030,2024-02-01,82,662440.57,470619.49,788270.13,130763.49,48810.8,154391.26,67055.93,2883404.85,191821.07999999996,28.95672286496583,236343.95,1.6749627815031631,0.1973965604189973,0.10371606156812588,0.10122557862058479,0.23306431850935702,3.0714997310409275,5.317781678656086,15.78916900298002,0.14881766125820484,0
MSME030,2024-03-01,82,676376.59,481054.0,893976.9,130958.1,49893.03,157639.24,67055.93,2816348.93,195322.58999999997,28.877786855396632,238704.30999999997,1.858371201569886,0.19361713864165525,0.1037160692978335,0.09913993327297149,0.2330643051971979,2.1037389059670675,2.2171861178124974,13.40996772261307,0.1488259452236962,0
MSME030,2024-04-01,82,670474.11,465301.76,1006104.42,131153.0,48259.27,156263.59,67055.93,2749293.0,205172.34999999998,30.601084656348622,239157.31999999998,2.162262227419901,0.19561232573171244,0.10371607019066507,0.10001270593431265,0.23306431623437332,-0.8726617815084325,-3.274526352550855,12.542552274001718,0.14882622762546482,0
MSME030,2024-05-01,82,639675.52,443290.42,1104768.72,131348.19,45976.34,149085.54,67055.93,2682237.07,196385.10000000003,30.700737148734415,234457.38999999998,2.492200756334865,0.20533565205058965,0.10371606947878548,0.10482803844048931,0.23306431986016912,-4.593553955424168,-4.73055163169811,9.80656659872341,0.14882618011025084,0
MSME030,2024-06-01,82,631166.59,425668.58,1218964.88,131543.67,44148.67,147102.41,67055.93,2615181.14,205498.00999999995,32.558442296510016,234497.41000000003,2.86364777029115,0.20841355053346536,0.1037160647375007,0.10624125399286423,0.23306431666479688,-1.3301947212236653,-3.97523591870087,10.336657612825961,0.14882580414699031,0
MSME030,2024-07-01,82,624003.14,436241.96,1315755.68,131739.44,45245.3,145432.86,67055.93,2548125.22,187761.18,30.089781278985228,231927.0,3.0161144517139062,0.2111198350700607,0.103716066194091,0.10746088553336446,0.233064307977681,-1.1349539271398923,2.483946548274707,7.9404092429635975,0.14882510120022285,0
MSME030,2024-08-01,82,611364.73,419982.53,1426492.92,131935.5,43558.94,142487.3,67055.93,2481069.29,191382.19999999995,31.30409567460654,230863.86,3.3965529947162323,0.21580489276834797,0.1037160759996374,0.1096823658767492,0.23306431170800448,-2.025376026152692,-3.7271586621332786,8.41624639613945,0.1488240727302248,0
MSME030,2024-09-01,82,595896.3,411885.37,1528853.3,132131.85,42719.13,138882.16,67055.93,2414013.36,184010.93000000005,30.87968997290301,228294.88,3.711841719457042,0.2217363155300679,0.10371606546743818,0.112529529047252,0.23306431001501435,-2.530147592910692,-1.9279754326924081,7.175666879580467,0.1488227201928316,0
MSME030,2024-10-01,82,597938.12,410568.65,1626823.27,132328.5,42582.57,139358.04,67055.93,2346957.44,187369.46999999997,31.335929878496454,229103.97000000003,3.962366025754767,0.2213080176256366,0.10371607768883473,0.11214526680453153,0.2330643177591688,0.3426468665772786,-0.3196811773139574,6.408068713983206,0.14882861323746166,0
MSME030,2024-11-01,82,616359.38,424334.45,1739026.26,132525.44,44010.3,143651.38,67055.93,2279901.51,192024.93,31.15470231020091,232166.52000000002,4.098244344761544,0.2150132606077967,0.10371606641883543,0.10879355806996885,0.233064320364525,3.0807970563910603,3.3528619391665737,6.8970607975136655,0.14882659442221335,0
MSME030,2024-12-01,82,630065.06,433026.96,1845001.64,132722.67,44911.85,146845.68,67055.93,2212845.58,197038.10000000003,31.272659366320042,234656.49999999997,4.26070847875153,0.21064915105751142,0.10371605961901309,0.10642699342826595,0.2330643124378298,2.223650753883244,2.0485044285233123,6.0939493806148715,0.14882425593154558,0
MSME030,2025-01-01,82,673151.76,471886.53,1971743.12,132920.19,48942.21,156887.65,67055.93,2145789.66,201265.22999999998,29.89893839095065,240865.62999999998,4.17842636872894,0.19745947035776895,0.10371605648501982,0.09961487733464441,0.23306430930225897,6.838452524252014,8.973937789000486,6.869450804390631,0.14882159920379667,0
MSME030,2025-02-01,82,684865.29,472567.23,2090545.2,133118.01,49012.81,159617.66,67055.93,2078733.73,212298.06000000006,30.99851359089903,243722.86000000004,4.423804841482555,0.19437108573570724,0.10371605750149032,0.09791112351452355,0.23306431546560052,1.740102410190536,0.14425077994915103,6.025231116312946,0.14882614898459323,0
MSME030,2025-03-01,82,705779.71,477691.88,2230284.58,133316.12,49544.32,164492.06,67055.93,2011677.8,228087.82999999996,32.317141845860085,248263.86,4.6688768919413075,0.18889197027214058,0.10371606065399311,0.0950097162753517,0.2330643084086393,3.053800551054353,1.0844277120104273,6.684351048712078,0.14882283772119642,0
MSME030,2025-04-01,82,712770.92,476041.17,2375213.6,133514.53,49373.12,166121.47,67055.93,1944621.88,236729.75000000006,33.21259935800973,250262.88,4.989512986870443,0.18731758865807824,0.10371607144819009,0.09407781394897534,0.23306432030083382,0.9905654556150445,-0.3455595686491564,6.498229925438492,0.1488267135287158,0
MSME030,2025-05-01,82,702803.44,462289.72,2520262.04,133713.23,47946.87,163798.4,67055.93,1877565.95,240513.71999999997,34.22204649425165,249564.76,5.451693885816886,0.19025693727395532,0.10371606359752063,0.09541206855788867,0.23306431169431954,-1.3984128308713983,-2.888710234873171,6.1067535147154794,0.1488227535984432,0
MSME030,2025-06-01,82,674071.07,473229.6,2632727.18,133912.23,49081.51,157101.91,67055.93,1810510.02,200841.46999999997,29.795295917387467,241932.63,5.563318904819141,0.19866188590470144,0.10371606087193194,0.0994790208100757,0.23306431174979816,-4.088251190119385,2.36645539078828,4.462438358195486,0.14882596135026294,0
MSME030,2025-07-01,82,654353.22,465559.25,2738054.01,134111.53,48285.97,152506.38,67055.93,1743454.1,188793.96999999997,28.851996785467026,238331.94000000003,5.88121492591974,0.20495280820960887,0.10371605762317042,0.1024766562621943,0.23306430737820777,-2.92518858582671,-1.6208516965126374,4.0006739323441565,0.14882882616471527,0
MSME030,2025-08-01,82,639743.82,447568.33,2845257.92,134311.12,46420.03,149101.45,67055.93,1676398.17,192175.48999999993,30.039444538909333,236992.54,6.35714756671903,0.20994516211192163,0.10371607392328228,0.10481684684347556,0.2330643068970952,-2.2326473765957866,-3.864367424769244,3.9153321887905435,0.1488238930686947,0
MSME030,2025-09-01,82,623694.8,432800.1,2951304.03,134511.01,44888.32,145361.0,67055.93,1609342.24,190894.70000000007,30.607069355075602,234983.69,6.819092763610729,0.21566799979733678,0.10371605736689987,0.10751401166083153,0.23306431286584398,-2.5086635459799944,-3.299659294481372,3.727117645629807,0.1488260986878931,0
MSME030,2025-10-01,82,628430.02,410510.1,3082122.1,134711.19,42576.49,146464.61,67055.93,1542286.32,217919.92000000004,34.6768793763226,238599.31,7.508029887693385,0.21436148133088867,0.10371605960486721,0.10670389361730363,0.23306431159988183,0.759220695763374,-5.150183652915052,4.432551464377599,0.14882053149403163,0
MSME030,2025-11-01,82,649017.25,447092.76,3199162.26,134911.68,46370.7,151262.76,67055.93,1475230.39,201924.49,31.112345627177092,239803.74,7.155477668660972,0.2078707153007104,0.1037160610697431,0.10331917988312328,0.23306431377594355,3.2759781272065913,8.911512773985342,3.797388818567571,0.14882950703649644,0
MSME031,2023-11-01,35,1472538.44,910170.63,1266802.99,245192.32,173779.0,385645.53,76324.14,3510910.51,562367.8099999999,38.19036533946102,457058.8500000001,1.3918302219881562,0.16650996221192027,0.19093013361681424,0.05183167917843965,0.2618916556093436,1.3699887556941404,-1.3531763562660837,44.0308140169666,0.29150073261718923,0
MSME031,2023-12-01,35,1509609.01,930467.02,1679476.81,245907.06,177654.19,395354.0,76324.14,3434586.37,579141.99,38.36370783187098,463606.87000000005,1.8049826311952464,0.1628945365131333,0.19093013097874226,0.050558879480985607,0.26189165365408096,2.5174602572684,2.229954398770273,32.57600615546386,0.2915017892893168,0
MSME031,2024-01-01,35,1502706.93,928626.99,2090535.64,246623.88,177302.87,393546.4,76324.14,3358262.23,574079.94,38.203054004682066,462867.41000000003,2.251211371747875,0.16411974622357003,0.19093012793005296,0.05079110136265892,0.26189165175407825,-0.45720977778213046,-0.1977533819522148,24.475409696189843,0.29150037416576513,0
MSME031,2024-02-01,35,1596880.86,995070.58,2538252.71,247342.8,189988.96,418209.77,76324.14,3281938.09,601810.2800000001,37.686611135160085,475563.6100000001,2.550826806677372,0.15489120459493763,0.1909301348252101,0.04779576354869705,0.2618916542089433,6.266952532121484,7.1550354141656,21.41638063630429,0.2915046182875747,0
MSME031,2024-03-01,35,1634784.25,1014337.58,2991931.48,248063.81,193667.61,428136.35,76324.14,3205613.95,620446.67,37.95281670960557,482532.54999999993,2.949640769496088,0.15174100802598264,0.1909301339303627,0.04668759195594158,0.26189165328697045,2.3735890979368346,1.936244562672118,17.87366436023623,0.29150231985730635,0
MSME031,2024-04-01,35,1645978.56,1033117.21,3457830.82,248786.92,197253.2,431068.05,76324.14,3129289.81,612861.3500000001,37.23385983836874,482601.76999999996,3.346987918244049,0.15114833573530873,0.19093012689237848,0.04637006936469452,0.2618916555024872,0.6847576369787056,1.8514181442434552,15.571858617564317,0.2915016100091483,0
MSME031,2024-05-01,35,1630318.43,1019144.07,3907123.64,249512.14,194585.31,426966.79,76324.14,3052965.66,611174.36,37.48803600288074,481893.61999999994,3.833730436168853,0.15304503427591137,0.1909301302219224,0.04681548008998463,0.26189165388997043,-0.9514176174931555,-1.352522237046072,12.993487633961243,0.2915024632323959,0
MSME031,2024-06-01,35,1560123.9,984972.29,4316521.88,250239.47,188060.89,408583.43,76324.14,2976641.52,575151.6099999999,36.86576495623199,470762.01,4.382379000733106,0.16039717742930545,0.19093013266393516,0.0489218452457526,0.26189165488715355,-4.305571764897486,-3.352988159956616,10.478251463780142,0.2915008464117186,0
MSME031,2024-07-01,35,1467698.21,919062.51,4692193.47,250968.92,175476.73,384377.91,76324.14,2900317.38,548635.7,37.380688772523605,459870.1,5.1054127645789835,0.17099490773379086,0.19093013597083838,0.05200261162681394,0.2618916527805808,-5.92425319553146,-6.691536469518344,8.703108670446479,0.2915007772354983,0
MSME031,2024-08-01,35,1476516.39,946631.01,5084844.36,251700.5,180740.38,386687.32,76324.14,2823993.24,529885.3799999999,35.88753796359822,457647.44000000006,5.371516785616394,0.17046915408775112,0.19093012809711357,0.05169203709279516,0.2618916543147889,0.6008169758549897,2.9996327453287064,8.368173488805454,0.2915022306347659,0
MSME031,2024-09-01,35,1493420.11,927492.1,5488696.35,252434.21,177086.19,391114.26,76324.14,2747669.1,565928.0100000001,37.89476291436842,466462.27999999997,5.917782318577161,0.1690309433425267,0.19093013298981198,0.05110694538591689,0.26189165217548865,1.1448379519851004,-2.021791996862643,7.9422684630606755,0.2915012087779001,0
MSME031,2024-10-01,35,1489843.85,949321.08,5891802.84,253170.06,181254.0,390177.67,76324.14,2671344.96,540522.7700000001,36.28049812065876,462093.73,6.206333098597158,0.1699306004451406,0.19093013293247424,0.05122962382936976,0.26189165394749253,-0.2394677811054846,2.3535488873705823,7.34430298735691,0.2915016946395621,0
MSME031,2024-11-01,35,1556280.57,988364.36,6305626.92,253908.06,188708.54,407576.89,76324.14,2595020.81,567916.2100000001,36.49189104764059,472776.4099999999,6.3798606821476245,0.16315056866641983,0.19093013430795908,0.04904266073308362,0.2618916523516065,4.459307597906981,4.112758140796791,7.023725865205632,0.2915036635848578,0
MSME031,2024-12-01,35,1590654.14,1033711.67,6706386.14,254648.21,197366.7,416579.04,76324.14,2518696.67,556942.4699999999,35.013423471176445,473860.55,6.4876757558517255,0.16009024438210057,0.19093012657968736,0.04798286320117333,0.26189165169494355,2.2087000674948953,4.588116673895448,6.355580897577107,0.291503152755368,0
MSME031,2025-01-01,35,1645969.68,1024956.71,7150674.72,255390.51,195695.12,431065.72,76324.14,2442372.53,621012.97,37.72930799065509,490761.11,6.976562668680905,0.15516112666182286,0.1909301320638215,0.046370319531037776,0.26189165282801563,3.4775340917290842,-0.8469440999926081,6.624858317508098,0.2915001837240583,0
MSME031,2025-02-01,35,1671977.88,1050263.51,7626296.7,256134.98,200526.95,437877.05,76324.14,2366048.39,621714.3699999999,37.1843657405324,493485.08,7.26131740023987,0.15319280420145273,0.19093013142958762,0.045649013012062103,0.26189165253789126,1.58011416103363,2.469060376218235,6.651427992797876,0.29150260908286096,0
MSME031,2025-03-01,35,1720243.24,1090084.1,8096639.02,256881.62,208129.9,450517.35,76324.14,2289724.25,630159.1399999999,36.631978858989726,499269.06999999995,7.4275361139567115,0.14932866121886343,0.19093013098714123,0.044368225507457885,0.2618916555079734,2.886722400896846,3.791485624402968,6.16737505111753,0.29150255072538656,0
MSME031,2025-04-01,35,1736950.63,1110069.08,8583704.68,257630.43,211945.63,454892.87,76324.14,2213400.11,626881.5499999998,36.090925048341745,500577.67000000004,7.732586047707949,0.14832340398759636,0.19093012661878664,0.043941456182896806,0.2618916520384923,0.9712225347852543,1.8333429503283316,6.015652405854688,0.2915000302474047,0
MSME031,2025-05-01,35,1709730.37,1094245.5,9014769.54,258381.43,208924.44,447764.11,76324.14,2137075.97,615484.8700000001,35.998943505928374,497221.10000000003,8.238342803328868,0.1511240804595405,0.19093013405127093,0.044641038925921396,0.26189165137190606,-1.5671291705049661,-1.4254590353962593,5.021897607968495,0.29150283217709294,0
MSME031,2025-06-01,35,1664240.05,1063782.71,9453343.15,259134.62,203108.17,435850.58,76324.14,2060751.82,600457.3400000001,36.07997175647829,491877.0299999999,8.886535813314733,0.15570747741589322,0.1909301289546246,0.04586125661379198,0.2618916543920452,-2.6606721620088036,-2.783908181482131,4.865056261882006,0.2915031471108387,0
MSME031,2025-07-01,35,1596182.06,990934.47,9893169.72,259890.0,189199.25,418026.76,76324.14,1984427.68,605247.5900000001,37.91845586837382,488717.51,9.983677043750431,0.16281977257656935,0.19093013284723057,0.04781668827928062,0.26189165413875154,-4.089433492482053,-6.848037603468848,4.652603454895221,0.29150099666344076,0
MSME031,2025-08-01,35,1534545.97,987955.26,10283765.3,260647.59,188630.43,401884.78,76324.14,1908103.54,546590.71,35.61905089099416,473901.94,10.409140693273905,0.16985323026849433,0.19093013382002744,0.049737278316921325,0.2618916525517968,-3.8614699127742402,-0.30064652004687664,3.948133824191591,0.2915040978875627,0
MSME031,2025-09-01,35,1547231.63,991650.74,10685685.59,261407.38,189336.01,405207.05,76324.14,1831779.4,555580.8899999999,35.90806180713872,477278.4199999999,10.775654329668528,0.16895167790746368,0.19093013534180392,0.04932948533375058,0.26189165354640537,0.8266718787186322,0.3740533756559028,3.9082989379386035,0.2915008728835877,0
MSME031,2025-10-01,35,1557472.9,930666.42,11144512.22,262169.39,177692.26,407889.15,76324.14,1755455.26,626806.4799999999,40.24509704149587,492366.28,11.97476558786767,0.16832998506747696,0.19093012940125206,0.049005115915660556,0.26189165153371213,0.6619092966707374,-6.149778096268044,4.29384362973757,0.29150286422672256,0
MSME031,2025-11-01,35,1586951.18,1005272.68,11579687.71,262933.62,191936.85,415609.27,76324.14,1679131.12,581678.4999999999,36.653837076449946,486606.04000000004,11.518951962367067,0.16568475660353962,0.19093013648794274,0.04809482545014397,0.2618916544111962,1.892699385010177,8.016434073123646,3.9048410680463164,0.2915023756205892,0
MSME032,2023-11-01,85,536617.53,338763.81,488974.54,98774.68,67743.1,98605.37,41212.53,1895776.59,197853.72000000003,36.87052862399035,129636.94999999998,1.4434084325595464,0.18406905193723355,0.19997147865351972,0.07680056594498505,0.18375353857709417,4.556324586863547,3.0311392270318427,39.694598565670304,0.3076008172087308,0
MSME032,2023-12-01,85,545935.61,341574.9,636797.05,99078.51,68305.24,100317.6,41212.53,1854564.06,204360.70999999996,37.433115967650465,131090.87,1.8642969667853229,0.18148387499397595,0.19997148502422163,0.07548972670971216,0.18375353826067511,1.7364471861364583,0.8298082371903881,30.231126144113784,0.3075990729608069,0
MSME032,2024-01-01,85,576483.63,357875.04,798591.01,99383.27,71564.8,105930.91,41212.53,1813351.52,218608.59000000003,37.92104035981039,133749.38,2.231480043984068,0.17239564981229388,0.19997147607723637,0.07148950612873431,0.18375354387773335,5.595535341612901,4.772054386900204,25.407460665843207,0.3075944521168106,0
MSME032,2024-02-01,85,599560.79,392827.68,950418.62,99688.97,78554.33,110171.42,41212.53,1772138.99,206733.11000000004,34.48075882347143,131306.06,2.419428844729068,0.16626999574138263,0.19997147349697966,0.0687378672644687,0.18375354399009314,4.003090252536756,9.766716337635618,19.011935784250824,0.30759704324481163,0
MSME032,2024-03-01,85,623382.63,396550.93,1112899.01,99995.61,79298.88,114548.77,41212.53,1730926.45,226831.7,36.38723459458599,135245.5,2.8064466019534993,0.16040807874290627,0.19997148916029525,0.06611112985294441,0.1837535479613861,3.9732151263593973,0.9478074457482277,17.095665697290308,0.3075967180722117,0
MSME032,2024-04-01,85,632604.19,405705.01,1274042.35,100303.2,81129.43,116243.26,41212.53,1689713.92,226899.17999999993,35.86747979016705,135417.03,3.140317024924095,0.15855601588728016,0.19997147681267233,0.0651474186410305,0.18375354105700756,1.4792776629018345,2.308424796784614,14.479601343162308,0.3076035037938185,0
MSME032,2024-05-01,85,611723.3,406931.14,1412204.12,100611.73,81374.62,112406.33,41212.53,1648501.39,204792.16000000003,33.47790741336811,131643.44,3.470376142754767,0.16447261368007396,0.19997147428923723,0.06737119544081449,0.18375355328136103,-3.300782753272613,0.30222205044991846,10.844362434262877,0.3075973647899577,0
MSME032,2024-06-01,85,593878.3,381450.04,1554349.91,100921.21,76279.13,109127.24,41212.53,1607288.85,212428.26000000007,35.76966189874256,133769.32,4.074845319193045,0.16993584375788776,0.19997148250397354,0.06939558155265144,0.18375354007715047,-2.9171685956706273,-6.261771954832462,10.0655272128791,0.3075983287435857,0
MSME032,2024-07-01,85,573575.95,369150.64,1701774.57,101231.64,73819.6,105396.61,41212.53,1566076.32,204425.30999999994,35.640495386879444,132808.65,4.6099732347748335,0.17649212802593972,0.19997148047745494,0.07185191429312893,0.1837535377834444,-3.4186044514507574,-3.2243803146540406,9.484650724494848,0.30759639128383753,0
MSME032,2024-08-01,85,556166.99,360654.65,1829522.29,101543.03,72120.65,102197.66,41212.53,1524863.78,195512.33999999997,35.15353185560329,131620.04,5.072781648593745,0.182576513575536,0.1999714962776717,0.07410099977346732,0.1837535521480698,-3.0351621263060236,-2.301496754820742,7.506735748201954,0.30760145740995615,0
MSME032,2024-09-01,85,543173.01,358023.74,1955827.5,101855.37,71594.54,99809.97,41212.53,1483651.25,185149.27000000002,34.08661082037195,130070.8,5.462843050575361,0.1875192031356639,0.19997148792423652,0.07587367052718617,0.1837535521140861,-2.3363450606804226,-0.7294817909598628,6.90372621806099,0.30759373636968235,0
MSME032,2024-10-01,85,541487.18,344421.47,2092405.32,102168.68,68874.47,99500.19,41212.53,1442438.71,197065.71000000008,36.393421170192816,132794.4,6.075130333773909,0.18868162308108566,0.19997147680718047,0.07610989054256094,0.1837535470368846,-0.3103670412489712,-3.799264819701631,6.983121977781792,0.3076028293844457,0
MSME032,2024-11-01,85,540334.32,338092.18,2227245.1,102482.95,67608.8,99288.35,41212.53,1401226.18,202242.13999999996,37.429075391694525,134162.5,6.587685938195909,0.18966581652633133,0.1999714988971351,0.07627227898461086,0.18375355094971577,-0.2129062409196969,-1.8376583782654388,6.444247618334287,0.3075991585679727,0
MSME032,2024-12-01,85,555965.32,345879.06,2364579.29,102798.18,69165.95,102160.6,41212.53,1360013.64,210086.25999999995,37.78765553218319,135792.83000000002,6.83643378121821,0.18490034594244117,0.19997148714351196,0.07412787905547778,0.18375354779323289,2.892838641084272,2.3031825225889646,6.166101341967245,0.3075926288226505,0
MSME032,2025-01-01,85,573221.44,375977.24,2507185.9,103114.39,75184.73,105331.47,41212.53,1318801.11,197244.19999999995,34.409773646987105,133261.13,6.668451260507152,0.1798857872448037,0.19997149295526506,0.07189635125999475,0.18375354208663236,3.1038123025371345,8.701937607902588,6.030950647461686,0.30760272214935824,0
MSME032,2025-02-01,85,588103.05,366425.95,2663254.41,103431.56,73274.74,108066.02,41212.53,1277588.57,221677.10000000003,37.69358108243105,138222.84000000003,7.268192686680624,0.17587319093141923,0.19997148127745865,0.07007705537320372,0.1837535445531187,2.596136320372122,-2.540390476827792,6.224847946057777,0.3075904342740188,0
MSME032,2025-03-01,85,611667.64,399006.47,2816966.54,103749.72,79789.92,112396.1,41212.53,1236376.04,212661.17000000004,34.767438408217906,136355.90000000002,7.0599520353642395,0.16961780093516146,0.1999714941965728,0.06737732602627139,0.18375354955838435,4.006881106976068,8.891433589788056,5.771590180151054,0.30760437143169117,0
MSME032,2025-04-01,85,615962.08,392762.74,2983224.79,104068.85,78541.35,113185.22,41212.53,1195163.5,223199.33999999997,36.235889715808476,138712.72,7.595488283842811,0.16895333881592195,0.19997148914889434,0.06690757651834672,0.1837535518420225,0.7020871661610029,-1.5648192371416902,5.902031410000341,0.30759601086152166,0
MSME032,2025-05-01,85,591704.38,377910.4,3124147.96,104388.96,75571.3,108727.78,41212.53,1153950.97,213793.97999999998,36.131890725568056,137545.44,8.266901254900631,0.1764207998595515,0.19997147471993362,0.06965054069736648,0.18375354936530974,-3.938180739957231,-3.7815043249774583,4.723853545075962,0.30759444348620324,0
MSME032,2025-06-01,85,569491.47,361711.8,3256569.31,104710.06,72332.05,104646.08,41212.53,1112738.44,207779.66999999998,36.48512417578441,137024.09000000003,9.00321557107067,0.18386589706075843,0.1999714966445662,0.07236724722145531,0.18375355121649145,-3.7540553612261607,-4.286359941404106,4.23863887675795,0.30759957757984235,0
MSME032,2025-07-01,85,555230.64,360618.22,3386033.07,105032.15,72113.36,102025.6,41212.53,1071525.9,194612.42000000004,35.05073495223535,134944.39,9.389522997479162,0.18916850482170794,0.1999714823061353,0.07422596490712399,0.1837535478949793,-2.504134082991616,-0.30233462109889864,3.975464597128431,0.3076017719787272,0
MSME032,2025-08-01,85,540258.22,340742.98,3525921.12,105355.22,68138.88,99274.36,41212.53,1030313.37,199515.24,36.92960747547719,136490.7,10.347743979934672,0.1950090088402542,0.19997148583956156,0.07628302258871693,0.18375353918724274,-2.696612708549373,-5.511435334576276,4.131325569126831,0.30759153268784534,0
MSME032,2025-09-01,85,533735.31,334783.81,3654341.61,105679.29,66947.22,98075.75,41212.53,989100.83,198951.50000000006,37.275311614665334,136807.81999999998,10.915526679739978,0.19799943533808917,0.1999714980243519,0.07721529609873477,0.18375353506216405,-1.207368950351173,-1.7488753546734848,3.642182726991905,0.3075974783214308,0
MSME032,2025-10-01,85,527686.74,331916.93,3792763.4,106004.36,66373.92,96964.31,41212.53,947888.3,195769.81,37.099626570112406,136594.75,11.42684526516921,0.20088501750110302,0.19997148081599814,0.07810037068583531,0.18375354665914098,-1.1332527353305588,-0.8563377064141786,3.787872201690523,0.3076004768767904,0
MSME032,2025-11-01,85,546490.96,354002.17,3926310.94,106330.43,70790.34,100419.65,41212.53,906675.76,192488.78999999998,35.222685110838796,135959.74,11.09120585334265,0.19456942160580296,0.1999714860504951,0.07541301323630313,0.18375354278504444,3.5635195229654526,6.653845587207607,3.521114446527296,0.3076005552979044,0
MSME033,2023-11-01,35,897292.64,554517.13,793661.23,209817.72,68186.33,246392.27,30589.47,1407115.6,342775.51,38.20108342803302,388023.66,1.4312654867848718,0.23383421488891293,0.122965236439134,0.03409085134143082,0.2745952201279618,3.4007891597286566,-0.8490314984044955,51.789889503917344,0.2265032765518704,0
MSME033,2023-12-01,35,942710.44,595587.89,1074063.53,210292.97,73236.6,258863.78,30589.47,1376526.13,347122.54999999993,36.82175727257247,395920.15,1.8033669724211485,0.2230727072461402,0.12296522684502535,0.03244842605116371,0.2745952192913022,5.061648560942156,7.406580929249196,35.33022521460447,0.22650613113135432,0
MSME033,2024-01-01,35,987735.75,652611.26,1351040.94,210769.3,80248.5,271227.52,30589.47,1345936.66,335124.49,33.928557308976615,401748.32,2.0702078293898882,0.21338632321448323,0.12296523967422811,0.030969285054226296,0.2745952244818516,4.776154807408317,9.574299772952056,25.787805121732397,0.2265078095573081,0
MSME033,2024-02-01,35,1031662.56,668695.08,1640857.77,211246.71,82226.25,283289.61,30589.47,1315347.19,362967.4800000001,35.182771389900985,412310.06999999995,2.4538206113315506,0.20476337728103652,0.12296523850601683,0.02965065437675668,0.2745952222982677,4.447222852873356,2.4645330207756277,21.451372894739972,0.2265083197600326,0
MSME033,2024-03-01,35,1061471.71,654055.92,1987924.34,211725.19,80426.14,291475.06,30589.47,1284757.72,407415.7899999999,38.38216187598631,422774.11,3.039379782695033,0.19946380860211527,0.12296523514380849,0.028817979520151322,0.2745952221373851,2.8894283029908374,-2.1892130565698054,21.151532835170727,0.22650293583270642,0
MSME033,2024-04-01,35,1073235.69,657401.67,2320581.7,212204.77,80837.55,294705.39,30589.47,1254168.25,415834.0199999999,38.74582478709778,426072.61000000004,3.529929730783921,0.19772429483779094,0.12296523372080877,0.02850209910555621,0.2745952196203986,1.1082707046426998,0.5115388298908785,16.733904470428683,0.2265106008406459,0
MSME033,2024-05-01,35,1051698.64,678935.41,2624613.08,212685.42,83485.45,288791.42,30589.47,1223578.78,372763.22999999986,35.44392051319947,417991.38999999996,3.8657772762213125,0.2022303841716483,0.12296523170002283,0.029085774989687164,0.27459522054720925,-2.0067400106681177,3.275583403978888,13.101515882849535,0.22650291979771087,0
MSME033,2024-06-01,35,1015406.21,649404.98,2909611.78,213167.17,79854.24,278825.7,30589.47,1192989.31,366001.23,36.04480910157128,412138.63,4.480427267434876,0.20993289966189987,0.12296524119664128,0.03012535249316626,0.2745952282486041,-3.4508393012659955,-4.349519787162093,10.858693884128613,0.2265082392577833,0
MSME033,2024-07-01,35,979559.63,628991.88,3176735.61,213650.01,77344.13,268982.4,30589.47,1162399.84,350567.75,35.78830111649252,405288.28,5.050519269024585,0.21810822277353345,0.12296522810437553,0.031227777322754717,0.27459522806181796,-3.530269920251916,-3.1433543980522005,9.180737850875765,0.22650767470431266,0
MSME033,2024-08-01,35,969000.16,586415.77,3477411.67,214133.94,72108.75,266082.82,30589.47,1131810.37,382584.39,39.48238666957496,408108.01,5.929942283100606,0.22098442171567856,0.1229652299425713,0.031568075282877146,0.2745952281370108,-1.0779813373893332,-6.768944298613199,9.464938128735234,0.22650595710245192,0
MSME033,2024-09-01,35,961114.5,619709.15,3746052.23,214618.97,76202.68,263917.45,30589.47,1101220.9,341405.35,35.52181868029251,402333.74000000005,6.0448554454940675,0.2233021872003804,0.12296523296452859,0.03182708199699411,0.27459522252551594,-0.8137934672786895,5.677435993919477,7.725302192938233,0.22650776425259256,0
MSME033,2024-10-01,35,979068.31,626987.22,4041049.3,215105.09,77097.63,268847.48,30589.47,1070631.43,352081.0900000001,35.96082994454187,406854.93999999994,6.445186075722564,0.21970386315537063,0.12296523364543221,0.03124344817166026,0.2745952220637189,1.8680198873287202,1.1744331998325253,7.874878722659995,0.2265037428890837,0
MSME033,2024-11-01,35,986965.32,634693.56,4328109.5,215592.32,78045.24,271015.96,30589.47,1040041.96,352271.7599999999,35.69241521069858,408563.04000000004,6.819211305689,0.21843961042116455,0.12296523065398678,0.03099345983098981,0.2745952208330887,0.8065841698011722,1.2291063923121293,7.1036054917716696,0.22650788970173252,0
MSME033,2024-12-01,35,1023669.72,663306.15,4619824.07,216080.65,81563.6,281094.81,30589.47,1009452.49,360363.56999999995,35.203109260670516,415611.86,6.96484431811766,0.21108434271163165,0.12296524010820645,0.029882167463154037,0.27459521807482984,3.718914865215317,4.508095213696506,6.739999762020821,0.22650621320832176,0
MSME033,2025-01-01,35,1066131.82,671571.68,4945278.25,216570.09,82579.97,292754.71,30589.47,978863.03,394560.14,37.0085699158665,426744.8300000001,7.363738521552904,0.2031363157325142,0.12296523581816314,0.02869201483921566,0.2745952278208899,4.148027353978989,1.2461108644929775,7.044731034530494,0.22650801911230367,0
MSME033,2025-02-01,35,1108284.11,717514.27,5261811.05,217060.63,88229.31,304329.52,30589.47,948273.56,390769.8400000001,35.258995096482984,433160.84,7.333388714345709,0.19585287566741347,0.12296523384824108,0.02760074760974422,0.2745952208951187,3.9537596767349026,6.841055298817844,6.400707584047471,0.22650403848472056,0
MSME033,2025-03-01,35,1137246.26,721523.67,5604726.94,217552.29,88722.33,312282.39,30589.47,917684.09,415722.58999999997,36.55519517821936,441112.35000000003,7.767904468054389,0.19129743280052644,0.12296523827139309,0.026897841809565504,0.2745952226741111,2.6132423751884293,0.5587902802267619,6.517069631377215,0.22650814198779123,0
MSME033,2025-04-01,35,1152486.68,713336.34,5970332.31,218045.06,87715.57,316467.34,30589.47,887094.62,439150.33999999997,38.104591369333654,446796.83,8.369589456216405,0.18919529725063722,0.12296523404373316,0.02654214623981598,0.2745952256905911,1.3401160800476042,-1.1347278461426025,6.523161144403566,0.2265064642619885,0
MSME033,2025-05-01,35,1126785.23,723020.19,6294832.86,218538.95,88906.35,309409.84,30589.47,856505.15,403765.04000000004,35.83336284945802,439042.44000000006,8.706303014857719,0.1939490722646409,0.12296523835662185,0.027147560320789795,0.27459522166438055,-2.23008651171569,1.3575433434388051,5.4352175582668805,0.22650822724441522,0
MSME033,2025-06-01,35,1075469.79,707804.37,6590569.48,219033.95,87035.33,295318.87,30589.47,825915.68,367665.42000000004,34.18649444351199,427317.49,9.311286789596963,0.2036635078331675,0.12296523402363284,0.02844289098999238,0.2745952259616702,-4.5541456023522775,-2.1044806508100367,4.698085343603542,0.22650424558186,0
MSME033,2025-07-01,35,1028189.41,649729.94,6895296.93,219530.08,79894.19,282335.9,30589.47,795326.21,378459.4700000001,36.80834156811633,421971.79,10.612558396185344,0.2135113218098599,0.12296522767597874,0.02975081215823843,0.2745952226837271,-4.396253659528638,-8.204870224240079,4.623689211148396,0.22650826504291288,0
MSME033,2025-08-01,35,990815.23,645183.5,7165767.46,220027.33,79335.14,272073.13,30589.47,764736.74,345631.73,34.88357057248706,412765.31999999995,11.10655721976771,0.22206696398883574,0.12296523392182224,0.030873031695324266,0.2745952239753117,-3.6349508793326324,-0.6997430347753353,3.922536371468488,0.22650654525337988,0
MSME033,2025-09-01,35,974384.75,591014.89,7466029.87,220525.7,72674.28,267561.4,30589.47,734147.27,383369.86,39.34481322701325,415412.82000000007,12.632557988513623,0.22632302075745747,0.12296522681518227,0.03139362556731312,0.2745952253460453,-1.658278910387756,-8.395845523017865,4.190233798069687,0.22650368024736967,0
MSME033,2025-10-01,35,996067.35,612986.04,7784672.25,221025.21,75375.97,273515.34,30589.47,703557.8,383081.30999999994,38.45937827396912,419164.5800000001,12.699591413207386,0.2218978566057807,0.12296523098633698,0.030710242635701292,0.2745952269191436,2.225260606757229,3.71752901183251,4.267895863641913,0.2265087470530558,0
MSME033,2025-11-01,35,1045109.09,666162.17,8088934.25,221525.85,81914.79,286981.96,30589.47,672968.33,378946.9199999999,36.259077987734265,426593.0200000001,12.142590219435606,0.21196433187658908,0.12296523832927947,0.02926916461897772,0.2745952195287097,4.92353654599762,8.674933282330532,3.908475401774303,0.22650809832960306,0
MSME034,2023-11-01,76,1015149.77,639467.94,932317.99,167373.07,74832.48,222192.48,31552.55,1451417.4,375681.8300000001,37.00752747055245,314733.07000000007,1.457958924414569,0.16487524791538888,0.11702303636989214,0.03108166985054826,0.2188765506000164,2.8862125460883625,5.321436800041579,44.7547401604736,0.3789645725189361,0
MSME034,2023-12-01,76,1062664.19,660056.87,1264176.68,168007.36,77241.85,232592.28,31552.55,1419864.85,402607.31999999995,37.8865989640622,323357.79000000004,1.9152541810526114,0.15810014262360716,0.11702302257682737,0.029691929300826446,0.21887655779574167,4.680533001549114,3.219696987467424,35.59501088249944,0.37896777540136206,0
MSME034,2024-01-01,76,1094022.2,669434.43,1608320.13,168644.05,78339.25,239455.81,31552.55,1388312.29,424587.7699999999,38.8097947189737,329760.61,2.4025058436268356,0.15415048250391994,0.11702303689399422,0.02884086812863578,0.21887655479020446,2.9508861120087326,1.4207200055352809,27.222733613469273,0.3789655405572745,0
MSME034,2024-02-01,76,1154279.79,718586.23,1947627.85,169283.15,84091.14,252644.78,31552.55,1356759.74,435693.56000000006,37.74592293606735,337836.79,2.710360661934755,0.14665694701282087,0.11702303285160363,0.02733527024673974,0.21887655158546956,5.507894629560539,7.342287429106387,21.09702624936991,0.3789638590866451,0
MSME034,2024-03-01,76,1197932.45,742248.87,2303799.97,169924.68,86860.21,262199.33,31552.55,1325207.19,455683.57999999996,38.039171574323746,345263.8,3.103810680102484,0.14184829870832866,0.11702302759989383,0.026339172964218477,0.21887655685427007,3.781809261340352,3.2929437014121543,18.28748341219295,0.3789686096932865,0
MSME034,2024-04-01,76,1199487.84,745298.78,2660986.07,170568.63,87217.12,262539.77,31552.55,1293654.64,454189.06000000006,37.865249221701156,345891.28,3.57036149985379,0.14220121647919332,0.11702302799958963,0.0263050186486259,0.21887655818169863,0.12983954145329157,0.4109012655014288,15.504214977483466,0.37896202011384883,0
MSME034,2024-05-01,76,1209370.89,763346.36,3005355.38,171215.03,89329.1,264702.93,31552.55,1262102.09,446024.5299999999,36.88070662921281,346588.86,3.9370795977857287,0.1415736325520453,0.11702302477737629,0.02609005249001818,0.21887655159286992,0.8239391572322896,2.4215228153197765,12.941417239361952,0.3789676917731022,0
MSME034,2024-06-01,76,1159890.02,733067.82,3321684.53,171863.87,85785.82,253872.73,31552.55,1230549.53,426822.20000000007,36.798506120433736,339950.77999999997,4.531210400150971,0.14817255691190445,0.1170230334213825,0.02720305326879181,0.21887655348564858,-4.091455351633266,-3.966553269475215,10.52551562138384,0.37896205724461396,0
MSME034,2024-07-01,76,1112600.59,693341.91,3654345.27,172515.18,81136.97,243522.18,31552.55,1198996.98,419258.68000000005,37.68276628363104,334900.39,5.270625094623228,0.15505580488681925,0.11702302836417317,0.02835927850802236,0.21887655119794605,-4.077061547611205,-5.419131615953344,10.014820401984426,0.3789685406246246,0
MSME034,2024-08-01,76,1086212.92,695877.09,3956666.47,173168.95,81433.65,237746.54,31552.55,1167444.43,390335.82999999996,35.93548031080315,329481.83999999997,5.685869712997737,0.15942449846757487,0.11702303635258347,0.029048218281181926,0.2188765532267836,-2.3717109479512444,0.3656464384216962,8.272923811602517,0.378963752639061,0
MSME034,2024-09-01,76,1053917.59,657971.56,4240069.19,173825.2,76997.83,230677.85,31552.55,1135891.88,395946.03,37.56897443945309,327505.22000000003,6.444152677358882,0.16493244030588766,0.11702303667957928,0.02993834650771888,0.2188765537161212,-2.9732043695447685,-5.447158779145889,7.1626638775039275,0.37896516667681457,0
MSME034,2024-10-01,76,1049728.69,651133.81,4550242.46,174483.94,76197.65,229761.0,31552.55,1104339.33,398594.8799999999,37.97122854668285,328047.29000000004,6.988183365873751,0.16621813013417783,0.11702302787809465,0.030057814271990606,0.21887655561743294,-0.3974599190435857,-1.03921664942479,7.315287937553672,0.3789669161893716,0
MSME034,2024-11-01,76,1065796.37,671231.67,4826191.69,175145.17,78549.56,233277.84,31552.55,1072786.77,394564.70000000007,37.02064588566763,329873.45,7.190053606975964,0.16433267641923005,0.11702302425628992,0.029604670167904582,0.2188765570669001,1.5306507436697814,3.0865944436213377,6.064495077477705,0.37896324441093476,0
MSME034,2024-12-01,76,1099240.64,700342.66,5130706.28,175808.91,81956.22,240598.0,31552.55,1041234.22,398897.97999999986,36.2885036710433,334450.69000000006,7.325994221171676,0.1599366904775282,0.11702302984084961,0.028703951484180937,0.21887655099796893,3.137960584346877,4.336951204939421,6.309624846252215,0.37896563176706977,0
MSME034,2025-01-01,76,1175102.66,722734.84,5469028.95,176475.17,84576.62,257202.42,31552.55,1009681.67,452367.81999999995,38.49602553022899,349100.97000000003,7.567130636735321,0.15017851291392706,0.11702302880541915,0.026850888074749148,0.218876553304713,6.901311436229296,3.1973177244407625,6.594075971934221,0.37896827868395544,0
MSME034,2025-02-01,76,1250492.54,779265.82,5849332.58,177143.95,91192.05,273703.5,31552.55,978129.12,471226.7200000001,37.68328917819854,359655.4,7.506209601237226,0.14165934168627667,0.11702303329562178,0.025232097746060923,0.2188765556330308,6.415599467709487,7.821814705930041,6.9537688221599225,0.37896549412588243,0
MSME034,2025-03-01,76,1293411.07,793714.07,6243214.22,177815.26,92882.82,283097.36,31552.55,946576.56,499697.0000000001,38.6340438542868,368029.8,7.86582278930749,0.13747776258015174,0.11702302316500451,0.024394835278470285,0.21887655561816088,3.4321300309396507,1.8540849128991788,6.733787737540475,0.37896298462352096,0
MSME034,2025-04-01,76,1286629.07,770382.26,6635255.39,178489.12,90152.47,281612.94,31552.55,915024.01,516246.81000000006,40.123981498412746,369949.58999999997,8.612938971362087,0.138726167597006,0.11702303477237391,0.024523423833412997,0.218876556240098,-0.5243499268952401,-2.939573693080677,6.279476503370729,0.3789663496822415,0
MSME034,2025-05-01,76,1296658.71,812082.51,7011142.93,179165.53,95032.36,283808.19,31552.55,883471.46,484576.19999999995,37.37114448566037,367941.36,8.63353519336354,0.1381747784658,0.1170230350115532,0.024333735436057803,0.21887655387746557,0.7795284774655187,5.4129296798708815,5.66500485522381,0.3789642752454636,0
MSME034,2025-06-01,76,1221420.65,746255.72,7392611.01,179844.51,87329.11,267340.34,31552.55,851918.91,475164.92999999993,38.90264422825994,359855.74000000005,9.906270480580035,0.14724207421906615,0.11702303601773398,0.025832664610672827,0.21887655166137895,-5.802456684997715,-8.105923867268128,5.440882946027736,0.3789679856387673,0
MSME034,2025-07-01,76,1190169.0,741549.78,7730669.81,180526.06,86778.4,260500.09,31552.55,820366.36,448619.22,37.69374097292065,354247.75,10.42501800755709,0.15168103017302584,0.11702302709873368,0.026510982894025974,0.21887655450612475,-2.5586312135790323,-0.6306068916965835,4.572928286673106,0.37896625257005656,0
MSME034,2025-08-01,76,1189170.26,739547.5,8093500.15,181210.19,86544.09,260281.49,31552.55,788813.8,449622.76,37.80978848226494,354947.58999999997,10.943854383930715,0.1523837217388871,0.11702303097502188,0.026533248485376686,0.21887655515367496,-0.0839158136365481,-0.2700128911102939,4.693388139934029,0.37896467690039515,0
MSME034,2025-09-01,76,1139755.76,702289.78,8428193.92,181896.91,82184.08,249465.82,31552.55,757261.25,437465.98,38.38243203965032,349178.64999999997,12.001020319560965,0.15959288505811106,0.11702303285689278,0.02768360652987619,0.21887656000966382,-4.155376371420527,-5.037907639468731,4.1353402581947085,0.37896323600785653,0
MSME034,2025-10-01,76,1143418.48,754795.66,8733992.12,182586.24,88328.48,250267.5,31552.55,725708.7,388622.81999999995,33.98780296081973,344525.26,11.571333253294009,0.1596845277505048,0.11702303640696608,0.027594927449484635,0.21887655690154667,0.32136007805743105,7.476383893839378,3.62827674472872,0.37896740521869976,0
MSME034,2025-11-01,76,1181875.36,737665.42,9065765.43,183278.18,86323.84,258684.81,31552.55,694156.15,444209.94000000006,37.58517649441478,355639.15,12.28980671209991,0.15507403420272675,0.11702302650976915,0.02669701989556665,0.2188765573384997,3.3633250356422506,-2.26952020365353,3.798644485152125,0.37896612581540534,0
MSME035,2023-11-01,93,1077697.62,787699.94,913714.53,197379.93,143288.83,265858.09,23427.44,1077662.44,289997.68000000017,26.909002545630578,319949.19000000006,1.159977909862479,0.18314963894974545,0.18190788487301396,0.021738416755527394,0.24669080182250008,2.7100463446632084,7.019428925697668,37.94220704444265,0.36534871123432566,0
MSME035,2023-12-01,93,1105791.3,763936.1,1211460.75,198101.05,138966.0,272788.54,23427.44,1054234.99,341855.20000000007,30.91498368634299,331923.58999999997,1.585814245458488,0.17914867841698517,0.18190788470396935,0.021186131596441386,0.246690799611102,2.606823980923334,-3.0168645182326648,32.58635057494379,0.3653461626012211,0
MSME035,2024-01-01,93,1181105.83,828471.54,1524518.21,198824.81,150705.5,291367.94,23427.44,1030807.55,352634.29000000004,29.85628222663163,339487.25,1.8401576112077427,0.16833784488219822,0.18190787821148327,0.019835174295939253,0.24669079823270365,6.810917213763568,8.447753679921677,25.841320901234322,0.36534889643442536,0
MSME035,2024-02-01,93,1205195.85,812501.12,1861030.51,199551.22,147800.36,297310.73,23427.44,1007380.11,392694.7300000001,32.58347844460302,349061.58999999997,2.290495931870223,0.16557576098523738,0.18190788463159285,0.019438699527549813,0.24669080133324386,2.0396157048856445,-1.9276968765879476,22.073353915529825,0.3653517888436486,0
MSME035,2024-03-01,93,1251923.52,873818.22,2182716.28,200280.28,158954.42,308838.02,23427.44,983952.66,378105.30000000005,30.20194875801998,350163.88,2.4979065783270116,0.1599780472212871,0.18190788010806186,0.018713155896296282,0.24669080424337744,3.877184774574194,7.546709597151069,17.285357132592072,0.36534980843514475,0
MSME035,2024-04-01,93,1256027.91,846474.23,2538366.42,201012.0,153980.34,309850.53,23427.44,960525.22,409553.67999999993,32.607052497742664,356882.19000000006,2.99875215338806,0.1600378450189057,0.1819078886784303,0.01865200590964575,0.24669080004758814,0.32784670424594875,-3.129253816657651,16.293924375732427,0.3653480013109611,0
MSME035,2024-05-01,93,1222975.69,859121.9,2847671.38,201746.4,156281.05,301696.85,23427.44,937097.77,363853.7899999999,29.751514521110384,347162.2,3.3146301822826305,0.16496354068983987,0.18190788757683862,0.019156096226246328,0.24669079889887263,-2.6314877031673567,1.4941588948313322,12.185197438910333,0.3653513223091043,0
MSME035,2024-06-01,93,1196794.13,818704.11,3168888.35,202483.48,148928.73,295238.1,23427.44,913670.33,378090.0199999999,31.591901273780476,348792.85,3.8706149282675524,0.1691882295579107,0.1819078812246344,0.019575162856121296,0.2466907988594496,-2.1408078847421796,-4.70454658413434,11.279987299658156,0.36534976584465806,0
MSME035,2024-07-01,93,1146383.25,787260.13,3454223.89,203223.25,143208.82,282802.2,23427.44,890242.88,359123.12,31.32661960997773,342816.63,4.387652515820914,0.17727339439057574,0.18190787840354625,0.020435958044571916,0.24669079908486102,-4.212159697006523,-3.840701373784483,9.004278740208683,0.3653483237249677,0
MSME035,2024-08-01,93,1118397.86,760596.87,3753592.5,203965.73,138358.57,275898.46,23427.44,866815.44,357800.9900000001,31.99228135146826,341505.62000000005,4.935061723301596,0.18237314044932096,0.18190788768299823,0.02094732191279407,0.24669079749490935,-2.4411897155684925,-3.3868424150985565,8.666740186317213,0.3653518974822134,0
MSME035,2024-09-01,93,1107585.66,753907.19,4064445.67,204710.91,137141.66,273231.19,23427.44,843388.0,353678.47,31.93238074245201,340800.43999999994,5.391175099417741,0.18482625533450842,0.18190788179112605,0.021151808700737424,0.24669079771220587,-0.9667579299552864,-0.8795303088743989,8.281484204798462,0.36534568821928737,0
MSME035,2024-10-01,93,1142380.55,797128.66,4362809.03,205458.82,145003.99,281814.77,23427.44,819960.55,345251.89,30.222143575536194,342269.60000000003,5.473155400032914,0.17985146893476084,0.18190788673938782,0.020507562037886586,0.2466907984384013,3.1415078089761517,5.7329961264860785,7.340813095430065,0.3653493602270741,0
MSME035,2024-11-01,93,1213311.53,841120.87,4682618.49,206209.47,153006.52,299312.79,23427.44,796533.11,372190.66000000003,30.675605629495667,352515.74,5.567117232509045,0.1699559139605308,0.18190788679396339,0.019308676643005278,0.2466907983640442,6.20905004028649,5.5188343121422845,7.33035660742638,0.3653530181863207,0
MSME035,2024-12-01,93,1260641.71,881755.41,5006304.66,206962.85,160398.26,310988.71,23427.44,773105.66,378886.29999999993,30.05503443163085,357553.30000000005,5.677656868586721,0.16417261808670444,0.18190788304888314,0.018583741767516163,0.24669079845057643,3.9009091094683646,4.830998902690409,6.912503563791295,0.3653469455112912,0
MSME035,2025-01-01,93,1301510.16,916099.54,5354782.57,207718.99,166645.73,321070.58,23427.44,749678.22,385410.6199999999,29.612570984463147,362143.8400000001,5.845197313383653,0.15959843909324534,0.1819078852501116,0.018000197555123196,0.2466907980188184,3.241876710552427,3.8949724164436983,6.960781128330296,0.3653505931136891,0
MSME035,2025-02-01,93,1389568.46,963846.8,5744140.06,208477.89,175331.33,342793.76,23427.44,726250.77,425721.6599999999,30.636969120614605,375940.32000000007,5.959598620859663,0.15003067211240534,0.18190788204100483,0.016859507591299245,0.24669080356069684,6.765855750215577,5.2120165893763115,7.271210080150814,0.3653493597287394,0
MSME035,2025-03-01,93,1439398.58,979115.49,6155676.1,209239.56,178108.83,355086.39,23427.44,702823.33,460283.0900000001,31.97745894677762,386217.12,6.286976524087061,0.14536596249803163,0.1819078870869462,0.016275853210859774,0.24669080193201245,3.5860140348896508,1.5841407576390631,7.164449955978269,0.3653480951864907,0
MSME035,2025-04-01,93,1442556.61,997813.11,6548953.79,210004.02,181510.07,355865.45,23427.44,679395.89,444743.5000000001,30.830228562052763,384359.39999999997,6.56330702049004,0.1455776629798951,0.18190788252922435,0.016240222281467345,0.24669080404407837,0.21939927160412598,1.9096439787710917,6.388862630377856,0.36535156162629256,0
MSME035,2025-05-01,93,1448767.1,968988.22,6972341.82,210771.27,176266.6,357397.52,23427.44,655968.44,479778.8800000001,33.116356659396814,391902.19000000006,7.195486669590267,0.14548319740281235,0.18190788738381156,0.016170604647220383,0.2466908035114823,0.4305196729853078,-2.8888065020512776,6.464972018072523,0.36535014901142304,0
MSME035,2025-06-01,93,1373342.01,939580.35,7344603.92,211541.32,170917.07,338790.84,23427.44,632541.0,433761.66000000003,31.584387344271224,379415.09,7.816898171614594,0.15403396856694132,0.18190788047025463,0.017058707757727443,0.24669080064040277,-5.2061570144711355,-3.0349047999778556,5.3391257860045505,0.36534865496611335,0
MSME035,2025-07-01,93,1356999.36,971999.57,7688526.69,212314.18,176814.38,334759.26,23427.44,609113.55,384999.79000000015,28.37140542203352,370259.05999999994,7.910010382000478,0.1564585704741968,0.18190787882755957,0.017264149630844335,0.24669080168173402,-1.1899912680891411,3.4503935719813583,4.6826591841592435,0.36534706316477816,0
MSME035,2025-08-01,93,1327329.37,924705.75,8028543.89,213089.87,168211.27,327439.95,23427.44,585686.11,402623.6200000001,30.3333617939909,372318.55000000005,8.682268808212774,0.160540311106052,0.18190788799572188,0.01765005772455709,0.24669080440825322,-2.1864409722345046,-4.865621494050654,4.422397342292372,0.3653500675272925,0
MSME035,2025-09-01,93,1340023.07,945043.86,8382762.52,213868.39,171910.93,330571.36,23427.44,562258.66,394979.2100000001,29.475552984322878,372528.82,8.87023647770168,0.15960052837000785,0.18190788520651305,0.01748286318682558,0.24669079764425247,0.9563338450048642,2.1994142460993737,4.41199095194833,0.36534819792233275,0
MSME035,2025-10-01,93,1364463.37,949386.08,8740718.39,214649.76,172700.81,336600.56,23427.44,538831.22,415077.29000000015,30.420552073889688,378549.51000000007,9.206705864067441,0.15731441731557805,0.18190788093290772,0.01716970972991382,0.24669079976841002,1.823871584539205,0.45947285451914954,4.270142081992345,0.3653508590025778,0
MSME035,2025-11-01,93,1402691.99,972724.48,9121270.44,215433.98,176946.25,346031.21,23427.44,515403.77,429967.51,30.653023833122482,384518.94000000006,9.377033916119803,0.15358609127011555,0.1819078820757138,0.0167017707144674,0.2466908005940777,2.801732962607839,2.458262290932267,4.353784586349074,0.3653486498191194,0
MSME036,2023-11-01,15,1551233.97,1050947.18,1099002.02,251820.21,120394.69,365360.52,55487.75,2552436.7,500286.79000000004,32.250891849667276,496786.04,1.045725266611401,0.1623354148181786,0.11455826923670893,0.03577007148702397,0.2355289576336444,3.849527712906897,-0.04634145374143861,41.13043886849963,0.5694096082964117,0
MSME036,2023-12-01,15,1623378.91,1108389.55,1443999.48,253254.1,126975.19,382352.74,55487.75,2496948.95,514989.35999999987,31.7232998918287,508631.64999999997,1.3027905937943929,0.15600430585857494,0.11455827060080095,0.03418040585484753,0.23552895608333363,4.650809703451753,5.465771362553173,31.39188588570565,0.5694102153278369,0
MSME036,2024-01-01,15,1718422.8,1167883.18,1812813.73,254696.15,133790.68,404738.33,55487.75,2441461.2,550539.6200000001,32.03749507979061,525643.8,1.5522217984165163,0.14821506674608834,0.11455827285739315,0.03228992888129743,0.23552895713441419,5.854695377310293,5.367574062747149,25.54116224473986,0.5694083531125438,0
MSME036,2024-02-01,15,1792316.17,1268914.51,2161544.08,256146.41,145364.65,422142.36,55487.75,2385973.44,523401.6599999999,29.202529596103567,532924.12,1.7034591873332743,0.14291363002098006,0.11455826917764539,0.030958684036198815,0.23552895804092422,4.300069226269576,8.650807865903175,19.236965399638727,0.5694079003550012,0
MSME036,2024-03-01,15,1854498.53,1325927.36,2523624.01,257604.93,151895.94,436788.1,55487.75,2330485.69,528571.1699999999,28.50210779083227,542497.0900000001,1.903289792587129,0.13890813383389417,0.11455826660066808,0.029920622261156497,0.23552895455786638,3.4693856497428177,4.493041063893277,16.750985249396333,0.5694087221444821,0
MSME036,2024-04-01,15,1882084.22,1309071.23,2926358.69,259071.76,149964.93,443285.33,55487.75,2274997.93,573012.99,30.445661459294314,552392.1600000001,2.2354464928543267,0.13765152337338019,0.11455826586304245,0.029482075993389926,0.23552895523453252,1.487501313899653,-1.2712709993404236,15.958584892366767,0.5694106863560533,0
MSME036,2024-05-01,15,1812173.48,1262193.12,3293372.49,260546.93,144594.66,426819.33,55487.75,2219510.18,549980.3599999999,30.34921137903419,542771.6,2.6092461112448464,0.143775931430141,0.11455826981531954,0.03061944709620185,0.23552895719453967,-3.7145383430290946,-3.581020568300153,12.541654625393871,0.5694059437431509,0
MSME036,2024-06-01,15,1733824.58,1197089.88,3662467.84,262030.51,137136.54,408365.89,55487.75,2164022.42,536734.7000000002,30.956689978406015,533259.86,3.0594760687476534,0.15112861648322,0.1145582652490555,0.03200309341559802,0.23552895414598402,-4.323476800907599,-5.157946036023409,11.207215434048878,0.569409894793238,0
MSME036,2024-07-01,15,1722410.34,1172200.71,4020738.76,263522.53,134285.28,405677.51,55487.75,2108534.67,550209.6300000001,31.9441666844615,534914.76,3.4300770556605444,0.15299637019132156,0.1145582653673704,0.03221517469524712,0.2355289564738679,-0.6583272686098374,-2.0791396214960844,9.782227057043592,0.5694069747832042,0
MSME036,2024-08-01,15,1688981.59,1160981.57,4368806.4,265023.06,133000.04,397804.07,55487.75,2053046.91,528000.02,31.261443175351605,529827.09,3.763028210688995,0.15691293591897587,0.11455826986125198,0.03285278556529441,0.23552895564717197,-1.9408121992579352,-0.9571005975589242,8.656808133438654,0.5694124141871093,0
MSME036,2024-09-01,15,1654133.29,1162072.43,4698449.25,266532.12,133125.01,389596.29,55487.75,1997559.16,492060.8600000001,29.747352463960148,523003.3999999999,4.043163858555701,0.16113098116778726,0.11455827241336412,0.03354490858472475,0.2355289578870636,-2.0632729336025557,0.09396014787728113,7.545375551546529,0.5694070546162999,0
MSME036,2024-10-01,15,1621958.71,1147343.65,5025025.53,268049.78,131437.7,382018.24,55487.75,1942071.41,474615.06000000006,29.26184600593193,518630.32,4.379703962278434,0.1652630109184469,0.11455826682790289,0.03421033449119059,0.23552895498800952,-1.9451020177461031,-1.267458001735744,6.950724858845714,0.56940979571245,0
MSME036,2024-11-01,15,1637657.46,1112658.56,5382058.9,269576.08,127464.24,385715.75,55487.75,1886583.65,524998.8999999999,32.05791887639311,527827.5900000001,4.83711633872659,0.1646107849684268,0.11455827023880534,0.03388239076564888,0.23552895487680311,0.9678883872450639,-3.0230776977760665,7.105105593364014,0.5694091597463702,0
MSME036,2024-12-01,15,1699320.75,1183155.58,5747618.46,271111.07,135540.26,400239.24,55487.75,1831095.9,516165.1699999999,30.374793575609544,535810.05,4.8578720813707355,0.15954084595271376,0.11455827305484204,0.03265289969536357,0.2355289547308829,3.765335029219119,6.335907755924697,6.792188023063073,0.5694088288545451,0
MSME036,2025-01-01,15,1740878.38,1201107.5,6090586.42,272654.8,137596.8,410027.27,55487.75,1775608.14,539770.8799999999,31.005662785013154,545085.27,5.07080874942501,0.15661909707902744,0.11455827226122557,0.03187342127828597,0.2355289575139649,2.4455436091155747,1.5172915805375276,5.967131645686874,0.5694086929021402,0
MSME036,2025-02-01,15,1836516.57,1296834.91,6461759.45,274207.32,148563.16,432552.83,55487.75,1720120.39,539681.6600000001,29.386157947924215,558196.99,4.982715533159113,0.14930838331613855,0.11455826709661912,0.030213585276826552,0.23552895577740418,5.49367440590538,7.969928586741815,6.094208412857571,0.5694086441903945,0
MSME036,2025-03-01,15,1869651.19,1282375.65,6844816.33,275768.68,146906.74,440356.99,55487.75,1664632.63,587275.54,31.410968160322998,569218.9299999999,5.337606285646488,0.14749739495525901,0.11455827315498388,0.02967812942691198,0.23552895446770475,1.8042102391703452,-1.1149653582351537,5.928058494966093,0.569408577422359,0
MSME036,2025-04-01,15,1884215.16,1334645.11,7222336.35,277338.93,152894.63,443787.23,55487.75,1609144.88,549570.0499999998,29.16705383051901,568231.5299999999,5.411428323443975,0.14719069026066003,0.11455826635441686,0.029448733445070045,0.23552895625784054,0.7789672254320257,4.075986626851513,5.515414903762639,0.5694083896691904,0
MSME036,2025-05-01,15,1873058.07,1301929.64,7603981.01,278918.12,149146.81,441159.41,55487.75,1553657.12,571128.4300000002,30.491763130440486,570930.72,5.840546813267114,0.1489105567346345,0.11455827213519773,0.029624148278542158,0.2355289550633099,-0.5921346052644938,-2.451248631930336,5.284227173939371,0.5694079803365559,0
MSME036,2025-06-01,15,1798590.57,1262391.75,7945909.87,280506.3,144617.41,423620.16,55487.75,1498169.37,536198.8200000001,29.812166756773333,559509.0499999999,6.294329688070284,0.15595895179190225,0.11455826608499303,0.030850684377823685,0.23552895643170194,-3.97571763485155,-3.0368684132577206,4.496708494541601,0.569407251131615,0
MSME036,2025-07-01,15,1743962.59,1236972.41,8282670.56,282103.53,141705.42,410753.69,55487.75,1442681.62,506990.18000000017,29.0711614404527,551151.7999999999,6.695921827391445,0.1617600811035746,0.114558270543803,0.031817052910521434,0.23552895707470423,-3.037266007682893,-2.013585719330002,4.238163980080478,0.569409671012755,0
MSME036,2025-08-01,15,1670933.95,1167725.79,8621229.84,283709.85,133772.65,393553.33,55487.75,1387193.86,503208.1599999999,30.115383076632078,543490.5299999999,7.382923211792727,0.1697911817519777,0.11455827313705214,0.033207626190131574,0.23552895672506985,-4.1875118433589815,-5.598073121129666,4.087561826194386,0.5694079758590487,0
MSME036,2025-09-01,15,1657878.47,1196248.16,8916831.5,285325.32,137040.12,390478.38,55487.75,1331706.11,461630.31000000006,27.84464110930882,538763.58,7.4539980901621625,0.17210267529440804,0.11455827025054735,0.033469129977904834,0.23552895285503045,-0.7813283104338153,2.442557169179227,3.428764404684981,0.5694092045094745,0
MSME036,2025-10-01,15,1640745.14,1141292.62,9235952.29,286949.99,130744.51,386442.99,55487.75,1276218.35,499452.5199999998,30.440591157259185,542648.47,8.092536592412205,0.17489004416615248,0.11455827165516937,0.03381862828495107,0.23552895606931373,-1.0334490923209927,-4.593991601207548,3.578858588950551,0.5694096829541806,0
MSME036,2025-11-01,15,1660721.8,1175879.42,9544683.28,288583.91,134706.71,391148.07,55487.75,1220730.6,484842.3800000001,29.194677880425253,545025.27,8.11705955360627,0.17377017029583158,0.11455826822787663,0.033411827315086726,0.23552895493995443,1.2175358325303476,3.030493616965635,3.342708800415428,0.5694093246004339,0
MSME037,2023-11-01,87,830595.86,569548.18,618242.76,161879.13,108430.05,145136.09,67246.98,3093361.24,261047.67999999993,31.428964743455374,198585.16999999998,1.085496858228921,0.1948951804310703,0.19037906503362015,0.08096233467862457,0.17473731448649407,3.2173208027593825,3.894152434250242,30.79497769329793,0.6470343378713217,0
MSME037,2023-12-01,87,865573.83,605234.46,757681.06,162926.54,115223.97,151248.04,67246.98,3026114.26,260339.37,30.077084239018642,198950.61000000002,1.2518802382798893,0.18822951243800892,0.19037906400769053,0.07769063443149615,0.1747373069262041,4.2111900244723,6.265717502600032,22.55397216459114,0.6470321405853907,0
MSME037,2024-01-01,87,925310.8,669162.13,895270.54,163980.72,127394.46,161686.32,67246.98,2958867.27,256148.67000000004,27.682446805981304,198272.58000000002,1.337897797653313,0.17721690917257207,0.19037906403938312,0.07267501903144326,0.1747373098855001,6.901429771738843,10.562463677299538,18.15928723360196,0.6470277954714998,0
MSME037,2024-02-01,87,949637.29,664189.51,1053016.04,165041.73,126447.78,165937.07,67246.98,2891620.29,285447.78,30.058611114565647,204531.02000000005,1.5854150421616866,0.17379449157899013,0.19037906816685496,0.07081333126671974,0.17473731470675505,2.6290074643028127,-0.743111389163642,17.61986940841369,0.6470333829489361,0
MSME037,2024-03-01,87,970239.51,674952.61,1224116.95,166109.61,128496.85,169537.04,67246.98,2824373.3,295286.9,30.43443365855097,207149.80000000002,1.8136339231283216,0.17120474716598583,0.19037906972461371,0.069309669732992,0.17473730790451938,2.1694830454688674,1.620486297653212,16.24865182490476,0.6470363586227323,0
MSME037,2024-04-01,87,950902.02,666353.01,1383645.12,167184.39,126859.67,166158.06,67246.98,2757126.32,284549.01,29.92411457912352,206482.78000000003,2.07644461604518,0.17581663145483697,0.1903790754993363,0.07071914727870701,0.17473730889750344,-1.9930635477831693,-1.2741042663721225,13.032102038943272,0.64703059624307,0
MSME037,2024-05-01,87,940834.9,646928.04,1555569.14,168266.13,123161.56,164398.96,67246.98,2689879.34,293906.86,31.238941072445332,209503.52999999997,2.404547405303378,0.17884767029794493,0.19037907214533473,0.07147585617837943,0.17473731044628552,-1.0586916199841534,-2.915117018830604,12.425441864746345,0.6470340921182816,0
MSME037,2024-06-01,87,916725.54,640964.32,1699165.07,169354.87,122026.19,160186.16,67246.98,2622632.35,275761.2200000001,30.081110208841793,207514.84000000003,2.6509511013031117,0.1847389023327527,0.19037906821396863,0.07335563051946822,0.17473731559829783,-2.562549497260358,-0.921852142936963,9.231086314813375,0.6470345517544107,0
MSME037,2024-07-01,87,875872.9,608906.56,1850833.99,170450.65,115923.06,153047.67,67246.98,2555385.37,266966.33999999997,30.480031977242355,207575.26,3.03960264445172,0.1946066033096811,0.19037906242954583,0.07677709859501304,0.17473730492175293,-4.456365424268638,-5.00148900643953,8.926085091897518,0.6470318804531638,0
MSME037,2024-08-01,87,846136.83,576552.63,1994130.12,171553.52,109763.55,147851.67,67246.98,2488138.39,269584.19999999995,31.860591625588498,209641.64,3.4587130753353774,0.20274914637624272,0.19037906391997553,0.07947530188468453,0.1747373057854012,-3.3950211269237918,-5.313447436007268,7.742246510179984,0.6470318535012787,0
MSME037,2024-09-01,87,843764.16,588966.09,2137979.85,172663.52,112126.82,147437.08,67246.98,2420891.4,254798.07000000007,30.197782991872995,207973.77999999997,3.6300559341200787,0.20463481169904157,0.19037907598381432,0.07969878692169148,0.17473731048258792,-0.28041209363265374,2.153048889916609,7.213658153862101,0.6470284025649864,0
MSME037,2024-10-01,87,844357.54,578139.92,2278528.19,173780.71,110065.74,147540.77,67246.98,2353644.42,266217.62,31.529015540028222,211255.74,3.9411362391304854,0.205814127034384,0.1903790694820036,0.07964277786872134,0.17473731566369383,0.07032533830306775,-1.8381652498872914,6.573885156120607,0.6470330270111457,0
MSME037,2024-11-01,87,886112.21,628617.45,2427804.89,174905.13,119675.61,154836.86,67246.98,2286397.44,257494.76,29.05893374384267,210066.38,3.862134100795325,0.19738485490454985,0.19037907713188681,0.0758899146644193,0.17473730556088377,4.945140893749822,8.731023105963676,6.551452848165118,0.6470338393714803,0
MSME037,2024-12-01,87,918831.61,623124.95,2597737.34,176036.83,118629.95,160554.17,67246.98,2219150.45,295706.66000000003,32.1829001943022,217961.05,4.168886737724112,0.1915876947246079,0.1903790724476688,0.07318749079605565,0.17473731666676118,3.6924668942322825,-0.8737428463050145,6.9994277835069285,0.6470364820059693,0
MSME037,2025-01-01,87,962243.81,672549.64,2770748.6,177175.84,128039.38,168139.9,67246.98,2151903.47,289694.17000000004,30.10610897044898,217276.36,4.119768170569536,0.18412780436592258,0.19037907744623878,0.06988559375611883,0.17473731527563682,4.724717731467698,7.9317462733597965,6.660075186816239,0.6470293744780697,0
MSME037,2025-02-01,87,988887.08,702816.65,2932638.69,178322.23,133801.58,172795.47,67246.98,2084656.49,286070.42999999993,28.928523365883187,217316.12000000002,4.1726938170858645,0.18032618041687834,0.19037906970473734,0.0680026884363784,0.17473731176667817,2.7688689418537082,4.500338443419594,5.842828540994294,0.6470351713868006,0
MSME037,2025-03-01,87,1010599.87,699407.78,3116825.43,179476.03,133152.6,176589.5,67246.98,2017409.5,311192.08999999997,30.792809225277257,222912.93000000002,4.456377980239225,0.17759356133699086,0.19037906612934732,0.06654164719019803,0.17473730725890554,2.195679409624818,-0.48502977270102887,6.2805807148373916,0.6470309394403628,0
MSME037,2025-04-01,87,1052591.79,732163.43,3302289.4,180637.3,139388.59,183927.06,67246.98,1950162.52,320428.36,30.441844886515785,225175.77,4.5103173208200245,0.17161192184483975,0.19037906605086788,0.06388704589839143,0.1747373119830243,4.155147971669537,4.683340811564896,5.950412500324087,0.6470334785096288,0
MSME037,2025-05-01,87,1027674.86,727645.45,3445004.63,181806.08,138528.46,179573.14,67246.98,1882915.54,300029.41000000003,29.194974176949316,222850.75999999998,4.734454987659168,0.17691011727191613,0.19037906441935423,0.06543604657216194,0.17473730942488952,-2.3671978288943407,-0.617072611780145,4.321705723308189,0.6470313717045206,0
MSME037,2025-06-01,87,1005604.02,720336.74,3615451.3,182982.42,137137.04,175716.54,67246.98,1815668.55,285267.28,28.36775453622391,221561.92,5.0191127277500796,0.18196269740449128,0.19037907187685582,0.06687222670410566,0.17473730862770417,-2.1476481384394286,-1.0044328594372431,4.94764705149322,0.6470300663212303,0
MSME037,2025-07-01,87,928644.51,654286.21,3741318.42,184166.38,124562.4,162268.84,67246.98,1748421.57,274358.30000000005,29.543953261512314,221872.81999999998,5.718167925318188,0.19831741642450457,0.19037906973463495,0.07241412540090286,0.1747373060978953,-7.6530630814304,-9.169396246538808,3.481366766024485,0.647034835368343,0
MSME037,2025-08-01,87,905636.09,640388.46,3893259.35,185358.0,121916.56,158248.42,67246.98,1681174.59,265247.63,29.28854458527597,221689.86000000004,6.079527651076036,0.2046716137383615,0.190379070853338,0.07425386503755609,0.17473731639824558,-2.4776348486677646,-2.124108652694978,4.0611600762920474,0.6470344913116044,0
MSME037,2025-09-01,87,885172.71,593922.39,4068189.89,186557.32,113070.39,154672.7,67246.98,1613927.6,291250.31999999995,32.903219531022366,228159.63,6.849699486830257,0.21075810165905365,0.19037906619415373,0.07597046230672881,0.1747373119986946,-2.259558803580808,-7.255919321219495,4.493164320018916,0.647028992544163,0
MSME037,2025-10-01,87,903292.46,604709.11,4235030.1,187764.41,115123.96,157838.9,67246.98,1546680.62,298583.35,33.055003027480154,230479.34999999998,7.003417064446077,0.20786668583506168,0.1903790733365998,0.07444651979050063,0.1747373159740534,2.0470298954426536,1.8161834242349295,4.101091996961803,0.6470343806396883,0
MSME037,2025-11-01,87,902592.05,626249.73,4382269.48,188979.31,119224.84,157716.51,67246.98,1479433.64,276342.32000000007,30.616524929507193,227470.98,6.997638913153704,0.20937400235244702,0.19037906810754235,0.07450429017184451,0.17473731349616917,-0.07753967081712831,3.562145772865888,3.4767020900276613,0.6470342276259977,0
MSME038,2023-11-01,80,1178556.33,834578.18,885601.95,209607.03,137986.18,273920.25,25101.1,1154650.45,343978.15,29.186398752785962,345541.10000000003,1.0611371962780047,0.17785066751964243,0.1653364337898218,0.02129817587929802,0.2324201593317139,3.091882632234322,5.162053278132195,36.94912505846148,0.48934656884496164,0
MSME038,2023-12-01,80,1167272.86,829615.07,1091448.52,210632.73,137165.59,271297.75,25101.1,1129549.36,337657.79000000015,28.927065947545472,344764.89,1.3156083579822146,0.18044857994899324,0.16533642524116637,0.021504055187233598,0.2324201643821308,-0.9573975984669247,-0.5946848502557445,23.243689786365085,0.4893442743785892,0
MSME038,2024-01-01,80,1214720.57,857641.63,1350684.93,211663.45,141799.4,282325.55,25101.1,1104448.26,357078.94000000006,29.395973758804466,352189.6,1.5748826581564144,0.17424867515003883,0.1653364237927676,0.020664093965248317,0.23242016063002865,4.064834506646542,3.378260715538839,23.75159297481111,0.48934465218202217,0
MSME038,2024-02-01,80,1271040.16,899849.15,1607650.29,212699.21,148777.84,295415.36,25101.1,1079347.16,371191.0099999999,29.20372004610774,359336.73,1.7865775502482832,0.16734263534206503,0.16533642333273305,0.019748471204875225,0.23242016208205413,4.636423502731968,4.921346926687775,19.02481876361797,0.48934286954123163,0
MSME038,2024-03-01,80,1363801.64,965505.22,1872003.58,213740.04,159633.18,316975.0,25101.1,1054246.07,398296.4199999999,29.204864425885273,371081.86000000004,1.9388849912173443,0.156723700669549,0.16533642355657072,0.01840524256885334,0.23242016338974342,7.298076246465723,7.2963418368511945,16.443457364101242,0.48934361345300825,0
MSME038,2024-04-01,80,1358472.16,977969.17,2109498.73,214785.97,161693.93,315736.32,25101.1,1029144.97,380502.9899999999,28.009627374329106,368828.36000000004,2.1570196635135237,0.15810848122202226,0.16533642875470195,0.01847744896001402,0.23242016236828883,-0.3907811696134966,1.2909251800834465,12.686682468844413,0.4893467784510497,0
MSME038,2024-05-01,80,1337598.03,966527.1,2355288.48,215837.01,159802.14,310884.75,25101.1,1004043.87,371070.93000000005,27.74158765769116,366919.62,2.4368571558935077,0.16136163866808326,0.16533642978039625,0.01876580215956209,0.2324201613843585,-1.5365887218476315,-1.169982689740623,11.651571366435466,0.48934294916935794,0
MSME038,2024-06-01,80,1260745.39,897098.82,2580013.7,216893.2,148323.11,293022.65,25101.1,978942.78,363646.56999999995,28.843775506488267,361592.74000000005,2.8759526180181583,0.17203568755464577,0.16533642302639523,0.019909729751222807,0.2324201637572516,-5.7455706629591985,-7.183272978067556,9.541303407555413,0.4893461042663638,0
MSME038,2024-07-01,80,1236049.23,884175.11,2818150.16,217954.55,146186.36,287282.76,25101.1,953841.68,351874.12,28.467646066168417,359050.95,3.1873212988318573,0.17633160938096293,0.16533643431785813,0.020307524482661585,0.232420160158184,-1.9588538808775646,-1.4406116374113598,9.230046336575647,0.48934222004193284,0
MSME038,2024-08-01,80,1209995.16,861981.0,3029379.06,219021.1,142516.86,281227.27,25101.1,928740.58,348014.1599999999,28.76161587290977,357731.51,3.5144383228864675,0.1810098975933094,0.1653364285291671,0.020744793722976544,0.23242016108560304,-2.1078505101289613,-2.510148696676162,7.495303231109585,0.4893451409938576,0
MSME038,2024-09-01,80,1164128.48,811750.39,3266454.86,220092.87,134211.91,270566.93,25101.1,903639.49,352378.08999999997,30.269690678815792,356447.89,4.0239646327733825,0.18906235332374996,0.1653364281106166,0.021562138914426352,0.23242016207695562,-3.790649873343288,-5.827345382322813,7.825887592951131,0.4893455470728503,0
MSME038,2024-10-01,80,1174738.55,845271.92,3476949.04,221169.88,139754.24,273032.92,25101.1,878538.39,329466.63,28.04595371455206,354448.56,4.113408901599381,0.1882715775352737,0.1653364280692064,0.02136739277007637,0.23242015851101505,0.9114174407965692,4.129536667053535,6.444117216424661,0.48934343034374717,0
MSME038,2024-11-01,80,1207606.61,840447.36,3733444.24,222252.16,138956.57,280672.12,25101.1,853437.29,367159.2500000001,30.403878792945665,363967.71,4.442210681701708,0.18404351065948538,0.16533643463405015,0.020785825277985184,0.2324201587468952,2.7979042655916997,-0.5707701729876558,7.377019250187233,0.4893433047935769,0
MSME038,2024-12-01,80,1190857.2,875363.55,3940709.95,223339.74,144729.48,276779.22,25101.1,828336.2,315493.6499999999,26.49298757231345,355389.48,4.501798081494255,0.18754535808323616,0.1653364250773293,0.02107817797129664,0.2324201591928906,-1.3869922424489034,4.154476730107182,5.551595167254986,0.48934507543143546,0
MSME038,2025-01-01,80,1279553.05,898202.76,4203203.36,224432.64,148505.64,297393.93,25101.1,803235.1,381350.29000000004,29.803398147501586,373320.93,4.679570746364663,0.175399245853855,0.16533643249994023,0.019617084262352386,0.2324201642128085,7.4480676608412955,2.6091113800660315,6.661069028944899,0.4893441713508029,0
MSME038,2025-02-01,80,1362302.08,960253.19,4496625.61,225530.89,158764.83,316626.47,25101.1,778134.0,402048.89000000013,29.512462463538196,383392.53,4.682749983887063,0.16555130709335775,0.16533642549003144,0.01842550222047668,0.2324201619071153,6.467026122910657,6.908287612030928,6.980919666946583,0.48934504357298625,0
MSME038,2025-03-01,80,1407641.48,993067.16,4804485.72,226634.51,164190.18,327164.26,25101.1,753032.9,414574.31999999995,29.45169816962199,389608.59,4.838026987016669,0.16100300624843764,0.16533643102244966,0.01783202637648899,0.23242016141780647,3.3281458397244723,3.417220618657879,6.8464697019772425,0.48934316713775683,0
MSME038,2025-04-01,80,1420317.44,1004926.17,5107028.98,227743.54,166150.9,330110.41,25101.1,727931.81,415391.2699999999,29.24636833298336,391703.04999999993,5.081994212569865,0.16034692920478397,0.16533642466490844,0.017672880225986665,0.23242016235469162,0.9005105476147302,1.1941800592822016,6.297099786155691,0.4893473637355594,0
MSME038,2025-05-01,80,1385307.84,973587.95,5371546.05,228857.99,160969.56,321973.47,25101.1,702830.71,411719.89000000013,29.720461987712426,389861.89999999997,5.517268419355437,0.16520370663606435,0.16533643416601448,0.018119510534207326,0.23242016012845199,-2.4649137589974113,-3.1184599362160226,5.179470706665135,0.48934428612112946,0
MSME038,2025-06-01,80,1332607.93,940106.85,5637842.26,229977.89,155433.91,309724.95,25101.1,677729.61,392501.07999999996,29.45360530760161,384268.93000000005,5.99702284905168,0.17257730861619594,0.16533642957712733,0.018836072812503823,0.23242016126978926,-3.804202104277421,-3.4389394404480855,4.9575337811727405,0.48934275792600346,0
MSME038,2025-07-01,80,1267230.53,883765.85,5898692.33,231103.27,146118.69,294529.93,25101.1,652628.52,383464.68000000005,30.260056944808618,379514.50999999995,6.674496791203236,0.18236876758327467,0.16533642932684037,0.019807840330361988,0.23242016588725967,-4.905974107478106,-5.993042173876296,4.626771342126923,0.4893426928997302,0
MSME038,2025-08-01,80,1229040.69,861342.29,6130346.91,232234.16,142411.26,285653.84,25101.1,627527.42,367698.3999999999,29.917512332321554,375476.74,7.117201815320132,0.1889556317293287,0.16533643088626243,0.020423327074712228,0.23242016503131402,-3.0136458281193823,-2.5372738718066445,3.9272192384375515,0.489344006253134,0
MSME038,2025-09-01,80,1216654.32,892302.91,6342066.35,233370.59,147530.18,282774.99,25101.1,602426.32,324351.41000000003,26.659290537019587,368615.39999999997,7.107526243526427,0.19181339034739134,0.1653364326694844,0.020631250460689605,0.23242015858703396,-1.0078079676922536,3.5944618486107194,3.4536290214610244,0.4893466146410175,0
MSME038,2025-10-01,80,1229306.89,861123.44,6590167.85,234512.57,142375.07,285715.71,25101.1,577325.23,368183.44999999995,29.950491044591804,377853.21,7.6529885773403175,0.19076812462996937,0.1653364237768281,0.02041890450967862,0.23242016482963018,1.0399478136073892,-3.494269675753958,3.9119978617063733,0.48934186608518004,0
MSME038,2025-11-01,80,1280239.16,899245.5,6842278.38,235660.15,148678.04,297553.39,25101.1,552224.13,380993.6599999999,29.759569297973975,384535.5,7.608910336498765,0.18407509890573884,0.16533642926208694,0.019606571009747897,0.2324201596832892,4.1431696522908235,4.427014552060049,3.8255555205623626,0.4893469036649112,0
MSME039,2023-11-01,39,460871.0,344504.16,216630.83,110094.73,51099.01,76612.69,76851.51,3535169.65,116366.84000000003,25.249330072840344,135608.40999999997,0.6288191991643874,0.2388840478138134,0.14832624952917842,0.16675275727915184,0.16623456455277075,0.9009871338439224,-0.4298718569601845,10.49865290911085,0.5287829691524415,1
MSME039,2023-12-01,39,477059.3,361425.81,248707.3,110676.9,53608.93,79303.75,76851.51,3458318.14,115633.48999999999,24.23880846678809,136371.72,0.6881282219440831,0.23199820231992122,0.14832623602614323,0.1610942497085792,0.16623457503081904,3.5125447250966113,4.911885534270488,14.806973688832748,0.5287900701514081,1
MSME039,2024-01-01,39,499832.34,385415.07,276964.56,111262.14,57167.17,83089.41,76851.51,3381466.63,114417.27000000002,22.891129853662534,137184.38,0.7186137272733004,0.2225989218704816,0.14832624474180522,0.1537545769847545,0.1662345617732538,4.773628771098282,6.637395375831079,11.361652834476521,0.5287824288537246,1
MSME039,2024-02-01,39,509694.65,384840.78,307649.59,111850.47,57081.99,84728.87,76851.51,3304615.11,124853.87,24.49581725058326,139497.35,0.7994204512318055,0.21944603499369672,0.14832625066397587,0.15077951083065125,0.16623456808895284,1.9731236278148767,-0.14900559025883275,11.079045636741402,0.5287782528720086,1
MSME039,2024-03-01,39,532365.21,402262.47,342059.44,112441.92,59666.08,88497.5,76851.51,3227763.6,130102.73999999999,24.438625506726858,141273.33999999997,0.8503389341789703,0.21121199862027049,0.14832624082480278,0.14435862553828413,0.16623456668026823,4.447870896820261,4.526986459179283,11.184754057367652,0.5287863341119525,1
MSME039,2024-04-01,39,534503.0,396065.02,387841.41,113036.5,58746.84,88852.87,76851.51,3150912.08,138437.97999999998,25.900318613740236,143142.53,0.9792367172440524,0.21147963622280885,0.14832625208860908,0.14378125099391395,0.16623455808480025,0.401564557533729,-1.540648323468996,13.384214743496026,0.5287885514583923,1
MSME039,2024-05-01,39,529209.51,405064.24,417136.52,113634.22,60081.66,87972.91,76851.51,3074060.57,124145.27000000002,23.458624165691962,141525.47,1.0298033714356025,0.2147244481679855,0.1483262506707578,0.1452194424850755,0.16623455991937863,-0.9903573974327506,2.2721572331734663,7.553373426525045,0.5287849499940211,1
MSME039,2024-06-01,39,519669.83,396085.26,447340.89,114235.1,58749.84,86387.09,76851.51,2997209.06,123584.57,23.781363255203793,141872.35,1.1294055476843545,0.21982245919490842,0.14832624672778782,0.1478852639954103,0.16623456859136887,-1.8026282256341175,-2.2166804949259378,7.240883632054085,0.5287843749884447,1
MSME039,2024-07-01,39,510149.64,378542.85,482424.27,114839.15,56147.84,84804.5,76851.51,2920357.54,131606.79000000004,25.797683597306868,143495.81,1.274424467401775,0.2251087543646997,0.14832624628889438,0.15064503426876866,0.166234558158269,-1.8319689638322867,-4.428947949236994,7.842649930794399,0.5287779325268582,1
MSME039,2024-08-01,39,507197.64,378836.21,517196.93,115446.41,56191.35,84313.78,76851.51,2843506.03,128361.43,25.30797067588879,143568.84,1.365225700045938,0.2276162207694815,0.14832623840260675,0.1515218209611543,0.16623456686430954,-0.5786537455951146,0.07749717106004805,7.2079002161313355,0.5287917926944052,1
MSME039,2024-09-01,39,496985.05,367654.36,557606.83,116056.87,54532.79,82616.09,76851.51,2766654.51,129330.69,26.023054415821967,144140.16999999998,1.5166604579366336,0.23352185342396115,0.14832624315947185,0.15463545633817355,0.16623455775983603,-2.0135326339452253,-2.9516317883129584,7.813252101090384,0.528782142294415,1
MSME039,2024-10-01,39,497573.76,369372.1,594890.66,116670.56,54787.58,82713.96,76851.51,2689803.0,128201.66000000003,25.7653578838241,144596.94,1.6105457342338527,0.23447892429054135,0.1483262542027403,0.15445249765582492,0.1662345699258739,0.11845627951987403,0.467216001463977,6.686401240816964,0.5287838626011565,1
MSME039,2024-11-01,39,520355.71,396099.47,633279.59,117287.49,58751.95,86501.1,76851.51,2612951.48,124256.24000000005,23.87909608986515,145036.64,1.5987892889631992,0.2253986796839416,0.14832625249410206,0.14769033667373418,0.1662345552045542,4.578607601815654,7.235893019532336,6.453106861687807,0.5287794967299364,1
MSME039,2024-12-01,39,539714.94,403734.46,673502.63,117907.69,59884.42,89719.28,76851.51,2536099.97,135980.47999999992,25.194870462544532,147742.55,1.6681821759777453,0.21846289821067397,0.14832625384516346,0.14239277867683264,0.1662345681963149,3.720383888936274,1.9275436041356064,6.351545294551508,0.5287861476104494,1
MSME039,2025-01-01,39,565146.55,422242.54,722453.41,118531.17,62629.65,93946.89,76851.51,2459248.46,142904.01000000007,25.286186388291682,149848.41,1.7109915310759547,0.20973528016759543,0.14832624396395494,0.13598509979402684,0.16623456340660664,4.712044843524277,4.584221024878565,7.268090400775429,0.5287865447961781,1
MSME039,2025-02-01,39,602493.97,466475.91,763803.98,119157.94,69190.62,100155.32,76851.51,2382396.94,136018.06,22.57583756398425,150122.64,1.637392121706778,0.19777449390904278,0.14832624475720516,0.1275556500590371,0.1662345599907,6.60844872891817,10.475820366180999,5.7236313688380225,0.5287807418082657,1
MSME039,2025-03-01,39,608658.35,450696.66,820357.34,119788.03,66850.15,101180.06,76851.51,2305545.43,157961.69,25.952439492533045,154117.94,1.8201984012927896,0.19680668144945354,0.14832626006147903,0.12626378985846493,0.16623457149647253,1.0231438498878198,-3.382650563884426,7.404171944744253,0.5287855765213845,1
MSME039,2025-04-01,39,613138.53,458665.82,874429.26,120421.45,68032.18,101924.82,76851.51,2228693.91,154472.71000000002,25.193769832080203,154314.09000000003,1.9064626616389249,0.19640170060752826,0.14832624763711408,0.1253411851315232,0.16623457018758878,0.7360746796622575,1.768187055124848,6.5912642410196565,0.5287840529642152,1
MSME039,2025-05-01,39,603567.0,436200.57,935435.92,121058.22,64699.99,100333.7,76851.51,2151842.4,167366.43,27.729552808553148,156691.93,2.144508706166982,0.20057130360009742,0.14832623900514388,0.1273288798095323,0.16623456882168838,-1.5610713618013916,-4.897955988959457,6.976740462687636,0.5287845313272754,1
MSME039,2025-06-01,39,592122.31,440929.4,981828.88,121698.36,65401.4,98431.19,76851.51,2074990.88,151192.91000000003,25.534067446301766,154728.15,2.226725820505505,0.20552909077180354,0.14832623998309025,0.12978992465256037,0.16623455718126884,-1.8961755695722227,1.0840953279818155,4.9595016620700205,0.5287868927859707,1
MSME039,2025-07-01,39,558504.98,418696.47,1027133.46,122341.88,62103.68,92842.83,76851.51,1998139.37,139808.51,25.032634444906833,153081.03000000003,2.4531696195098087,0.21905244246882097,0.14832625648838169,0.1376021929115117,0.16623456070167897,-5.677430056638144,-5.042287949045821,4.614305091534887,0.5287828036466546,1
MSME039,2025-08-01,39,526989.29,396209.1,1066396.53,122988.81,58768.21,87603.84,76851.51,1921287.86,130780.19000000006,24.81647966697768,151824.44,2.6914993370924596,0.2333800939294231,0.14832624995236102,0.1458312558875722,0.16623457376145157,-5.642866425291315,-5.370804774160143,3.8225869888417474,0.5287886699141708,1
MSME039,2025-09-01,39,543771.07,388490.14,1112914.77,123639.15,57623.28,90393.55,76851.51,1844436.34,155280.92999999993,28.556305873352173,156409.42,2.8647181882145065,0.2273735342338091,0.14832623551269536,0.14133063386398986,0.1662345700002025,3.184463198483578,-1.9482036126883373,4.362189738183031,0.5287798133830179,1
MSME039,2025-10-01,39,549851.42,406468.75,1159837.44,124292.94,60289.99,91404.31,76851.51,1767584.83,143382.67000000004,26.076620844227342,155407.26,2.853447995694626,0.22604822953808137,0.14832626124394557,0.13976777581114547,0.16623456205678253,1.1181819584480834,4.627816294127829,4.216196178257192,0.5287888181049416,1
MSME039,2025-11-01,39,570095.93,412940.31,1215175.56,124950.18,61249.89,94769.65,76851.51,1690733.31,157155.62000000005,27.566522006217454,158469.94,2.9427390123284405,0.21917395551306598,0.14832625567603222,0.13480452316156685,0.16623456687368385,3.6818146254855577,1.5921420773429729,4.771196211772577,0.5287830507509028,1
MSME040,2023-11-01,78,796184.13,541319.12,689885.18,170073.13,97692.33,205530.42,48031.54,2209450.64,254865.01,32.01081262446163,277911.22000000003,1.2744518981705284,0.2136102989141469,0.18047086531877907,0.06032717582552167,0.2581443315128625,3.640891705371585,0.8668522404609913,29.321418936316633,0.33881055830171647,0
MSME040,2023-12-01,78,823155.73,557712.28,850611.45,170649.36,100650.81,212492.98,48031.54,2161419.1,265443.44999999995,32.24705123537195,282491.52999999997,1.5251797037712707,0.2073111487664673,0.18047085138595118,0.05835048976698492,0.25814432464680775,3.387608341301651,3.0283726168770952,23.297539164415724,0.3388130741169837,0
MSME040,2024-01-01,78,864558.87,589620.17,1030114.15,171227.54,106409.26,223180.96,48031.54,2113387.57,274938.69999999995,31.80103860365228,287999.24,1.7470809216041574,0.19805191519231075,0.18047086143610044,0.05555612424634542,0.25814431815383493,5.029806449868235,5.721209868285482,21.10278435588895,0.33881170137410876,0
MSME040,2024-02-01,78,886494.94,627888.95,1194468.46,171807.68,113315.66,228843.64,48031.54,2065356.03,258605.99,29.171738983642705,287335.66000000003,1.902356236719885,0.19380559577700465,0.18047086192550452,0.05418140344940943,0.2581443273663807,2.5372557914997707,6.490412293731396,15.954960913797755,0.3388123195602777,0
MSME040,2024-03-01,78,926821.16,662960.6,1362958.21,172389.79,119645.07,239253.62,48031.54,2017324.5,263860.56000000006,28.469414746637856,291998.34,2.0558660801260285,0.18600113747942484,0.18047086056094436,0.051823957062007514,0.25814432203943205,4.548950950582986,5.585645359740776,14.105834992076737,0.33881488883384936,0
MSME040,2024-04-01,78,918629.14,637888.2,1531560.18,172973.86,115120.23,237138.9,48031.54,1969292.96,280740.94000000006,30.560857235597823,294992.53,2.4009852823739335,0.18829563799815885,0.1804708568053148,0.0522861053591224,0.258144325793976,-0.8838835746909357,-3.781883870625191,12.37029637174276,0.33880776813985936,0
MSME040,2024-05-01,78,911113.24,659303.83,1683123.12,173559.92,118985.13,235198.71,48031.54,1921261.43,251809.41000000003,27.637553593228436,289773.5,2.5528793303081527,0.19049215002078118,0.18047086121128708,0.05271742072368524,0.25814432243351,-0.8181647710413409,3.3572701297813534,9.895983323358548,0.33881420001844464,0
MSME040,2024-06-01,78,862423.87,610031.49,1839176.79,174147.96,110092.91,222629.83,48031.54,1873229.89,252392.38,29.265467802972566,286684.88,3.014888280603351,0.2019285018166299,0.18047086388933792,0.0556936579225248,0.25814432756829886,-5.343942757323994,-7.473389013984644,9.27167288867139,0.33881094206540396,0
MSME040,2024-07-01,78,821877.82,581884.58,1976314.25,174738.0,105013.21,212163.09,48031.54,1825198.35,239993.24,29.200598210571005,281887.87999999995,3.3964025133644205,0.21260824388715102,0.1804708590146864,0.05844121696823502,0.2581443188234475,-4.701406281808973,-4.6140093522057395,7.456458821449141,0.3388153384053405,0
MSME040,2024-08-01,78,789188.76,539538.28,2118755.89,175330.03,97370.94,203724.6,48031.54,1777166.82,249650.47999999998,31.633810902223185,281683.69,3.926979731632758,0.222164884862273,0.18047086482909053,0.060861915975589924,0.25814432531958514,-3.977362474631563,-7.277439797425112,7.207438796739951,0.3388101042703928,0
MSME040,2024-09-01,78,781422.03,540419.06,2262040.22,175924.07,97529.89,201719.66,48031.54,1729135.28,241002.96999999997,30.84158889147264,280113.83999999997,4.185715100425955,0.22513323562172927,0.18047085533955814,0.061466836300993456,0.2581443218333632,-0.9841409804163925,0.1632469896297284,6.762663442082517,0.3388124669801318,0
MSME040,2024-10-01,78,794875.06,549876.88,2410939.14,176520.12,99236.75,205192.49,48031.54,1681103.75,244998.18000000005,30.822225067672903,282475.86,4.3845072009574215,0.22207278713713824,0.18047085376639221,0.06042652791244953,0.2581443302548705,1.72160874450904,1.7500900134795216,6.582505416283002,0.3388109426981645,0
MSME040,2024-11-01,78,817407.55,586686.68,2560406.61,177118.19,105879.85,211009.12,48031.54,1633072.21,230720.87,28.225928424566177,282247.45999999996,4.364180570794619,0.21668284076896524,0.18047086052814426,0.05876082255418365,0.2581443247006955,2.8347209686010233,6.694189433823805,6.19955383859252,0.3388112357956663,0
MSME040,2024-12-01,78,855438.47,585282.75,2723854.68,177718.29,105626.48,220826.59,48031.54,1585040.68,270155.72,31.580964554937534,292918.4,4.653912455133865,0.2077511080370281,0.18047085788877257,0.056148445135978046,0.2581443291882817,4.652626465219201,-0.23929808667210173,6.3836763021011045,0.33881330878551275,0
MSME040,2025-01-01,78,872499.89,617356.54,2889234.25,178320.42,111414.87,225230.9,48031.54,1537009.14,255143.34999999998,29.24279451771621,292136.45,4.680009140261152,0.20437873063800616,0.18047086696449346,0.055050482585161126,0.2581443305396864,1.9944648970486423,5.480050454246266,6.071526914203806,0.3388114976798473,0
MSME040,2025-02-01,78,868246.83,627475.27,3050338.98,178924.59,113241.0,224132.99,48031.54,1488977.6,240771.55999999994,27.7307732871308,289816.57999999996,4.861289561260318,0.2060757192744372,0.18047085744112273,0.055320144387973176,0.2581443228534448,-0.4874567949802344,1.6390415172405914,5.576035587976302,0.33881144963654464,0
MSME040,2025-03-01,78,866978.12,596721.73,3217906.79,179530.81,107690.88,223805.48,48031.54,1440946.07,270256.39,31.17222727604706,295645.41000000003,5.392642211973746,0.20707651768651325,0.18047085364228316,0.055401098242248606,0.2581443231808434,-0.14612319402306229,-4.901155706104565,5.493416013717933,0.3388131279216555,0
MSME040,2025-04-01,78,853261.96,584612.89,3392579.92,180139.08,105505.59,220264.73,48031.54,1392914.53,268649.06999999995,31.484946311212557,294898.22,5.8031219941113505,0.21111814242838153,0.1804708582460438,0.05629166920789484,0.25814432182116737,-1.582065300563762,-2.029227258072197,5.428160024485984,0.33881092610230645,0
MSME040,2025-05-01,78,845704.4,608713.45,3539591.44,180749.42,109855.04,218313.79,48031.54,1344883.0,236990.95000000007,28.022906112348483,289208.17000000004,5.814873057265286,0.21372647464054817,0.18047086030380963,0.05679471455983911,0.2581443232410757,-0.885725645146529,4.122481801590094,4.33332518221119,0.3388159859593065,0
MSME040,2025-06-01,78,801188.99,556030.02,3681727.07,181361.82,100347.22,206822.39,48031.54,1296851.46,245158.96999999997,30.599393284223737,287836.99,6.621453766111404,0.22636584159749876,0.18047086738230428,0.059950324579472816,0.2581443237256668,-5.263707981181131,-8.654881866007713,4.015594240447129,0.3388115989528373,0
MSME040,2025-07-01,78,781411.95,554739.45,3818267.11,181976.29,100114.31,201717.06,48031.54,1248819.93,226672.5,29.008066743796277,283579.04,6.8829918441891955,0.23288137582231755,0.18047086790023678,0.06146762920633605,0.2581443245141055,-2.468461280277956,-0.23210437450842392,3.7085866878231233,0.33880890696840193,0
MSME040,2025-08-01,78,754370.89,523632.5,3950026.81,182592.85,94500.41,194736.56,48031.54,1200788.39,230738.39,30.586862915667385,282829.0,7.543509637006871,0.24204652170499316,0.18047086458537237,0.06367098815279047,0.25814431943417115,-3.4605383242475307,-5.607488344302891,3.4507722012146136,0.3388133695878759,0
MSME040,2025-09-01,78,759120.6,532686.66,4080571.95,183211.5,96134.42,195962.67,48031.54,1152756.86,226433.93999999994,29.828454134955624,283039.75000000006,7.660360689340334,0.24134702707316863,0.18047086067445353,0.06327260780434624,0.2581443185707252,0.6296253027473053,1.7291058137147708,3.3049178215577735,0.3388139239844268,0
MSME040,2025-10-01,78,787502.5,562030.03,4218373.27,183832.24,101430.04,203289.3,48031.54,1104725.32,225472.46999999997,28.63133386878137,285691.5,7.505601204263052,0.23343702400944757,0.18047085491143594,0.060992238119878986,0.2581443233513544,3.7387866960796545,5.508561074159424,3.3770099311690727,0.3388106095960186,0
MSME040,2025-11-01,78,801231.99,560683.72,4364812.67,184455.09,101187.07,206833.49,48031.54,1056693.78,240548.27000000002,30.022299783611988,290101.50999999995,7.784803650086363,0.23021433530131516,0.1804708544061169,0.05994710720424431,0.2581443234686623,1.743421766915021,-0.23954413966101873,3.4714661464749996,0.3388143450789638,0
MSME041,2023-11-01,38,1245235.25,853820.28,847856.12,278520.36,166668.43,215306.22,77204.37,3551401.05,391414.97,31.433013962622724,327158.14999999997,0.9930147360753717,0.22366886899483449,0.19520317554415548,0.06199982694033115,0.17290405166413333,4.236546543753517,5.753893274635757,39.369774380070346,0.5825960915196493,0
MSME041,2023-12-01,38,1324061.3,941098.12,1100742.21,280143.01,183705.34,228935.57,77204.37,3474196.68,382963.18000000005,28.923372354437067,325373.24,1.1696359673951957,0.21157858023642864,0.1952031739262214,0.05830875806127707,0.17290405663242328,6.330213507849214,10.222038764410701,29.826533539676525,0.5825965469813399,0
MSME041,2024-01-01,38,1363966.88,966022.5,1339882.47,281775.11,188570.65,235835.4,77204.37,3396992.31,397944.3799999999,29.175516343915913,329039.86,1.3870095882859872,0.206585008867664,0.19520316555773803,0.05660281868427773,0.17290405174647644,3.0138770765371525,2.6484358506634775,21.725364742758437,0.5825952965951231,0
MSME041,2024-02-01,38,1414859.34,1015845.01,1592107.68,283416.72,198296.17,244634.92,77204.37,3319787.94,399014.3300000001,28.20169600746319,329755.47,1.567274204556067,0.20031441429364982,0.1952031737597451,0.054566816514778065,0.17290405702096154,3.7312093677817293,5.157489602985432,18.824427936578637,0.5825958155069033,0
MSME041,2024-03-01,38,1467950.35,1013498.61,1879093.17,285067.9,197838.14,253814.57,77204.37,3242583.57,454451.7400000001,30.958250052530733,341044.32999999996,1.8540658580676297,0.19419451073396318,0.19520316855688635,0.052593311483593426,0.1729040563258832,3.752387852208683,-0.23098011772485494,18.025507546072504,0.5825979497610545,0
MSME041,2024-04-01,38,1508686.98,1063734.92,2177310.06,286728.69,207644.43,260858.1,77204.37,3165379.2,444952.06000000006,29.49266918178084,339942.36000000004,2.0468539850134846,0.19005180915659523,0.19520317148185753,0.051173219510385115,0.17290405727502203,2.7750686526965884,4.956722140941072,15.870255651027687,0.582594532741143,0
MSME041,2024-05-01,38,1452106.64,1024002.86,2434482.58,288399.16,199888.6,251075.12,77204.37,3088174.83,428103.7799999999,29.481566174781758,339585.68000000005,2.377417754477756,0.19860742458969818,0.1952031657411582,0.05316714893611395,0.17290405062812744,-3.7503034592371254,-3.7351467224559953,11.811478976953783,0.582596042272554,0
MSME041,2024-06-01,38,1422496.34,1016352.12,2675676.47,290079.36,198395.16,245955.38,77204.37,3010970.45,406144.2200000001,28.551512477002227,337639.57999999996,2.632627430343728,0.20392274612109018,0.19520317426995676,0.054273861962976996,0.1729040511977697,-2.039127098819671,-0.7471404913849566,9.907398474792139,0.5825953168518305,0
MSME041,2024-07-01,38,1353039.48,959948.14,2900067.37,291769.35,187384.92,233946.01,77204.37,2933766.08,393091.33999999997,29.052466377403857,338330.43999999994,3.0210667109579483,0.2156399383113344,0.19520317003791476,0.05705995363860336,0.1729040530288148,-4.882744373177095,-5.549649465974449,8.386324076019536,0.5825957420755534,0
MSME041,2024-08-01,38,1311671.04,925406.23,3118844.41,293469.19,180642.23,226793.24,77204.37,2856561.71,386264.81000000006,29.44829901863199,339620.19999999995,3.370243584809236,0.2237368829916379,0.19520317039577312,0.0588595521633229,0.1729040537481105,-3.057445153041649,-3.5983100087052633,7.543860610382991,0.5825971782162931,0
MSME041,2024-09-01,38,1315255.18,918761.93,3359144.17,295178.93,179345.24,227412.95,77204.37,2779357.34,396493.2499999999,30.145728070806754,343246.64,3.6561638660844378,0.22442711839386179,0.19520316868157564,0.058699156767434285,0.172904051972637,0.27324991485668804,-0.7179873859288755,7.704769087855845,0.5825960810400543,0
MSME041,2024-10-01,38,1305591.24,943149.21,3578346.17,296898.63,184105.72,225742.02,77204.37,2702152.97,362442.03,27.760758413176855,338534.93000000005,3.7940403618638454,0.22740550097440912,0.19520317469173304,0.05913364584155757,0.1729040553305183,-0.7347577981027142,2.6543633561307844,6.5255311742097755,0.5825957835134066,0
MSME041,2024-11-01,38,1349617.46,950633.16,3814661.79,298628.35,185566.61,233354.33,77204.37,2624948.6,398984.29999999993,29.56276958657603,346416.06999999995,4.012759022628666,0.22126888459193467,0.1952031738509942,0.057204631896211534,0.17290405386427055,3.3721289367719676,0.7935064696709127,6.604045801415581,0.582596154114956,0
MSME041,2024-12-01,38,1418147.3,992013.86,4082078.31,300368.15,193644.25,245203.42,77204.37,2547744.23,426133.44000000006,30.0486021445022,351927.32000000007,4.114940803347244,0.21180320972299563,0.19520316984280844,0.05444030390919194,0.1729040558762831,5.077723283159075,4.352961977467729,7.010228815068809,0.5825970642104217,0
MSME041,2025-01-01,38,1478328.26,1059872.18,4347526.25,302118.08,206890.41,255608.95,77204.37,2470539.86,418456.0800000001,28.306032653397295,350836.62,4.101934489874052,0.20436467878926973,0.1952031706313869,0.05222410481417706,0.1729040544756954,4.2436325196966385,6.84046087823813,6.50276451947831,0.5825950587637241,0
MSME041,2025-02-01,38,1531962.81,1100808.36,4628691.35,303878.21,214881.28,264882.58,77204.37,2393335.49,431154.44999999995,28.143924068235048,353879.51,4.204811226179277,0.19835873822550562,0.19520316869686563,0.05039572076818235,0.1729040537217741,3.6280541643707753,3.8623695170487693,6.46724329726589,0.5825967118551878,0
MSME041,2025-03-01,38,1566023.05,1124733.36,4934532.27,305648.59,219551.52,270771.73,77204.37,2316131.12,441289.68999999994,28.179003495510486,356868.80000000005,4.387290753072354,0.19517502631905706,0.19520317242123944,0.04929963834184943,0.17290405144419807,2.2233072355065886,2.173402825538129,6.607503004061832,0.5825952443250237,0
MSME041,2025-04-01,38,1565532.74,1103673.56,5220300.03,307429.28,215440.58,270686.96,77204.37,2238926.75,461859.17999999993,29.501726038639088,362675.66000000003,4.729931221692037,0.19637358717901998,0.195203172213349,0.04931507852081075,0.17290405565073014,-0.031309245416277776,-1.8724260121527836,5.791182311996534,0.5825938866591773,0
MSME041,2025-05-01,38,1513485.67,1061660.16,5505935.22,309220.35,207239.43,261687.81,77204.37,2161722.38,451825.51,29.853306110258714,363668.7299999999,5.1861560106013584,0.20431006129050433,0.19520317122948272,0.05101096860732087,0.17290405531226472,-3.3245596639518427,-3.806687187468738,5.471624013150822,0.5825957761732781,0
MSME041,2025-06-01,38,1453408.83,1050165.43,5762538.35,311021.86,204995.62,251300.28,77204.37,2084518.01,403243.40000000014,27.744664245641065,357326.52,5.487267229887771,0.21399475053416317,0.19520316908546495,0.053119513523252775,0.17290405480748317,-3.969435667005683,-1.0827127581014229,4.660482184169257,0.5825974907537557,0
MSME041,2025-07-01,38,1380257.44,968791.6,6011142.87,312833.86,189111.19,238652.11,77204.37,2007313.64,411465.83999999997,29.81080399030488,362374.77999999997,6.204784259070785,0.2266489213780293,0.19520316856587114,0.05593476098198029,0.17290405621722277,-5.033091067707362,-7.748667750375282,4.314149510172038,0.5825957056523334,0
MSME041,2025-08-01,38,1329806.46,952746.64,6225562.73,314656.42,185979.16,229928.93,77204.37,1930109.27,377059.81999999995,28.354488517073378,358606.18999999994,6.534331866024739,0.23661820683289506,0.19520316545015579,0.05805684685875266,0.1729040555269975,-3.6551862383005895,-1.656182815788243,3.5670398231609557,0.5825967815632271,0
MSME041,2025-09-01,38,1310151.99,941938.57,6447825.52,316489.59,183869.39,226530.59,77204.37,1852904.9,368213.42000000004,28.104633875341445,359150.79000000004,6.845271788796163,0.2415670795569299,0.19520316489428818,0.05892779661388752,0.1729040536739558,-1.4779947752697753,-1.1344117676447607,3.570163849268604,0.5825941832046766,0
MSME041,2025-10-01,38,1290917.83,898520.09,6685303.31,318333.45,175393.97,223204.93,77204.37,1775700.52,392397.7400000001,30.39680225038027,366144.41000000003,7.440349285901887,0.2465946651306226,0.195203170137242,0.059805797244275406,0.17290405695302852,-1.4680861569351111,-4.609481062018728,3.68306786936754,0.582597361259185,0
MSME041,2025-11-01,38,1313055.45,919209.62,6924895.8,320188.04,179432.63,227032.61,77204.37,1698496.15,393845.82999999996,29.9946076153905,367788.0199999999,7.533532775690489,0.24384959523225008,0.1952031681304641,0.05879749404337798,0.17290405367115302,1.7148744471210842,2.302622971958268,3.5838686577109202,0.5825935037615304,0
MSME042,2023-11-01,87,846426.61,588347.46,732796.37,210561.57,92278.62,141568.35,20641.86,949525.45,258079.15000000002,30.49043436855087,259851.30000000005,1.2455163314548856,0.24876530051435883,0.15684374672068782,0.024387064107070075,0.16725413441337816,0.2828565341853384,0.7696204873135937,31.70614509624572,0.39872625787613636,0
MSME042,2023-12-01,87,882700.41,643400.96,900900.4,211401.13,100913.41,147635.3,20641.86,928883.6,239299.45000000007,27.1099284977108,258123.02,1.4002161265037592,0.23949363521877146,0.15684373551447608,0.023384899073514646,0.16725414231992936,4.285522167125633,9.357310729275525,22.940074061775185,0.39872423063713747,0
MSME042,2024-01-01,87,935424.76,655734.21,1095127.87,212244.04,102847.81,156453.66,20641.86,908241.74,279690.55000000005,29.8998446438386,265849.89,1.6700789028530327,0.22689589700405194,0.15684374618795624,0.02206683090150404,0.16725413597134206,5.973074148679736,1.9168839909719848,21.559261156949216,0.3987253994337747,0
MSME042,2024-02-01,87,967843.86,654961.09,1304847.27,213090.31,102726.55,161875.89,20641.86,887599.88,312882.77,32.327814736562985,272239.65,1.9922515855102172,0.2201701315747356,0.15684374471772058,0.02132767572653713,0.16725413745973447,3.465708989785554,-0.11790142838513651,19.15022032997844,0.39872497715365274,0
MSME042,2024-03-01,87,996511.99,679401.5,1531964.65,213939.95,106559.87,166670.76,20641.86,866958.02,317110.49,31.822044609819493,274050.84,2.2548738117298828,0.21468878663466961,0.15684373673004842,0.020714111026401198,0.16725414412725734,2.962061463095922,3.7315819784042414,17.405667714659035,0.39872296398648643,0
MSME042,2024-04-01,87,996590.8,685654.76,1743157.93,214792.98,107540.66,166683.94,20641.86,846316.17,310936.04000000004,31.199970940931827,273936.26,2.5423260096670224,0.21552775722994835,0.15684374451072142,0.02071247296282486,0.1672541428237146,0.007908585224347675,0.9204071524717028,13.785780239772505,0.39872403447789306,0
MSME042,2024-05-01,87,965877.86,688078.59,1932437.49,215649.42,107920.82,161547.07,20641.86,825674.31,277799.27,28.761324956760063,269275.67,2.8084546127209102,0.22326779495701457,0.15684374077094887,0.02137108723042891,0.16725413915171428,-3.081800474176566,0.35350589559095535,10.85842864507407,0.398728114857394,0
MSME042,2024-06-01,87,944879.14,659746.49,2125169.54,216509.27,103477.11,158034.95,20641.86,805032.45,285132.65,30.17662661067954,271067.11,3.2211911275192993,0.22913964425122135,0.15684374463288164,0.021846032075594345,0.16725414215409604,-2.1740554235294307,-4.11756744240509,9.973520540630787,0.3987258579225328,0
MSME042,2024-07-01,87,938648.56,648766.77,2327605.66,217372.54,101755.01,156992.86,20641.86,784390.59,289881.79000000004,30.882888692654042,272610.39,3.5877387184920093,0.2315803265068664,0.1568437452491594,0.021991042099931416,0.16725414248757808,-0.659404968978361,-1.664233181445185,9.525645657428349,0.3987219577249679,0
MSME042,2024-08-01,87,920493.52,650731.14,2512538.65,218239.26,102063.11,153956.35,20641.86,763748.74,269762.38,29.306276919798414,270132.5,3.8611009917244776,0.23708940395365305,0.15684374655867858,0.022424774918567595,0.16725413775862322,-1.9341679914791632,0.3027852366729533,7.945202796937689,0.39872561640030835,0
MSME042,2024-09-01,87,920013.84,662671.09,2694807.44,219109.44,103935.81,153876.12,20641.86,743106.88,257342.75,27.971617253062192,269049.75,4.066583680299075,0.23815885204509532,0.15684373676238086,0.02243646682532515,0.16725413608995274,-0.05211117618731942,1.834851487205591,7.254367609429613,0.39872752501084463,0
MSME042,2024-10-01,87,916232.76,635837.42,2875560.88,219983.08,99727.12,153243.72,20641.86,722465.02,280395.33999999997,30.60306859143521,273499.68,4.5224782146354325,0.24009519153189848,0.1568437415967119,0.022529056917807655,0.16725413747484863,-0.410980773941394,-4.049319550065167,6.707471462228121,0.3987231221073806,0
MSME042,2024-11-01,87,924847.46,663538.62,3075809.57,220860.21,104071.88,154684.57,20641.86,701823.16,261308.83999999997,28.254263681494024,271472.9,4.635464277874285,0.23880717583416405,0.15684374181566102,0.022319204942185818,0.16725414372657738,0.9402305152240942,4.356648276535835,6.963813264840346,0.398726120208881,0
MSME042,2024-12-01,87,954000.4,667458.68,3275183.84,221740.83,104686.72,159560.52,20641.86,681181.3,286541.72,30.035807112869133,276614.63,4.906946209763876,0.23243263839302372,0.1568437464922922,0.02163716073913596,0.16725414370895442,3.152189010715345,0.5907809857397694,6.482009547814749,0.3987227939337812,0
MSME042,2025-01-01,87,969470.14,684781.36,3475295.44,222624.97,107403.67,162147.9,20641.86,660539.45,284688.78,29.365399536699506,277369.2,5.075043865095861,0.2296357162686826,0.1568437406064908,0.021291898686018322,0.16725414565114918,1.6215653578342204,2.595318709466765,6.109934885365087,0.39872674779832806,0
MSME042,2025-02-01,87,1000933.54,688031.21,3688417.9,223512.63,107913.39,167410.28,20641.86,639897.59,312902.3300000001,31.261049559793957,283009.52,5.360829343773519,0.22330416662828584,0.15684374259708364,0.02062260797055517,0.16725414156867996,3.245422288096478,0.47458213523803305,6.132499054526419,0.39872436591457117,0
MSME042,2025-03-01,87,1032611.82,746598.96,3887365.41,224403.83,117099.37,172708.6,20641.86,619255.73,286012.86,27.69800368932442,280013.06,5.206765101842628,0.21731673573134191,0.15684373575875327,0.01998995130619365,0.16725413815232137,3.1648734640263854,8.512368210738575,5.393844065229159,0.3987246716214532,0
MSME042,2025-04-01,87,1028162.11,722987.1,4090869.42,225298.59,113396.0,171964.37,20641.86,598613.87,305175.01,29.68160439213229,283866.95999999996,5.658288259915011,0.2191274973165467,0.15684373898234147,0.02007646440112445,0.16725414049735796,-0.4309179803887897,-3.1625894576654656,5.235011081708407,0.39872759747461295,0
MSME042,2025-05-01,87,1017192.84,710007.06,4306311.83,226196.91,111360.16,170129.71,20641.86,577972.02,307185.7799999999,30.199365146927292,284966.45999999996,6.065167619600853,0.22237367498575789,0.15684373617355296,0.02029296627766275,0.16725413639364586,-1.0668813695147716,-1.795334937511317,5.266421092463025,0.3987241997386759,0
MSME042,2025-06-01,87,1002834.54,684857.26,4529426.57,227098.81,107415.57,167728.23,20641.86,557330.16,317977.28,31.70785082851255,287411.47000000003,6.613679717726874,0.2264569088336347,0.1568437341235165,0.020583515202817006,0.16725414144590592,-1.4115612532231259,-3.5421901297713942,5.1811097014774266,0.398723395469891,0
MSME042,2025-07-01,87,981973.51,674260.17,4735699.39,228004.32,105753.49,164239.14,20641.86,536688.3,307713.33999999997,31.336215984074762,286489.97000000003,7.023549070086698,0.23218988870687562,0.15684374475211846,0.021020791080199303,0.16725414517546405,-2.080206571265486,-1.5473428725863214,4.554060360890211,0.39872952218464874,0
MSME042,2025-08-01,87,948927.27,672001.47,4925689.05,228913.43,105399.22,158712.02,20641.86,516046.44,276925.80000000005,29.183037389156286,282226.23,7.329878385533889,0.24123390404830497,0.15684373428528364,0.021752836758500996,0.1672541458314292,-3.3652883365458575,-0.33498938547713575,4.011860643037979,0.39872490135273164,0
MSME042,2025-09-01,87,917668.71,633509.15,5123898.22,229826.16,99361.95,153483.89,20641.86,495404.59,284159.55999999994,30.965375293225367,283948.10000000003,8.088120305760382,0.2504456755423207,0.15684374882351737,0.022493803891384726,0.16725413902365704,-3.2940943935566347,-5.728011279499123,4.023988684385182,0.3987227835431151,0
MSME042,2025-10-01,87,922106.34,632656.1,5311428.96,230742.54,99228.15,154226.1,20641.86,474762.73,289450.24,31.390114940539288,285740.49,8.395444159947244,0.2502341975004749,0.1568437418053821,0.022385552625090944,0.1672541368710251,0.48357647500043566,-0.13465472440296056,3.6599232058907027,0.39872745556903677,0
MSME042,2025-11-01,87,929759.9,664267.54,5513890.78,231662.56,104186.21,155506.19,20641.86,454120.87,265492.36,28.55493767799622,282982.54,8.300707844312248,0.24916385402295796,0.15684374702397771,0.022201280136947183,0.1672541373315842,0.8300083914399847,4.996622967833564,3.8118145140361603,0.39872144945616306,0
MSME043,2023-11-01,60,628964.1,423413.32,496359.73,135842.67,44901.44,177447.74,67365.34,3098805.45,205550.77999999997,32.68084458238555,268388.97000000003,1.172281802565871,0.215978415938207,0.10604635678442993,0.10710522269872,0.2821269767225188,-0.2776609131203145,-2.232562575021857,24.078213312752595,0.3488205367093711,0
MSME043,2023-12-01,60,647882.23,441007.54,601674.03,136316.52,46767.24,182785.06,67365.34,3031440.12,206874.69,31.930909727220026,272334.33999999997,1.3643168776660826,0.21040323948999187,0.10604635013723349,0.10397775533988639,0.2821269847144905,3.007823498988249,4.155329832325538,21.217333646305292,0.34882264902476035,0
MSME043,2024-01-01,60,672875.82,473939.41,703629.41,136792.01,50259.55,189836.42,67365.34,2964074.78,198936.40999999997,29.565100139874247,276368.88000000006,1.484640009152225,0.2032945841329237,0.10604636149587139,0.10011556069885229,0.2821269755242506,3.857736613643503,7.4674165434903905,16.945285140526998,0.34881318859960597,0
MSME043,2024-02-01,60,698085.22,477017.34,821200.36,137269.17,50585.95,196948.67,67365.34,2896709.44,221067.87999999995,31.667749676751495,283631.89,1.721531464663318,0.1966366942993006,0.10604635462517986,0.09650016655559618,0.2821269729790297,3.746515961890262,0.6494353360485539,16.70921486923065,0.348821543012634,0
MSME043,2024-03-01,60,725513.63,492351.58,955499.82,137747.99,52212.09,204686.97,67365.34,2829344.11,233162.05,32.13751477005332,290222.87,1.9406860032824509,0.18986271836133525,0.10604635411142581,0.09285192891551879,0.2821269808535506,3.92909192376254,3.2146085087808363,16.354043001150174,0.3488183107685172,0
MSME043,2024-04-01,60,729522.05,481477.12,1105163.75,138228.48,51058.9,205817.85,67365.34,2761978.77,248044.93000000005,34.00101888626945,292987.43,2.2953608885921724,0.18947813846065378,0.10604636830925632,0.09234174621589572,0.28212697614828774,0.5524940999385608,-2.2086777907770694,15.663417916708777,0.3488181569836435,0
MSME043,2024-05-01,60,722455.01,513246.35,1228755.2,138710.65,54427.91,203824.05,67365.34,2694613.44,209208.66000000003,28.95801912980021,288106.7899999999,2.394084634016394,0.19199901458223675,0.10604636545393846,0.09324503127191269,0.2821269797824504,-0.9687219186863549,6.598284462613724,11.183089383813027,0.348821024437207,0
MSME043,2024-06-01,60,729340.03,505257.7,1357122.17,139194.5,53580.74,205766.5,67365.34,2627248.1,224082.33000000002,30.723986176927653,291380.26,2.6859999758539055,0.19084993867675135,0.10604636010495237,0.09236479176934796,0.2821269799218343,0.9530032880525008,-1.5564942644014867,10.446911638705568,0.3488196472296812,0
MSME043,2024-07-01,60,696922.04,477359.89,1477413.68,139680.04,50622.28,196620.51,67365.34,2559882.77,219562.15000000002,31.50454963370078,285678.27,3.09496820103591,0.20042419665763475,0.10604636263009026,0.0966612277034602,0.2821269793677353,-4.444838986830324,-5.521501206216151,8.863720058452817,0.3488212537133384,0
MSME043,2024-08-01,60,668727.24,451671.16,1591698.0,140167.27,47898.08,188666.0,67365.34,2492517.43,217056.08000000002,32.45808859229363,280935.19,3.524019554403252,0.20960305131281926,0.10604635460895932,0.10073664712686146,0.2821269849871825,-4.045617498335973,-5.38141778103729,7.735431284215544,0.348818628631542,0
MSME043,2024-09-01,60,638865.32,425609.25,1701711.97,140656.2,45134.31,180241.14,67365.34,2425152.09,213256.06999999995,33.3804423755542,275763.03,3.9982964890918136,0.2201656524414254,0.10604635590039455,0.10544529166178562,0.28212697474328396,-4.465485808533842,-5.770107172660744,6.911736397231127,0.3488189503869421,0
MSME043,2024-10-01,60,645235.54,442818.4,1812430.11,141146.83,46959.28,182038.35,67365.34,2357786.76,202417.14,31.37104630039443,276225.9,4.092942185780898,0.21875241094128198,0.10604636121714905,0.10440426142676516,0.28212697335301773,0.9971146970382039,4.043415409791962,6.506279673169368,0.3488150540111201,0
MSME043,2024-11-01,60,671193.37,463769.8,1927413.04,141639.18,49181.1,189361.76,67365.34,2290421.42,207423.57,30.90369769296142,281819.84,4.155969276136566,0.21102589258293775,0.10604636179414874,0.10036651583730631,0.28212698227337973,4.023000654923625,4.731375209340882,6.344130422772554,0.34882115312118156,0
MSME043,2024-12-01,60,706628.91,486284.64,2039868.41,142133.25,51568.71,199359.08,67365.34,2223056.09,220344.27000000002,31.18245897977766,289923.61999999994,4.194803294630074,0.20114270445006274,0.10604634766995724,0.09533340491262945,0.2821269794919656,5.279483019923159,4.8547447462081506,5.834523668056124,0.3488229739821991,0
MSME043,2025-01-01,60,734451.55,499421.75,2184193.78,142629.03,52961.86,207208.6,67365.34,2155690.75,235029.80000000005,32.00072217153058,296875.77,4.373445449662534,0.1941980107469308,0.10604636261836814,0.09172196586691116,0.2821269830528644,3.9373764087857754,2.701526825934697,7.075229426196161,0.34881352533626675,0
MSME043,2025-02-01,60,746217.22,522797.0,2304628.32,143126.55,55440.72,210528.01,67365.34,2088325.41,223420.21999999997,29.940373126205795,298213.83999999997,4.40826615301924,0.19180279704614694,0.10604636216351662,0.09027577787604527,0.282126979058457,1.6019668009414456,4.680462955407938,5.513912781126962,0.3488209938748099,0
MSME043,2025-03-01,60,761324.63,517581.82,2447843.1,143625.8,54887.67,214790.22,67365.34,2020960.08,243742.81,32.01562124687861,303528.35000000003,4.7293838489149405,0.18865250688132865,0.10604636383866806,0.08848438280526928,0.2821269817580971,2.024532481306185,-0.997553543727292,6.214224599999718,0.34881718311521315,0
MSME043,2025-04-01,60,771941.94,537511.48,2583774.01,144126.8,57001.13,217785.65,67365.34,1953594.74,234430.45999999996,30.368923859740022,304911.31999999995,4.806918747112155,0.18670678781878336,0.10604634900076924,0.08726736624777766,0.2821269822442864,1.3945838058595283,3.8505332354988875,5.553089166540115,0.3488231223081062,0
MSME043,2025-05-01,60,758998.34,534272.76,2702073.44,144629.54,56657.68,214133.91,67365.34,1886229.41,224725.57999999996,29.608178062681922,302105.77,5.057479329472084,0.19055317037979294,0.10604635729510148,0.08875558278559607,0.28212698067297487,-1.6767582287341432,-0.602539689012771,4.578551744159709,0.3488178465073988,0
MSME043,2025-06-01,60,735517.93,493264.38,2838224.2,145134.03,52308.89,207509.45,67365.34,1818864.07,242253.55000000005,32.93645744298851,300334.58999999997,5.753961394901452,0.19732221891585972,0.10604635591161073,0.09158898410539086,0.282126976836581,-3.0936049214547623,-7.67555134197746,5.03875127835165,0.3488153250020609,0
MSME043,2025-07-01,60,701782.61,480325.21,2958394.19,145640.29,50936.74,197991.81,67365.34,1751498.73,221457.39999999997,31.556410324844038,292695.36,6.159148277892805,0.2075290665865887,0.10604635971532703,0.09599174878385772,0.28212698231436656,-4.586607426415846,-2.6231713711012294,4.23398510942159,0.3488223954092762,0
MSME043,2025-08-01,60,675410.52,460409.18,3062887.34,146148.31,48824.72,190551.53,67365.34,1684133.4,215001.34000000003,31.832690435440657,287875.12,6.6525331662587615,0.21638441462238403,0.1060463651050572,0.09973984414693451,0.28212697960345656,-3.757871686219183,-4.146363668898411,3.5320901573295815,0.34881831119670803,0
MSME043,2025-09-01,60,668970.18,453729.19,3179745.52,146658.1,48116.33,188734.54,67365.34,1616768.06,215240.99000000005,32.17497527318782,287276.31,7.008025029202992,0.2192296523590932,0.10604636214831142,0.10070006408955327,0.2821269850922204,-0.9535445198573411,-1.45088114880767,3.8152947538710347,0.34881689702741525,0
MSME043,2025-10-01,60,683223.12,458804.97,3301617.06,147169.68,48654.6,192755.68,67365.34,1549402.73,224418.15000000002,32.84697830483255,291270.76,7.1961231370270475,0.21540500561514955,0.10604636649860179,0.0985993272593,0.2821269865691899,2.1305792733541384,1.1186805063169825,3.832745080807598,0.34882492000098964,0
MSME043,2025-11-01,60,692132.67,483584.47,3408539.01,147683.03,51282.37,195269.3,67365.34,1482037.39,208548.20000000007,30.131246369283517,291669.95999999996,7.048487330455422,0.21337387527162963,0.10604635421811624,0.09733009713296728,0.2821269800773889,1.3040469122297838,5.400878721954561,3.2384721806592465,0.34881505484010145,0
MSME044,2023-11-01,63,471293.63,323251.34,305602.17,94021.8,46969.26,121540.95,83014.05,3818646.19,148042.28999999998,31.41190132359735,168593.49,0.9454010925368476,0.19949728580036188,0.14530259951899968,0.1761408275346306,0.2578879540553094,1.598171837662421,0.6476011891842326,19.052712551604078,0.43081237806894546,1
MSME044,2023-12-01,63,486289.1,329557.9,362108.49,94426.86,47885.62,125408.1,83014.05,3735632.14,156731.19999999995,32.23004587188978,171949.34000000003,1.0987704740198914,0.19417844241213716,0.14530260084798452,0.17070925505013376,0.25788795183770313,3.1817680200769916,1.9509772179134632,18.490156663481816,0.4308149812064732,1
MSME044,2024-01-01,63,505362.8,351791.9,418522.11,94833.67,51116.28,130326.97,83014.05,3652618.09,153570.89999999997,30.388247809296605,174044.36000000002,1.189686601652852,0.1876546314845493,0.14530260645569154,0.16426624595241282,0.25788793714139624,3.9222964281946604,6.746614176143262,15.579203901018722,0.430820213655303,1
MSME044,2024-02-01,63,529336.18,365688.85,479114.38,95242.23,53135.54,136509.42,83014.05,3569604.05,163647.33000000007,30.915576184495848,178616.11000000002,1.310169506125221,0.17992767847457544,0.14530259809671528,0.1568267069898755,0.2578879456152043,4.743795942241902,3.950332568771464,14.477674787599648,0.43081745122801607,1
MSME044,2024-03-01,63,537320.59,372883.34,544242.51,95652.54,54180.92,138568.51,83014.05,3486590.0,164437.24999999994,30.60319166254171,180040.13,1.4595516924944942,0.17801763375566904,0.14530260322169394,0.1544963128995299,0.25788795847186874,1.5083816866626965,1.9673801922043932,13.593440881486373,0.4308067965229201,1
MSME044,2024-04-01,63,531730.16,358279.98,608621.5,96064.63,52059.02,137126.8,83014.05,3403575.95,173450.18000000005,32.61996272695911,181132.41,1.698731533924949,0.18066424894912864,0.14530262059297872,0.15612063457149017,0.2578879482781266,-1.0404272801085024,-3.916334797902221,11.829099862118442,0.4308197147718351,1
MSME044,2024-05-01,63,516677.74,351654.03,678046.83,96478.49,51096.25,133244.96,83014.05,3320561.9,165023.70999999996,31.93938837001183,178627.2,1.9281645371730842,0.18672855927565218,0.14530261461812338,0.16066891134113886,0.25788794384677766,-2.830838107810185,-1.8493776850160515,11.406979543115048,0.43081413002892255,1
MSME044,2024-06-01,63,497797.63,344050.6,721918.88,96894.13,49991.45,128376.01,83014.05,3237547.86,153747.03000000003,30.885448369852632,175278.69,2.0982927511243985,0.1946456233630522,0.1453026095580127,0.16676264609777272,0.2578879493660908,-3.654136522312723,-2.1621904916033663,6.470356922102272,0.4308110543604027,1
MSME044,2024-07-01,63,493933.41,357144.22,761364.22,97311.57,51893.99,127379.47,83014.05,3154533.81,136789.19,27.693852497242492,172797.05000000002,2.131811681006625,0.19701354075238606,0.14530261752521154,0.16806729069005477,0.257887940805624,-0.7762632377337764,3.805725088112033,5.463957390891339,0.4308207318647783,1
MSME044,2024-08-01,63,473625.17,327064.24,809332.84,97730.8,47523.29,122142.22,83014.05,3071519.76,146560.93,30.944497734358162,172349.73,2.4745378461430083,0.2063462970095107,0.14530261700270258,0.17527372964574497,0.2578879412173133,-4.111533981878246,-8.422362260265615,6.30035123005912,0.43081208123556536,1
MSME044,2024-09-01,63,465261.54,317681.23,856217.27,98151.84,46159.91,119985.34,83014.05,2988505.71,147580.31,31.71986018874459,171977.27,2.6952088733728465,0.21096057069320623,0.14530260412300722,0.17842448357111143,0.25788793975964575,-1.765875322884547,-2.8688584236540193,5.792972641515459,0.43081607845223413,1
MSME044,2024-10-01,63,458897.57,309286.63,903239.78,98574.69,44940.15,118344.15,83014.05,2905491.67,149610.94,32.60225152205535,171978.69,2.920397108662602,0.21480760946282632,0.14530259520109226,0.18089886594954077,0.2578879421828274,-1.3678263627808107,-2.6424601793439195,5.491889926490279,0.43081209684914246,1
MSME044,2024-11-01,63,469019.76,323135.26,959500.56,98999.37,46952.4,120954.54,83014.05,2822477.62,145884.5,31.10412661504923,173001.50999999998,2.9693465207108627,0.21107718361375646,0.14530262033304567,0.176994781627111,0.2578879405848487,2.2057623883255717,4.477603833052846,6.228775707819256,0.4308205280685984,1
MSME044,2024-12-01,63,491467.13,331991.89,1016305.6,99425.87,48239.29,126743.45,83014.05,2739463.57,159475.24,32.448810971346134,177930.03,3.0612362247764544,0.2023042110669741,0.14530261567534075,0.16891068584790198,0.2578879486813289,4.786017970756706,2.7408429522671085,5.920271688012346,0.4308108223314955,1
MSME044,2025-01-01,63,511153.45,344041.47,1079706.93,99854.21,49990.12,131820.31,83014.05,2656449.52,167111.98000000004,32.69311397585207,181684.40000000002,3.13830460612786,0.19535075034708266,0.14530259971276138,0.16240534031414636,0.2578879395218794,4.00562291927844,3.6294802261585213,6.238411950106348,0.4308134291407306,1
MSME044,2025-02-01,63,542863.0,388461.84,1142015.36,100284.4,56444.52,139997.83,83014.05,2573435.48,154401.15999999997,28.442012073027627,183837.71,2.939839238778254,0.18473242788696226,0.145302611963121,0.15291896850586612,0.2578879569983587,6.203528509882883,12.911341763538008,5.770865062429498,0.43081808969294144,1
MSME044,2025-03-01,63,545745.78,382685.89,1198338.93,100716.44,55605.26,140741.26,83014.05,2490421.43,163059.89,29.878360213797716,185852.44,3.131390420482971,0.18454827080843392,0.14530261358734706,0.15211120826257235,0.257887949220606,0.531032691489397,-1.4868770636518702,4.931945048444875,0.43081476281456865,1
MSME044,2025-04-01,63,545602.55,375452.74,1267604.47,101150.34,54554.26,140704.32,83014.05,2407407.38,170149.81000000006,31.18566986169695,187300.4,3.3762024749106905,0.18539198542968685,0.14530260186674893,0.15215114005607194,0.25788794425539247,-0.02624482043634968,-1.8901010434432375,5.780129332859119,0.4308134799045682,1
MSME044,2025-05-01,63,530572.28,379121.78,1325668.65,101586.11,55087.38,136828.2,83014.05,2324393.33,151450.5,28.54474417698565,183326.93,3.496682912809704,0.19146516663101962,0.1453025990751573,0.15646134019666463,0.2578879544932125,-2.754802007431967,0.9772308493473769,4.580622849965166,0.4308141722509262,1
MSME044,2025-06-01,63,506471.48,351349.46,1377567.08,102023.76,51051.99,130612.89,83014.05,2241379.28,155122.01999999996,30.627987186958677,181584.66,3.9207889489854346,0.2014402864303435,0.1453025998673799,0.1639066626219506,0.25788794662238435,-4.542415973936675,-7.325435114806645,3.9148870270108826,0.4308167720961098,1
MSME044,2025-07-01,63,494039.63,351622.93,1421666.16,102463.3,51091.73,127406.87,83014.05,2158365.24,142416.7,28.826978920699137,178778.43999999997,4.043155433577668,0.2073989489466665,0.14530261152195054,0.16803115571922844,0.25788795526383174,-2.4546002076958007,0.07783418821818433,3.201229227980673,0.4308212126273414,1
MSME044,2025-08-01,63,480188.43,328615.68,1463859.64,102904.72,47748.72,123834.81,83014.05,2075351.19,151572.75,31.565264910693497,178990.81,4.454625050149767,0.21430070691207617,0.14530262219989015,0.17287807205184016,0.2578879503614862,-2.8036617224411753,-6.543159742170401,2.9678894516276477,0.4308079087829375,1
MSME044,2025-09-01,63,469414.78,327054.21,1506469.83,103348.05,47521.83,121056.41,83014.05,1992337.14,142360.57,30.32724491546687,176882.63,4.606177764842104,0.22016360456311154,0.14530260900784614,0.1768458377045563,0.25788793867973225,-2.243629651801471,-0.4751660054687523,2.9108111758583854,0.4308160014428797,1
MSME044,2025-10-01,63,482003.51,340870.58,1547440.71,103793.29,49529.39,124302.9,83014.05,1909323.09,141132.93,29.280477646314235,178566.8,4.539672241587994,0.21533720781410906,0.14530262482611433,0.17222706531742893,0.2578879560441375,2.6817924224712186,4.224489267390874,2.719661501617976,0.4308160628091029,1
MSME044,2025-11-01,63,497039.38,330990.03,1607208.4,104240.45,48093.72,128180.47,83014.05,1826309.05,166049.34999999998,33.40768492025722,184327.19999999998,4.855760761132291,0.20972271854998692,0.14530262437209965,0.16701704802545023,0.25788795648344803,3.119452387390287,-2.898622110479576,3.8623573500273123,0.4308178303241039,1
MSME045,2023-11-01,72,1013996.22,730063.83,677283.82,199106.52,100940.76,269808.5,79975.97,3678894.57,283932.39,28.001326277133458,367974.26,0.9277049377997537,0.19635824677926314,0.13826292421581823,0.0788720593060988,0.266084325245315,4.6850891980680265,2.09718939684449,26.98079349461835,0.6561443407341994,0
MSME045,2023-12-01,72,1042403.84,736898.48,860795.39,200412.94,101885.74,277367.33,79975.97,3598918.61,305505.36,29.30777384703418,375894.53,1.1681329428173064,0.1922603623563014,0.1382629259867655,0.07672263563418953,0.2660843325366108,2.801550877576253,0.9361715673545934,27.095224273924057,0.6561412453996995,0
MSME045,2024-01-01,72,1081557.55,788072.84,1030557.92,201727.94,108961.26,287785.52,79975.97,3518942.64,293484.7100000001,27.13537619889021,380552.2,1.3076937405938265,0.1865161405419434,0.1382629301118917,0.07394518211259309,0.2660843336538125,3.7560980205138206,6.94456039589062,19.721589122358107,0.6561452568881077,0
MSME045,2024-02-01,72,1154943.7,831785.93,1210074.25,203051.56,115005.16,307312.42,79975.97,3438966.67,323157.7699999999,27.98039159830907,395358.81999999995,1.4547904771603914,0.17581078627469027,0.13826293022292405,0.0692466394682269,0.26608432947857114,6.785228395844478,5.546833716538191,17.419334373753582,0.6561411374150783,0
MSME045,2024-03-01,72,1208774.63,868687.62,1415892.26,204383.87,120107.29,321635.99,79975.97,3358990.7,340087.0099999999,28.134856701947818,405912.57,1.6299210756566325,0.16908352055668144,0.1382629235581831,0.06616284625364781,0.26608433203135645,4.66091377441169,4.436440755856497,17.008709176317073,0.6561436907945861,0
MSME045,2024-04-01,72,1223835.34,896373.8,1617087.02,205724.92,123935.26,325643.4,79975.97,3279014.73,327461.54000000004,26.756993305978565,407433.06000000006,1.804032000935324,0.1680985286795199,0.13826292111616825,0.06534863587122758,0.26608432470989113,1.2459485520473157,3.187127266761336,14.209750676933574,0.6561427768248196,0
MSME045,2024-05-01,72,1189645.05,872858.19,1802597.28,207074.77,120683.93,316545.91,79975.97,3199038.76,316786.8600000001,26.628687271047784,402936.74999999994,2.0651662557007113,0.17406433120534565,0.1382629290560933,0.06722674969311224,0.2660843333059722,-2.793700172116298,-2.6234155884520605,11.471878612939456,0.6561431643769655,0
MSME045,2024-06-01,72,1144249.53,829555.31,1980227.01,208433.48,114696.75,304466.87,79975.97,3119062.79,314694.22,27.50223720869695,398203.6,2.3870946109669284,0.18215736562286375,0.13826293270306472,0.06989381940143773,0.26608433039950646,-3.8158877725755325,-4.961044130204007,9.85409952465921,0.6561446379971914,0
MSME045,2024-07-01,72,1102817.02,791708.01,2159048.69,209801.1,109463.87,293442.33,79975.97,3039086.82,311109.01,28.210392509176184,393779.56000000006,2.72707698132295,0.19024107915926072,0.13826293105206805,0.07251970957067747,0.2660843319229876,-3.620933101890811,-4.562360043238112,9.030362635039491,0.656142189824771,0
MSME045,2024-08-01,72,1058269.69,764952.05,2334599.86,211177.7,105764.51,281588.98,79975.97,2959110.85,293317.6399999999,27.716719355346925,387002.17,3.0519558186686337,0.1995499842766923,0.13826292772207094,0.0755723902477071,0.26608432865539217,-4.039412630755379,-3.3795237211254103,8.130950025031613,0.6561452728322203,0
MSME045,2024-09-01,72,1056988.26,769122.84,2475880.07,212563.33,106341.17,281248.01,79975.97,2879134.88,287865.42000000004,27.23449549004452,387470.17,3.219095755887317,0.2011028296567835,0.13826292039383462,0.07566400974027848,0.26608432718070113,-0.12108728163611193,0.5452354824070138,6.0515813617842085,0.656144090971722,0
MSME045,2024-10-01,72,1019909.74,733913.2,2626669.49,213958.05,101472.99,271382.0,79975.97,2799158.92,285996.54000000004,28.04135785584321,383867.06,3.5789920252149714,0.2097813577111245,0.13826293082070198,0.07841475266232872,0.2660843301682755,-3.5079405706928135,-4.577895515363972,6.090336193061252,0.6561432773940945,0
MSME045,2024-11-01,72,1046935.37,769940.24,2780956.42,215361.92,106454.19,278573.1,79975.97,2719182.95,276995.13,26.457710565266318,387480.83,3.611912036186081,0.20570698647806696,0.13826292544470725,0.07639055121425499,0.2660843333624309,2.649806050484438,4.9088965834106935,5.87386157974521,0.6561426410457649,0
MSME045,2024-12-01,72,1086995.26,791928.25,2963160.22,216775.0,109494.32,289232.4,79975.97,2639206.98,295067.01,27.145197486877727,396513.08,3.741702887856318,0.1994258926207277,0.13826292975405285,0.07357527023622899,0.26608432496752565,3.8263957019620154,2.855807354607154,6.5518394567290805,0.6561419957622938,0
MSME045,2025-01-01,72,1132434.37,844420.19,3136541.83,218197.35,116752.01,301323.04,79975.97,2559231.01,288014.18000000017,25.43318956311792,402768.38,3.714432538615639,0.19267990779898353,0.13826293044935367,0.07062305076452244,0.26608432946096466,4.180249139264891,6.628370688884999,5.851239795599028,0.6561411601891498,0
MSME045,2025-02-01,72,1174464.23,846136.89,3332035.87,219629.04,116989.36,312506.53,79975.97,2479255.04,328327.33999999997,27.95549933436457,415146.2100000001,3.9379394863637254,0.18700360078229034,0.1382629233905639,0.06809570522211647,0.26608433191703085,3.711461000605265,0.20329926028890277,6.232789186171961,0.6561445407105015,0
MSME045,2025-03-01,72,1154056.08,793556.08,3556839.8,221070.12,109719.39,307076.24,79975.97,2399279.07,360500.0000000001,31.237650080228345,418426.97,4.482153044558615,0.19155925247584155,0.13826293158764533,0.06929989918687486,0.26608433101448586,-1.7376561566289639,-6.214220254597347,6.746743995886195,0.6561427395940012,0
MSME045,2025-04-01,72,1190519.54,862135.65,3753694.71,222520.66,119201.4,316778.59,79975.97,2319303.1,328383.89,27.58324235484619,420097.85,4.353949068223776,0.1869105483140579,0.13826292880940486,0.06717736863016965,0.26608432651176817,3.159591689859642,8.642057156187377,5.534545300578353,0.6561447562429601,0
MSME045,2025-05-01,72,1170742.65,833912.33,3970262.31,223980.71,115299.16,311516.27,79975.97,2239327.13,336830.31999999995,28.770654250957712,420197.81999999995,4.761006843489171,0.1913150682603047,0.13826292747104485,0.06831216920302682,0.2660843269013904,-1.661198269790698,-3.273651889931717,5.769451613181409,0.6561413218889367,0
MSME045,2025-06-01,72,1142008.7,827097.0,4166690.13,225450.35,114356.85,303870.62,79975.97,2159351.16,314911.69999999995,27.57524526739595,414964.12,5.037728501010159,0.19741561513498104,0.13826292442119847,0.07003096386218424,0.266084330180672,-2.4543352888015124,-0.8172717628482595,4.947477135333145,0.6561457904120438,0
MSME045,2025-07-01,72,1101185.52,793853.39,4332328.52,226929.62,109760.49,293008.21,79975.97,2079375.19,307332.13,27.909205526058862,410177.34,5.457340832165495,0.20607755539684175,0.13826292283012107,0.07262715368796349,0.26608432882408406,-3.5746820492698506,-4.019312124212759,3.975298974296404,0.6561400326058342,0
MSME045,2025-08-01,72,1068874.28,755767.13,4503025.69,228418.61,104494.58,284410.69,79975.97,1999399.23,313107.15,29.293169071296205,408334.72,5.958218492513693,0.2137001649997603,0.13826293292220845,0.07482261618270018,0.2660843237803421,-2.934223108927181,-4.797644058684436,3.9400790870771862,0.6561461654939427,0
MSME045,2025-09-01,72,1069146.26,771885.41,4664670.12,229917.36,106723.14,284483.06,79975.97,1919423.26,297260.85,27.80357198275192,407677.27999999997,6.043215818783257,0.21504762126745874,0.13826293205878837,0.07480358206556323,0.2660843241410207,0.025445462117401618,2.1327045541131184,3.5896848281138594,0.6561418091109106,0
MSME045,2025-10-01,72,1084843.62,774434.97,4843626.06,231425.95,107075.65,288659.89,79975.97,1839447.29,310408.65000000014,28.61321616105371,413010.19000000006,6.2543999788645905,0.21332655300125192,0.13826293252227492,0.07372119679332215,0.2660843320440968,1.4682144611346315,0.33030291374467335,3.836411480261326,0.6561444512062975,0
MSME045,2025-11-01,72,1112188.46,782874.74,5047845.56,232944.43,108242.55,295935.92,79975.97,1759471.32,329313.72,29.609524990036306,420637.8,6.447832970061085,0.20944690434928628,0.13826292313378255,0.07190864936685282,0.2660843289095087,2.520625046400693,1.0897971200861445,4.216252399963349,0.6561407655450768,0
MSME046,2023-11-01,37,711727.83,490580.91,527438.01,106888.76,62329.27,111538.73,72790.73,3348373.73,221146.91999999998,31.071838233443817,156098.22,1.0751295031027603,0.15018207170569683,0.127051967839515,0.1022732664535543,0.1567154258953173,1.9511676297001124,2.5704987403367463,26.680037164485416,0.3589359406991788,0
MSME046,2023-12-01,37,731960.97,508486.78,663470.9,107272.42,64604.24,114709.57,72790.73,3275583.0,223474.18999999994,30.530888825943812,157377.75,1.3047947873885728,0.14655483611373432,0.12705195600168798,0.09944619041640977,0.15671541885628137,2.842819845895317,3.649932077463025,25.791256492872016,0.3589339047435969,0
MSME046,2024-01-01,37,785402.24,549377.25,804212.77,107657.45,69799.46,123084.64,72790.73,3202792.27,236024.99,30.05147909942299,160942.63,1.4638625279805453,0.13707301114903875,0.12705196656759996,0.09267955487369121,0.15671541756743654,7.301109238105963,8.041599429585954,21.212968044265402,0.3589272993002268,0
MSME046,2024-02-01,37,835409.26,595298.81,953571.88,108043.87,75633.88,130921.52,72790.73,3130001.53,240110.44999999995,28.741655317538612,163331.51,1.6018373697068198,0.12933046732089132,0.12705195899854058,0.08713182087543535,0.15671542831593704,6.367058489672761,8.35883903092094,18.572088826691967,0.3589347509159735,0
MSME046,2024-03-01,37,851547.09,587462.88,1116983.89,108431.68,74638.31,133450.56,72790.73,3057210.8,264084.20999999996,31.012284945979907,167243.93,1.9013693086446584,0.12733491931726287,0.12705195943614342,0.08548056925424993,0.1567154201654309,1.9317274505671556,-1.3163019761453953,17.13683188728257,0.35893753157860697,0
MSME046,2024-04-01,37,844397.43,581012.92,1287228.63,108820.88,73818.83,132330.1,72790.73,2984420.07,263384.51,31.192007536072204,167332.15000000002,2.215490543652626,0.128874006639267,0.12705195953301693,0.08620434811129161,0.1567154224995687,-0.8396082945923644,-1.097934902712483,15.241467806666398,0.35893569111906665,0
MSME046,2024-05-01,37,826766.39,575297.26,1435873.87,109211.47,73092.64,129567.05,72790.73,2911629.33,251469.13,30.415983649262763,165685.88,2.4958816421270633,0.13209471420336766,0.12705195223770055,0.08804268156086993,0.15671542961488796,-2.088002565332303,-0.9837406025325568,11.547695299474526,0.3589292790133536,0
MSME046,2024-06-01,37,817340.69,552091.04,1599062.93,109603.47,70144.25,128089.89,72790.73,2838838.6,265249.6499999999,32.45276458706588,167549.11,2.8963754419923204,0.13409765516506955,0.12705196229955118,0.08905800346242397,0.15671542059162624,-1.140068115250803,-4.033778989317627,11.36513891711115,0.35893665747745995,0
MSME046,2024-07-01,37,788999.64,558196.85,1728130.33,109996.87,70920.0,123648.41,72790.73,2766047.87,230802.79000000004,29.252584956819504,162725.28,3.0959155896347323,0.13941308008708342,0.12705195308787573,0.09225698759507672,0.15671542004759342,-3.4674708290859613,1.105942599611831,8.071439689993953,0.35893024189834755,0
MSME046,2024-08-01,37,780003.44,521017.71,1882097.18,110391.69,66196.32,122238.57,72790.73,2693257.13,258985.72999999992,33.20315228353351,166433.94,3.612347802918254,0.14152718352113935,0.1270519576004432,0.09332103714824642,0.15671542422941112,-1.140203308584531,-6.660578611290968,8.909446661930875,0.3589374861302952,0
MSME046,2024-09-01,37,788824.16,529598.98,2032955.85,110787.92,67286.59,123620.91,72790.73,2620466.4,259225.18000000005,32.862226227959354,167122.24000000002,3.838670251970652,0.14044691531760387,0.12705196297772325,0.09227751087137087,0.15671542058245275,1.1308565510941948,1.6470207893700906,8.015455928795356,0.358931002868057,0
MSME046,2024-10-01,37,785435.37,530725.87,2187627.54,111185.58,67429.76,123089.84,72790.73,2547675.67,254709.5,32.429084521620155,166845.65999999997,4.121953844081503,0.1415591711893494,0.12705195621988427,0.0926756456104084,0.1567154277760626,-0.4296001785746517,0.21278175422467793,7.608216872983253,0.35893805028563985,0
MSME046,2024-11-01,37,789707.07,552207.89,2320629.42,111584.66,70159.1,123759.28,72790.73,2474884.93,237499.17999999993,30.074338830472918,165184.84,4.202456107608314,0.14129879829998232,0.12705196950373165,0.09217434256983416,0.1567154261389606,0.5438639719013372,4.047667772441543,6.079731470193495,0.35893143697232066,0
MSME046,2024-12-01,37,812562.94,564254.83,2471717.77,111985.18,71689.68,127341.15,72790.73,2402094.2,248308.11,30.55863094125361,167636.65,4.380499091164182,0.13781723788682756,0.1270519562942864,0.08958165136106257,0.15671542933031132,2.894221271186037,2.181595051095697,6.510662525341937,0.3589382268136099,0
MSME046,2025-01-01,37,855926.45,602026.37,2620562.57,112387.13,76488.63,134136.88,72790.73,2329303.47,253900.07999999996,29.663773096391633,170035.38,4.352903295581553,0.13130465824487608,0.12705195953459647,0.08504320669141607,0.15671542806043676,5.336633984316341,6.694057009667076,6.021917300048374,0.3589314228900742,0
MSME046,2025-02-01,37,888720.9,618568.41,2780152.03,112790.52,78590.33,139276.27,72790.73,2256512.73,270152.49,30.397899948116443,173476.45999999996,4.494494036641799,0.12691332003106937,0.12705196180322237,0.08190505028068991,0.1567154210056273,3.831456546295553,2.747726814690865,6.089893133137436,0.35892899836484915,0
MSME046,2025-03-01,37,898900.1,618334.8,2959512.95,113195.37,78560.65,140871.51,72790.73,2183722.0,280565.29999999993,31.212066835903112,175506.23,4.786262959807535,0.12592652954427305,0.12705196278779715,0.08097755245549533,0.15671542366053803,1.14537646183408,-0.03776623510405308,6.451478842327929,0.35893974068033074,0
MSME046,2025-04-01,37,879422.86,590459.09,3138654.73,113601.66,75018.98,137819.13,72790.73,2110931.27,288963.77,32.85834189027108,176401.81,5.315617598502887,0.1291775153536491,0.12705195206665376,0.08277102325950453,0.15671542811611697,-2.1667858308170196,-4.508190384885358,6.053083160186867,0.3589281081019635,0
MSME046,2025-05-01,37,845105.75,577285.16,3297636.58,114009.42,73345.21,132441.11,72790.73,2038140.53,267820.58999999997,31.690778343420334,173105.31999999995,5.712318293440974,0.13490550738768492,0.12705195816916548,0.0861320964861498,0.1567154288087615,-3.902230833526432,-2.231133405025565,5.065286362351817,0.35893841692100636,0
MSME046,2025-06-01,37,819654.52,559360.32,3455291.56,114418.64,71067.82,128452.5,72790.73,1965349.8,260294.20000000007,31.756574709061574,171803.32,6.177219649759927,0.13959374005526132,0.12705195105723627,0.08880659866305622,0.15671541712476617,-3.011602985780182,-3.1050235207847887,4.780847621480477,0.3589352528940104,0
MSME046,2025-07-01,37,779237.63,538848.54,3596157.87,114829.32,68461.76,122118.55,72790.73,1892559.07,240389.08999999997,30.84926609614579,168486.11,6.673782339653365,0.14736110729149465,0.1270519541539446,0.09341275010037695,0.156715416836325,-4.930966524774371,-3.6670066264263945,4.07682846885431,0.3589275313882423,0
MSME046,2025-08-01,37,747281.79,522784.34,3730823.01,115241.49,66420.78,117110.58,72790.73,1819768.33,224497.45,30.04187349460235,165931.29,7.13644752633562,0.15421423556969052,0.12705196946029407,0.09740733813411938,0.1567154205644433,-4.100910783787482,-2.981208782712863,3.744694890160649,0.3589414271546687,0
MSME046,2025-09-01,37,748280.95,518361.87,3862613.55,115655.13,65858.89,117267.17,72790.73,1746977.6,229919.07999999996,30.726304070683607,167063.40999999997,7.451577312196979,0.15456110435525588,0.12705195696589333,0.09727727266075663,0.15671542887734882,0.13370592102879275,-0.8459453854336996,3.5324790172772014,0.35893322795461646,0
MSME046,2025-10-01,37,748058.25,531522.98,3979664.25,116070.25,67531.04,117232.27,72790.73,1674186.87,216535.27000000002,28.946311333375448,165771.48000000004,7.487285403916121,0.15516204787528243,0.12705196678420186,0.09730623250261593,0.1567154295805173,-0.0297615487872549,2.5389811175733357,3.0303497485530295,0.3589291715810683,0
MSME046,2025-11-01,37,759597.21,513348.54,4115398.21,116486.87,65221.94,119040.6,72790.73,1601396.13,246248.66999999998,32.418322073615826,170305.53,8.016772016143262,0.1533534726911385,0.12705196356455986,0.09582806392877614,0.15671542553454088,1.5425215883923427,-3.419314062394818,3.4106887283267717,0.3589377984453357,0
MSME047,2023-11-01,47,1411767.61,1008825.58,1172650.71,217652.77,190061.96,386824.44,64501.54,2967070.62,402942.03000000014,28.54166841240961,414415.25,1.1623919270564096,0.1541703949419834,0.18839922754536023,0.04568849684828794,0.2740000813589993,1.0751411399101851,3.466959862114294,26.08926966502714,0.3218370227162204,0
MSME047,2023-12-01,47,1458419.4,1033392.72,1454196.7,218353.25,194690.39,399607.04,64501.54,2902569.08,425026.67999999993,29.142966693942768,423269.9,1.4072062555269405,0.14971910686322468,0.1883992273527919,0.04422701727637469,0.2740000852978231,3.304494994045082,2.4352217555783984,24.009365073424128,0.32183371707146247,0
MSME047,2024-01-01,47,1485196.51,1065563.5,1724612.6,219055.99,200751.34,406943.97,64501.54,2838067.55,419633.01,28.2543762508572,425248.62,1.6184981936787437,0.14749293344353467,0.18839922726332123,0.04342963342945103,0.2740000850123193,1.8360363280960357,3.1131223761669213,18.5955517572004,0.32183629050632767,0
MSME047,2024-02-01,47,1532147.05,1096465.8,2004668.2,219760.99,206573.31,419808.42,64501.54,2773566.01,435681.25,28.43599444322267,432996.0999999999,1.8282997974036217,0.14343335386769826,0.18839922777345175,0.04209879201869037,0.27400008373869855,3.1612341992373727,2.9000899524054713,16.238754141074917,0.32183552707232277,0
MSME047,2024-03-01,47,1574594.74,1100381.91,2328115.13,220468.26,207311.1,431439.09,64501.54,2709064.48,474212.8300000001,30.116500325664752,444596.2500000001,2.115733736480637,0.1400158748148746,0.18839922586513624,0.04096389906649885,0.27400008334843035,2.7704710197366422,0.35715751462561673,16.13468652817458,0.3218360092025474,0
MSME047,2024-04-01,47,1577626.9,1092804.49,2648015.98,221177.81,205883.52,432269.9,64501.54,2644562.94,484822.4099999999,30.731119632911934,447564.18999999994,2.4231379027368383,0.14019652555366546,0.1883992259219213,0.04088516746259842,0.27400008202192805,0.19256764442130425,-0.6886172819762115,13.740765904476548,0.321837710335271,0
MSME047,2024-05-01,47,1518191.57,1072294.17,2940438.94,221889.64,202019.39,415984.62,64501.54,2580061.41,445897.40000000014,29.370298769344377,435854.87,2.7421942805116624,0.1461539138963866,0.18839922444043505,0.042485771410257535,0.27400008550963034,-3.767388220877821,-1.8768517321886224,11.043096499742422,0.32183608292351007,0
MSME047,2024-06-01,47,1467979.66,1014182.03,3217963.18,222603.76,191071.11,402226.55,64501.54,2515559.87,453797.6299999999,30.91307341410983,433759.20000000007,3.1729641078337782,0.15163953974675645,0.18839922651755128,0.0439389875470073,0.2740000838976202,-3.3073500730872896,-5.419421426118531,9.438190884521491,0.32183566569399247,0
MSME047,2024-07-01,47,1418957.1,1001670.59,3468108.92,223320.17,188713.97,388794.36,64501.54,2451058.34,417286.5100000001,29.407972235383305,423400.56000000006,3.46232479482102,0.15738331342082154,0.1883992321268013,0.04545700500741002,0.27400008076354104,-3.339457714284666,-1.2336483619217797,7.773418339733751,0.3218319403050618,0
MSME047,2024-08-01,47,1357559.52,965013.81,3702179.59,224038.9,181807.86,371971.42,64501.54,2386556.8,392545.70999999996,28.915543238943954,414202.45999999996,3.8364006314065078,0.16503062790204587,0.18839923130219244,0.04751286337706946,0.2740000821474111,-4.326951110784116,-3.659564368361845,6.7492306441171435,0.32183837223480616,0
MSME047,2024-09-01,47,1320808.95,933021.86,3923535.87,224759.94,175780.6,361901.76,64501.54,2322055.27,387787.08999999997,29.359816951573503,410881.1,4.20519179475602,0.17016839566388464,0.18839923000303552,0.04883487502109976,0.27400008154093747,-2.7071056155239526,-3.315180536121043,5.979080015402505,0.32183696670533557,0
MSME047,2024-10-01,47,1308611.09,981647.95,4096717.01,225483.29,184941.72,358559.55,64501.54,2257553.73,326963.14000000013,24.985508872617004,399101.12,4.1733057253366646,0.17230733540550996,0.1883992321279742,0.04929007593845166,0.27400008508257406,-0.9235143356652653,5.2116774627338325,4.413904848536521,0.32183226245745544,0
MSME047,2024-11-01,47,1350500.04,944942.44,4345936.41,226208.98,178026.43,370037.12,64501.54,2193052.2,405557.6000000001,30.03018052483731,418219.67,4.599154642689136,0.1675001653461632,0.18839923202094722,0.0477612277597563,0.2740000807404641,3.201023613516818,-3.73917248031741,6.083393102126933,0.32183759603650053,0
MSME047,2024-12-01,47,1386855.5,1012305.56,4594934.23,226937.0,190717.59,379998.52,64501.54,2128550.66,374549.93999999994,27.00713520622732,416217.93000000005,4.539078329274414,0.16363420702445208,0.18839923194731834,0.046509200129357386,0.27400008147928895,2.6919999202665634,7.128806702765944,5.729440021880117,0.32183514553665304,0
MSME047,2025-01-01,47,1450490.75,1023009.85,4879218.52,227667.36,192734.27,397434.59,64501.54,2064049.13,427480.9,29.471466812180637,432367.67999999993,4.769473646807994,0.15695884996164228,0.18839923193310407,0.044468770311013706,0.27400008583301894,4.588455682657644,1.0574168929784244,6.186906618682975,0.32183381290842306,0
MSME047,2025-02-01,47,1502471.33,1100167.17,5139000.14,228400.08,207270.65,411677.27,64501.54,1999547.59,402304.16000000015,26.77616217808297,432806.69999999995,4.671108428003719,0.15201626509572064,0.18839923209124665,0.04293029671321582,0.2740000835822937,3.5836547044509004,7.542187399270883,5.324246473798033,0.3218379657057513,0
MSME047,2025-03-01,47,1536975.38,1094734.56,5417227.8,229135.15,206247.15,421131.38,64501.54,1935046.06,442240.81999999983,28.773448537607667,444019.38,4.948439555977843,0.14908186102499574,0.18839923168224448,0.041966540804316596,0.27400008190111674,2.296486416150101,-0.4937985924448052,5.414042662392293,0.32183438814907817,0
MSME047,2025-04-01,47,1540744.4,1087188.76,5708254.58,229872.59,204825.52,422164.09,64501.54,1870544.52,453555.6399999999,29.437435566859754,447211.16000000003,5.250472401866995,0.14919579782344172,0.18839922517226906,0.041863880861744494,0.2740000807401929,0.24522318633366513,-0.689281244578599,5.372245560727573,0.32183626126327525,0
MSME047,2025-05-01,47,1526145.87,1096651.82,5963573.73,230612.4,206608.36,418164.1,64501.54,1806042.99,429494.05000000005,28.142398340992138,442168.14,5.437982795669823,0.15110770505836377,0.1883992313987132,0.04226433479782637,0.2740000862433942,-0.9474984948833698,0.8704155477104125,4.472805941321556,0.3218348042278496,0
MSME047,2025-06-01,47,1511576.91,1071581.02,6239236.59,231354.59,201885.04,414172.2,64501.54,1741541.45,439995.8899999999,29.108402429883633,443641.75,5.822459033475602,0.1530551230767345,0.188399230885967,0.04267168913026067,0.27400008379328844,-0.954624344001942,-2.2861221349179006,4.622444065934261,0.32183438531492303,0
MSME047,2025-07-01,47,1439226.68,1049408.34,6477865.59,232099.18,197707.72,394348.23,64501.54,1677039.91,389818.33999999985,27.085263594474213,428739.68999999994,6.172874126386302,0.16126659074997138,0.1883992269396296,0.04481680397975946,0.27400008315576807,-4.7864074610666,-2.0691557228215918,3.8246506052113105,0.32183930303695263,0
MSME047,2025-08-01,47,1385927.45,995162.55,6711396.94,232846.15,187487.86,379744.24,64501.54,1612538.38,390764.8999999999,28.195191602561877,425102.53,6.744020803435579,0.16800745955352858,0.18839923186418137,0.046540343796495263,0.2740000856466188,-3.7033242046346726,-5.169178472509572,3.6050663101208302,0.3218322443017785,0
MSME047,2025-09-01,47,1363921.56,962007.66,6952612.71,233595.54,181241.5,373714.62,64501.54,1548036.84,401913.9,29.467523044360412,426068.66000000003,7.227190592224598,0.17126757641399848,0.18839922750719054,0.04729123865451617,0.27400008252674,-1.5878096649286966,-3.3316054749045754,3.594121643474124,0.32183911995109504,0
MSME047,2025-10-01,47,1375076.35,966938.6,7201585.06,234347.33,182170.49,376771.04,64501.54,1483535.31,408137.7500000001,29.681097344158385,428947.88,7.447820430376861,0.1704249585850269,0.18839923238145628,0.04690760625764526,0.2740000873406047,0.8178468855642995,0.512567644211881,3.580989771541576,0.3218340555645849,0
MSME047,2025-11-01,47,1389317.82,978457.03,7463561.33,235101.54,184340.55,380673.2,64501.54,1419033.77,410860.79000000004,29.572843886793304,431434.19,7.627888707590971,0.16922084825774422,0.1883992289370132,0.04642677080180257,0.274000084444321,1.0356857639213901,1.191226619766761,3.637758463134788,0.3218342619905279,0
MSME048,2023-11-01,61,1141693.04,766974.04,1075498.28,192559.08,144009.71,250284.42,25112.48,1155174.23,374719.0,32.8213439927776,298833.79000000004,1.4022616463003101,0.16866099139922933,0.18776347371548585,0.021995824727108784,0.2192221650050525,3.3495207230676005,1.5928631127988924,32.62782534252593,0.4131005096865037,0
MSME048,2023-12-01,61,1163696.92,787343.18,1353479.91,193354.54,147834.3,255108.15,25112.48,1130061.75,376353.7399999999,32.341216474131414,300628.39,1.7190469726301558,0.16615541098106543,0.187763485802976,0.021579914467763653,0.21922215794813654,1.9273026311871,2.6557795880548962,25.846775877688977,0.4130991901290848,0
MSME048,2024-01-01,61,1240197.28,829902.26,1653859.64,194153.29,155825.34,271878.73,25112.48,1104949.27,410295.02,33.08304465883041,310206.68000000005,1.992836650426762,0.15655032721890827,0.18776348434091503,0.02024877848466173,0.21922216278365,6.573907577240989,5.405404032330607,22.19314285943115,0.41310123879170213,0
MSME048,2024-02-01,61,1284089.77,888589.69,1944609.53,194955.33,166844.69,281500.93,25112.48,1079836.78,395500.0800000001,30.800033552171364,309611.57,2.1884223414746127,0.15182375450277125,0.18776347720172176,0.019556638941216703,0.2192221576533547,3.539153867520173,7.071607444471817,17.580082551624532,0.4130962704778085,0
MSME048,2024-03-01,61,1320197.05,901505.2,2257515.18,195760.7,169269.75,289416.45,25112.48,1054724.3,418691.8500000001,31.714345218389944,315907.4,2.5041621279611035,0.14828142510998643,0.1877634760176647,0.019021766485540926,0.21922216081303925,2.8118968660578947,1.4534841159365763,16.090924433554534,0.41310488920720534,0
MSME048,2024-04-01,61,1356596.35,927183.15,2584254.81,196569.38,174091.13,297395.98,25112.48,1029611.82,429413.20000000007,31.653719251124336,319874.23,2.787210714517407,0.14489894506940107,0.18776347477841893,0.018511386972255968,0.21922215845560838,2.7571111448855268,2.848341862032533,14.47341895614629,0.4130961934647681,0
MSME048,2024-05-01,61,1299842.73,888215.16,2871456.67,197381.41,166774.37,284954.33,25112.48,1004499.33,411627.56999999995,31.66749026630321,315561.37,3.2328390679573626,0.15185022421904842,0.1877634806413347,0.019319629537028683,0.21922215928383892,-4.183530347844455,-4.202836300465551,11.113527152533376,0.413100962113222,0
MSME048,2024-06-01,61,1295047.8,873850.68,3188822.06,198196.8,164077.24,283903.18,25112.48,979386.85,421197.12,32.523673643552,318022.74,3.6491612731822785,0.15304207304162826,0.18776347464763657,0.019391160696925626,0.2192221630738263,-0.3688853958509264,-1.617229771218942,11.052417865668174,0.41310374670036065,0
MSME048,2024-07-01,61,1225117.59,823809.95,3468993.75,199015.55,154681.42,268572.92,25112.48,954274.37,401307.64000000013,32.75666297469454,312907.04999999993,4.2109150903069335,0.16244607997180088,0.18776347627265247,0.020498016031261126,0.2192221564625482,-5.399816902511246,-5.726462328781401,8.786055939414815,0.4130995051383257,0
MSME048,2024-08-01,61,1154542.08,790088.1,3736693.86,199837.68,148349.69,253101.21,25112.48,929161.88,364453.9800000001,31.566972422520976,304589.2,4.729464802722633,0.17308826023907242,0.18776347852853373,0.021751030503799392,0.21922216122256885,-5.760713141013674,-4.093401639540772,7.716938377303206,0.41309837346881206,0
MSME048,2024-09-01,61,1120748.76,773784.12,3975978.83,200663.21,145288.4,245692.96,25112.48,904049.4,346964.64,30.95828899244109,301067.77,5.1383567163409865,0.17904388312684816,0.18776348111150173,0.02240687734510632,0.21922215644476822,-2.92698902754589,-2.063564810050933,6.403654646730961,0.4131002721809107,0
MSME048,2024-10-01,61,1117090.11,762375.91,4231066.61,201492.15,143146.35,244890.91,25112.48,878936.92,354714.20000000007,31.753409758501938,303236.70999999996,5.549843003302662,0.1803723336159515,0.1877634748453686,0.022480263476685868,0.21922216283877044,-0.3264469371351275,-1.4743401557529956,6.415722791964673,0.41310013928312905,0
MSME048,2024-11-01,61,1135170.35,766082.87,4498296.22,202324.52,143842.38,248854.5,25112.48,853824.43,369087.4800000001,32.51384076407564,307336.64,5.871814128933597,0.17823273837270323,0.18776347263841053,0.022122212758640142,0.21922216344005108,1.6185122254819717,0.48623781934558075,6.31589229459093,0.4131029422238086,0
MSME048,2024-12-01,61,1176950.77,789282.59,4778920.69,203160.32,148198.45,258013.69,25112.48,828711.95,387668.18000000005,32.93835136366834,312975.56,6.054765112708239,0.17261581807708065,0.18776348531899079,0.021336899248555655,0.21922215998890082,3.6805418675707857,3.0283564492180837,6.238461325697231,0.41309871883052907,0
MSME048,2025-01-01,61,1222758.7,822349.5,5064963.05,203999.57,154407.2,268055.81,25112.48,803599.47,400409.19999999995,32.74637915068607,317648.18,6.159136778218993,0.16683550891929863,0.18776347526203885,0.02053755986361005,0.21922216541988213,3.8920854777978464,4.189489343734287,5.9855012994576295,0.41309740012223095,0
MSME048,2025-02-01,61,1250791.06,843587.61,5377624.7,204842.3,158394.94,274201.12,25112.48,778486.98,407203.45000000007,32.555673207322094,320648.48,6.37470801639678,0.16377019835750983,0.18776347367169133,0.02007727813468702,0.21922216169341663,2.292550443517616,2.582613596773631,6.173029238584493,0.41310381193448986,0
MSME048,2025-03-01,61,1275700.55,867378.96,5684898.59,205688.5,162862.09,279661.83,25112.48,753374.5,408321.5900000001,32.00763611805294,322488.24,6.554111699919491,0.1612357225996336,0.18776347768454058,0.019685246667017584,0.21922215993400646,1.9914988839143222,2.8202583487445976,5.713933328222032,0.41309827120667997,0
MSME048,2025-04-01,61,1251978.8,846042.95,5976146.28,206538.2,158855.97,274461.5,25112.48,728262.02,405935.8500000001,32.423540238860284,322143.73,7.063644085681466,0.1649694068302115,0.18776348174758742,0.020058231017969313,0.21922216254780033,-1.8595077034340046,-2.4598256337691193,5.12318180155964,0.41310039209776495,0
MSME048,2025-05-01,61,1179376.9,783420.4,6258187.19,207391.41,147097.74,258545.55,25112.48,703149.53,395956.4999999999,33.57336403655184,318839.22,7.988287246540938,0.17584828904144215,0.1877634792252027,0.021293006501992708,0.21922215875179513,-5.79897199537246,-7.401816893574953,4.7194445514811,0.413100336886818,0
MSME048,2025-06-01,61,1160631.41,806006.35,6511207.2,208248.15,151338.56,254436.12,25112.48,678037.05,354625.05999999994,30.554494471246475,311345.71,8.07835719904688,0.1794266019390256,0.18776348350109154,0.021636912273466733,0.21922215598145842,-1.589440152677235,2.8829923244275912,4.043023999095174,0.41310293420542266,0
MSME048,2025-07-01,61,1096462.38,758273.18,6766654.21,209108.42,142376.01,240368.85,25112.48,652924.57,338189.19999999984,30.843666519593665,307101.26,8.923768357467159,0.19071189656319995,0.18776347859224032,0.02290318432995394,0.21922215881223397,-5.528803498433666,-5.922182871139903,3.9231896966817503,0.4130985077178462,0
MSME048,2025-08-01,61,1052295.38,738161.17,7001668.1,209972.25,138599.71,230686.47,25112.48,627812.08,314134.20999999985,29.8522844412754,302059.01,9.485283681340213,0.19953736754028134,0.18776347989152556,0.02386447805178048,0.21922216364762528,-4.0281363780123485,-2.6523435788669225,3.473118068493708,0.413101490604717,0
MSME048,2025-09-01,61,1057117.44,703540.2,7243995.41,210839.64,132099.16,231743.57,25112.48,602699.6,353577.24,33.44729985724197,310484.05000000005,10.296491103138102,0.1994476980722218,0.18776348529906325,0.023755619810794153,0.21922216135229025,0.458242057472491,-4.690164073518,3.460993959425185,0.41309744501951684,0
MSME048,2025-10-01,61,1037227.31,711337.96,7473024.58,211710.62,133563.29,227383.21,25112.48,577587.12,325889.3500000001,31.41927973338844,305530.5399999999,10.505589466925118,0.20411207645506363,0.18776347883922856,0.024211163510532707,0.21922215873779874,-1.8815440222043733,1.1083602614321064,3.1616415670810083,0.41310068637945285,0
MSME048,2025-11-01,61,1066411.63,699047.5,7737215.44,212585.2,131255.59,233781.06,25112.48,552474.63,367364.1299999999,34.44862374578566,315110.67000000004,11.068225606986651,0.1993462880745215,0.18776347816135527,0.02354858039198241,0.21922215908316756,2.8136860376343,-1.727794760172785,3.5352601503152004,0.41310161955976366,0
MSME049,2023-11-01,39,404265.46,293209.97,331074.06,98770.76,30143.53,61739.38,48776.5,2243718.88,111055.49000000005,27.470932094965534,130366.60999999999,1.129136434207882,0.244321540603543,0.10280526954796251,0.12065463124156092,0.15271989845484202,-0.2102083829846113,-1.720562379260271,16.469082898219867,0.3641920958091127,0
MSME049,2023-12-01,39,406636.01,296532.52,378496.46,99130.48,30485.1,62101.41,48776.5,2194942.38,110103.48999999999,27.07666986994093,130746.79000000001,1.2764079298958508,0.24378185296476815,0.1028052505000126,0.11995125566965896,0.15271989807297195,0.5863845009167923,1.1331640598715165,14.323804166354815,0.3641968534007445,0
MSME049,2024-01-01,39,428271.45,310618.41,436540.79,99491.51,31933.21,65405.57,48776.5,2146165.89,117653.04000000004,27.471604749744593,132963.87,1.4053925200376887,0.2323094616743656,0.10280527158708977,0.11389155172496322,0.15271989295574104,5.320591258014762,4.750200753698097,15.335501420541675,0.3641967636997201,0
MSME049,2024-02-01,39,431718.47,310994.89,490092.07,99853.85,31971.91,65932.0,48776.5,2097389.39,120723.57999999996,27.963496674117273,133813.94,1.5758846391334598,0.23129390317722567,0.102805258311479,0.11298219416000432,0.15271989637135516,0.8048680340470904,0.12120337619396793,12.267188136073148,0.36419187928700136,0
MSME049,2024-03-01,39,438654.49,316295.73,546388.99,100217.51,32516.86,66991.27,48776.5,2048612.89,122358.76000000001,27.894108641176796,134691.91999999998,1.72746242891107,0.2284657111340636,0.1028052449522477,0.11119571578989196,0.1527199003479937,1.6066071947304028,1.7044781668277498,11.487008961397805,0.36419226699819784,0
MSME049,2024-04-01,39,442509.86,326850.49,593126.74,100582.5,33601.95,67580.06,48776.5,1999836.39,115659.37,26.137128334270336,134560.61,1.8146729411358693,0.22730001993627894,0.10280526120673705,0.11022692240123193,0.15271989645609252,0.8789081356490813,3.3369909862520197,8.553933343349396,0.36419783329280087,0
MSME049,2024-05-01,39,437102.97,320070.18,649177.69,100948.81,32904.9,66754.32,48776.5,1951059.9,117032.78999999998,26.774649918301858,134798.23,2.028235463859832,0.23094972335694722,0.10280526602009597,0.11159041083614692,0.1527198957261718,-1.2218688189230442,-2.0744377651078283,9.450079758670116,0.36418860139686426,1
MSME049,2024-06-01,39,417640.26,314248.45,691173.54,101316.46,32306.39,63781.98,48776.5,1902283.4,103391.81,24.75618849581216,132792.05,2.199449321070637,0.24259265617735226,0.10280524852230774,0.11679070403796799,0.15271990300935068,-4.452660204985559,-1.8188917193098009,6.469083988391544,0.36419448629458895,1
MSME049,2024-07-01,39,395258.19,280628.72,740883.58,101685.45,28850.11,60363.79,48776.5,1853506.9,114629.47000000003,29.001162505955925,133199.13,2.6400846641783495,0.25726335993189664,0.10280526526294245,0.12340414755226198,0.15271989683502826,-5.359174424419722,-10.698455314576737,7.192121388211703,0.364195511765808,1
MSME049,2024-08-01,39,377511.24,283249.2,770937.21,102055.78,29119.51,57653.48,48776.5,1804730.4,94262.03999999998,24.969333363425147,130589.75000000001,2.7217630623493374,0.27033838780535385,0.10280526829378511,0.12920542445305735,0.15271990312129516,-4.48996388917331,0.9337889578800107,4.056457831067073,0.36419173047865794,1
MSME049,2024-09-01,39,373077.78,269683.26,814232.68,102427.46,27724.86,56976.4,48776.5,1755953.91,103394.52000000002,27.71393139521738,131679.0,3.0192184713281796,0.27454720031838936,0.10280526866962376,0.13074083372105408,0.1527198966392477,-1.17439152275306,-4.789400993895132,5.615952821890646,0.36419299328269705,1
MSME049,2024-10-01,39,374464.85,281295.38,848958.24,102800.5,28918.64,57188.23,48776.5,1707177.41,93169.46999999997,24.88069841535193,131070.09000000001,3.01803122397531,0.2745264341900181,0.10280524337086518,0.130256551449355,0.15271988812835172,0.37179110479319544,4.305836409720043,4.264820223133259,0.3641992098603275,1
MSME049,2024-11-01,39,368776.77,266608.87,882176.29,103174.89,27408.79,56319.55,48776.5,1658400.91,102167.90000000002,27.704537897004744,132085.65,3.3088782454987338,0.27977600107512196,0.10280524425162599,0.1322656521992966,0.15271989610408487,-1.5189890319478483,-5.221027803584977,3.9128014117632004,0.36419083564769306,1
MSME049,2024-12-01,39,379892.14,281228.71,919167.06,103550.65,28911.79,58017.09,48776.5,1609624.41,98663.43,25.97143231234002,132655.94999999998,3.268396957053211,0.2725790799462184,0.10280525768510619,0.12839565461922955,0.15271990096978577,3.014118812310218,5.483628507933758,4.1931267502099745,0.36419714137809756,0
MSME049,2025-01-01,39,391492.1,287979.45,962123.47,103927.77,29605.8,59788.63,48776.5,1560847.92,103512.64999999997,26.440546309874446,134110.6,3.3409448833935893,0.2654658165515984,0.1028052522497699,0.12459127527733,0.1527198888559948,3.0534877610260525,2.4004448194496097,4.673406159702886,0.36418892590246443,0
MSME049,2025-02-01,39,411652.21,299120.56,1005490.98,104306.27,30751.17,62867.48,48776.5,1512071.42,112531.65000000002,27.336583471761276,136422.58000000002,3.3614906979312957,0.2533844528613122,0.10280527022281584,0.11848958614846256,0.15271988944259524,5.149557296303042,3.8687170213013378,4.507478650323327,0.36419524829600647,0
MSME049,2025-03-01,39,422920.78,309333.19,1057882.39,104686.15,31801.08,64588.42,48776.5,1463294.92,113587.59000000003,26.85788813687519,137473.49,3.419880000590948,0.24753134617788228,0.10280526315330082,0.11533247432296895,0.15271990182180217,2.7374005838569415,3.414218668218605,5.210530083521969,0.36419670648752955,0
MSME049,2025-04-01,39,428158.19,316217.58,1106278.95,105067.41,32508.83,65388.28,48776.5,1414518.42,111940.60999999999,26.14468498196893,137946.86,3.4984738988894923,0.24539390452860427,0.10280525832877477,0.11392167927466249,0.15271990943347363,1.2383903198135426,2.225558143308204,4.574852597744816,0.3641933531799646,1
MSME049,2025-05-01,39,415856.29,312273.42,1143072.28,105450.06,32103.35,63509.53,48776.5,1365741.93,103582.87,24.908333116712026,136856.24,3.6604853528680095,0.25357331976390207,0.102805259570283,0.11729172113760743,0.15271989753960438,-2.8732137530757096,-1.247293082187284,3.3258636983014123,0.36419475839368776,1
MSME049,2025-06-01,39,402761.01,285049.51,1196077.2,105834.1,29304.59,61509.62,48776.5,1316965.43,117711.5,29.22614083225186,138039.13,4.196033173324873,0.2627714634045634,0.10280526354877789,0.1211053175181977,0.1527198970923228,-3.1489916865270917,-8.71797221806453,4.637057597092631,0.36419135275977954,1
MSME049,2025-07-01,39,386137.89,284830.31,1231907.23,106219.54,29282.05,58970.94,48776.5,1268188.93,101307.58000000002,26.23611477236798,135908.43,4.3250566626845295,0.275081888493253,0.1028052456917243,0.12631886500441591,0.1527199001372282,-4.127291268834588,-0.07689892187501268,2.9956285430405405,0.36419263734466245,1
MSME049,2025-08-01,39,374858.58,278072.86,1265966.84,106606.39,28587.35,57248.36,48776.5,1219412.44,96785.72000000003,25.819262293529476,135267.4,4.552644368098347,0.2843909561840628,0.10280525039372775,0.13011973742204327,0.15271988705714032,-2.9210575527825022,-2.372447651375309,2.7647869231192113,0.36419852693769794,1
MSME049,2025-09-01,39,366651.08,264076.22,1299145.9,106994.64,27148.42,55994.91,48776.5,1170635.94,102574.86000000004,27.976151058930483,135841.13,4.919586852613992,0.2918159684678959,0.10280524312261059,0.13303247327131834,0.15271988289247643,-2.1894923680285006,-5.033443393217163,2.6208474781219238,0.3641901765925937,1
MSME049,2025-10-01,39,356690.33,257959.07,1334819.32,107384.31,26519.55,54473.71,48776.5,1121859.44,98731.26000000001,27.67982524224865,135338.47,5.1745392011221005,0.30105753077186026,0.10280526286592674,0.13674746943658384,0.15271989571458244,-2.7166836655710958,-2.316433490300629,2.7459132958045807,0.3641958139211532,1
MSME049,2025-11-01,39,365224.64,266636.61,1375455.34,107775.39,27411.65,55777.07,48776.5,1073082.94,98588.03000000003,26.993805784845193,136140.81,5.158538956822172,0.2950934252409695,0.10280527493955163,0.13355205169070739,0.15271989863553564,2.3926384547626967,3.3639212608418845,3.0443086484543747,0.36418728210854123,1
MSME050,2023-11-01,62,587564.13,425289.73,358378.3,110463.67,56750.21,109368.5,88708.04,4080569.86,162274.40000000002,27.618159740282312,163081.96,0.8426685967704887,0.1880027461853398,0.1334389382033749,0.15097592836376855,0.18613883049668128,2.3897244488757963,1.7917650172867061,14.507565130041211,0.47614066556183055,1
MSME050,2023-12-01,62,612325.2,447873.04,404186.73,110989.64,59763.71,113977.49,88708.04,3991861.82,164452.15999999997,26.856996902952872,165203.42,0.9024582725497386,0.18125930469626272,0.1334389540392965,0.144870797412878,0.18613881969907495,4.2141902025230715,5.310100011114782,12.782143896547304,0.47614749718165594,1
MSME050,2024-01-01,62,634316.96,457061.23,458907.33,111518.1,60989.77,118071.01,88708.04,3903153.78,177255.72999999998,27.944346624438353,168599.34,1.0040390649629154,0.1758081637924359,0.13343894865027164,0.13984812892280224,0.18613881930573006,3.5915164033752056,2.0515166530229223,13.538445460591952,0.47613452931283273,1
MSME050,2024-02-01,62,659816.84,489356.1,506606.67,112049.09,65299.16,122817.53,88708.04,3814445.74,170460.74,25.834554328743714,169567.46,1.0352515683364323,0.16981847568485825,0.133438941498839,0.13444343130132902,0.18613882301033724,4.020053318454542,7.065764470987834,10.394111595471788,0.4761469214414449,1
MSME050,2024-03-01,62,680416.05,489739.87,573039.21,112582.6,65350.37,126651.84,88708.04,3725737.7,190676.18000000005,28.023468876138363,173884.07,1.1700889494661726,0.16546141144083829,0.13343894177943896,0.13037323267139272,0.18613881903579432,3.1219588151160327,0.07842346299555825,13.113238323530151,0.476139520633323,1
MSME050,2024-04-01,62,679388.44,492717.16,648162.08,113118.65,65747.66,126460.56,88708.04,3637029.66,186671.27999999997,27.47636977750166,173831.55,1.315485094937631,0.16650069877550464,0.13343894903112366,0.13057042889926124,0.18613881625657336,-0.1510267137290633,0.6079329420330737,13.109551438897181,0.4761392968362754,1
MSME050,2024-05-01,62,666523.16,492886.92,706067.08,113657.26,65770.31,124065.84,88708.04,3548321.62,173636.24000000005,26.051043747677134,171952.78999999998,1.4325133237457386,0.17052259669416436,0.1334389437642208,0.13309070910604215,0.18613882824416783,-1.8936560062752794,0.03445384366154158,8.933722256630627,0.4761460643315729,1
MSME050,2024-06-01,62,627078.52,463952.02,751715.96,114198.43,61909.27,116723.66,88708.04,3459613.58,163126.5,26.013727914009877,169012.82,1.6202450417178913,0.1821118510007327,0.13343894913961146,0.14146241207560417,0.18613882676128024,-5.917969902201148,-5.870494595393194,6.465232736810211,0.47614204319195164,1
MSME050,2024-07-01,62,594044.25,423103.41,794974.48,114742.18,56458.47,110574.7,88708.04,3370905.54,170940.84000000003,28.77577554197352,168858.41,1.8789129588910665,0.19315426418149825,0.13343893872186,0.14932901042304508,0.18613882720016228,-5.267963890710215,-8.804490171203483,5.75463636557616,0.47614489971534724,1
MSME050,2024-08-01,62,584116.16,425168.91,840867.79,115288.51,56734.09,108726.69,88708.04,3282197.5,158947.25000000006,27.2115823674524,167281.11000000002,1.9777264287739198,0.19737257397569688,0.1334389431249806,0.15186712177249126,0.1861388152657855,-1.6712711216378184,0.4881785282704332,5.772928710868808,0.4761370230197848,1
MSME050,2024-09-01,62,562051.96,408217.26,875521.78,115837.45,54472.08,104619.69,88708.04,3193489.46,153834.69999999995,27.370191894713784,165985.06,2.1447446391659186,0.20609740423287556,0.1334389437624465,0.15782889539251851,0.18613882246758826,-3.7773651049133883,-3.987038939418208,4.121217438950775,0.47614458717526453,1
MSME050,2024-10-01,62,570628.62,416281.23,922892.06,116389.0,55548.13,106216.14,88708.04,3104781.42,154347.39,27.048659073566977,167057.01,2.216991767800821,0.20396628546251325,0.13343894943329537,0.15545669616080596,0.1861388235311436,1.5259550024520951,1.975411328761556,5.410519884496767,0.47614135152318493,1
MSME050,2024-11-01,62,582782.44,419578.25,970932.87,116943.18,55988.08,108478.44,88708.04,3016073.37,163204.18999999994,28.00430809136939,169433.53999999998,2.314068639163255,0.20066352719893207,0.1334389473238901,0.15221467551424508,0.18613882738127802,2.1299001792093764,0.7920174541619529,5.20546357284728,0.4761446528452007,1
MSME050,2024-12-01,62,593259.85,444136.19,1008144.01,117499.99,59265.07,110428.69,88708.04,2927365.33,149123.65999999997,25.136314213746303,168663.61,2.269898361581388,0.19805822018800026,0.13343895709106704,0.14952645118323782,0.1861388226423885,1.7978252742138379,5.853005964918334,3.832514188133307,0.47613721467127945,1
MSME050,2025-01-01,62,614092.53,454810.88,1045462.4,118059.46,60689.49,114306.46,88708.04,2838657.29,159281.65000000002,25.937727983761665,171676.43000000002,2.298675000914666,0.19225027863471975,0.13343895818851123,0.14445386593450338,0.18613882178309513,3.5115607435763696,2.4034722322447966,3.7016923802384083,0.47614472137402775,1
MSME050,2025-02-01,62,629774.03,467534.43,1091770.34,118621.59,62387.3,117225.4,88708.04,2749949.25,162239.60000000003,25.761557681252757,173459.69,2.335165647586639,0.18835579803123986,0.13343894266781595,0.14085693562181342,0.18613882823971004,2.553605398847636,2.797547411354806,4.429421851995841,0.47614142907310697,1
MSME050,2025-03-01,62,656488.07,482806.56,1151197.58,119186.4,64425.2,122197.92,88708.04,2661241.21,173681.50999999995,26.456156316747688,176959.12,2.3843867821514273,0.1815515093823411,0.13343894913109713,0.1351251363943293,0.18613882808258803,4.241845285363688,3.2665252054271177,5.443199711763547,0.47614435112528497,1
MSME050,2025-04-01,62,660636.95,473333.48,1219409.52,119753.9,63161.12,122970.18,88708.04,2572533.17,187303.46999999997,28.35195185494847,179562.96,2.5762164975103814,0.18127036339702163,0.13343894456821437,0.13427653418416877,0.18613881648611996,0.6319810198531117,-1.96208601639547,5.9253025879362875,0.4761449292872255,1
MSME050,2025-05-01,62,631934.94,457641.78,1277995.88,120324.09,61067.24,117627.63,88708.04,2483825.13,174293.15999999992,27.580870904210474,176884.48,2.7925681960244098,0.190405819307918,0.1334389530606231,0.14037527344191478,0.18613882941810436,-4.344596529152667,-3.3151468600953304,4.804486026974741,0.47613480646560014,1
MSME050,2025-06-01,62,594007.59,428805.21,1328449.65,120897.01,57219.32,110567.87,88708.04,2395117.09,165202.37999999995,27.811493115769775,174245.56,3.098025907847528,0.2035277192333519,0.13343895704998546,0.14933822646946313,0.1861388168457578,-6.001780816234026,-6.3011226815873345,3.947882054205065,0.47614737830139475,1
MSME050,2025-07-01,62,570661.77,426864.29,1361181.09,121472.65,56960.32,106222.31,88708.04,2306409.05,143797.48000000004,25.198372759401778,170734.63999999998,3.188791196377659,0.21286277859475322,0.13343894379171423,0.15544766561110268,0.18613882265146303,-3.9302225077628927,-0.45263442578042934,2.463882616853419,0.4761408077834206,1
MSME050,2025-08-01,62,553634.12,399842.48,1394923.56,122051.03,53354.56,103052.8,88708.04,2217701.01,153791.64,27.77856971676529,171749.27000000002,3.488682743264298,0.2204543137623093,0.13343894825782393,0.16022863619749447,0.18613881673333285,-2.983842776080836,-6.330304650220331,2.4789111638334527,0.47614010231933346,1
MSME050,2025-09-01,62,536606.61,392759.23,1416275.39,122632.17,52409.38,99883.32,88708.04,2128992.97,143847.38,26.80685949805948,170106.11,3.6059633531718656,0.2285327234414798,0.13343895189936084,0.1653129841244408,0.1861388177831056,-3.0755889828466554,-1.7715101206855266,1.5306810073520971,0.47614510094671214,1
MSME050,2025-10-01,62,548410.41,397477.72,1440465.18,123216.07,53039.01,102080.47,88708.04,2040284.93,150932.69000000006,27.52184992257898,172257.53,3.624014900759721,0.22467857603213623,0.13343895099327832,0.16175484342100652,0.1861388262122887,2.1997120013113713,1.2013696024406606,1.7079863260209605,0.47613933603229963,1
MSME050,2025-11-01,62,547317.99,397476.93,1482385.31,123802.75,53038.9,101877.13,88708.04,1951576.89,149841.06,27.377331412037087,172640.98,3.7294876711460967,0.22619894149651468,0.13343893946247395,0.16207769819515708,0.18613882945817295,-0.19919753164423515,-0.0001987532785463486,2.910180029481868,0.47613919190896414,1
MSME051,2023-11-01,39,754937.07,517772.82,451703.96,161298.57,85903.53,173880.21,96359.45,4432534.59,237164.24999999994,31.41510192366099,249275.25000000003,0.8723979756218181,0.21365829869766498,0.16590969375333375,0.12763904943759088,0.23032411165078964,1.0985426294036538,5.134152067741793,29.9701298631047,0.45337695112019905,1
MSME051,2023-12-01,39,772320.13,509411.92,585948.69,162029.87,84516.38,177883.95,96359.45,4336175.14,262908.21,34.04135147947005,255397.44,1.150245345652689,0.20979625378921563,0.16590970230928245,0.12476620284389064,0.2303241144316671,2.3025839756418476,-1.614781556127265,29.71962654478386,0.4533828167230469,0
MSME051,2024-01-01,39,801629.89,526445.45,725982.67,162764.48,87342.41,184634.69,96359.45,4239815.7,275184.44000000006,34.32811618339232,260056.76000000004,1.3790273427189847,0.20304192998591908,0.16590970631430096,0.12020441253756144,0.23032410879788925,3.795027328887568,3.343763530307653,23.898676179308474,0.4533793676437581,0
MSME051,2024-02-01,39,835917.33,542241.43,890570.2,163502.42,89963.11,192531.92,96359.45,4143456.25,293675.8999999999,35.13217030684122,266071.23000000004,1.642386860775282,0.1955963994669186,0.16590969450637513,0.11527389915459703,0.23032411590270538,4.277215761004105,3.0004970125584896,22.67099984631864,0.4533790173384178,0
MSME051,2024-03-01,39,849528.84,587319.8,1016631.15,164243.71,97442.05,195666.98,96359.45,4047096.8,262209.0399999999,30.86523113211788,262468.64,1.7309669280688305,0.19333506087915744,0.1659096968976697,0.11342693203917598,0.23032411707176417,1.6283320744169716,8.313339318244273,14.15508288959142,0.45338166860158235,0
MSME051,2024-04-01,39,845475.54,568098.43,1148018.26,164988.36,94253.04,194733.4,96359.45,3950737.35,277377.11,32.80723059120078,265468.72000000003,2.0208087179540346,0.19514267674733674,0.1659096998384593,0.11397071286059912,0.23032410848928875,-0.4771232957788585,-3.272726374966417,12.923773779703684,0.45338113709194605,0
MSME051,2024-05-01,39,846977.06,560481.74,1296453.2,165736.38,92989.36,195079.24,96359.45,3854377.91,286495.32000000007,33.82562923250838,267826.26,2.3131051512935996,0.19567989244006206,0.1659097047479192,0.1137686657062471,0.23032411291044882,0.17759472970679813,-1.3407342104430842,12.929667164004854,0.4533774382629252,1
MSME051,2024-06-01,39,817010.81,555742.32,1428928.09,166487.8,92203.04,188177.29,96359.45,3758018.46,261268.4900000001,31.978584224607758,262462.05,2.5712061841898244,0.20377674072635585,0.1659096971416537,0.11794146273291047,0.23032411284741752,-3.538023804328305,-0.8455975746863853,10.218254696737228,0.45338265503325204,1
MSME051,2024-07-01,39,759955.26,515818.51,1534907.25,167242.62,85579.29,175036.02,96359.45,3661659.01,244136.75,32.12514773567065,256699.35000000003,2.9756730715227726,0.22006903406392633,0.16590969176348477,0.12679621429293086,0.23032411144835024,-6.983451051278022,-7.183870755065036,7.416689527042597,0.45337856587690517,1
MSME051,2024-08-01,39,742750.47,505768.19,1636498.73,168000.86,83911.85,171073.34,96359.45,3565299.56,236982.27999999997,31.906042415563867,255162.34999999995,3.2356695465564966,0.2261874839338708,0.16590970262483293,0.12973327367938253,0.23032410871446504,-2.2639214313747935,-1.948421742368267,6.618737386249229,0.45337725515182115,1
MSME051,2024-09-01,39,720098.79,486575.52,1737815.82,168762.55,80727.6,165856.12,96359.45,3468940.11,233523.27000000002,32.42933792459227,253891.06999999998,3.5715233269441917,0.23436027437290927,0.16590970297889215,0.1338142090198485,0.23032411983361337,-3.0497025468055106,-3.794756249893849,6.19108882534849,0.45338458386463554,1
MSME051,2024-10-01,39,723188.21,484590.76,1849495.2,169527.68,80398.31,166567.68,96359.45,3372580.67,238597.44999999995,32.99244189835451,255697.05,3.8166125990516204,0.23441709593136204,0.16590970492297458,0.13324256212639307,0.23032410885127677,0.4290272449978705,-0.40790379261168574,6.426422104961604,0.45337665258080584,1
MSME051,2024-11-01,39,731377.52,475569.28,1963565.0,170296.29,78901.56,168453.88,96359.45,3276221.22,255808.24,34.976224043637544,259848.61000000004,4.128872663936577,0.23284321071284772,0.16590970720396403,0.13175063132922105,0.23032411496596175,1.132389865703165,-1.8616698345630844,6.167618061404001,0.45338318792542687,1
MSME051,2024-12-01,39,749860.16,509321.16,2079859.94,171068.37,84501.32,172710.88,96359.45,3179861.77,240539.00000000006,32.07784768829431,259277.93,4.083592246589559,0.22813369628811855,0.1659096983129466,0.1285032265215957,0.23032411803288763,2.527099821170342,7.097153121412703,5.922642744192319,0.4533745274192258,0
MSME051,2025-01-01,39,786038.66,515750.05,2219005.18,171843.96,85567.94,181043.66,96359.45,3083502.32,270288.61000000004,34.38617255797571,267319.68,4.302481754485531,0.21862023936583475,0.16590970761902982,0.12258869048502015,0.2303241166280549,4.824699581319258,1.262246791395838,6.6901254898923845,0.4533801309967389,0
MSME051,2025-02-01,39,827953.22,552233.64,2373362.05,172623.07,91620.92,190697.59,96359.45,2987142.88,275719.57999999996,33.30134762927789,271699.74000000005,4.297749861815734,0.2084937479921873,0.16590970445045686,0.11638272268570922,0.23032411178979412,5.3323789443129765,7.073889765013108,6.956129322780558,0.45338224282076567,0
MSME051,2025-03-01,39,843024.52,556536.07,2520411.74,173405.71,92334.73,194168.88,96359.45,2890783.43,286488.45000000007,33.98340655619365,275239.86,4.528748226507584,0.20569474064645235,0.1659096956644697,0.11430207273211934,0.23032411916085194,1.8203081570236535,0.7790959638025452,6.195838936583664,0.4533808835632369,0
MSME051,2025-04-01,39,841885.04,570488.48,2658003.03,174191.89,94649.57,193906.42,96359.45,2794423.98,271396.56000000006,32.23677189940328,273448.74000000005,4.659170383247703,0.2069069786535226,0.16590969549464,0.11445677903957052,0.23032410695883135,-0.13516570075565726,2.507009114431713,5.459079872402106,0.45337607394821955,1
MSME051,2025-05-01,39,822446.31,551575.96,2801858.95,174981.65,91511.8,189429.22,96359.45,2698064.53,270870.3500000001,32.93471521563518,272899.07,5.079733623633634,0.21275753550405008,0.1659096962819047,0.117161994440707,0.23032411684113457,-2.3089530133472813,-3.315144943855841,5.412180436829694,0.45338505713439226,1
MSME051,2025-06-01,39,791033.36,538405.15,2919664.31,175774.98,89326.64,182194.06,96359.45,2601705.09,252628.20999999996,31.936479897636676,268642.4,5.42280160210206,0.2222093136501854,0.16590970572996933,0.12181464761486165,0.2303241167983105,-3.8194529683038048,-2.387850623511567,4.204542844671022,0.4533789685947198,1
MSME051,2025-07-01,39,753914.67,493719.02,3036453.78,176571.91,81912.78,173644.73,96359.45,2505345.64,260195.65000000002,34.51261268068971,268303.86,6.150165695459736,0.23420675711218086,0.16590971115514244,0.12781214351486223,0.2303241161231151,-4.692430417852411,-8.299721873017008,4.0000992442860595,0.453380794012892,1
MSME051,2025-08-01,39,740310.39,487947.19,3149954.93,177372.45,80955.17,170511.33,96359.45,2408986.19,252363.2,34.08883671077479,266928.61000000004,6.455524275075752,0.23959200410519702,0.16590969608821807,0.1301608775205762,0.23032410770298656,-1.8044853802884675,-1.1690515791755396,3.737950853972838,0.45337902274489306,1
MSME051,2025-09-01,39,740926.07,491262.98,3277766.11,178176.62,81505.29,170653.14,96359.45,2312626.74,249663.08999999997,33.69608657446754,267324.47000000003,6.672121131537328,0.24047827065931154,0.16590969260496688,0.1300527190249899,0.2303241131736666,0.08316511672894489,0.6795387017189292,4.057555833029003,0.4533793156716204,1
MSME051,2025-10-01,39,739019.66,485499.19,3405639.52,178984.43,80549.02,170214.05,96359.45,2216267.3,253520.47000000003,34.304969640455845,268649.45999999996,7.014717202720771,0.24219170299204218,0.16590968977723733,0.13038820915806218,0.2303241161405638,-0.257300974711272,-1.173259584917219,3.901236565045818,0.4533759816523597,1
MSME051,2025-11-01,39,739259.19,501348.1,3520165.53,179795.91,83178.51,170269.22,96359.45,2119907.85,237911.08999999997,32.18236488882877,266886.62,7.021399961424009,0.2432109230863941,0.16590969428227612,0.13034596161056855,0.23032411676884262,0.03241185762228316,3.264456527723558,3.3628341851048127,0.45338021860337197,1
MSME052,2023-11-01,93,636831.64,471136.19,490295.77,157082.52,73007.91,161645.44,51074.0,2349403.97,165695.45,26.018721368806364,245720.04999999996,1.0406667549780033,0.24666255589938965,0.15496137114832975,0.0802001609090905,0.2538275893452781,2.2835039006979363,3.7283320816509757,25.692544206702973,0.5812205298165951,0
MSME052,2023-12-01,93,660615.47,498467.69,584741.46,157995.52,77243.23,167682.43,51074.0,2298329.97,162147.77999999997,24.544956538786472,248434.71999999997,1.1730779581721735,0.2391641237223827,0.1549613576759609,0.07731275200079708,0.2538275859631322,3.734712364479864,5.801188823978909,19.263003227623177,0.5812231685613289,0
MSME052,2024-01-01,93,683650.44,507073.17,682302.42,158913.83,78576.75,173529.34,51074.0,2247255.97,176577.26999999996,25.8285901198279,253866.41999999998,1.3455699499936076,0.2324489544686024,0.1549613638599731,0.0747077702458584,0.253827584752231,3.486895334134399,1.726386719267592,16.68446085557198,0.5812253410729662,0
MSME052,2024-02-01,93,715314.47,523642.88,796895.91,159837.47,81144.42,181566.54,51074.0,2196181.97,191671.58999999997,26.795430267194227,260259.59000000003,1.5218308897850383,0.22345063144046284,0.1549613736751276,0.0714007644777548,0.25382757879901413,4.631611149112991,3.2677157815310887,16.795117039156928,0.5812206527273434,0
MSME052,2024-03-01,93,741501.33,550587.27,910648.76,160766.48,85319.75,188213.49,51074.0,2145107.97,190914.05999999994,25.74696123606413,263660.22,1.6539589809259483,0.2168121262843858,0.15496135608075354,0.06887917517288877,0.2538275824805331,3.660887777091948,5.145566001011992,14.274492888286993,0.5812216622297806,0
MSME052,2024-04-01,93,727683.73,534413.89,1017043.06,161700.89,82813.5,184706.2,51074.0,2094033.97,193269.83999999997,26.559593410175598,263593.59,1.9030999736926748,0.22221314471329462,0.1549613540172019,0.07018708526024074,0.25382757973714765,-1.8634626049827796,-2.937478013249384,11.683351987433666,0.58122190645713,0
MSME052,2024-05-01,93,722280.43,535750.44,1123586.12,162640.73,83020.62,183334.7,51074.0,2042959.98,186529.9900000001,25.82514799687984,262954.81000000006,2.0972192202026005,0.22517670871963125,0.1549613659673336,0.07071214708115517,0.2538275888216991,-0.7425341226194426,0.25009641871396315,10.475766876576497,0.5812212907424286,0
MSME052,2024-06-01,93,693459.46,528140.87,1209804.93,163586.04,81841.43,176019.14,51074.0,1991885.98,165318.58999999997,23.83969064319924,257763.75000000006,2.2906860626029566,0.23589849073513255,0.1549613647586107,0.07365102496402602,0.2538275849607705,-3.990274248466086,-1.420357209599299,7.673538188599172,0.5812258712808216,0
MSME052,2024-07-01,93,676005.66,499709.88,1301335.28,164536.83,77435.72,171588.89,51074.0,1940811.98,176295.78000000003,26.079039042365416,258689.99999999997,2.6041816103375823,0.24339563961639016,0.1549613547764955,0.07555262185230815,0.253827593692041,-2.5169171388908507,-5.383220957696377,7.565711440769229,0.5812170769583958,0
MSME052,2024-08-01,93,663158.62,500542.2,1386532.58,165493.16,77564.7,168327.95,51074.0,1889737.98,162616.41999999998,24.521496832839176,256256.40999999997,2.770061305520294,0.24955290485404533,0.154961359901323,0.07701626497744989,0.25382758351237295,-1.9004337922259418,0.16656064514875002,6.546913874493598,0.5812254921891968,0
MSME052,2024-09-01,93,659402.46,493692.89,1473676.95,166455.04,76503.32,167374.53,51074.0,1838663.98,165709.56999999995,25.1302626320199,257326.25,2.9850074405568203,0.2524331498550976,0.15496135664420851,0.07745497340122147,0.253827578987194,-0.566404459916392,-1.3683781307550102,6.285057506546288,0.581220396057458,0
MSME052,2024-10-01,93,636627.74,476798.08,1560034.64,167422.52,73885.28,161593.68,51074.0,1787589.98,159829.65999999997,25.105670073377574,255130.91999999995,3.271897906971437,0.2629833880628576,0.15496136226051915,0.08022584752590266,0.2538275821911247,-3.4538421345895465,-3.4221294943097114,5.8600149781809385,0.58122601754802,0
MSME052,2024-11-01,93,635162.92,462793.32,1651748.58,168395.61,71715.08,161221.87,51074.0,1736515.98,172369.60000000003,27.137856221203847,257902.39999999997,3.5690847482413965,0.26512191549217007,0.15496135510339692,0.08041086529421458,0.2538275848974307,-0.23009050783743268,-2.937251760745352,5.8789681747067,0.581218106142467,0
MSME052,2024-12-01,93,660632.52,494681.82,1746571.92,169374.36,76656.57,167686.76,51074.0,1685441.98,165950.7,25.11997138742126,260404.55,3.5306976108400345,0.2563821108897273,0.15496136486277182,0.07731075666695911,0.25382758935330646,4.009931814029688,6.890440855974322,5.740785319760944,0.5812206149554688,0
MSME052,2025-01-01,93,700963.23,512992.23,1859933.66,170358.81,79493.97,177923.8,51074.0,1634367.98,187971.0,26.816099897279923,268788.64,3.6256565913288785,0.24303530158065495,0.15496135292341562,0.07286259508933157,0.2538275795151195,6.104862957699986,3.701451975736636,6.4905280281844835,0.5812272884750724,0
MSME052,2025-02-01,93,710408.39,527105.08,1958931.48,171348.97,81680.92,180321.25,51074.0,1583293.98,183303.31000000006,25.802526065324205,269989.3,3.7163965105401755,0.2411978411459921,0.15496135988672316,0.07189385812293123,0.2538275906341703,1.3474544164035596,2.7510845534638895,5.3226532821606165,0.5812203078901623,0
MSME052,2025-03-01,93,746027.82,548590.01,2087311.23,172344.89,85010.26,189362.44,51074.0,1532219.98,197437.80999999994,26.465207423497954,276697.07,3.8048655497755055,0.2310167065887704,0.15496137087877337,0.06846125389801147,0.2538275851428704,5.013937124250445,4.076024082332896,6.553560005069703,0.5812232194917888,0
MSME052,2025-04-01,93,740491.4,558982.63,2192187.49,173346.59,86620.71,187957.14,51074.0,1481145.98,181508.77000000002,24.51193491241087,274683.01999999996,3.921745278560803,0.23409669578876943,0.15496136257400342,0.06897311704092715,0.2538275799016707,-0.7421197777852218,1.8944238521587442,5.024466811305395,0.581218276909734,0
MSME052,2025-05-01,93,731980.85,548193.12,2296018.81,174354.12,84948.75,185796.93,51074.0,1430071.98,183787.72999999998,25.1082702505127,275202.3,4.188339339245994,0.23819491999005166,0.15496135741360637,0.06977504944289185,0.2538275830576715,-1.149311119615981,-1.9302048795326598,4.736425167721392,0.5812228553212284,0
MSME052,2025-06-01,93,714706.15,536562.93,2399352.64,175367.51,83146.52,181412.13,51074.0,1378997.98,178143.21999999997,24.925379472388755,273633.12,4.471707801357056,0.24537008671325972,0.15496135746835882,0.07146153702469189,0.2538275765501668,-2.3599934342544593,-2.1215497925256566,4.500565480994467,0.5812251525802781,0
MSME052,2025-07-01,93,673650.18,504556.41,2489090.43,176386.78,78186.75,170991.0,51074.0,1327923.98,169093.77000000008,25.101124444144002,269191.03,4.933225266130303,0.2618373530309158,0.1549613649740373,0.07581679856450123,0.2538275874876186,-5.744454556603429,-5.965100868969852,3.7400834084980517,0.5812194060347942,0
MSME052,2025-08-01,93,665059.81,481945.35,2592532.59,177411.98,74682.91,168810.53,51074.0,1276849.98,183114.46000000008,27.53353266076927,271539.6,5.379308234844469,0.2667609398920076,0.1549613664702855,0.07679610048906728,0.2538275918371913,-1.2751974622793094,-4.481374044975461,4.155821691058437,0.5812226970751455,0
MSME052,2025-09-01,93,657149.18,484357.15,2692732.91,178443.14,75056.64,166802.59,51074.0,1225775.99,172792.03000000003,26.29418635202436,270189.08999999997,5.559395396558098,0.27154129599613896,0.15496135444681677,0.07772055654090597,0.25382758599805294,-1.1894614410694837,0.500430183629752,3.8649589357717673,0.5812234326002086,0
MSME052,2025-10-01,93,662754.14,497008.19,2772718.72,179480.29,77017.07,168225.28,51074.0,1174701.99,165745.95,25.008663091866918,270688.5,5.578818972781917,0.27080976061499973,0.15496136995247503,0.07706326813741216,0.2538275807677339,0.8529204890737274,2.6119238665104794,2.970432370138032,0.5812215588674396,0
MSME052,2025-11-01,93,662748.02,507945.26,2865197.2,180523.47,78711.89,168223.73,51074.0,1123627.99,154802.76,23.357709918167693,270035.31,5.64075979368328,0.2723862834022499,0.15496136335635852,0.07706397976111645,0.25382758593530014,-0.0009234193542706493,2.2005814431347748,3.335299730655694,0.5812225955284411,0
MSME053,2023-11-01,98,724789.07,528297.44,525050.9,123909.6,72409.59,151962.34,45983.26,2115229.76,196491.63,27.11018117312393,203462.35,0.9938547118456604,0.17095953171589634,0.13706216331466609,0.06344364436952672,0.20966422686258224,4.581515760800525,0.2654399466888169,30.30560104158928,0.47145761357341165,0
MSME053,2023-12-01,98,741550.07,559023.38,646562.39,124493.77,76620.95,155476.53,45983.26,2069246.5,182526.68999999994,24.61420979975094,203349.34999999998,1.156592752882715,0.1678831612813414,0.1370621565058692,0.062009649597902415,0.20966423750725288,2.3125348730769435,5.816030454359211,23.142801964533334,0.4714485399032853,0
MSME053,2024-01-01,98,775875.82,580407.68,772632.73,125080.71,79551.93,162673.41,45983.26,2023263.25,195468.1399999999,25.193224864257264,208202.19,1.331189707896353,0.16121228007853114,0.1370621594807291,0.05926626247999326,0.2096642346709555,4.628918718866815,3.825296179920068,19.498557594728005,0.4714613430053527,0
MSME053,2024-02-01,98,811538.87,607787.64,899476.74,125670.4,83304.69,170150.67,45983.26,1977279.99,203751.22999999998,25.106773998391475,212516.38,1.4799194337022055,0.1548544433860574,0.13706216533129895,0.05666180844794286,0.2096642271737397,4.596489422753258,4.717366937666978,16.417115800931704,0.47144759571637884,0
MSME053,2024-03-01,98,828477.63,604687.69,1053905.13,126262.88,82879.8,173702.13,45983.26,1931296.74,223789.94000000006,27.01218860912395,217085.21000000002,1.7428916570138875,0.15240348734582007,0.13706215848382824,0.0555033211940798,0.2096642368002139,2.0872395181761316,-0.5100383416813292,17.168691877457555,0.47145548991649466,0
MSME053,2024-04-01,98,824926.05,617054.0,1177180.8,126858.15,84574.76,172957.49,45983.26,1885313.48,207872.05000000005,25.19887085636343,215240.88,1.9077435686341877,0.1537812389365083,0.13706216959941916,0.0557422813838889,0.2096642359639388,-0.42868749515904137,2.0450738793773127,11.697036715249709,0.4714528925682693,0
MSME053,2024-05-01,98,804379.53,603975.17,1294382.3,127456.23,82782.14,168649.62,45983.26,1839330.23,200404.36,24.914154640409606,213323.70999999996,2.1431051544718303,0.15845285123056277,0.13706215770426455,0.05716612405589187,0.20966423648299454,-2.490710530962137,-2.1195600385055413,9.956117191174041,0.4714557164833266,0
MSME053,2024-06-01,98,791530.68,600392.03,1420387.53,128057.13,82291.03,165955.67,45983.26,1793346.97,191138.65000000002,24.147977435315585,211721.77000000005,2.3657667974040226,0.16178416482858252,0.1370621625340363,0.05809409687063551,0.20966422931325923,-1.597361633506511,-0.5932594878031217,9.73477696658862,0.4714559657068129,0
MSME053,2024-07-01,98,764467.4,575757.86,1535784.38,128660.86,78914.62,160281.47,45983.26,1747363.71,188709.54000000004,24.685099717790454,210027.71000000002,2.6674136589294672,0.168301303626551,0.13706216707141436,0.060150714078847575,0.20966423159444078,-3.419106887935164,-4.103014158932128,8.124321536390845,0.47145363948106755,0
MSME053,2024-08-01,98,733069.63,558339.6,1644458.81,129267.43,76527.23,153698.48,45983.26,1701380.46,174730.03000000003,23.835393371841093,206438.68000000005,2.945266303876709,0.1763371782295769,0.1370621571531018,0.06272700179926974,0.20966423066796536,-4.10714309073219,-3.025275243311487,7.076151536324393,0.4714487374015697,0
MSME053,2024-09-01,98,716039.48,526316.93,1762388.46,129876.87,72138.14,150127.87,45983.26,1655397.2,189722.54999999993,26.496101862986656,207866.59999999998,3.3485308177337174,0.18138227517845804,0.1370621689862798,0.0642188891595754,0.209664235273731,-2.323128568291666,-5.735339209327073,7.17133498770941,0.4714567312121831,0
MSME053,2024-10-01,98,721591.05,533169.69,1872945.4,130489.18,73077.39,151291.83,45983.26,1609413.95,188421.3600000001,26.111931404914195,208703.62,3.5128504773030143,0.18083536374238565,0.13706216120425002,0.06372482031200359,0.20966422740415083,0.7753161878727877,1.302021578519219,6.273131180171254,0.47145423199681513,0
MSME053,2024-11-01,98,745101.96,568535.82,1985762.74,131104.38,77924.75,156221.23,45983.26,1563430.69,176566.14,23.696909883313154,209400.86,3.4927662781212274,0.17595495252757087,0.13706216435052412,0.06171405051732786,0.20966423172474277,3.258204214145932,6.633184643335599,6.023525298708665,0.47145671388233445,0
MSME053,2024-12-01,98,757109.14,566962.86,2095896.81,131722.47,77709.16,158738.71,45983.26,1517447.44,190146.28000000003,25.114778035832458,212752.02,3.6967091812680644,0.17398082131197096,0.13706217017460368,0.060735312216677245,0.20966423678361615,1.61148146758332,-0.2766685835203786,5.546184737054749,0.47144877997211676,0
MSME053,2025-01-01,98,788918.43,602297.06,2229538.9,132343.48,82552.14,165407.98,45983.26,1471464.18,186621.37,23.655344190653523,215199.32,3.7017263541017447,0.16775305908368754,0.13706216663252513,0.05828645681404603,0.2096642361365547,4.201414078820931,6.232189530016141,6.376367832727414,0.47145335188445436,0
MSME053,2025-02-01,98,809579.73,594723.1,2362718.56,132967.42,81514.03,169739.91,45983.26,1425480.93,214856.63,26.539279831030356,221193.30000000002,3.9728044194012306,0.1642425261808371,0.1370621554804244,0.05679892701859025,0.2096642291179894,2.6189399580891948,-1.257512364413682,5.973417194021602,0.47145503503458475,0
MSME053,2025-03-01,98,825666.35,615696.51,2507456.11,133594.3,84388.7,173112.7,45983.26,1379497.67,209969.83999999997,25.430349680594343,222318.3,4.072552092263768,0.1618017980265273,0.13706217045147778,0.05569230234464564,0.20966423059387126,1.9870334451185023,3.5265840523093894,6.125890423445091,0.4714538343302266,0
MSME053,2025-04-01,98,833659.11,618287.53,2671801.3,134224.14,84743.83,174788.5,45983.26,1333514.41,215371.57999999996,25.834490071127508,224268.81,4.321292554614517,0.16100602559240312,0.13706216911733607,0.0551583488363727,0.20966423554107147,0.9680375129736074,0.42082746254319403,6.554259886925795,0.47145724031640857,0
MSME053,2025-05-01,98,827764.94,618903.56,2802190.03,134856.94,84828.26,173552.7,45983.26,1287531.16,208861.3799999999,25.23196742302228,223581.38,4.527668301019305,0.16291695079523422,0.13706216199499643,0.055551108506721736,0.2096642314906452,-0.7070240016929796,0.09963487376172253,4.880180648164223,0.47145021752419414,0
MSME053,2025-06-01,98,798785.66,591156.56,2945924.64,135492.73,81025.2,167476.78,45983.26,1241547.9,207629.09999999998,25.99309306579189,221944.31,4.983323943829702,0.16962338808135338,0.13706216843808683,0.05756645656357927,0.20966422957567865,-3.5009069120516156,-4.483250993094945,5.129366975872096,0.47145515833297846,0
MSME053,2025-07-01,98,783345.64,583262.14,3081433.79,136131.52,79943.17,164239.56,45983.26,1195564.65,200083.5,25.54217318424087,220427.90999999997,5.2831027057576545,0.17378218891982342,0.13706216213519362,0.05870111181061785,0.2096642294453825,-1.9329365527167797,-1.335419503760571,4.599885148453753,0.4714570294656939,0
MSME053,2025-08-01,98,757789.16,549977.8,3215800.72,136773.31,75381.15,158881.28,45983.26,1149581.39,207811.36,27.423374596701805,220273.43999999997,5.847146412091543,0.18048992677593856,0.1370621686911726,0.06068080994982826,0.20966422903172696,-3.262478106088651,-5.706583321180414,4.360532763548375,0.4714484933393992,0
MSME053,2025-09-01,98,717707.46,528655.86,3331839.15,137418.14,72458.71,150477.58,45983.26,1103598.14,189051.59999999998,26.341038729066575,215437.00999999995,6.302472746637103,0.191468178413528,0.13706215230452568,0.06406964196805201,0.20966422726050526,-5.289294452298588,-3.8768728483222548,3.608383730942122,0.4714589418067128,0
MSME053,2025-10-01,98,714182.22,525994.18,3447527.42,138066.0,72093.9,149738.47,45983.26,1057614.88,188188.03999999992,26.350143524995612,215710.56999999998,6.554307159824467,0.1933204105809299,0.13706216293115636,0.06438589300080867,0.20966423667057968,-0.49118062671383855,-0.5034806575301976,3.472204533042955,0.47145158564945167,0
MSME053,2025-11-01,98,736446.37,539922.77,3578732.25,138716.92,74002.98,154406.46,45983.26,1011631.62,196523.59999999998,26.685391904369084,219120.40000000002,6.628229904065724,0.18835983942727563,0.13706215798233512,0.062439387134191456,0.2096642285031563,3.1174326910574868,2.648050212266595,3.8057661046826397,0.4714556806165282,0
MSME054,2023-11-01,21,1424583.82,961929.96,1206696.83,261443.36,149450.9,423399.99,27134.33,1248179.25,462653.8600000001,32.47642248246228,535392.45,1.2544539417402074,0.18352262347048134,0.15536567755931002,0.019047197938833815,0.297209601889203,3.103626661681891,2.162698594133605,37.440384065958085,0.34681846640221003,0
MSME054,2023-12-01,21,1474831.09,1050266.17,1500600.51,262350.1,163175.31,438333.96,27134.33,1221044.92,424564.92000000016,28.787358964612018,537508.75,1.4287811536384154,0.17788484510453326,0.15536567268466814,0.018398262813947054,0.2972096011347306,3.5271543376085734,9.18322681206436,24.35604972957457,0.34682081809229715,0
MSME054,2024-01-01,21,1548877.92,1079006.12,1830783.5,263259.98,167640.51,460341.39,27134.33,1193910.59,469871.7999999998,30.336270788855963,555960.86,1.6967313401336406,0.16996819219942136,0.1553656711418838,0.01751870153846599,0.2972096019032927,5.020699014420682,2.7364444196084303,22.003390495982167,0.3468190025466056,0
MSME054,2024-02-01,21,1650468.4,1117780.91,2226544.19,264173.02,173664.79,490535.05,27134.33,1166776.25,532687.49,32.27492813555231,581043.28,1.9919325603798335,0.1600594231310336,0.15536567895044837,0.01644038140930175,0.29720959819648773,6.558972704575705,3.593565345115901,21.617012060683315,0.34682065994233735,0
MSME054,2024-03-01,21,1704611.9,1211248.84,2586902.91,265089.22,188186.49,506627.02,27134.33,1139641.92,493363.0599999998,28.94283795625267,583529.75,2.135732002021979,0.15551294696464338,0.1553656720117065,0.01591818642120239,0.29720959944020103,3.2804929800534177,8.361918616055108,16.184665079564397,0.3468181572819029,0
MSME054,2024-04-01,21,1738928.43,1186846.71,2971177.35,266008.61,184395.24,516826.22,27134.33,1112507.59,552081.72,31.748386562407287,598439.59,2.5034213137769075,0.15297271895198125,0.15536567481406255,0.01560405220357459,0.29720959821215875,2.01315795108552,-2.0146256651936256,14.854613929055427,0.34682285458458306,0
MSME054,2024-05-01,21,1683772.44,1162991.67,3333676.42,266931.18,180688.99,500433.33,27134.33,1085373.26,520780.77,30.929403381848918,586675.52,2.8664662920586528,0.15853162438031115,0.1553656785865027,0.01611520022266192,0.29720959799056934,-3.1718378426879856,-2.0099512261360197,12.200519433819723,0.34681960106479615,0
MSME054,2024-06-01,21,1643326.38,1117882.92,3703184.47,267856.95,173680.63,488412.38,27134.33,1058238.93,525443.46,31.974382350023493,582588.7000000001,3.3126764920963283,0.1629968052968273,0.1553656710310951,0.016511832542966908,0.2972096023919485,-2.4021096342448756,-3.878682123320798,11.0841006578557,0.34681973083849904,0
MSME054,2024-07-01,21,1556591.39,1075603.07,4056938.63,268785.93,167111.8,462633.9,27134.33,1031104.6,480988.31999999983,30.90010153531685,564308.03,3.7717804487114375,0.17267597118085048,0.15536567778669502,0.017431890073604996,0.2972095971827263,-5.2780136104186415,-3.782135789318608,9.552701542842668,0.3468194497100008,0
MSME054,2024-08-01,21,1508003.43,1037912.33,4382480.1,269718.13,161255.95,448193.1,27134.33,1003970.27,470091.1,31.17307896308963,556655.28,4.222399111493357,0.17885776957417135,0.1553656752492766,0.017993546606190413,0.29720960250070516,-3.12143317200283,-3.5041495372451936,8.024313397119332,0.3468187490319963,0
MSME054,2024-09-01,21,1454499.92,1010862.24,4678967.04,270653.56,157053.29,432291.34,27134.33,976835.93,443637.67999999993,30.501045335224212,545891.61,4.6286891080232655,0.18608014773902498,0.1553656707960523,0.01865543588342033,0.29720960039654043,-3.5479700467259567,-2.606201816679443,6.765277496639421,0.34681762030606134,0
MSME054,2024-10-01,21,1477907.24,1029199.96,4990855.64,271592.24,159902.35,439248.22,27134.33,949701.6,448707.28,30.360990720906138,550938.11,4.849257514545569,0.18376812336341217,0.15536567840519544,0.018359968248074895,0.29720960024527654,1.609303629250114,1.8140671670553221,6.665757577125397,0.3468197499415737,0
MSME054,2024-11-01,21,1492369.2,1061679.15,5296135.19,272534.18,164948.5,443546.45,27134.33,922567.27,430690.05000000005,28.85948396683609,551132.13,4.988451727624114,0.1826184700139885,0.15536567709745455,0.018182049053277166,0.29720959800028035,0.9785431459149008,3.155770624009735,6.116777803655338,0.3468213966643541,0
MSME054,2024-12-01,21,1562880.24,1053092.29,5665833.82,273479.38,163614.39,464503.01,27134.33,895432.94,509787.94999999995,32.6184909727952,574368.0,5.380187352810265,0.17498422016008086,0.15536567075237062,0.017361746156570514,0.2972095993740378,4.724771859403165,-0.8087999090873987,6.980536121850767,0.3468188834149233,0
MSME054,2025-01-01,21,1642177.91,1131328.9,6046332.64,274427.86,175769.68,488071.04,27134.33,868298.61,510849.01,31.108018619005783,586729.22,5.344451679790024,0.16711213707654854,0.15536567659502026,0.016523380222548484,0.29720960014618636,5.073816148574495,7.42922635963843,6.715672080901225,0.34681956643312084,0
MSME054,2025-02-01,21,1700913.25,1167737.47,6439278.07,275379.63,181426.32,505527.75,27134.33,841164.28,533175.78,31.346441683607324,599481.06,5.514319986666181,0.16190104345415618,0.15536567478647406,0.015952800649886172,0.297209601959418,3.576673370304939,3.2182126700732283,6.498905260362919,0.34681974344734634,0
MSME054,2025-03-01,21,1751767.17,1213045.58,6830985.38,276334.7,188465.64,520642.02,27134.33,814029.95,538721.5899999999,30.753036089836066,608511.08,5.631268513422224,0.15774624889219727,0.1553656705958238,0.015489689762823904,0.29720960006346053,2.9898009201821285,3.8799911079328453,6.083093566419007,0.34681940708540804,0
MSME054,2025-04-01,21,1768452.61,1251621.29,7214546.6,277293.09,194458.98,525601.09,27134.33,786895.61,516831.32000000007,29.225059075798477,608435.2,5.7641609787574,0.15679984209472259,0.15536566975462682,0.01534354375489881,0.29720959839574096,0.9524918771026014,3.1800709417695527,5.615020361820777,0.34682216891328554,0
MSME054,2025-05-01,21,1745053.62,1180437.11,7628799.18,278254.79,183399.41,518646.69,27134.33,759761.28,564616.51,32.355252785871414,613502.07,6.462690062327843,0.1594534327260385,0.15536567636373275,0.015549281517206331,0.2972096009290534,-1.323133561379397,-5.687357715048136,5.741907329283857,0.34681715292650406,0
MSME054,2025-06-01,21,1673652.99,1151620.17,8026457.26,279219.84,178922.24,497425.74,27134.33,732626.95,522032.82000000007,31.191222022672697,597723.3400000001,6.9697088233527555,0.1668325762080466,0.15536567060995468,0.016212637961468945,0.29720960257119966,-4.091600921695471,-2.441209256798116,5.212590744851675,0.34682242127801466,0
MSME054,2025-07-01,21,1607523.22,1112331.67,8371545.54,280188.23,172818.16,477771.33,27134.33,705492.62,495191.55000000005,30.80462812848203,585141.4,7.526123516738493,0.17429809194295806,0.1553656743406398,0.0168795882152172,0.29720959800506025,-3.951223485102484,-3.411584915189525,4.2993847574539945,0.3468199107914183,0
MSME054,2025-08-01,21,1561842.2,1082954.13,8711614.5,281159.97,168253.9,464194.5,27134.33,678358.29,478888.07000000007,30.661744829279176,577100.57,8.044306087091613,0.1800181670081651,0.1553656755526663,0.017373285214088853,0.29720960286512943,-2.841702031526483,-2.6410773685873745,4.062200442858721,0.34681685237099025,0
MSME054,2025-09-01,21,1534975.63,1061664.24,9052976.69,282135.09,164946.18,456209.49,27134.33,651223.96,473311.3899999999,30.83510778604348,573398.4000000001,8.52715609032852,0.1838042796809745,0.1553656738028588,0.017677368597702105,0.29720959804423736,-1.7201846639820606,-1.9659087499855565,3.9184721729824012,0.3468203528404379,0
MSME054,2025-10-01,21,1571203.89,1062032.07,9426616.33,283113.59,165003.33,466976.88,27134.33,624089.62,509171.81999999983,32.406476539464265,585087.14,8.876018527387783,0.1801889568896116,0.155365675539346,0.01726977012512361,0.29720960021299336,2.360184702085477,0.0346465470100199,4.127257285581276,0.3468196742206109,0
MSME054,2025-11-01,21,1619865.16,1126781.76,9802650.84,284095.49,175063.21,481439.48,27134.33,596955.29,493083.3999999999,30.43978055556179,590471.76,8.699688961951248,0.1753821842800792,0.15536567613590052,0.016750980680391943,0.29720960231035526,3.0970690888500796,6.096773518336396,3.989071972763747,0.3468219240199577,0
MSME055,2023-11-01,20,1047040.84,754706.46,682895.87,214259.64,103068.99,309029.3,53014.97,2438688.62,292334.38,27.920055152767493,420219.95,0.9048496418064317,0.20463350789640644,0.13656831558060337,0.050633144357578264,0.2951454119019846,3.30386111190617,1.6628488981320633,44.516842503961925,0.6283482077336089,0
MSME055,2023-12-01,20,1109644.12,832638.94,878920.15,215605.93,113712.1,327506.37,53014.97,2385673.65,277005.18000000017,24.963425210598164,429400.20000000007,1.0555837683978606,0.1943018722074605,0.13656831855593976,0.047776551999392375,0.2951454111251452,5.97906763598639,10.326197552356975,28.70485656912818,0.6283451237013127,0
MSME055,2024-01-01,20,1152153.99,825423.61,1099966.29,216960.68,112726.72,340052.96,53014.97,2332658.68,326730.38,28.358221456144072,444286.92000000004,1.3326082228251261,0.18830875202714872,0.1365683252021347,0.04601378848672824,0.29514540847096316,3.8309462677096784,-0.8665616815855315,25.149740849609614,0.6283454263062316,0
MSME055,2024-02-01,20,1191287.4,858153.15,1311659.56,218323.95,117196.53,351603.01,53014.97,2279643.71,333134.2499999999,27.964221731884336,452730.42999999993,1.5284679197413655,0.18326723677258738,0.13656831534091554,0.04450225025464049,0.29514541159421315,3.396543373512073,3.965180981435701,19.2454325123,0.6283488787000469,0
MSME055,2024-03-01,20,1232116.64,881974.09,1543706.97,219695.78,120449.72,363653.57,53014.97,2226628.74,350142.54999999993,28.417971045338692,462899.63,1.7502860769980215,0.17830761542186463,0.13656832027798005,0.04302755784549749,0.29514540928527677,3.4273207288182617,2.7758378559817665,17.69113092119725,0.628346088461651,0
MSME055,2024-04-01,20,1205523.34,889580.09,1763239.26,221076.23,121488.46,355804.68,53014.97,2173613.77,315943.2500000001,26.207974538261542,455392.45,1.9821028818214672,0.18338610515827922,0.13656832180225617,0.04397672632368942,0.29514540962765595,-2.1583427361227647,0.8623836103847538,14.221111536472497,0.628346161223492,0
MSME055,2024-05-01,20,1158733.35,841208.22,1977281.72,222465.36,114882.39,341994.83,53014.97,2120598.8,317525.1300000001,27.40277821467727,449577.79999999993,2.350525913786244,0.19199012438884233,0.13656831598721184,0.04575251933501353,0.29514541028788027,-3.881301045569141,-5.437607084933749,12.139161420441603,0.6283488731466003,1
MSME055,2024-06-01,20,1081738.14,818484.51,2141235.32,223863.21,111779.06,319270.05,53014.97,2067583.83,263253.6299999999,24.33616974991747,431354.2,2.6160975483824367,0.2069476906860287,0.1365683267481751,0.04900906054768486,0.2951454129185091,-6.6447737954552055,-2.701318111228157,8.291868495097399,0.628345015152032,0
MSME055,2024-07-01,20,1025445.9,750091.74,2303212.78,225269.85,102438.77,302655.65,53014.97,2014568.86,275354.16000000003,26.85213915234339,425486.73,3.070574780626167,0.21967989730126183,0.13656832162956495,0.05169943143758242,0.2951454094262798,-5.203869394861115,-8.356024966190256,7.564673461485771,0.6283479987622798,0
MSME055,2024-08-01,20,993270.97,729961.71,2455517.37,226685.32,99689.65,293159.37,53014.97,1961553.89,263309.26,26.50930792832897,420155.04000000004,3.3638988680652857,0.22822102613146947,0.13656832767296795,0.0533741260957219,0.2951454123339576,-3.1376526055640785,-2.683675732784374,6.612701671445231,0.6283441836535175,0
MSME055,2024-09-01,20,977510.34,707069.73,2618237.69,228109.69,96563.33,288507.69,53014.97,1908538.92,270440.61,27.666265913872586,420054.05,3.702941278507284,0.23335782821489132,0.1365683268607751,0.054234689732284576,0.29514540991965366,-1.5867402225598126,-3.1360521636128014,6.626722416547182,0.6283468201646158,0
MSME055,2024-10-01,20,979199.12,736032.2,2778592.37,229543.01,100518.68,289006.13,53014.97,1855523.95,243166.92000000004,24.83324535667475,418030.46,3.775096211823342,0.23441913428190173,0.1365683186143215,0.05414115363992566,0.2951454143463691,0.17276338989928863,4.0961264174044,6.124527219681131,0.6283468273531101,0
MSME055,2024-11-01,20,971752.67,708811.6,2958907.28,230985.34,96801.21,286808.34,53014.97,1802508.98,262941.07000000007,27.058435558504822,420992.47000000003,4.174462268958352,0.23769972250243468,0.13656832083447845,0.054556032246353386,0.29514540978827464,-0.7604633059719257,-3.698289286800216,6.489433712797532,0.6283484737783951,0
MSME055,2024-12-01,20,975672.82,716051.63,3114227.45,232436.73,97789.97,287965.36,53014.97,1749494.01,259621.18999999994,26.609451926722727,422612.12,4.349166065022435,0.23823224879832158,0.13656832259427998,0.054336831890018214,0.2951454156527595,0.403410262819226,1.0214322113238694,5.249240861646753,0.62834723623586,0
MSME055,2025-01-01,20,1011274.66,747373.3,3298881.61,233897.24,102067.52,298473.08,53014.97,1696479.04,263901.36,26.095913448478967,430302.80000000005,4.413967705295332,0.23128952919674658,0.13656832536029853,0.05242390825851406,0.29514541578644915,3.648952729871069,4.374219495876308,5.929372949300782,0.6283473356383906,0
MSME055,2025-02-01,20,1053153.52,790911.2,3457649.99,235366.92,108013.41,310833.43,53014.97,1643464.07,262242.32000000007,24.900673550424067,438186.93999999994,4.371729708720777,0.2234877589356583,0.13656831512817116,0.050339261079429334,0.2951454124181249,4.141195429538391,5.825455632412857,4.81279411539719,0.6283443105185915,0
MSME055,2025-03-01,20,1070383.01,771907.52,3646562.01,236845.84,105418.11,315918.63,53014.97,1590449.1,298475.49,27.88492410767992,447346.36,4.724091831622523,0.22127204728333646,0.1365683158521373,0.04952897187708538,0.29514540781061166,1.6359903539989062,-2.4027577305770764,5.463595810633204,0.6283465832836566,0
MSME055,2025-04-01,20,1059401.19,785062.79,3822095.49,238334.05,107214.71,312677.4,53014.97,1537434.13,274338.3999999999,25.895609953015054,443796.73999999993,4.86852203248609,0.22497053264589972,0.13656832468139268,0.0500423923443016,0.2951454113431759,-1.0259710680572187,1.704254675482364,4.81367050714161,0.628345425024146,0
MSME055,2025-05-01,20,1030574.06,771868.18,3978616.82,239831.62,105412.74,304169.2,53014.97,1484419.16,258705.88,25.10308477975857,438588.0800000001,5.154528873051872,0.23271653082360716,0.13656831921740833,0.051442173888987655,0.2951454066290005,-2.7210777439281464,-1.6807076030186052,4.095170578796803,0.6283491595095336,0
MSME055,2025-06-01,20,1004122.05,740253.58,4137254.61,241338.59,101095.19,296362.01,53014.97,1431404.19,263868.4700000001,26.27852560353595,436605.41,5.588969404241179,0.24034786408684083,0.13656832297926882,0.05279733673809872,0.2951454058796936,-2.5667257722361114,-4.095854812929334,3.9872598236288637,0.6283450030483806,0
MSME055,2025-07-01,20,939729.23,702133.27,4279108.7,242855.04,95889.16,277356.77,53014.97,1378389.22,237595.95999999996,25.283448935604564,424322.65,6.094439450220042,0.25843086736803966,0.13656831843333675,0.056415154820713624,0.29514541119466936,-6.4128479202304245,-5.149628590786404,3.428700995513556,0.6283495731039146,0
MSME055,2025-08-01,20,916402.78,665107.21,4430773.14,244381.01,90832.57,270472.07,53014.97,1325374.25,251295.57000000007,27.421956314885914,424020.51,6.661742758735092,0.2666742346634959,0.13656831355053273,0.05785116671077754,0.2951454053860465,-2.4822522547266024,-5.2733664080609755,3.544299774389925,0.6283460289726817,0
MSME055,2025-09-01,20,893825.38,667059.33,4569456.55,245916.57,91099.17,263808.46,53014.97,1272359.28,226766.05000000005,25.370285413018824,418625.86000000004,6.850150120829582,0.2751282023341069,0.13656831694416147,0.0593124464646551,0.2951454119595485,-2.4636983314258454,0.29350456146761683,3.1300047557839994,0.6283466951871652,0
MSME055,2025-10-01,20,899337.33,664174.73,4706104.25,247461.78,90705.23,265435.29,53014.97,1219344.31,235162.59999999998,26.14843086742546,422191.83999999997,7.08564183102841,0.27516013373980597,0.13656832442270123,0.05894892631666919,0.2951454155694838,0.61666966762568,-0.4324352977717827,2.990458460536183,0.6283472480117958,0
MSME055,2025-11-01,20,933569.81,685622.45,4858914.18,249016.69,93634.31,275538.85,53014.97,1166329.34,247947.3600000001,26.559059359470943,430921.23000000004,7.08686563574457,0.266736014096257,0.1365683256141919,0.05678736547832454,0.295145416066957,3.8064115497129514,3.229228549541463,3.247057903572781,0.6283434961148249,0
MSME056,2023-11-01,22,541601.95,394513.5,372241.66,123747.91,65973.45,144298.67,77367.3,3558895.99,147088.44999999995,27.158035527752432,202073.13,0.9435460636961726,0.22848497868222228,0.16722735723872567,0.1428490056211947,0.26642937677753936,2.278297527969264,4.1838457396642825,19.367938935606,0.6107480435858736,1
MSME056,2023-12-01,22,559270.77,397383.32,428829.93,124503.7,66453.36,149006.16,77367.3,3481528.69,161887.45,28.946166809325653,207056.5,1.0791341971776771,0.2226179279850438,0.16722735116310367,0.13833603354596916,0.26642937194804583,3.2623257726454025,0.7274326480589455,15.202024942613889,0.6107497088233549,1
MSME056,2024-01-01,22,583939.86,431758.11,495716.01,125264.11,72201.77,155578.73,77367.3,3404161.39,152181.75,26.061202603980487,208641.07,1.1481336389952235,0.214515429722506,0.16722736256187523,0.13249189736765016,0.26642937168221403,4.410938551285271,8.65028506984138,15.597344149929082,0.6107529334469675,1
MSME056,2024-02-01,22,600313.03,427307.6,580676.92,126029.16,71457.52,159941.03,77367.3,3326794.08,173005.43000000005,28.819202874873472,214512.66999999998,1.3589201783445932,0.2099390712875248,0.16722735565667451,0.12887826206271086,0.26642938268389743,2.80391374550113,-1.0307878177435947,17.139028856461593,0.6107495594707801,1
MSME056,2024-03-01,22,625872.27,453383.69,662337.37,126798.89,75818.16,166750.76,77367.3,3249426.78,172488.58000000002,27.559709587389136,217731.49000000002,1.4608760407768528,0.20259547527165567,0.16722736541316693,0.12361515872879301,0.2664293786334391,4.257652045300442,6.102416619783968,14.062974984437115,0.6107554791287884,1
MSME056,2024-04-01,22,618682.26,431445.47,746026.89,127573.31,72149.49,164835.13,77367.3,3172059.47,187236.79000000004,30.2638045577709,220258.95,1.729133672443009,0.20620166157665487,0.16722736711084255,0.12505175112019537,0.2664293784664199,-1.1487983003305113,-4.838775739815437,12.635482125974562,0.6107466713628051,1
MSME056,2024-05-01,22,603540.66,420732.22,829737.37,128352.47,70357.94,160800.96,77367.3,3094692.17,182808.44000000006,30.28933295065821,218795.49,1.972126998022638,0.21266582105669565,0.16722736376120662,0.1281890436346078,0.2664293736233114,-2.447395210588388,-2.4831063819026777,11.22083950620063,0.610754710370065,1
MSME056,2024-06-01,22,572275.28,406485.88,893813.29,129136.38,67975.56,152470.94,77367.3,3017324.86,165789.40000000002,28.9702186681906,213631.76,2.198879060694556,0.22565430399160347,0.16722735854933016,0.1351924549318293,0.2664293659512953,-5.180327038778132,-3.3860824825823865,7.722433907008441,0.610747888217511,1
MSME056,2024-07-01,22,556918.89,385335.05,963583.81,129925.08,64438.56,148379.55,77367.3,2939957.56,171583.84000000003,30.80948466301799,213866.07,2.5006388855620583,0.23329264338654412,0.1672273518850673,0.13892022947901803,0.2664293717887716,-2.6833921605000977,-5.203336952319237,7.805938978598093,0.610749658616716,1
MSME056,2024-08-01,22,538302.2,387357.18,1013204.31,130718.6,64776.72,143419.52,77367.3,2862590.26,150945.01999999996,28.040944287428132,209361.4,2.615684857061382,0.24283497262318454,0.16722736364406618,0.14372465875116247,0.2664293774017643,-3.3428009597591624,0.524771883585462,5.149578011278533,0.6107519810647721,1
MSME056,2024-09-01,22,527380.47,374145.35,1069300.85,131516.96,62567.34,140509.65,77367.3,2785222.95,153235.12,29.055895831713297,209459.27,2.8579824659052964,0.24937775947600033,0.1672273623071889,0.146701109352798,0.2664293768785181,-2.0289216726218084,-3.410761612834956,5.5365477077372605,0.6107470551245164,1
MSME056,2024-10-01,22,526861.98,392219.76,1114525.99,132320.2,65589.87,140371.51,77367.3,2707855.65,134642.21999999997,25.555501271889074,207101.84000000003,2.8415855182818937,0.25114774841031423,0.1672273472402308,0.14684547934166745,0.26642937871508593,-0.09831422085083696,4.830852501574601,4.229412143458022,0.6107501268277638,1
MSME056,2024-11-01,22,542509.49,392514.72,1168955.51,133128.35,65639.2,144540.46,77367.3,2630488.34,149994.77000000002,27.64832187543853,212029.61,2.978118909782543,0.24539358749281973,0.16722735901471417,0.14261003987229792,0.2664293669775251,2.9699448041401677,0.07520273838319547,4.883647441904881,0.6107533090185635,1
MSME056,2024-12-01,22,562043.28,397830.0,1247876.84,133941.43,66528.06,149744.84,77367.3,2553121.04,164213.28000000003,29.217194803930408,217158.21000000002,3.136708744941307,0.23831159408222083,0.16722735841942538,0.13765363407600922,0.2664293753320918,3.6006356312771715,1.3541606796300565,6.751440009893961,0.6107489501672614,1
MSME056,2025-01-01,22,595031.77,427463.08,1317974.32,134759.48,71483.52,158533.94,77367.3,2475753.74,167568.69,28.161301370513375,221809.90000000002,3.0832471426538173,0.22647442841581383,0.167227354465326,0.13002213310391814,0.26642937065360395,5.8693860729017056,7.4486790840308625,5.6173396086107275,0.6107520279573064,1
MSME056,2025-02-01,22,613124.4,445198.32,1386901.44,135582.53,74449.34,163354.35,77367.3,2398386.43,167926.08000000002,27.38858215396419,224487.54,3.1152441006515925,0.22113380253664672,0.1672273606063922,0.12618532226086582,0.26642937387583987,3.0406157977077353,4.148952466257438,5.229777162881288,0.6107548055246159,1
MSME056,2025-03-01,22,620734.51,459912.43,1463499.35,136410.6,76909.94,165381.91,77367.3,2321019.13,160822.08000000002,25.90835170417704,224882.57,3.1821261060502324,0.21975675236744935,0.16722735673832517,0.12463830954074069,0.2664293789626744,1.2412016223787514,3.3050686264943563,5.522952662014702,0.6107497772758874,1
MSME056,2025-04-01,22,622545.5,446797.25,1543946.66,137243.72,74716.72,165864.41,77367.3,2243651.82,175748.25,28.23058716190222,228391.41,3.455586756632902,0.22045572572607142,0.16722734976546968,0.12427573566911977,0.26642937745112605,0.2917495275073456,-2.851668957936182,5.496914638192352,0.6107443263206891,1
MSME056,2025-05-01,22,622407.08,437128.91,1633824.83,138081.94,73099.91,165827.53,77367.3,2166284.52,185278.16999999998,29.76800488837627,230809.55999999997,3.7376270308911854,0.2218514930774888,0.16722735176678205,0.12430337392691614,0.2664293760925727,-0.022234519404606967,-2.1639211073926745,5.821326107211511,0.6107529000234146,1
MSME056,2025-06-01,22,599567.3,424984.9,1711886.1,138925.28,71069.1,159742.34,77367.3,2088917.21,174582.40000000002,29.118065645007658,227598.52,4.028110410511056,0.23170923430947615,0.16722735325419796,0.1290385583069657,0.26642937331639,-3.6695887199740596,-2.778130140145607,4.777823703413797,0.6107532961949991,1
MSME056,2025-07-01,22,571595.8,409999.02,1773216.73,139773.77,68563.05,152289.91,77367.3,2011549.91,161596.78000000003,28.27116294416439,223500.63,4.3249291912941645,0.24453253505361652,0.16722735093366808,0.13535316389658567,0.2664293719443005,-4.665281111895192,-3.5262146960986174,3.5826349661931323,0.6107527730014217,1
MSME056,2025-08-01,22,552720.56,395259.79,1828621.85,140627.43,66098.25,147260.99,77367.3,1934182.61,157460.77000000008,28.488314239658475,221790.16999999998,4.626379652734219,0.25442771660240027,0.16722735697451035,0.139975433517436,0.2664293689382569,-3.3022006109911906,-3.594942739131435,3.124554323373663,0.6107440616361703,1
MSME056,2025-09-01,22,532912.26,383803.78,1874850.34,141486.32,64182.49,141983.48,77367.3,1856815.3,149108.47999999998,27.979930504882734,219287.31000000006,4.884918903091575,0.2654964627760675,0.1672273524768307,0.14517830758857003,0.2664293743213939,-3.5837820109315355,-2.898349462767247,2.5280508378481947,0.6107556683642823,1
MSME056,2025-10-01,22,517921.71,372783.58,1921656.36,142350.45,62339.61,137989.56,77367.3,1779448.0,145138.13,28.023179410648762,218000.40000000002,5.154884665252692,0.27484935898902557,0.1672273494449514,0.14938029919618545,0.26642937983812265,-2.8129489833842447,-2.871310959991069,2.496520335591157,0.6107516260229318,1
MSME056,2025-11-01,22,541174.13,397666.21,1975306.29,143219.85,66500.67,144184.68,77367.3,1702080.69,143507.91999999998,26.517882515928836,220903.86000000004,4.967247003460515,0.2646465195961973,0.16722735884449422,0.14296193352775383,0.2664293653504834,4.489562717886453,6.67481920743398,2.791858685909898,0.6107462252490148,1
MSME057,2023-11-01,21,1510788.33,1089791.15,980741.08,298874.55,118808.7,355337.64,50801.27,2336858.26,420997.18000000017,27.86605983380876,535403.49,0.8999348911945193,0.1978268855174437,0.10901969611333329,0.03362567011621012,0.23520014878589907,2.9600275663496323,4.5301117028127,39.370416854704146,0.5924792355101349,0
MSME057,2023-12-01,21,1602927.74,1140202.37,1280543.44,300645.32,124304.52,377008.84,50801.27,2286056.99,462725.3699999999,28.867512767606097,553349.64,1.1230843521225096,0.1875601204580813,0.10901969972225194,0.03169280107411454,0.2352001469511034,6.098763683195774,4.625768891589943,30.568961177806475,0.5924793529592964,0
MSME057,2024-01-01,21,1657912.7,1188320.99,1579900.54,302426.58,129550.39,389941.31,50801.27,2235255.73,469591.70999999996,28.32427244208938,562817.5,1.3295233807155085,0.1824140559391336,0.10901969340792339,0.030641703872586294,0.23520014654571378,3.4302831392761357,4.220182422529062,23.377348292065747,0.5924788717815321,0
MSME057,2024-02-01,21,1707551.46,1224534.8,1889093.78,304218.39,133498.41,401616.35,50801.27,2184454.46,483016.6599999999,28.287092442883093,572336.33,1.542703220847623,0.17816059845130525,0.10901969466282216,0.02975094525116098,0.23520014442200177,2.994051496197603,3.047477096234741,19.570424350889827,0.592477684997128,0
MSME057,2024-03-01,21,1708530.98,1202771.59,2205846.07,306020.82,131125.79,401846.74,50801.27,2133653.19,505759.3899999999,29.60200288554322,576741.77,1.8339692160504055,0.17911341590071725,0.1090196934232542,0.029733888700104225,0.23520014837541897,0.05736401056986029,-1.7772634963089673,16.767420090706132,0.592478975383437,0
MSME057,2024-04-01,21,1667620.39,1210620.6,2494818.15,307833.93,131981.49,392224.56,50801.27,2082851.93,456999.7899999998,27.404305724518025,568077.0,2.060776225020456,0.18459472662120666,0.10901969617896803,0.030463329846908384,0.23520014647937953,-2.394489212013007,0.6525769369061907,13.100283103616572,0.5924792960165126,0
MSME057,2024-05-01,21,1640632.71,1182220.2,2790525.85,309657.78,128885.29,385877.05,50801.27,2032050.66,458412.51,27.94120263517116,566649.54,2.3604112414929133,0.188742902730496,0.10901969869910867,0.030964438103882493,0.23520014421753177,-1.6183347338419085,-2.34593728208492,11.852875930055262,0.59247854841733,1
MSME057,2024-06-01,21,1521085.54,1088252.32,3058129.27,311492.44,118640.94,357759.54,50801.27,1981249.39,432833.22,28.45554760845336,550611.04,2.810128877097179,0.20478298676088919,0.1090196986669415,0.03339803624719225,0.2352001452857148,-7.286650404525941,-7.948424498244899,9.589712992624676,0.5924798659991515,0
MSME057,2024-07-01,21,1460289.87,1062125.64,3292138.1,313337.97,115792.61,343460.39,50801.27,1930448.13,398164.2300000002,27.266109159546538,541005.75,3.099575018262435,0.21457244649653012,0.10901969186997501,0.03478848346732693,0.23520014557109814,-3.996860689373194,-2.4007924926822244,7.652025448878419,0.5924798688533128,0
MSME057,2024-08-01,21,1440870.31,1054507.2,3524579.45,315194.43,114962.05,338892.91,50801.27,1879646.86,386363.1100000001,26.814565288669183,539125.2899999999,3.3423948646344,0.21875281058431967,0.10901969185226996,0.035257350815980096,0.2352001478883967,-1.3298428208640578,-0.7172823734864275,7.060498160754558,0.5924784666218486,0
MSME057,2024-09-01,21,1350960.14,965142.79,3755037.57,317061.89,105219.57,317746.02,50801.27,1828845.59,385817.34999999986,28.558751555763877,529588.3400000001,3.8906549465079667,0.23469374159329381,0.1090196923089484,0.037603825972245195,0.23520014439508188,-6.239990467983214,-8.474518713575396,6.53859909442529,0.5924787439930412,0
MSME057,2024-10-01,21,1353368.52,983466.9,3977825.29,318940.42,107217.26,318312.47,50801.27,1778044.33,369901.62,27.3319213897483,530035.6299999999,4.044696664422565,0.2356641338162646,0.10901969349451414,0.037536908276838005,0.2352001434169608,0.1782717290237823,1.8985905702098238,5.9330357112778564,0.5924805406288147,0
MSME057,2024-11-01,21,1426950.93,1029002.75,4226958.16,320830.08,112181.57,335619.07,50801.27,1727243.06,397948.17999999993,27.88800733323044,544267.5800000001,4.107820081141669,0.22483609860361492,0.1090196989269465,0.03560127326873111,0.2352001480527435,5.436982530079826,4.630135493121323,6.263042035212152,0.5924805642383069,0
MSME057,2024-12-01,21,1467373.75,1064485.8,4481320.25,322730.93,116049.92,345126.52,50801.27,1676441.79,402887.94999999995,27.456396163554103,551807.5299999999,4.2098450256452455,0.2199377834038533,0.10901969758544454,0.034620538904965414,0.2352001458387817,2.832810796093743,3.4482949632544724,6.01761551384743,0.592478735160995,0
MSME057,2025-01-01,21,1521603.5,1084831.88,4769102.94,324643.04,118268.04,357881.37,50801.27,1625640.53,436771.6200000001,28.70469343689076,564256.3699999999,4.396167763801338,0.21335587096112751,0.10901969436960131,0.03338666742025764,0.2352001490532849,3.6957012485741902,1.9113528804235669,6.421828254742579,0.5924780745371949,0
MSME057,2025-02-01,21,1601058.08,1143728.99,5046127.03,326566.48,124688.99,376569.1,50801.27,1574839.26,457329.0900000001,28.564178633669556,578446.59,4.411995388872674,0.20396916519105912,0.10901969880119941,0.0317298108261007,0.23520014964104236,5.221766380006354,5.429146311592548,5.808725319734864,0.5924784341595712,0
MSME057,2025-03-01,21,1598235.69,1124782.17,5363266.42,328501.32,122623.41,375905.27,50801.27,1524038.0,473453.52,29.623510660057907,581783.18,4.76827119334582,0.20553997264320886,0.10901969578696293,0.03178584380129817,0.23520014748262819,-0.17628279918491252,-1.6565829987399416,6.284807895531697,0.5924796690707668,0
MSME057,2025-04-01,21,1582984.57,1128050.94,5664045.69,330447.62,122979.77,372318.2,50801.27,1473236.73,454933.6300000001,28.73898069644482,579786.05,5.0210903507602245,0.20874974163519483,0.10901969551126832,0.0320920816050658,0.23520014474935785,-0.9542472424702186,0.29061360387674373,5.6081359090865535,0.5924785933889121,0
MSME057,2025-05-01,21,1539418.89,1095957.73,5932698.12,332405.46,119480.98,362071.55,50801.27,1422435.46,443461.1599999999,28.807049392514593,574996.03,5.413254505718939,0.21592918091319513,0.10901969731989572,0.033000290128958984,0.2352001475050108,-2.752122846023708,-2.845014250863531,4.743119047826738,0.5924811926319995,0
MSME057,2025-06-01,21,1511580.68,1087463.83,6215052.13,334374.89,118554.98,355524.0,50801.27,1371634.2,424116.84999999986,28.057837442060972,571343.91,5.715180549959072,0.22120876141391277,0.10901969953336287,0.03360804399802199,0.23520014823158497,-1.8083583474800657,-0.7750207665399578,4.759284971000688,0.5924782342624502,0
MSME057,2025-07-01,21,1437638.68,1057196.33,6439074.88,336355.99,115255.22,338132.83,50801.27,1320832.93,380442.34999999986,26.4630018162839,559233.6000000001,6.090708695517321,0.2339642044133092,0.10901969362682142,0.0353366048832242,0.23520014778678605,-4.8917005210730835,-2.783310963087393,3.6045192431877426,0.5924786995817666,0
MSME057,2025-08-01,21,1355933.0,1011260.96,6639458.71,338348.83,110247.36,318915.64,50801.27,1270031.66,344672.04000000004,25.419548016015543,547017.11,6.565524600099266,0.24953211552488214,0.10901969359125661,0.03746591461377516,0.23520014631991404,-5.683325103634518,-4.345017921127303,3.111997200442551,0.5924794144442025,0
MSME057,2025-09-01,21,1347193.93,979084.16,6845485.86,340353.48,106739.46,316860.21,50801.27,1219230.4,368109.7699999999,27.324185612980006,550474.23,6.991723632828459,0.2526388164471614,0.10901969857218403,0.037708951078780466,0.23520014672275136,-0.6445060338527098,-3.181849322058272,3.103071485175346,0.5924802518158412,0
MSME057,2025-10-01,21,1352942.08,952606.61,7084750.45,342370.0,103852.88,318212.18,50801.27,1168429.13,400335.4700000001,29.58999323903061,556729.2999999999,7.437225792502112,0.25305591795917826,0.10901969281947352,0.037548739706580785,0.23520014988372598,0.42667576449071376,-2.7043180843616232,3.495217065571432,0.5924781494815345,0
MSME057,2025-11-01,21,1385113.55,992536.79,7315963.52,344398.47,108206.06,325778.91,50801.27,1117627.86,392576.76,28.342568737415064,561971.3199999998,7.370974651730541,0.24864277011801664,0.10901969689204165,0.03667661037609515,0.2352001465872599,2.3778896728528176,4.191675722258537,3.263531603996017,0.5924788970996131,0
MSME058,2023-11-01,31,1580801.11,1123462.38,1111686.13,280037.04,211441.19,279925.8,29033.75,1335552.49,457338.7300000002,28.93082039903174,348521.64999999997,0.9895178955613984,0.17714881285729864,0.1882049579621883,0.018366478753294904,0.17707844347351195,4.447067996843557,8.812491406576228,50.91871027499353,0.6733545436018007,0
MSME058,2023-12-01,31,1671383.82,1191819.38,1498265.7,281922.69,224306.31,295966.05,29033.75,1306518.74,479564.4400000002,28.692657800169453,353582.43,1.2571248002360895,0.16867621106922046,0.18820495266656934,0.017371084757778738,0.1770784462900927,5.73017753004994,6.084493901789578,34.77416507841114,0.6733573530130155,0
MSME058,2024-01-01,31,1731206.53,1225249.34,1892538.6,283821.04,230598.0,306559.36,29033.75,1277484.99,505957.18999999994,29.22569787210772,359782.3999999999,1.5446150740224027,0.16394406737825784,0.18820495753133806,0.016770818210811625,0.17707844482310264,3.5792323273776683,2.804951871146799,26.315285733364924,0.6733583593431236,0
MSME058,2024-02-01,31,1783876.18,1270364.74,2286383.02,285732.17,239088.94,315886.02,29033.75,1248451.24,513511.43999999994,28.78627147765379,362529.24999999994,1.7997846980545131,0.1601748894926104,0.18820495600342307,0.01627565316781123,0.17707844498489803,3.042366643568517,3.682140322556715,20.810377130484948,0.6733574085980409,0
MSME058,2024-03-01,31,1814535.26,1275162.33,2699309.01,287656.17,239991.87,321315.08,29033.75,1219417.49,539372.9299999999,29.725128074942997,368979.38,2.1168355953551417,0.15852884005130877,0.1882049558349171,0.016000653522709723,0.17707844376636694,1.7186775822075395,0.37765453093416834,18.060228158972237,0.6733578511653127,0
MSME058,2024-04-01,31,1867964.96,1314305.13,3162173.66,289593.13,247358.74,330776.33,29033.75,1190383.74,553659.8300000001,29.639733177864326,373010.72,2.4059661549065097,0.15503135026687012,0.18820495663742864,0.015542984275251073,0.17707844476911389,2.9445390882070877,3.0696327109976496,17.147523617535,0.6733594485388572,0
MSME058,2024-05-01,31,1820457.99,1269726.38,3580854.88,291543.12,238968.8,322363.87,29033.75,1161349.99,550731.6100000001,30.252365779668448,374938.19,2.8201783757536805,0.16014822731503955,0.1882049579847274,0.01594859653970922,0.17707844496867517,-2.5432473851115467,-3.391811306404924,13.240298130874951,0.6733550619795414,0
MSME058,2024-06-01,31,1720241.8,1217091.23,3953972.44,293506.25,229062.6,304617.74,29033.75,1132316.24,503150.57000000007,29.248828275187826,369061.39,3.2487067054127077,0.17061918272187085,0.18820495485782116,0.016877714516645277,0.17707844327466057,-5.504998772314429,-4.145393120051577,10.419790036283171,0.673358369767052,0
MSME058,2024-07-01,31,1650913.96,1168310.73,4324673.11,295482.6,219881.87,292341.28,29033.75,1103282.49,482603.23,29.23248828788146,367942.01,3.7016463163014866,0.17898122322498258,0.18820495639888543,0.017586470708624936,0.17707844689858945,-4.030121811945275,-4.0079575628854,9.375398428422033,0.6733587444901046,0
MSME058,2024-08-01,31,1612347.66,1091801.6,4705458.99,297472.25,205482.47,285512.02,29033.75,1074248.74,520546.0599999998,32.284976305916544,377501.80000000005,4.309811407127449,0.1844963449136026,0.18820495408689636,0.018007127569497017,0.17707844721280522,-2.336057537486691,-6.5486970234365565,8.804963295827006,0.6733560622520729,0
MSME058,2024-09-01,31,1579197.95,1081082.32,5075234.13,299475.31,203465.05,279641.92,29033.75,1045214.99,498115.6299999999,31.54231741498904,375652.18,4.694586190254226,0.18963760053006654,0.18820495556712089,0.01838512391685919,0.1770784466887131,-2.0559902074717584,-0.9817974254663131,7.858428705591591,0.673360288228575,0
MSME058,2024-10-01,31,1541991.63,1079606.55,5414071.48,301491.85,203187.3,273053.48,29033.75,1016181.24,462385.07999999984,29.986225022505465,371358.02999999997,5.014856088081348,0.19552106777648331,0.18820495299884943,0.018828733849871805,0.17707844497184463,-2.3560263613564114,-0.13650856856117777,6.6762900256583935,0.6733576801372987,0
MSME058,2024-11-01,31,1587112.48,1070728.82,5807368.9,303521.96,201516.47,281043.41,29033.75,987147.49,516383.6599999999,32.53604684653478,383048.9,5.4237532338020005,0.191241618867492,0.18820495557409203,0.018293441936768087,0.17707844500094913,2.9261410452662506,-0.8223116097248573,7.264355881758688,0.6733548518807586,0
MSME058,2024-12-01,31,1663809.84,1188098.56,6185708.33,305565.75,223606.04,294624.86,29033.75,958113.74,475711.28,28.59168569408148,376584.56999999995,5.206393255791842,0.18365425101705132,0.1882049583495834,0.01745016125160072,0.17707844545504067,4.832509413573516,10.96166814674886,6.514816546267621,0.6733581978713987,0
MSME058,2025-01-01,31,1669424.0,1173985.3,6577380.7,307623.3,220949.85,295619.0,29033.75,929079.99,495438.69999999995,29.677224000613382,382292.45000000007,5.602609078665636,0.18426912515933638,0.18820495452541017,0.017391477539558553,0.177078441426504,0.33742798395759444,-1.1878862979179061,6.331891985602245,0.6733575343440767,0
MSME058,2025-02-01,31,1741308.9,1191514.1,7030789.89,309694.71,224248.86,308348.27,29033.75,900046.24,549794.7999999998,31.573651291852915,393794.12,5.900719001143167,0.17785167812557556,0.18820495703743662,0.016673520706176833,0.17707844369255796,4.305970202896314,1.493102170870464,6.8934612527445704,0.6733592676497535,0
MSME058,2025-03-01,31,1740508.72,1191836.72,7455297.8,311780.06,224309.58,308206.58,29033.75,871012.49,548672.0,31.523657060448397,395677.06000000006,6.255301313421523,0.1791315702227565,0.1882049581422529,0.016681186176418582,0.17707844635216766,-0.04595278873265052,0.027076473538989454,6.037840934541139,0.6733566743842623,0
MSME058,2025-04-01,31,1711731.6,1227094.47,7834121.31,313879.46,230945.26,303110.77,29033.75,841978.74,484637.1300000001,28.312682315381693,386044.97,6.384285400617933,0.1833695539651193,0.1882049554016815,0.0169616252921895,0.17707844500855158,-1.6533740778960193,2.95827015633483,5.081265969013327,0.6733592905203922,0
MSME058,2025-05-01,31,1650667.02,1193607.89,8201327.11,315992.99,224642.92,292297.55,29033.75,812944.99,457059.1300000001,27.68935978378002,383647.62,6.871039625919364,0.19143351516164658,0.18820495564921244,0.01758910164692089,0.17707844553652013,-3.567415592491252,-2.728932516499738,4.687262112360635,0.6733572180861902,0
MSME058,2025-06-01,31,1616746.49,1119252.1,8594680.01,318120.75,210648.79,286290.95,29033.75,783911.24,497494.3899999999,30.77132952365339,393762.9099999999,7.678949192947683,0.19676600627721172,0.18820495400455356,0.01795813393106547,0.1770784422732843,-2.0549589704651705,-6.229498868342754,4.796210353814301,0.6733567095903004,0
MSME058,2025-07-01,31,1587976.7,1073495.33,8991004.19,320262.84,202037.14,281196.44,29033.75,754877.49,514481.3699999999,32.39854652779224,399422.14,8.37544788387668,0.2016798105413008,0.188204954743492,0.018283486149387455,0.17707844201996165,-1.7794867765570377,-4.088155831916684,4.611273247391079,0.6733575222616084,0
MSME058,2025-08-01,31,1511035.01,1060260.74,9323798.64,322419.35,199546.33,267571.73,29033.75,725843.74,450774.27,29.832152598502663,390444.75,8.793873325914152,0.21337649218332802,0.1882049598478955,0.01921447869033822,0.17707844505866213,-4.845265676757093,-1.2328502630747473,3.7014158037001366,0.6733562969715612,0
MSME058,2025-09-01,31,1464844.43,1014463.4,9662599.14,324590.39,190927.04,259392.37,29033.75,696810.0,450381.0299999999,30.745997375298067,393055.72,9.524837603801183,0.22158693670972285,0.18820495643312515,0.019820364132456032,0.17707844238449266,-3.05688350662372,-4.319441272530755,3.6337174694712093,0.6733590896452313,0
MSME058,2025-10-01,31,1444276.68,1036146.72,9993703.37,326776.04,195007.95,255750.27,29033.75,667776.25,408129.95999999996,28.2584331417717,387518.3599999999,9.645065874454536,0.22625584455189016,0.18820495807775178,0.020102623272986727,0.1770784459387657,-1.40409108153553,2.1374176732250616,3.4266580368561117,0.6733563492129058,0
MSME058,2025-11-01,31,1471381.72,1018125.59,10324313.24,328976.42,191616.28,260549.99,29033.75,638742.5,453256.13,30.804795508809228,397910.1299999999,10.140510504209997,0.22358332683377363,0.18820495416483934,0.019732303049136698,0.1770784470531549,1.8767207402393238,-1.739244998044298,3.308181739638738,0.673360262276268,0
MSME059,2023-11-01,94,681908.33,438753.76,543419.26,101270.57,75382.27,126675.09,56174.41,2584022.83,243154.56999999995,35.657955666856274,152563.39,1.238551801812479,0.14851053366660005,0.1718099692182695,0.08237824283507433,0.18576557057163387,4.803593027183539,-1.3599530056988995,34.26800218319843,0.43823831905003274,0
MSME059,2023-12-01,94,718576.69,492753.37,668705.16,101714.37,84659.95,133486.81,56174.41,2527848.42,225823.31999999995,31.426474465794314,150541.22999999998,1.3570788161225564,0.14154977668423951,0.17180998680942558,0.07817455086109182,0.18576557221749013,5.377315159062501,12.3074979460005,23.055108499466883,0.43823195623367006,0
MSME059,2024-01-01,94,757891.2,512534.63,801650.67,102160.11,88058.56,140790.1,56174.41,2471674.02,245356.56999999995,32.37358739618562,154891.65000000002,1.5640907425123645,0.13479521862768692,0.17180997116233881,0.07411935908478685,0.185765582183828,5.471164114716842,4.014434239181353,19.881035462624517,0.4382271649522096,0
MSME059,2024-02-01,94,797300.42,532592.25,959414.99,102607.81,91504.66,148110.97,56174.41,2415499.61,264708.17000000004,33.200555695179496,159214.12,1.8014062164817457,0.1286940373115569,0.1718099728263038,0.07045576371325629,0.18576557378459677,5.19985190486445,3.9134175187342857,19.679933654892334,0.43823367065676244,0
MSME059,2024-03-01,94,818668.45,547821.34,1130250.85,103057.47,94121.17,152080.42,56174.41,2359325.2,270847.11,33.08385830674188,161016.72000000003,2.0631741910601735,0.12588425754039992,0.17180997366769246,0.06861680085509586,0.1857655806816545,2.680047503298688,2.8594276390615736,17.80625295420912,0.43823174863590886,0
MSME059,2024-04-01,94,831988.01,554213.09,1303738.08,103509.11,95219.34,154554.73,56174.41,2303150.79,277774.92000000004,33.38688979424115,162844.50000000003,2.352413004174983,0.12441178088612118,0.17180998016484958,0.06751829272155016,0.18576557371301541,1.6269785405801374,1.1667581259247717,15.3494447714859,0.43824091548143596,0
MSME059,2024-05-01,94,802516.46,540918.36,1453124.0,103962.72,92935.17,149079.93,56174.41,2246976.38,261598.09999999998,32.59722548245303,160107.47999999998,2.686401696551768,0.1295459036441446,0.1718099751688961,0.06999782907879548,0.18576557295784313,-3.5423046541259717,-2.3988480676268353,11.458276956978963,0.4382319585203742,0
MSME059,2024-06-01,94,762071.51,500481.8,1601878.9,104418.32,85987.77,141566.66,56174.41,2190801.97,261589.71000000002,34.32613692644146,159997.21000000002,3.200673630889275,0.13701905743727383,0.17180998389951443,0.07371278057619554,0.18576558517454617,-5.039765788729111,-7.475538452789809,10.236903388836737,0.4382340131154683,0
MSME059,2024-07-01,94,734747.37,474660.82,1755586.23,104875.91,81551.46,136490.77,56174.41,2134627.56,260086.55,35.39809199997544,159815.21999999997,3.6986120531288003,0.14273737379965035,0.17180996737839033,0.0764540470556567,0.1857655781741689,-3.585508661779002,-5.159224571203181,9.595440079771333,0.43822769797483563,0
MSME059,2024-08-01,94,712216.25,458886.11,1905714.87,105335.51,78841.21,132305.26,56174.41,2078453.15,253330.14,35.5692726752584,158799.56,4.152914695979794,0.1478982120949922,0.1718099726313355,0.0788726878950038,0.18576557330726448,-3.0665125075575284,-3.323364671219342,8.551481974200726,0.4382321926932331,0
MSME059,2024-09-01,94,712254.49,471721.06,2040125.62,105797.13,81046.39,132312.37,56174.41,2022278.74,240533.43,33.77071445348137,157063.11,4.324855922268979,0.1485383826783598,0.1718099887251165,0.07886845332487831,0.1857655821867827,0.0053691557865942485,2.7969794073740895,7.053035693634491,0.4382377794534875,0
MSME059,2024-10-01,94,701393.0,476243.14,2164851.93,106260.76,81823.32,130294.68,56174.41,1966104.33,225149.86,32.10038594625267,154732.12,4.545686327366312,0.1514996015072862,0.17180997084808403,0.08008977848367463,0.1857655836314306,-1.5249451077521403,0.9586343251242635,6.113658334431382,0.43822549817749135,0
MSME059,2024-11-01,94,731584.68,490338.91,2297185.36,106726.43,84245.12,135903.25,56174.41,1909929.92,241245.77000000008,32.97578210631749,158384.56,4.684893067123716,0.1458839050593569,0.1718099834255454,0.07678456306657487,0.1857655767203873,4.3045311259165775,2.959784365607865,6.112816685804456,0.4382332669180977,0
MSME059,2024-12-01,94,739651.92,508438.61,2431331.93,107194.14,87354.83,137401.87,56174.41,1853755.51,231213.31000000006,31.25974580043002,157241.18,4.781957707735847,0.14492511558680196,0.17180998508354825,0.0759470887333058,0.18576558281630634,1.1027076182076323,3.6912632530018863,5.839605820925153,0.43823259149584626,0
MSME059,2025-01-01,94,757264.21,508400.69,2580417.79,107663.9,87348.31,140673.62,56174.41,1797581.1,248863.51999999996,32.8634995175594,160989.21,5.075559181479474,0.1421748163695733,0.17180997531690997,0.07418072749007906,0.18576557315444764,2.3811592350088118,-0.007458127540704851,6.131859585293231,0.43823291086619864,0
MSME059,2025-02-01,94,816500.61,551924.14,2732539.24,108135.72,94826.07,151677.71,56174.41,1741406.69,264576.47,32.40370757347015,164987.36,4.950932640851694,0.13243801495751487,0.17180997011654536,0.06879898105648691,0.18576558075076025,7.822421714608696,8.560855808437239,5.895225594456943,0.43823417134249976,0
MSME059,2025-03-01,94,812792.34,559862.72,2878245.85,108609.61,96190.0,150988.84,56174.41,1685232.28,252929.62,31.118602815572793,163408.45,5.140985007896222,0.13362528736429777,0.17180997513104643,0.06911286836192379,0.18576557943447156,-0.45416622530141115,1.4383462191017715,5.33227877818141,0.4382363200615025,0
MSME059,2025-04-01,94,821762.65,565325.95,3025677.14,109085.57,97128.64,152655.21,56174.41,1629057.87,256436.70000000007,31.20568938001746,164612.14,5.352093142018336,0.13274583603915316,0.1718099797117044,0.06835843658749884,0.18576557355095172,1.1036410603968205,0.9758160000365779,5.1222618804436015,0.43823009768657606,0
MSME059,2025-05-01,94,807164.22,534846.36,3185031.17,109563.62,91891.94,149943.33,56174.41,1572883.46,272317.86,33.73760298740695,167615.00999999998,5.955039443476815,0.13573894541559337,0.1718099754852964,0.06959477217659624,0.1857655806398356,-1.776477672719734,-5.391507324225953,5.266722873148311,0.438233947899791,0
MSME059,2025-06-01,94,782309.05,544279.7,3329388.97,110043.76,93512.68,145326.09,56174.41,1516709.05,238029.3500000001,30.426511108365688,161857.16999999998,6.1170552015811,0.14066532913047597,0.17180997196845665,0.07180590586290674,0.18576557435964725,-3.079320091765203,1.7637476302540422,4.532382645410671,0.4382294049795066,0
MSME059,2025-07-01,94,739854.51,500480.14,3459284.53,110526.01,85987.48,137439.5,56174.41,1460534.65,239374.37,32.35424894551227,161978.03000000003,6.9119316702556866,0.14938884403097036,0.17180997431786202,0.07592629258960658,0.18576557707271393,-5.426824603396829,-8.047252175673636,3.90148346049215,0.4382347531563857,0
MSME059,2025-08-01,94,722463.24,484595.15,3601011.31,111010.37,83258.28,134208.8,56174.41,1404360.24,237868.08999999997,32.92459419803836,161960.88999999998,7.430968531154305,0.15365538875029822,0.1718099737481896,0.07775400448056015,0.18576557611429476,-2.3506337752810413,-3.173950119179547,4.096996901263861,0.4382316886314852,0
MSME059,2025-09-01,94,721370.8,490046.71,3723888.81,111496.86,84194.91,134005.86,56174.41,1348185.83,231324.09000000003,32.06729326997988,161307.80999999997,7.5990486906850165,0.1545624802112866,0.17180996889051658,0.0778717547203186,0.1857655729896469,-0.15121046158693696,1.1249720514123984,3.4123053059780695,0.4382383375535204,0
MSME059,2025-10-01,94,737068.38,485183.15,3871717.74,111985.47,83359.31,136921.93,56174.41,1292011.42,251885.22999999998,34.17392969699772,165548.09,7.979909730995399,0.15193362385183312,0.17180998556936694,0.07621329516265506,0.18576557306664002,2.17607643669524,-0.9924686567123309,3.9697460784281713,0.43822758775449167,0
MSME059,2025-11-01,94,766624.02,503145.09,4030659.82,112476.23,86445.35,142412.35,56174.41,1235837.01,263478.93,34.36872875441602,168443.23,8.010929451780996,0.14671628733991401,0.17180998427312488,0.07327504556927397,0.18576557254232656,4.009891185401271,3.70209476565706,4.105208351267864,0.43823542464929144,0
MSME060,2023-11-01,66,525398.22,389549.82,422912.07,94857.16,48493.91,123730.09,17836.73,820489.5,135848.39999999997,25.85627336156563,170093.34,1.0856430892459403,0.18054336004412044,0.1244870553399306,0.033948973028496365,0.2354977335096415,4.4093215384183315,3.3755592147975744,25.595326834913458,0.671225273203313,0
MSME060,2023-12-01,66,537825.07,398522.05,509597.55,95493.86,49610.84,126656.59,17836.73,802652.77,139303.01999999996,25.901176380639896,172539.61000000002,1.2787185803144394,0.17755561301744452,0.1244870641411184,0.033164556646643494,0.23549774278837543,2.365224990674686,2.303230431476,20.497282094597114,0.6712197582132928,0
MSME060,2024-01-01,66,561810.14,412667.29,610612.38,96134.84,51371.74,132305.02,17836.73,784816.05,149142.85000000003,26.546841963372188,177068.12,1.47967235299895,0.17111624222375196,0.12448706559708185,0.031748679367018896,0.23549774306316362,4.4596414964442,3.549424680516422,19.822471673970952,0.6712264013623459,0
MSME060,2024-02-01,66,586476.6,429479.23,714428.27,96780.12,53464.61,138113.91,17836.73,766979.32,156997.37,26.769588079046976,181429.41999999998,1.6634757168582985,0.1650195762286168,0.12448706774481272,0.030413370286214318,0.23549773341340474,4.390533072258185,4.073969613632333,17.0019300951612,0.6712238767963896,0
MSME060,2024-03-01,66,587429.18,409790.02,829740.42,97429.73,51013.56,138338.25,17836.73,749142.59,177639.16000000003,30.240098048925663,184754.41999999998,2.0247941128483316,0.16585783157724646,0.12448707267199917,0.030364051714284943,0.23549774970320675,0.16242421266254858,-4.584438227664689,16.140479715339385,0.6712225609970313,0
MSME060,2024-04-01,66,591986.87,421664.98,947332.5,98083.7,52491.84,139411.57,17836.73,731305.86,170321.89,28.771227645640185,185003.43000000002,2.2466473265102547,0.1656856004255635,0.12448707502339891,0.03013027974758967,0.23549774000899718,0.7758705483442263,2.8978158130839704,14.17215278002244,0.6712222234424692,0
MSME060,2024-05-01,66,572225.13,423935.01,1046127.67,98742.06,52774.42,134757.73,17836.73,713469.13,148290.12,25.91464656576687,180725.37,2.4676604793739494,0.17255806294281412,0.12448705286218281,0.03117082606980228,0.23549774893668163,-3.3382057950035238,0.5383491889698888,10.428774479921255,0.6712226394395726,0
MSME060,2024-06-01,66,558324.29,417278.19,1132164.82,99404.84,51945.74,131484.11,17836.73,695632.4,141046.10000000003,25.262397235126567,178943.21,2.7132135039216885,0.1780414031422491,0.12448707180214715,0.03194689953396081,0.2354977427186626,-2.4292606652909443,-1.570245401529824,8.224345122235421,0.6712235900284025,0
MSME060,2024-07-01,66,533269.45,396531.65,1215562.2,100072.07,49363.06,125583.75,17836.73,677795.68,136737.79999999993,25.641408860005,176292.76,3.0654859454472296,0.1876576091129916,0.12448706175156508,0.033447875178298704,0.23549773946360514,-4.487506714063983,-4.971872601345395,7.36618719525306,0.6712248618880201,0
MSME060,2024-08-01,66,512739.4,376710.71,1293498.92,100743.77,46895.61,120748.97,17836.73,659958.95,136028.69,26.52979076700562,174597.13,3.4336664333222697,0.1964814289676198,0.12448706329586434,0.03478712577968457,0.23549774017756386,-3.8498455143080035,-4.998577036662777,6.411578115870986,0.671216254445417,0
MSME060,2024-09-01,66,507310.23,379220.5,1373050.14,101419.99,47208.05,119470.41,17836.73,642122.22,128089.72999999998,25.248796973796484,173682.35000000003,3.6207170762129155,0.19991710003561333,0.12448707282438581,0.03515941320560399,0.23549773478843508,-1.058855629194877,0.666238026521726,6.150080125308488,0.6712276104021031,0
MSME060,2024-10-01,66,516462.17,383779.62,1454736.78,102100.74,47775.6,121625.68,17836.73,624285.49,132682.55,25.690661912372015,175950.81999999998,3.790552452993726,0.19769258220790886,0.12448706890688985,0.03453637272212987,0.23549775194570396,1.8040125072975588,1.202234583837103,5.949283104839864,0.6712187607196496,0
MSME060,2024-11-01,66,528375.51,390425.05,1541489.85,102786.07,48602.87,124431.24,17836.73,606448.76,137950.46000000002,26.10841293533836,178614.44,3.948235006949478,0.19453223712052817,0.12448706864480136,0.03375767737607672,0.23549774288365485,2.306720742005175,1.7315744905891606,5.963489147500622,0.6712292192985192,0
MSME060,2024-12-01,66,538780.89,399244.56,1631253.79,103475.99,49700.78,126881.68,17836.73,588612.03,139536.33000000002,25.898529920019993,180656.88999999998,4.085851013223574,0.19205579099139913,0.12448705625444213,0.03310572132578793,0.2354977363803679,1.969315345444378,2.2589508536913883,5.823193710941399,0.6712193588100046,0
MSME060,2025-01-01,66,562269.36,425128.17,1725498.81,104170.55,52922.96,132413.16,17836.73,570775.31,137141.19,24.3906568197136,183660.75000000003,4.05877316951262,0.1852680537314002,0.12448706939368427,0.03172274939541433,0.2354977336840834,4.359558855177648,6.483146570613263,5.777459067236856,0.6712281757342842,0
MSME060,2025-02-01,66,576384.41,431855.93,1815876.16,104869.76,53760.48,135737.23,17836.73,552938.58,144528.48000000004,25.0750154744817,186846.50999999998,4.204819324815107,0.18194412996007298,0.12448707141754428,0.030945892516419726,0.23549774706779458,2.5103715414974914,1.5825251006067242,5.237752090944636,0.6712165770460077,0
MSME060,2025-03-01,66,603613.36,447622.09,1918704.52,105573.67,55723.16,142149.58,17836.73,535101.85,155991.26999999996,25.842912091939112,192000.09,4.286438410579781,0.17490280533220803,0.12448706452355826,0.02954992580018441,0.2354977364980788,4.7240955042486155,3.650791596169589,5.662740789548115,0.6712230484746007,0
MSME060,2025-04-01,66,614951.53,459380.61,2021670.45,106282.31,57186.94,144819.7,17836.73,517265.12,155570.92000000004,25.298078370501827,193915.07,4.400861520907467,0.17283038551022062,0.12448705660432643,0.029005098987232372,0.23549774727774075,1.878382877410134,2.6268855498172483,5.366429740833678,0.6712279681098554,0
MSME060,2025-05-01,66,605572.49,441977.8,2130861.32,106995.7,55020.52,142610.95,17836.73,499428.39,163594.69,27.01488140585779,194586.13000000003,4.821195363206025,0.17668520576289717,0.12448706699748267,0.02945432676441428,0.23549773537433977,-1.5251673574989022,-3.78832053882292,5.401022209134032,0.6712217677617316,0
MSME060,2025-06-01,66,585100.63,438961.61,2229037.49,107713.88,54645.04,137789.88,17836.73,481591.66,146139.02000000002,24.976732634863172,190858.72,5.07797820861829,0.18409462317618766,0.12448705935810651,0.030484892829460805,0.23549774677220908,-3.380579590066912,-0.6824302035079555,4.607346760604791,0.6712232360739812,0
MSME060,2025-07-01,66,548651.99,400789.51,2327292.75,108436.88,49893.11,129206.3,17836.73,463754.94,147862.47999999998,26.95014010611717,187750.07,5.80677061632676,0.1976423707129906,0.12448706554220942,0.03251009806781162,0.2354977332716865,-6.229465177639614,-8.695999634227691,4.40796803287502,0.6712226873639704,0
MSME060,2025-08-01,66,524451.86,380366.37,2414936.6,109164.73,47350.69,123507.23,17836.73,445918.21,144085.49,27.473539706771177,185321.27,6.348975068432049,0.20815014365665516,0.12448705704450161,0.03401023308411948,0.2354977442543535,-4.410834270372376,-5.095727181083165,3.7659142795851475,0.6712199760819271,0
MSME060,2025-09-01,66,512813.46,382794.38,2487941.66,109897.47,47652.95,120766.41,17836.73,428081.48,130019.08000000002,25.354069294515007,183010.93,6.499420550531593,0.2143030138093489,0.12448706796583585,0.03478210185824685,0.23549773830039483,-2.2191550622015055,0.6383345614913383,3.023063214164723,0.6712241215638182,0
MSME060,2025-10-01,66,503724.42,370772.36,2568620.87,110635.13,46156.36,118625.96,17836.73,410244.75,132952.06,26.39380874169253,183104.73000000004,6.927757155360772,0.21963423969002735,0.12448705723371613,0.035409698819048714,0.23549773505124094,-1.7723871756408327,-3.1405946973411702,3.24280956009233,0.6712256433200947,0
MSME060,2025-11-01,66,503990.96,380826.52,2642880.12,111377.74,47407.98,118688.73,17836.73,392408.02,123164.44,24.43782721817074,182658.49,6.9398531383791235,0.22099154318164754,0.124487076162658,0.03539097209203911,0.2354977359117711,0.05291385317394148,2.7116800184350476,2.8910163764261476,0.6712244112697219,0
MSME061,2023-11-01,24,592166.2,442378.73,401593.82,148212.18,83045.07,91067.93,40617.75,1868416.33,149787.46999999997,25.294836145663158,156235.03999999998,0.9078054453477002,0.2502881454564614,0.18772392153664352,0.06859180750269098,0.153787787955476,0.06521846580718194,-1.0365200405089703,21.067859066764072,0.3942419353877291,0
MSME061,2023-12-01,24,606019.67,457352.63,483919.95,148796.5,85856.03,93198.42,40617.75,1827798.58,148667.04000000004,24.531718582665814,156138.88999999998,1.058089356564977,0.24553080925574575,0.18772392322309372,0.06702381459004457,0.15378778051874123,2.3394563891015796,3.384859846222721,20.499849823386217,0.3942456011374995,0
MSME061,2024-01-01,24,616881.93,478723.2,544900.02,149383.12,89867.8,94868.9,40617.75,1787180.84,138158.73000000004,22.39630037469245,154384.21999999997,1.1382360829807288,0.24215836570216925,0.18772392898443194,0.06584363720947377,0.15378777588768078,1.7923939663542665,4.672668002368319,12.601272173217914,0.394243144159967,0
MSME061,2024-02-01,24,637651.3,468161.99,635613.01,149972.05,87885.21,98062.98,40617.75,1746563.09,169489.31000000006,26.580250052026877,160149.81999999995,1.3576775209794372,0.2351944550258111,0.1877239329062148,0.06369899975111788,0.1537877833856843,3.3668306672558934,-2.2061203635002524,16.647639322898165,0.3942413306135206,0
MSME061,2024-03-01,24,648457.62,478368.53,724775.91,150563.31,89801.22,99724.86,40617.75,1705945.34,170089.08999999997,26.22979278121521,160486.94999999998,1.5150994778021873,0.2321868158477342,0.18772392908036822,0.06263747814390708,0.15378778338667684,1.6947068091917927,2.1801300015834357,14.02785949897407,0.3942467946527417,0
MSME061,2024-04-01,24,659156.21,491497.55,807801.2,151156.89,92265.85,101370.17,40617.75,1665327.6,167658.65999999997,25.435345591297697,160261.21,1.6435508172929854,0.22931876800493167,0.18772392659943068,0.06162082581304969,0.15378777968275534,1.6498518438259557,2.7445409086588546,11.455304854158289,0.3942394730827914,0
MSME061,2024-05-01,24,644268.95,471978.9,903113.13,151752.82,88601.73,99080.69,40617.75,1624709.85,172290.04999999993,26.741945269906292,162231.78000000003,1.9134608136084048,0.23554265652566372,0.1877239215566628,0.06304471137403099,0.15378777760436851,-2.2585329204438565,-3.9712608943828887,11.798933945629209,0.39424600492905526,1
MSME061,2024-06-01,24,605331.35,462931.59,970753.91,152351.1,86903.34,93092.57,40617.75,1584092.11,142399.75999999995,23.52426650296568,158540.33000000002,2.096970548067372,0.2516821572185217,0.18772393562513198,0.0671000271173796,0.1537877891174809,-6.0436871899538165,-1.9168886575226085,7.489734979271101,0.39424638039675663,0
MSME061,2024-07-01,24,572065.47,433044.11,1029703.58,152951.73,81292.74,87976.68,40617.75,1543474.36,139021.36,24.30165204692393,159635.66999999998,2.3778260833521094,0.267367527007005,0.1877239249368846,0.07100192570616087,0.15378778236693783,-5.495482763283288,-6.4561331837388884,6.072565806096009,0.3942406717115876,0
MSME061,2024-08-01,24,553872.66,403007.49,1099093.8,153554.74,75654.15,85178.85,40617.75,1502856.61,150865.17000000004,27.238241006515835,163079.44,2.7272292135314906,0.2772383457237264,0.1877239303914674,0.07333409451912647,0.15378778580621763,-3.1801971896678105,-6.936157150365119,6.738853913667087,0.3942485645634708,0
MSME061,2024-09-01,24,545610.39,407992.12,1159850.24,154160.12,76589.88,83908.21,40617.75,1462238.87,137618.27000000002,25.222809631612776,161478.45,2.842825101622061,0.28254615899085056,0.1877239197659014,0.07444460505966538,0.1537877788580969,-1.4917273584148405,1.2368579055441309,5.527866684353966,0.39424377261163546,0
MSME061,2024-10-01,24,550282.76,410755.57,1230668.48,154767.88,77108.65,84626.77,40617.75,1421621.12,139527.19,25.355544484075786,162286.00000000003,2.9961090485029818,0.28125155147509984,0.1877239303170009,0.07381250686465264,0.15378779084411076,0.8563564927713374,0.6773292582219481,6.105808970647786,0.3942394440274333,0
MSME061,2024-11-01,24,560700.95,415065.37,1302425.41,155378.05,77917.7,86228.96,40617.75,1381003.37,145635.57999999996,25.973842205903157,163689.31,3.1378802090861013,0.27711394104112,0.18772392406526228,0.07244102225972687,0.15378779008667634,1.8932430301832337,1.0492371412029744,5.830727865883101,0.3942484706775051,0
MSME061,2024-12-01,24,578754.08,429933.19,1379508.49,155990.62,80708.75,89005.31,40617.75,1340385.63,148820.88999999996,25.7140113811379,164287.18,3.208657814950272,0.26952832885428646,0.18772393450247468,0.07018136269553384,0.15378778841610932,3.219743073379844,3.5820429924086516,5.918425685506246,0.39424487564363453,0
MSME061,2025-01-01,24,594622.9,437385.02,1467077.29,156605.6,82107.63,91445.74,40617.75,1299767.88,157237.88,26.44329372447647,165943.71000000002,3.3542010423676603,0.26336960786407654,0.18772391884843245,0.06830841866332427,0.15378778718411282,2.7418934135203132,1.7332530200796947,6.347826101454435,0.39424165376098497,0
MSME061,2025-02-01,24,616899.41,457392.23,1556402.87,157223.01,85863.47,94871.59,40617.75,1259150.14,159507.18000000005,25.85627047365794,166231.13,3.402775053699535,0.2548600427418143,0.18772393663093054,0.06584177151344657,0.15378777878876557,3.746325612417545,4.57427874416001,6.088675805212684,0.3942451610925879,0
MSME061,2025-03-01,24,606580.14,459411.29,1625210.91,157842.85,86242.49,93284.61,40617.75,1218532.39,147168.85000000003,24.262062058279724,164884.97000000003,3.537594624633626,0.26021763587578056,0.18772392380692257,0.06696188569576314,0.15378777485197587,-1.6727637979099375,0.4414285743332469,4.420965890405992,0.3942425475762068,0
MSME061,2025-04-01,24,601866.74,465756.08,1691868.87,158465.14,87433.56,92559.75,40617.75,1177914.64,136110.65999999997,22.6147502352431,163591.33000000002,3.6325212759434082,0.2632894118721364,0.18772392622335707,0.06748628442236233,0.15378778033157306,-0.7770448930293106,1.3810696728850713,4.101495971375191,0.3942465559890751,0
MSME061,2025-05-01,24,592950.6,430164.12,1771251.35,159089.88,80752.1,91188.56,40617.75,1137296.9,162786.47999999998,27.453632730956002,169526.34,4.117617596744238,0.2683020811514484,0.18772393197275497,0.06850106906039054,0.15378778603141643,-1.481414307758555,-7.641759609450515,4.691999563772331,0.3942444376094256,1
MSME061,2025-06-01,24,565365.82,423837.03,1845866.15,159717.08,79564.35,86946.36,40617.75,1096679.15,141528.78999999992,25.033135183163342,167099.09,4.355131853391856,0.2825021859298109,0.1877239230371164,0.07184330669300101,0.1537877900011713,-4.652121104186424,-1.4708548913842434,4.212547248023268,0.3942425501860747,1
MSME061,2025-07-01,24,526959.42,394540.39,1904167.05,160346.75,74064.67,81039.92,40617.75,1056061.4,132419.03000000003,25.128885636013493,167322.0,4.826291802469197,0.3042867133867727,0.18772392352529482,0.07707946467680565,0.1537877812299095,-6.79319453729974,-6.912241717058087,3.1584576162253297,0.39424086641204337,1
MSME061,2025-08-01,24,511000.77,375280.66,1964251.43,160978.91,70449.16,78585.68,40617.75,1015443.66,135720.11000000004,26.55966839345468,169115.43,5.234086483433492,0.31502674643719225,0.18772392907217764,0.07948667083221812,0.15378779174833726,-3.0284400267481693,-4.881561048794025,3.155415382279614,0.3942455958726887,1
MSME061,2025-09-01,24,495790.34,367957.81,2020256.64,161613.56,69074.49,76246.5,40617.75,974825.91,127832.53000000003,25.783586263500013,168785.57,5.490457289111488,0.32597157903479923,0.18772394041588628,0.08192525493739954,0.15378778860435238,-2.9765962974967697,-1.951299595348177,2.851224092019633,0.3942441901240379,1
MSME061,2025-10-01,24,495815.11,369120.91,2085386.4,162250.71,69292.83,76250.31,40617.75,934208.17,126694.20000000001,25.55271056583976,169208.19,5.6496024568209915,0.32724034973439997,0.1877239357694475,0.08192116210415612,0.15378778996872444,0.0049960634569856666,0.3160960219868558,3.2238359577919873,0.3942429088252153,1
MSME061,2025-11-01,24,508852.86,378188.84,2141823.33,162890.38,70995.09,78255.35,40617.75,893590.42,130664.01999999996,25.678153798722867,170150.64,5.663369997908981,0.3201129300914217,0.1877239159145997,0.07982219064269384,0.15378777668656515,2.6295588288949068,2.456628642360048,2.7063056515569617,0.39424788957780343,1
MSME062,2023-11-01,65,642237.24,425586.92,427157.57,128235.02,42991.56,103175.65,68757.76,3162856.86,216650.32,33.733690061323756,188419.11,1.0036905504520675,0.19966923749236343,0.1010171083265435,0.10705975256121865,0.16065036963599308,0.0007785345687461032,-1.4425561843906198,37.60624590816726,0.5929993056899452,0
MSME062,2023-12-01,65,651574.71,455838.36,532801.63,128995.46,46047.47,104675.72,68757.76,3094099.1,195736.34999999998,30.040507557452617,187623.71,1.1688389498417817,0.1979749336802836,0.10101710176387964,0.10552551985941873,0.16065037269479046,1.4538973168232827,7.108169583783264,24.731871192169198,0.5930049373408242,0
MSME062,2024-01-01,65,677779.29,463356.4,649923.64,129760.4,46806.92,108885.5,68757.76,3025341.34,214422.89,31.636093513568408,191838.97999999998,1.4026430626619164,0.19144934334007163,0.10101710044363259,0.10144564906962558,0.16065037927021936,4.021730677668578,1.6492776079661375,21.98229198360373,0.5929976140245374,0
MSME062,2024-02-01,65,700177.91,470794.22,779868.28,130529.88,47558.27,112483.85,68757.76,2956583.58,229383.69000000006,32.760772187171696,195455.46000000002,1.6564950181418967,0.18642387618312609,0.10101710679455665,0.09820041309215252,0.1606503838431578,3.304707052940503,1.6052049782845135,19.99383189077413,0.5930006380991504,0
MSME062,2024-03-01,65,738191.17,491639.12,923753.67,131303.92,49663.96,118590.69,68757.76,2887825.83,246552.05000000005,33.399485122532695,200230.65000000002,1.878926294555242,0.17787251505595766,0.10101710376505434,0.0931435687587539,0.16065037732705473,5.429085873331818,4.42760321059168,18.449960549748212,0.5929983234490122,0
MSME062,2024-04-01,65,726287.43,482706.76,1064247.8,132082.56,48761.63,116678.35,68757.76,2819068.07,243580.67000000004,33.53777856240745,199999.28,2.204750146859348,0.1818599008384325,0.10101708540398315,0.0946701776182468,0.16065037777123584,-1.6125551867546717,-1.8168529794781119,15.209047017913345,0.5930059056881154,0
MSME062,2024-05-01,65,703691.98,480946.71,1189218.6,132865.81,48583.84,113048.38,68757.76,2750310.31,222745.26999999996,31.653802562877008,197330.35,2.4726618880499256,0.18881245456286144,0.10101709605207611,0.0977100236384675,0.1606503743299732,-3.111089228131081,-0.3646209553808566,11.742641140531362,0.5930003173772569,0
MSME062,2024-06-01,65,677584.68,465520.61,1302919.91,133653.7,47025.54,108854.23,68757.76,2681552.55,212064.07000000007,31.29705795591483,195482.38999999998,2.798844738582036,0.19725017985943838,0.10101709567703136,0.10147478540984721,0.16065037066658588,-3.7100465462175602,-3.2074447499599312,9.56101006156478,0.5929967988002494,0
MSME062,2024-07-01,65,638675.81,422422.0,1425387.6,134446.27,42671.84,102603.51,68757.76,2612794.8,216253.81000000006,33.85971515032016,194377.93999999997,3.3743214131839725,0.21050784747898935,0.10101708717822461,0.10765674685565434,0.16065037753660966,-5.742288919519256,-9.258152931188157,9.399479512136711,0.593002662851827,0
MSME062,2024-08-01,65,623521.72,414502.22,1536383.27,135243.53,41871.81,100169.0,68757.76,2544037.04,209019.5,33.52240881039397,193540.72,3.706574285657626,0.21690267662207502,0.10101709467322033,0.1102732395593212,0.16065037798522883,-2.372735864225084,-1.8748502682152002,7.787051746486351,0.5929952537917282,0
MSME062,2024-09-01,65,604976.77,411770.76,1648215.44,136045.53,41595.89,97189.75,68757.76,2475279.28,193206.01,31.936103926767306,191639.39,4.002750073851771,0.22487727917222342,0.10101710475993973,0.11365355400340411,0.16065038331967688,-2.974226783952283,-0.6589735514564876,7.278923962768746,0.5930043381742633,0
MSME062,2024-10-01,65,618348.11,427172.87,1746675.83,136852.28,43151.76,99337.86,68757.76,2406521.52,191175.24,30.917089727985097,193038.38,4.088920323989677,0.22131915305765226,0.1010170894045776,0.11119587638102427,0.16065038186984998,2.2102237082590737,3.740457433160138,5.973757289884385,0.5930000052188467,0
MSME062,2024-11-01,65,638481.5,428375.98,1861454.75,137663.81,43273.3,102572.29,68757.76,2337763.76,210105.52000000002,32.907064652617194,196962.8,4.345376110957482,0.21561127456316276,0.1010171018459065,0.10768951018941034,0.1606503712323693,3.255996044040632,0.2816447589473414,6.571277739613524,0.5929970622338132,0
MSME062,2024-12-01,65,665409.79,450243.03,1973600.2,138480.16,45482.24,106898.33,68757.76,2269006.01,215166.76,32.335977503426875,199896.25,4.383410888115247,0.2081125978023257,0.10101708848219149,0.10333145233706284,0.16065037155524867,4.2175521138827055,5.1046396205501665,6.024613276256119,0.5930026199333138,0
MSME062,2025-01-01,65,713424.42,480050.1,2108984.09,139301.35,48493.27,114611.9,68757.76,2200248.25,233374.32000000007,32.71184914023549,205419.98,4.393258307830787,0.19525733363598627,0.10101710217329399,0.09637707663553204,0.16065037414895328,7.215798553249431,6.620217974279341,6.859742413889092,0.5930019144980703,0
MSME062,2025-02-01,65,722330.74,493322.44,2243153.19,140127.4,49834.0,116042.7,68757.76,2131490.49,229008.3,31.704077830053308,206336.09999999998,4.547032545286203,0.19399340529242878,0.10101709543153967,0.09518874968549725,0.16065036910930858,1.2483901237919426,2.764782259185039,6.361788153650805,0.5929949709747806,0
MSME062,2025-03-01,65,751778.2,501474.51,2390723.17,140958.36,50657.5,120773.45,68757.76,2062732.73,250303.68999999994,33.29488537975695,211074.31,4.767387219741239,0.18749993016557276,0.10101709855601633,0.09146016737383446,0.1606503753367682,4.076728065041224,1.652483110235159,6.578684891333708,0.5930032242088323,0
MSME062,2025-04-01,65,749914.9,529442.64,2513492.53,141794.24,53482.76,120474.11,68757.76,1993974.98,220472.26,29.399637212169004,208785.58999999997,4.747431242032186,0.18908044099403812,0.10101709979385114,0.09168741679889277,0.16065037512923133,-0.24785235858127974,5.577178788210002,5.135239476513709,0.5929978186465901,0
MSME062,2025-05-01,65,730633.15,492887.86,2646508.95,142635.08,49790.1,117376.49,68757.76,1925217.22,237745.29000000004,32.53962539203156,210221.47,5.369393658833473,0.19522119958559228,0.10101709545047427,0.09410709054194981,0.1606503756365284,-2.5711917445566113,-6.904389113804665,5.2920952981706515,0.5930001105827643,0
MSME062,2025-06-01,65,713291.82,473393.22,2786752.5,143480.91,47820.81,114590.6,68757.76,1856459.46,239898.59999999998,33.63260215152895,210250.7,5.886760482120974,0.2011531689792826,0.10101709948444129,0.09639499300580792,0.16065037728877923,-2.3734660821234432,-3.9551876972583666,5.299190467502468,0.5930027872526278,0
MSME062,2025-07-01,65,675048.33,461640.95,2897817.47,144331.75,46633.63,108446.77,68757.76,1787701.7,213407.37999999995,31.61364461119398,206144.89,6.277210611406982,0.21380950605418134,0.10101709997780742,0.10185605525459192,0.16065037891435122,-5.3615489379928665,-2.482559847392818,3.985462289887609,0.5929987480564503,0
MSME062,2025-08-01,65,654915.33,428899.85,3020993.6,145187.64,43326.22,105212.39,68757.76,1718943.94,226015.47999999998,34.5106412457928,207073.81000000003,7.043587448211978,0.22168917621763415,0.10101710224426519,0.10498725079469433,0.1606503698730033,-2.9824531230230544,-7.092330089000997,4.250651784496284,0.593001886279354,0
MSME062,2025-09-01,65,661785.94,455289.6,3125145.84,146048.6,45992.03,106316.16,68757.76,1650186.19,206496.33999999997,31.20289016717399,206372.73,6.864083519588411,0.22068858096320393,0.10101708890341445,0.10389728134750037,0.16065037586020642,1.0490837036903677,6.152893268673321,3.4476153805820697,0.5929981367559956,0
MSME062,2025-10-01,65,656505.09,433595.52,3251777.87,146914.67,43800.56,105467.79,68757.76,1581428.43,222909.56999999995,33.953974370556665,208581.90000000002,7.499565193847022,0.22378298696815896,0.10101709537958325,0.10473301890165086,0.16065037667872462,-0.7979695065748915,-4.764896892000159,4.052035856349034,0.5930012338358548,0
MSME062,2025-11-01,65,681252.1,457593.62,3382692.76,147785.87,46224.78,109443.41,68757.76,1512670.67,223658.47999999998,32.8305013665279,211004.5,7.392351230771093,0.21693271844593212,0.1010170989709166,0.10092851089926914,0.16065038184836422,3.769507712423059,5.534674343498747,4.02594811926682,0.5929972820277074,0
MSME063,2023-11-01,56,1258991.08,885589.77,771558.88,204303.56,146785.56,319783.84,87937.77,4045137.26,373401.31000000006,29.658773277408766,377301.84,0.8712373450294034,0.16227562152386338,0.16574893361742424,0.06984781020052977,0.2540000839402293,0.08903057871927356,-0.04012324734652406,33.83125747377092,0.5643317968539563,0
MSME063,2023-12-01,56,1315133.31,925250.68,977682.53,205456.51,153359.31,334043.97,87937.77,3957199.49,389882.63,29.64586380980647,386141.17,1.0566677238216133,0.15622485449783033,0.16574892979273464,0.06686605025615236,0.25400008307903016,4.45930323827235,4.478474271445121,26.715219712071757,0.5643318207475323,0
MSME063,2024-01-01,56,1362882.21,955112.35,1224730.53,206615.97,158308.85,346172.19,87937.77,3869261.73,407769.86,29.919670020492823,394479.31000000006,1.2822894919116061,0.15160222100191623,0.1657489299557272,0.064523382398542,0.2540000797280933,3.6307269869090275,3.2274140020086106,25.268734217844724,0.5643335419257323,0
MSME063,2024-02-01,56,1423799.96,1032264.04,1463934.43,207781.97,171096.66,361645.3,87937.77,3781323.96,391535.9199999999,27.499363042544257,398330.61,1.4181782695830418,0.1459348053359968,0.16574892989588205,0.06176272824168362,0.25400007737041935,4.469773657108633,8.077760694854398,19.531145353255774,0.564331982663302,0
MSME063,2024-03-01,56,1429654.04,991520.71,1695788.12,208954.55,164343.5,363132.24,87937.77,3693386.19,438133.3300000001,30.646108620796124,407743.29000000004,1.710290166304242,0.1461574228125848,0.1657489332724074,0.06150982513223969,0.2540000796276559,0.41115888217893026,-3.9469872456275867,15.837710026397843,0.5643319292814475,0
MSME063,2024-04-01,56,1442060.16,1020582.32,1942930.9,210133.75,169160.43,366283.4,87937.77,3605448.43,421477.83999999997,29.227479663539143,407256.72000000003,1.9037473625841372,0.14571774176189708,0.1657489324330055,0.060980652845995,0.254000082770472,0.8677707790060829,2.931013916996239,14.57391858600825,0.5643332485461672,0
MSME063,2024-05-01,56,1414528.95,1008022.51,2158200.05,211319.61,167078.65,359290.47,87937.77,3517510.66,406506.43999999994,28.73793710620062,403531.42999999993,2.1410236662274533,0.1493922128635119,0.1657489275710718,0.06216752933900717,0.25400008250096257,-1.9091582143147212,-1.2306513403053998,11.0796091616022,0.5643358099305829,0
MSME063,2024-06-01,56,1375363.66,971224.05,2381845.96,212512.15,160979.35,349342.48,87937.77,3429572.89,404139.60999999987,29.384200103120357,400875.28,2.4524165767929653,0.15451342519839445,0.16574893300881502,0.063937831540496,0.25400008024059617,-2.7687867399249777,-3.650559351100202,10.362612585427389,0.5643300212412994,0
MSME063,2024-07-01,56,1352043.59,948043.81,2589143.18,213711.43,157137.25,343419.18,87937.77,3341635.13,403999.78,29.88067714591953,399993.36,2.7310374823290076,0.15806548811048318,0.1657489330582729,0.06504063230683266,0.25400007998262836,-1.6955566500862607,-2.3867036653385965,8.703216894849074,0.5643347921518771,0
MSME063,2024-08-01,56,1304490.77,931917.84,2786245.09,214917.47,154464.38,331340.76,87937.77,3253697.36,372572.93000000005,28.560794646327782,391793.85,2.989796922441146,0.1647520051061764,0.16574892481938108,0.0674115693436451,0.254000080046561,-3.5171070187167586,-1.7009730805583878,7.612630754549454,0.5643310701725301,0
MSME063,2024-09-01,56,1296840.26,927609.37,2993562.88,216130.32,153750.26,329397.53,87937.77,3165759.59,369230.89,28.47157829600386,391777.5900000001,3.2271805102615554,0.1666591689557818,0.16574892942273753,0.06780925354677067,0.2540000801640751,-0.5864748280281051,-0.46232294469220614,7.440759276492792,0.5643329041608469,0
MSME063,2024-10-01,56,1327492.24,935182.61,3224055.27,217350.01,155005.52,337183.13,87937.77,3077821.83,392309.63,29.55268725337332,399527.62,3.447514138441903,0.16372977818687665,0.16574893324844867,0.06624352847441127,0.2540000761134393,2.3635894832567894,0.8164255606861737,7.699600751329472,0.564330816703551,0
MSME063,2024-11-01,56,1370012.36,993737.63,3456143.53,218576.59,164710.95,347983.25,87937.77,2989884.06,376274.7300000001,27.465060972150653,401848.88999999996,3.477923574253699,0.15954351681907453,0.1657489311338648,0.0641875741909365,0.25400008070000185,3.203040945836344,6.261346112926547,7.198643961212237,0.5643339975001549,0
MSME063,2024-12-01,56,1430772.57,1014782.85,3702859.62,219810.09,168199.17,363416.35,87937.77,2901946.29,415989.7200000001,29.07448246649012,415027.2699999999,3.6489182094474697,0.15363034951110363,0.1657489284530183,0.061461738814296674,0.25400008192776574,4.435011812594158,2.117784349174734,7.138479286478017,0.5643330788535073,0
MSME063,2025-01-01,56,1475799.87,1046412.31,3960972.1,221050.55,173441.72,374853.28,87937.77,2814008.53,429387.56000000006,29.09524311043611,422462.1100000001,3.785288133699421,0.1497835543243407,0.16574892931066532,0.059586514260907206,0.2540000765821995,3.147062010002055,3.1168697815498136,6.9706255836941455,0.5643326018382577,0
MSME063,2025-02-01,56,1524825.48,1094412.52,4219406.0,222298.01,181397.7,387305.79,87937.77,2726070.76,430412.95999999996,28.227030938648795,428206.10000000003,3.8554072828041113,0.14578587052467146,0.1657489261910125,0.05767071127379115,0.25400007743837016,3.321968716530632,4.587122068546767,6.524506951210274,0.5643324569877928,0
MSME063,2025-03-01,56,1583509.97,1154299.64,4489699.3,223552.51,191323.93,402211.66,87937.77,2638133.0,429210.3300000001,27.104997008638986,434440.23999999993,3.8895440528769463,0.14117530942984843,0.16574892980127762,0.05553344889896715,0.2540000805931143,3.848603710373455,5.472079211959291,6.405956193833906,0.564332537209844,0
MSME063,2025-04-01,56,1587659.18,1121750.75,4766135.28,224814.09,185928.99,403265.56,87937.77,2550195.23,465908.42999999993,29.345620008949275,442150.66000000003,4.248836276686243,0.14160097635060442,0.16574893308517957,0.055388317031618846,0.2540000807981975,0.2620261367852317,-2.8197955601891977,6.157115689240045,0.5643327377536478,0
MSME063,2025-05-01,56,1537781.03,1076948.91,5043529.68,226082.79,178503.13,390596.51,87937.77,2462257.46,460832.1200000001,29.967343269932268,438176.17000000004,4.683165220901705,0.14701884441896126,0.16574893046690584,0.05718484510112601,0.2540000834839275,-3.141615696134481,-3.993921109479992,5.8201117614940845,0.5643329561772603,0
MSME063,2025-06-01,56,1484892.4,1042670.68,5295419.17,227358.64,172821.55,377162.79,87937.77,2374319.7,442221.71999999986,29.781398301991434,431699.87999999995,5.078707276970711,0.15311455564052992,0.1657489304293087,0.059221644612094455,0.25400008108331623,-3.439282249437048,-3.1829021489979348,4.99430965973815,0.5643286691569882,0
MSME063,2025-07-01,56,1413502.52,1007219.67,5507098.05,228641.7,166945.58,359029.75,87937.77,2286381.93,406282.85,28.7429873135281,420725.87,5.467623611838319,0.16175542439075383,0.16574892744102185,0.06221267295653637,0.2540000777642759,-4.807747685960273,-3.4000198413558502,3.9973961117038437,0.5643330730690455,0
MSME063,2025-08-01,56,1338298.6,960849.64,5709035.64,229932.0,159259.8,339927.95,87937.77,2198444.16,377448.9600000001,28.203643043488206,410600.14999999997,5.941653514071151,0.17180919116257012,0.16574893029048748,0.06570863184045772,0.2540000789061574,-5.320395184014237,-4.603765333534449,3.6668602622755175,0.5643327529492703,0
MSME063,2025-09-01,56,1343455.15,975268.19,5917871.8,231229.58,161649.66,341237.72,87937.77,2110506.4,368186.95999999996,27.40597332184852,410817.6399999999,6.0679430137058,0.17211559314056743,0.16574893107094985,0.06545642405702938,0.25400008329269497,0.3853063882753638,1.5006041944294113,3.65799362920074,0.5643320633926585,0
MSME063,2025-10-01,56,1358440.47,971305.53,6103899.99,232534.49,160992.85,345043.99,87937.77,2022568.63,387134.93999999994,28.498484000553955,416585.63,6.284222421754357,0.17117753419110077,0.1657489276314529,0.06473435674365621,0.254000081431614,1.115431356230978,-0.40631490298067563,3.1434981406660567,0.5643352377321387,0
MSME063,2025-11-01,56,1376077.93,986223.15,6329786.13,233846.76,163465.43,349523.9,87937.77,1934630.86,389854.7799999999,28.330864953266122,419905.23000000004,6.418208830324049,0.16993714883574945,0.16574892812037517,0.06390464383074584,0.25400007687064646,1.2983609064591617,1.53583188185904,3.7006854694550784,0.5643334887654783,0
MSME064,2023-11-01,69,999928.05,702204.33,687797.21,227204.72,90681.25,192669.63,40534.36,1864580.33,297723.7200000001,29.774514276302188,329193.1,0.9794830088843229,0.2272210685558826,0.12913798181791333,0.04053727665705548,0.1926834935773629,3.651960722575387,2.7051555008188233,38.2914546251089,0.6612580676860214,0
MSME064,2023-12-01,69,1039103.12,768603.36,840945.52,228707.13,99255.89,200218.02,40534.36,1824045.98,270499.76,26.03204194016856,329669.26,1.0941215765697407,0.2201005132195157,0.1291379860738574,0.039008986904013915,0.1926834942041171,3.917788884910256,9.455798997992515,22.266491892283202,0.6612582696345459,0
MSME064,2024-01-01,69,1097698.15,787165.54,1035661.46,230219.48,101652.97,211508.32,40534.36,1783511.62,310532.60999999987,28.289435488253297,340074.8300000001,1.3156844492963957,0.20972931401952352,0.12913798284411687,0.03692669063895207,0.19268349864669082,5.639000487266355,2.4150531946672826,23.15440600718106,0.6612605387510184,0
MSME064,2024-02-01,69,1160781.12,822287.65,1251525.01,231741.82,106188.57,223663.36,40534.36,1742977.27,338493.4700000001,29.16083524859536,349216.61,1.522003899730222,0.19964299557180942,0.12913798474293028,0.034919899455290934,0.19268349230214907,5.746841242285061,4.461845471538295,20.843061013393328,0.6612559458478495,0
MSME064,2024-03-01,69,1189810.05,843481.44,1481679.46,233274.24,108925.49,229256.76,40534.36,1702442.91,346328.6100000001,29.107890793156443,353605.51,1.7566236667874993,0.1960600685798544,0.12913798079540437,0.034067925380189885,0.1926834959916501,2.5008099718231147,2.5774180118113055,18.38992015029728,0.661261743780206,0
MSME064,2024-04-01,69,1167515.77,884347.2,1659978.12,234816.78,114202.82,224961.02,40534.36,1661908.56,283168.57000000007,24.25393962772769,345574.98,1.8770660663594572,0.20112514625819572,0.12913799014685637,0.034718468941965556,0.19268349582978223,-1.8737680018755976,4.844891429976217,12.03355144033651,0.6612560392437627,0
MSME064,2024-05-01,69,1164920.93,868240.89,1830089.56,236369.53,112122.88,224461.04,40534.36,1621374.2,296680.0399999999,25.467826387152297,348707.69,2.107813143884527,0.2029060719168296,0.12913798611811522,0.03479580369459067,0.19268349826970663,-0.2222531007011641,-1.8212654486834956,10.247812182006344,0.6612602387274125,0
MSME064,2024-06-01,69,1132228.98,793663.31,2026439.11,237932.54,102492.08,218161.84,40534.36,1580839.85,338565.6699999999,29.902579423466086,353602.3,2.5532730119526375,0.21014524818115857,0.1291379842165061,0.0358004968217648,0.19268349764373635,-2.806366437248231,-8.589503311690372,10.728958532499355,0.661256973350155,0
MSME064,2024-07-01,69,1077762.47,779774.37,2211602.6,239505.89,100698.49,207667.04,40534.36,1540305.49,297988.1,27.648773110460972,346474.44000000006,2.83620837653333,0.22222511607775694,0.1291379838503797,0.037609734174544045,0.19268349546445054,-4.81055607673988,-1.7499788417836837,9.13738237118804,0.6612588593388757,0
MSME064,2024-08-01,69,1067885.6,781937.4,2378485.18,241089.64,100977.82,205763.93,40534.36,1499771.14,285948.20000000007,26.777044282646013,345875.75,3.041784649257089,0.2257635462075713,0.1291379847031233,0.03795758646806362,0.19268349531073364,-0.9164236346066001,0.2773917793681857,7.54577608110969,0.6612572241960324,0
MSME064,2024-09-01,69,1076976.89,768868.77,2588437.39,242683.87,99290.16,207515.67,40534.36,1459236.78,308108.1199999999,28.60861016247061,350909.38,3.366552903429801,0.22533804787584627,0.1291379802043462,0.03763716786903385,0.19268349388629874,0.8513355737730599,-1.6713140975223806,8.82713971755753,0.6612602681724367,0
MSME064,2024-10-01,69,1089140.89,801536.72,2769808.04,244288.63,103508.84,209859.47,40534.36,1418702.43,287604.1699999999,26.406516607782482,350639.26,3.455622145420861,0.22429479256811305,0.12913798883724253,0.037216819579696435,0.19268349203196294,1.129457847512394,4.248832996559337,7.006955265779102,0.6612553195233017,0
MSME064,2024-11-01,69,1133294.62,832569.0,2961118.56,245904.01,107516.28,218367.17,40534.36,1378168.07,300725.6200000001,26.53551995155506,356754.9,3.556604389546092,0.21698153830466432,0.12913798135650018,0.03576683351766022,0.19268349654743794,4.053996173075469,3.87159804731092,6.906995619811984,0.6612587740984832,0
MSME064,2024-12-01,69,1132169.49,824792.94,3160617.18,247530.07,106512.1,218150.38,40534.36,1337633.72,307376.55000000005,27.14934051084525,359168.35,3.8320128928358677,0.21863340443841142,0.1291379870443605,0.035802377963744636,0.19268350006499468,-0.0992795677438374,-0.9339838499872188,6.737272282674156,0.6612580250318079,0
MSME064,2025-01-01,69,1202589.79,863289.04,3383559.88,249166.88,111483.41,231719.2,40534.36,1297099.36,339300.75,28.21417184990403,369402.67000000004,3.9193824121756484,0.20719191371149093,0.12913798836134882,0.03370589068447022,0.19268349184970213,6.219943270154715,4.667365363238929,7.0537710612583515,0.6612570343473845,0
MSME064,2025-02-01,69,1253248.82,889535.42,3614752.65,250814.52,114872.81,241480.36,40534.36,1256565.01,363713.4,29.02164312430791,377422.07,4.0636410520898645,0.2001314631199892,0.12913798306086563,0.032343425625567315,0.19268349281190625,4.2124946030017485,3.0402772170025516,6.832826319006946,0.6612596345068056,0
MSME064,2025-03-01,69,1247833.41,901044.96,3847001.62,252473.05,116359.13,240436.9,40534.36,1216030.65,346788.44999999995,27.79124578816975,376550.81999999995,4.2694890829864915,0.2023291314182716,0.12913798441311963,0.03248379124582023,0.19268349290311118,-0.4321097226327453,1.293882148054304,6.425030769394424,0.6612575699365353,0
MSME064,2025-04-01,69,1240174.36,925392.04,4049525.52,254142.55,119503.26,238961.13,40534.36,1175496.3,314782.32000000007,25.382101916701462,373600.42,4.376010755398328,0.2049248542761358,0.12913798134680302,0.03268440415104212,0.19268349492405243,-0.6137878613139414,2.7020938000696493,5.264461001188758,0.6612586967203127,0
MSME064,2025-05-01,69,1223347.65,899876.91,4259809.42,255823.09,116208.29,235718.9,40534.36,1134961.94,323470.7399999999,26.441440419655027,375333.7,4.733768999584621,0.20911724479954658,0.1291379839938331,0.033133966456714084,0.1926834943443918,-1.3568019580730728,-2.7572238464467436,5.192803427498838,0.6612588092784977,0
MSME064,2025-06-01,69,1198264.35,840768.54,4489012.51,257514.74,108575.16,230885.76,40534.36,1094427.59,357495.81000000006,29.834469330578017,379825.33999999997,5.339177545820161,0.21490645198615813,0.12913799081968505,0.03382756067139943,0.19268349258658993,-2.0503819989354466,-6.568495017835274,5.380594937507799,0.6612577465153757,0
MSME064,2025-07-01,69,1151069.56,840865.98,4685794.54,259217.58,108587.74,221792.11,40534.36,1053893.23,310203.5800000001,26.94916022277577,372421.94999999995,5.572581899436579,0.22519714620895714,0.12913798700715662,0.035214518225988006,0.1926834986410378,-3.938595853243909,0.011589396529987361,4.383637371507354,0.6612592351024293,0
MSME064,2025-08-01,69,1094439.41,791741.27,4871668.6,260931.68,102243.87,210880.41,40534.36,1013358.88,302698.1399999999,27.65782529706235,369568.22,6.153106809753646,0.23841582970774053,0.12913798215924754,0.03703664143454045,0.19268349446590197,-4.919785212633032,-5.8421569154218815,3.966756510839242,0.6612591630552167,0
MSME064,2025-09-01,69,1046198.54,761350.49,5040563.79,262657.11,98319.27,201585.19,40534.36,972824.52,284848.05000000005,27.22695923471658,365923.02999999997,6.620556309092282,0.2510585705845087,0.1291379874202222,0.038744424170196225,0.1926834938997334,-4.4078155043777105,-3.838473646826568,3.466885863295399,0.6612573835419244,0
MSME064,2025-10-01,69,1064013.89,772771.2,5211377.94,264393.95,99794.12,205017.92,40534.36,932290.17,291242.68999999994,27.372075941602603,369617.75,6.743752795135223,0.24848731063087912,0.12913799064975506,0.03809570568669926,0.19268349964867473,1.702865117743313,1.5000594535638845,3.388790562255739,0.6612575612364058,0
MSME064,2025-11-01,69,1061616.69,769632.44,5396713.5,266142.28,99388.78,204556.02,40534.36,891755.81,291984.25,27.50373583520056,371309.52,7.0120660454489165,0.2506952674227456,0.12913798176178748,0.038181728284622206,0.19268350048264596,-0.2252978107268877,-0.40616938105354494,3.556363828028175,0.6612594577145359,0
MSME065,2023-11-01,52,1180926.13,892185.41,641411.74,187743.89,145781.54,331020.53,74453.08,3424841.79,288740.71999999986,24.450362530296445,372982.88,0.7189220231700494,0.15898021496060896,0.16339825597461854,0.06304634820807971,0.28030587315397965,2.273930725854112,2.71240001278803,34.10852103757031,0.3558029671646423,0
MSME065,2023-12-01,52,1188021.23,872992.99,803538.99,188411.89,142645.53,333009.32,74453.08,3350388.7,315028.24,26.517054749939106,378775.68000000005,0.9204415146563777,0.15859303288713117,0.16339825363317065,0.06266982282799778,0.28030586625122855,0.6008081132051979,-2.151169452546864,25.276626523861268,0.3558038559870136,0
MSME065,2024-01-01,52,1262524.32,974709.92,966273.35,189082.27,159265.9,353892.98,74453.08,3275935.62,287814.4,22.79674105604556,383709.35,0.9913445325353824,0.14976524967059643,0.16339825493927465,0.05897160064211674,0.28030587165243676,6.271191803533682,11.651517385036513,20.252204563216036,0.3558055704446117,0
MSME065,2024-02-01,52,1300894.16,979598.07,1138476.75,189755.03,160064.62,364648.27,74453.08,3201482.54,321296.08999999997,24.698096115674776,394338.68000000005,1.1621876204798975,0.1458650794465862,0.16339825985978107,0.05723223478841661,0.2803058705406134,3.0391367035210726,0.5014979225819172,17.82139598489392,0.35580279420170946,0
MSME065,2024-03-01,52,1354433.02,995224.44,1351206.68,190430.18,162617.94,379655.53,74453.08,3127029.46,359208.5800000001,26.52095560989794,407467.76999999996,1.3576904120240456,0.14059770929093265,0.1633982581858621,0.054969923872647465,0.28030587293271986,4.115543112285169,1.5951817871588947,18.685487428706814,0.3558008449104033,0
MSME065,2024-04-01,52,1359125.27,1005533.76,1565139.57,191107.74,164302.47,380970.79,74453.08,3052576.38,353591.51,26.01610887567413,407776.06000000006,1.5565261279740623,0.14061083567374183,0.16339826322688558,0.054780145468121565,0.28030586908298744,0.34643647420822266,1.0358789018485082,15.83272886128717,0.35580494646383354,0
MSME065,2024-05-01,52,1370088.28,1021844.76,1774135.83,191787.7,166967.66,384043.79,74453.08,2978123.29,348243.52,25.41759717848254,408863.82999999996,1.736208766192626,0.13998200174371248,0.16339826413554248,0.05434181219329896,0.28030587196906753,0.8066224830033608,1.62212355754221,13.353202743446069,0.35579929938998056,0
MSME065,2024-06-01,52,1310696.59,958704.73,1975446.69,192470.09,156650.68,367395.95,74453.08,2903670.21,351991.8600000001,26.855327364512338,403215.36000000004,2.060537127004683,0.14684564793137975,0.16339825506024153,0.056804206685240555,0.2803058715518593,-4.33488052317329,-6.179023710020304,11.346981251148058,0.35580488216917505,0
MSME065,2024-07-01,52,1264098.21,943238.2,2153933.83,193154.9,154123.48,354334.15,74453.08,2829217.13,320860.01,25.382522296270004,393365.57000000007,2.2835523730909117,0.15280054862193027,0.16339825931562146,0.05889817690668196,0.28030587117119643,-3.555237753384266,-1.613273567556095,9.035280015579673,0.3558007376626593,0
MSME065,2024-08-01,52,1241925.78,909747.34,2334968.64,193842.15,148651.13,348119.09,74453.08,2754764.05,332178.44000000006,26.747044416776667,393310.11,2.5666122200478214,0.15608191175482322,0.1633982573667102,0.05994970166413648,0.280305873028902,-1.754011660217436,-3.5506259182463085,8.404845472899236,0.3558025191180647,0
MSME065,2024-09-01,52,1203397.06,902925.7,2502901.73,194531.85,147536.49,337319.26,74453.08,2680310.96,300471.3600000001,24.968596815418522,384314.62,2.7719907961419197,0.16165225632178293,0.1633982618946387,0.06186908915998183,0.2803058701173825,-3.102336759608937,-0.7498389607822342,7.192091881799323,0.355804968114537,0
MSME065,2024-10-01,52,1184822.72,862061.8,2665906.52,195224.0,140859.4,332112.76,74453.08,2605857.88,322760.9199999999,27.241283826832756,386477.36,3.0924772678710504,0.16477064180538334,0.1633982621663551,0.0628390043026859,0.28030586719336376,-1.5434922202651968,-4.525721219364998,6.512632439628385,0.3558029186480294,0
MSME065,2024-11-01,52,1240897.72,955433.02,2819233.46,195918.61,156116.09,347830.92,74453.08,2531404.8,285464.69999999995,23.004692119186096,387633.44000000006,2.950738985345095,0.15788457569250752,0.16339825684483877,0.059999368844033334,0.2803058740409322,4.732775549746382,10.83115154853167,5.751399715245831,0.35580154079415394,0
MSME065,2024-12-01,52,1293843.74,980462.36,2986433.15,196615.69,160205.84,362672.0,74453.08,2456951.72,313381.38,24.22096040747548,399081.85,3.045943701500178,0.15196246959466683,0.16339825630838087,0.057544104978241035,0.28030587372165977,4.266751332253227,2.619685469945332,5.930679114456883,0.3558008093258902,0
MSME065,2025-01-01,52,1370362.82,1024133.34,3173396.49,197315.26,167341.6,384120.74,74453.08,2382498.63,346229.4800000001,25.265533692748615,414094.4,3.098616523899125,0.1439876046841376,0.16339825437183797,0.054330925294660284,0.2803058681933592,5.914089749354123,4.454121012865797,6.260422738744387,0.35580578538774166,0
MSME065,2025-02-01,52,1430436.28,1064550.74,3388194.0,198017.31,173945.74,400959.69,74453.08,2308045.55,365885.54000000004,25.578597601006038,425031.26,3.182745427427912,0.13843140919216618,0.16339826131725763,0.05204921116793822,0.2803058728348249,4.383763126323004,3.9464978261522177,6.768694383978469,0.3558011681407569,0
MSME065,2025-03-01,52,1461862.82,1091705.12,3606470.41,198721.86,178382.72,409768.73,74453.08,2233592.47,370157.69999999995,25.32096000635682,430107.87,3.3035206521702487,0.135937419901,0.16339826271035532,0.05093027812281319,0.28030587028678927,2.1969898582270275,2.55078306553993,6.442264226900818,0.3558022275931272,0
MSME065,2025-04-01,52,1428809.04,1077559.81,3790217.71,199428.92,176071.4,400503.56,74453.08,2159139.39,351249.23,24.583357199363743,423861.07999999996,3.5174081984367995,0.13957702843201497,0.16339826185610987,0.052108488899258364,0.2803058692853735,-2.261072622395588,-1.2957079472156408,5.094934357162795,0.35580383557201056,0
MSME065,2025-05-01,52,1377666.11,1034267.61,3957022.43,200138.49,168997.53,386167.9,74453.08,2084686.31,343398.5000000001,24.92610491812128,417308.86,3.8259173851533457,0.1452735815646942,0.16339826208035269,0.05404290594039509,0.28030587179066196,-3.5794097439361017,-4.01761457677231,4.400927143575628,0.355800954044172,0
MSME065,2025-06-01,52,1321247.71,1005958.02,4128464.9,200850.59,164371.79,370353.49,74453.08,2010233.22,315289.68999999994,23.863026411603013,406832.2899999999,4.104013107823326,0.15201584720249015,0.16339825989955326,0.05635058394916726,0.28030587088018494,-4.095215784904527,-2.7371629669423747,4.332613045107236,0.35580362378071495,0
MSME065,2025-07-01,52,1287248.86,974299.14,4270600.47,201565.22,159198.78,360823.41,74453.08,1935780.14,312949.7200000001,24.311516578076446,403189.85,4.383253863900567,0.15658605438578518,0.16339825569383135,0.05783891702184145,0.2803058687501964,-2.5732381401818882,-3.147137293065172,3.4428189034621415,0.3558017927654644,0
MSME065,2025-08-01,52,1273997.16,961836.98,4435230.09,202282.4,157162.49,357108.88,74453.08,1861327.06,312160.17999999993,24.502423537584647,402228.79000000004,4.611207701745882,0.158777747981793,0.16339826110657546,0.0584405384388769,0.28030586818576586,-1.0294590589111197,-1.279089705447145,3.8549525097579584,0.3558054311155523,0
MSME065,2025-09-01,52,1214514.44,907759.16,4594208.83,203002.13,148326.27,340435.53,74453.08,1786873.98,306755.2799999999,25.25744197821147,395111.39,5.061043757465361,0.16714674055254544,0.16339826303708133,0.06130275404547681,0.2803058726909826,-4.6689837204974545,-5.622347770409075,3.5844530446897283,0.35580455837977976,0
MSME065,2025-10-01,52,1233146.49,920286.66,4766599.87,203724.41,150373.24,345658.2,74453.08,1712420.89,312859.82999999996,25.370856790907297,399009.37,5.17947295900171,0.1652069820188192,0.163398261146152,0.06037650887689751,0.2803058702295783,1.534115148108084,1.3800466634784403,3.7523553320931713,0.35579922240225326,0
MSME065,2025-11-01,52,1251988.65,930552.06,4955748.54,204449.27,152050.59,350939.77,74453.08,1637967.81,321436.58999999985,25.674081789798965,403338.45000000007,5.3256005257782135,0.1632996193695526,0.1633982627473846,0.05946785539948785,0.28030587178246386,1.5279741825320325,1.1154567860409914,3.968209523741706,0.3558041964632386,0
MSME066,2023-11-01,79,464696.11,352364.34,152472.66,70686.0,68029.13,124785.5,102605.81,4719867.1,112331.76999999996,24.173167707386224,127442.37,0.4327130832819235,0.1521123127112039,0.19306474088723052,0.2208019559277137,0.26853140647120977,3.5401606389909634,1.9950915828571558,-5.782721704119654,1.6892534890134314,1
MSME066,2023-12-01,79,473902.31,365346.61,145761.03,71878.91,70535.55,127257.66,102605.81,4617261.3,108555.70000000001,22.906767430612444,128601.02,0.3989664225979817,0.15167452971478448,0.193064744736512,0.2165125761889618,0.26853141948179154,1.9811226739126386,3.6843313940337907,-4.401858011790449,1.6876184817361306,1
MSME066,2024-01-01,79,495143.23,391060.14,127760.78,73090.81,75499.93,132961.51,102605.81,4514655.49,104083.08999999997,21.020804424610624,130552.39000000001,0.32670366251083527,0.14761548895659948,0.1930647546947638,0.20722450350376395,0.2685314105981011,4.482130504913551,7.038119226013895,-12.349151210031927,1.6860300190973954,1
MSME066,2024-02-01,79,502363.53,379935.32,127410.56,74321.99,73352.12,134900.39,102605.81,4412049.68,122428.21000000002,24.370441460987426,135870.26,0.33534802713261824,0.14794463682504977,0.19306475639064036,0.20424613625913488,0.2685314158852256,1.4582245222256374,-2.844784947911083,-0.2741216827261028,1.6844525324045678,1
MSME066,2024-03-01,79,520179.43,407412.5,134384.22,75572.72,78656.99,139684.52,102605.81,4309443.88,112766.93,21.678467754866816,136600.25,0.32984805326297056,0.14528202316650624,0.19306474396342774,0.19725080247790652,0.2685314180916381,3.5464158793533374,7.232067816174603,5.47337677504911,1.682853217466329,1
MSME066,2024-04-01,79,515511.1,384132.67,128794.83,76843.33,74162.48,138430.92,102605.81,4206838.07,131378.43,25.485082668443027,141111.77000000002,0.3352873630873417,0.14906241592082112,0.1930647554658655,0.1990370527424143,0.2685314050463705,-0.8974460985510357,-5.714068665050787,-4.159260663193942,1.6813077523212039,2
MSME066,2024-05-01,79,497646.14,383675.6,117115.98,78134.1,74074.24,133633.62,102605.81,4104232.26,113970.54000000004,22.90192384492323,137693.47999999998,0.3052474017112373,0.1570073466258575,0.19306476617225596,0.20618226838853806,0.26853141069274644,-3.465485030293225,-0.11898753625928515,-9.067794103226046,1.6797424057494625,2
MSME066,2024-06-01,79,470154.93,359485.06,106659.35,79445.36,69403.9,126251.37,102605.81,4001626.46,110669.87,23.539021488086917,136292.83,0.2967003691335601,0.16897697956713972,0.19306476881125462,0.2182382943426755,0.26853141793068086,-5.524248615693073,-6.304946157639413,-8.928439995976634,1.6782173212464224,2
MSME066,2024-07-01,79,444090.03,332964.91,99746.27,80777.4,64283.79,119252.12,102605.81,3899020.65,111125.12000000005,25.023106238165276,135745.72999999998,0.2995699156406602,0.18189419834532197,0.1930647586858327,0.231047317139725,0.26853140567015205,-5.543895923839393,-7.377260685047671,-6.481457087447096,1.676674383500809,2
MSME066,2024-08-01,79,429360.14,324224.15,82983.31,82130.56,62596.26,115296.69,102605.81,3796414.84,105135.98999999999,24.486667532761654,134830.99,0.25594425955006744,0.19128594470832805,0.19306476707549391,0.23897376687086042,0.2685314244587306,-3.316870230119784,-2.625129476856869,-16.805600851039348,1.675171520747143,2
MSME066,2024-09-01,79,413580.04,319700.75,55800.63,83505.15,61722.95,111059.23,102605.81,3693809.04,93879.28999999998,22.699182968307653,132841.43,0.17454019110058389,0.20190807564117455,0.19306476447114995,0.2480917841199493,0.2685314068831755,-3.675259654983354,-1.3951459198829008,-32.75680374764516,1.6736644678911228,2
MSME066,2024-10-01,79,413029.44,327545.48,30498.22,84901.5,63237.49,110911.38,102605.81,3591203.23,85483.96000000002,20.696820062027545,132575.39,0.09311140547566098,0.20555798637501482,0.19306476157143124,0.2484225095431454,0.2685314150971902,-0.13313021585857898,2.4537727859568648,-45.3443088366565,1.6721723151206902,2
MSME066,2024-11-01,79,422028.93,313873.9,8110.05,86319.94,60597.99,113328.03,102605.81,3488597.42,108155.02999999997,25.62739715497702,139049.98,0.025838561282094497,0.2045355990168731,0.19306476263238195,0.24312506254014388,0.26853142508500544,2.1788979497442185,-4.173948607075861,-73.40812021160579,1.670688974870882,2
MSME066,2024-12-01,79,446394.1,349556.95,5000.0,87760.81,67487.13,119870.84,102605.81,3385991.62,96837.14999999997,21.693196661873436,140144.52,0.014303820879544807,0.1965993950188858,0.19306476383891094,0.2298547628653694,0.26853141652185814,5.7733411782931565,11.36859420295857,-38.34809896363155,1.6692203446851295,1
MSME066,2025-01-01,79,451760.28,344290.03,5000.0,89224.45,66470.27,121311.83,102605.81,3283385.81,107470.25,23.789220690229783,144066.01,0.014522639531560062,0.19750397268214903,0.19306475415509416,0.22712446078703508,0.2685314211333497,1.2021171426773058,-1.5067416053378357,0.0,1.667760359094217,1
MSME066,2025-02-01,79,461754.72,343380.46,5000.0,90711.2,66294.67,123995.65,102605.81,3180780.0,118374.25999999995,25.635744448914338,148412.18,0.014561108107316298,0.19644888524366358,0.1930647713617717,0.22220847033247434,0.2685314185851744,2.212332611446044,-0.2641871447744193,0.0,1.6663033507071212,1
MSME066,2025-03-01,79,456869.6,344318.96,5000.0,92221.43,66475.86,122683.84,102605.81,3078174.2,112550.63999999996,24.635178177755744,148429.40999999997,0.014521419325848335,0.2018550369733508,0.19306476762127767,0.22458445473281655,0.2685314146531089,-1.0579469550414111,0.27331199917433047,0.0,1.6648771044810218,1
MSME066,2025-04-01,79,456632.58,346447.5,5000.0,93755.49,66886.8,122620.19,102605.81,2975568.39,110185.08000000002,24.12992082168119,149488.88,0.014432201127154909,0.20531931821421942,0.19306475007035698,0.224701027684008,0.26853140877508125,-0.05187913575338543,0.6181884378368085,0.0,1.663452843878055,1
MSME066,2025-05-01,79,453006.77,344490.39,5000.0,95313.74,66508.95,121646.55,102605.81,2872962.58,108516.38,23.954692774238232,150451.34000000003,0.014514192979374547,0.21040246263869303,0.19306474703111456,0.22649950683959977,0.26853141731193114,-0.7940322611233785,-0.5649081029593161,0.0,1.6620360045049187,1
MSME066,2025-06-01,79,429801.61,323392.96,5000.0,96896.55,62435.78,115415.24,102605.81,2770356.78,106408.64999999997,24.757620149445223,149876.01,0.015461066313873994,0.22544482790560047,0.19306474698768952,0.23872830536860948,0.26853142779060324,-5.122475321947184,-6.12424340777692,0.0,1.6606315102103864,1
MSME066,2025-07-01,79,412935.33,306346.71,5000.0,98504.29,59144.75,110886.11,102605.81,2667750.97,106588.62,25.812424429752717,150245.65,0.01632137652139303,0.23854652979196522,0.19306474680273208,0.24847912625931037,0.2685314187090748,-3.924201214602241,-5.271064033057494,0.0,1.659233481481004,1
MSME066,2025-08-01,79,394904.32,304863.72,5000.0,100137.34,58858.44,106044.22,102605.81,2565145.16,90040.60000000003,22.800611550666254,147323.12,0.016400770809986837,0.25357367577037393,0.19306475693467234,0.2598244810287211,0.26853142553619064,-4.36654572521078,-0.484088763349233,0.0,1.657846577037403,1
MSME066,2025-09-01,79,384729.23,290876.19,5000.0,101796.09,56157.94,103311.88,102605.81,2462539.36,93853.03999999998,24.39456965617091,148950.03,0.017189444072407578,0.2645915154406126,0.1930647537703241,0.2666961644687096,0.26853140324170327,-2.5765962752699267,-4.588125474556293,0.0,1.6564749972387993,1
MSME066,2025-10-01,79,388088.73,294513.84,5000.0,103480.93,56860.24,104214.02,102605.81,2359933.55,93574.88999999996,24.1117256870613,150834.71000000002,0.016977130854020306,0.26664245055505736,0.1930647469741999,0.2643875023116492,0.2685314257901795,0.8732115311332,1.2505836245998658,0.0,1.6551126865481658,1
MSME066,2025-11-01,79,388416.82,295328.43,5000.0,105192.26,57017.51,104302.12,102605.81,2257327.75,93088.39000000001,23.966106823077336,152476.87,0.016930303662265094,0.2708231327366307,0.19306475167324733,0.26416417806005416,0.2685314194169037,0.08453994528518916,0.2765880204475213,0.0,1.6537636451469773,1
MSME067,2023-11-01,24,609449.77,456672.64,391540.11,137000.86,75222.55,115824.78,61008.99,2806413.6,152777.13,25.068042933218273,177603.08999999997,0.8573758874628442,0.2247943419520857,0.16471875783931353,0.1001050340867304,0.19004811503989902,0.27905543330208893,-0.7739853825478926,10.518917418478214,1.5674276342181104,0
MSME067,2023-12-01,24,623389.78,471990.19,422749.98,139146.04,77745.64,118474.06,61008.99,2745404.61,151399.59000000003,24.286504985692904,179874.46000000002,0.8956753529135849,0.22320872825345325,0.16471876248105918,0.09786652261126257,0.1900481268717623,2.2873107327614495,3.3541641557506052,7.971053080615409,1.5658149883146955,0
MSME067,2024-01-01,24,637206.16,481043.94,460158.74,141322.58,79236.96,121099.83,61008.99,2684395.62,156162.22000000003,24.507330563157144,183185.44999999995,0.956583591927174,0.22178470465508365,0.16471875729273297,0.09574450755466644,0.1900481156679339,2.216330848413972,1.9182072407055717,8.848908756896922,1.5642126789953803,0
MSME067,2024-02-01,24,652703.11,482781.43,505017.17,143530.93,79523.16,124045.0,61008.99,2623386.63,169921.68,26.03353307141435,188052.77,1.0460575710213211,0.21990232281871616,0.16471876310569775,0.09347127210716064,0.19004812157245582,2.4320150953970554,0.361191536889538,9.748468539356647,1.5626306850610838,0
MSME067,2024-03-01,24,663698.63,487883.83,554916.82,145771.53,80363.62,126134.68,61008.99,2562377.63,175814.8,26.490155629822524,191542.58999999997,1.137395391849736,0.21963512264595153,0.16471876102145053,0.09192273004993246,0.1900481247038283,1.6846127790014709,1.0568757791698857,9.880782865263772,1.5610572578328652,0
MSME067,2024-04-01,24,651315.36,484342.62,587615.36,148044.82,79780.31,123781.26,61008.99,2501368.64,166972.74,25.63623557104503,192045.77000000002,1.213222491136543,0.22730128765886928,0.16471874806309633,0.09367043025056249,0.19004812046809397,-1.8657971314480548,-0.7258305732329773,5.892511962423486,1.5594883308146734,0
MSME067,2024-05-01,24,641935.87,473521.46,636656.83,150351.28,77997.86,121998.7,61008.99,2440359.65,168414.40999999997,26.23539482222733,194352.12,1.3445152623072245,0.23421542092670408,0.16471874368692815,0.095039072984035,0.19004811181528147,-1.4400842627141475,-2.23419528927683,8.345845486407978,1.5579471135835687,0
MSME067,2024-06-01,24,606145.78,449358.65,672363.73,152691.35,74017.8,115196.87,61008.99,2379350.66,156787.13,25.866241286048382,193870.41999999998,1.496274145384761,0.2519053254812728,0.16471876083836373,0.10065068835421076,0.19004812670641705,-5.575337299658911,-5.1027909062453025,5.608500265362748,1.5564017812152997,0
MSME067,2024-07-01,24,574749.24,419311.75,707796.54,155065.52,69068.51,109230.01,61008.99,2318341.67,155437.49,27.04440113744213,195227.01999999996,1.6879959600464334,0.26979682478571,0.16471875639068068,0.10614888329386916,0.19004811559211457,-5.179701160338035,-6.686618806603595,5.269887178477051,1.5548817925835179,1
MSME067,2024-08-01,24,552400.07,413173.36,736327.71,157474.25,68057.4,104982.59,61008.99,2257332.68,139226.70999999996,25.20396313490691,194399.43999999997,1.7821277489913676,0.28507282774240056,0.1647187514703271,0.11044348709079635,0.1900481113262712,-3.88850796914495,-1.4639203408919554,4.030984666864845,1.5533627333787825,1
MSME067,2024-09-01,24,521107.31,390734.63,772200.24,159918.04,64361.32,99035.46,61008.99,2196323.69,130372.68,25.01839400410637,194592.18,1.976277966455136,0.3068812064831714,0.1647187504214817,0.11707567487395254,0.1900481112038133,-5.664872562380374,-5.43082690520027,4.871815838629789,1.5518664162553542,1
MSME067,2024-10-01,24,516038.85,378247.21,797591.85,162397.36,62304.41,98072.21,61008.99,2135314.7,137791.63999999996,26.701795804715083,198165.16,2.10865230175789,0.3146998719185581,0.16471875628639798,0.11822557545812684,0.1900481136255536,-0.97263268097314,-3.1958825866035934,3.2882157612383,1.5503691766107108,1
MSME067,2024-11-01,24,524613.23,390635.81,818475.42,164912.72,64345.04,99701.76,61008.99,2074305.7,133977.41999999998,25.53832277542829,200269.43999999997,2.095239092391453,0.3143510505825406,0.16471874403936496,0.11629327380859228,0.19004812364339344,1.661576449137514,3.2752654011644955,2.6183279079393884,1.548892174109251,1
MSME067,2024-12-01,24,539586.7,410566.9,847220.94,167464.62,67628.07,102547.44,61008.99,2013296.71,129019.79999999993,23.91085621643379,202383.99,2.0635393160042854,0.3103572048755094,0.16471875838018116,0.11306614859113466,0.19004812386962097,2.8541922208099813,5.102217843264301,3.5120810347609277,1.5474246013285065,0
MSME067,2025-01-01,24,564174.46,421717.91,882703.54,170053.57,69464.85,107220.29,61008.99,1952287.72,142456.55,25.250442921503396,207809.00999999998,2.093113711959732,0.3014201848130453,0.16471875714265968,0.10813851800381039,0.1900481102955281,4.556776510614524,2.716003165379366,4.188116502408468,1.545968336476089,1
MSME067,2025-02-01,24,588543.97,441792.15,910984.93,172680.09,72771.45,111851.68,61008.99,1891278.73,146751.81999999995,24.934724928028736,211760.32,2.062021541125165,0.2934021904939405,0.16471874839786083,0.10366088705317973,0.19004812843465205,4.319498972002389,4.760110852299371,3.2039511249722707,1.544525057603896,1
MSME067,2025-03-01,24,592586.51,440214.35,956887.38,175344.69,72511.56,112619.95,61008.99,1830269.74,152372.16000000003,25.713065928551092,215453.08000000002,2.1736851149900045,0.2958972015748384,0.16471875576068795,0.10295372738066548,0.19004811635013424,0.6868713649381242,-0.3571362687182278,5.038771607341519,1.5430846717765734,1
MSME067,2025-04-01,24,565892.79,421398.02,982043.31,178047.91,69412.16,107546.86,61008.99,1769260.75,144494.77000000002,25.53394787023175,216182.61000000002,2.330441206154694,0.3146318757657259,0.16471876161164686,0.10781015605447102,0.19004811847841355,-4.504611487021526,-4.274356344812469,2.628933197969441,1.5416606000444144,1
MSME067,2025-05-01,24,554706.92,408042.45,1017014.16,180790.3,67212.24,105421.01,61008.99,1708251.76,146664.47000000003,26.439992852441797,218999.07,2.4924224428120163,0.3259203977480576,0.16471874433652675,0.1099841876859946,0.19004812487286077,-1.9766765362039695,-3.1693480667042584,3.561029299206764,1.5402539687211059,1
MSME067,2025-06-01,24,538335.35,404391.01,1038131.46,183572.38,66610.78,102309.62,61008.99,1647242.76,133944.33999999997,24.881208339745843,219271.22,2.5671477217062764,0.34100004764688036,0.1647187458494688,0.11332896864380168,0.1900481177764009,-2.9513909795825244,-0.894867678595701,2.076401768093361,1.5388436215881152,1
MSME067,2025-07-01,24,527216.61,397479.19,1056262.64,186394.72,65472.28,100196.52,61008.99,1586233.77,129737.41999999998,24.607991770213765,221118.96,2.657403624074005,0.35354485512131345,0.1647187617545462,0.11571902106801984,0.19004810944784156,-2.065392881964745,-1.7091922988100028,1.7465206188819193,1.5374535101631226,2
MSME067,2025-08-01,24,508273.36,377964.08,1077408.73,189257.87,62257.77,96596.4,61008.99,1525224.78,130309.27999999997,25.637637195858538,223596.50000000003,2.850558523974024,0.37235449443976365,0.16471874787678234,0.12003184664252323,0.1900481268583504,-3.593067752550516,-4.909718669800045,2.001972729055357,1.5360681890560057,2
MSME067,2025-09-01,24,491197.18,368723.08,1090044.98,192162.41,60735.61,93351.1,61008.99,1464215.79,122474.09999999998,24.93379542610566,224777.90000000002,2.9562700007821587,0.3912123640449239,0.16471876401119234,0.12420468293405104,0.1900481187615939,-3.359644896596581,-2.444941328816219,1.1728371645921332,1.5346997194885414,2
MSME067,2025-10-01,24,491027.31,362534.89,1102430.32,195108.9,59716.3,93318.82,61008.99,1403206.8,128492.41999999998,26.16808014201898,228711.41999999998,3.040894408811246,0.3973483674462017,0.16471876679234929,0.12424765131699089,0.19004812583642244,-0.034582853264752966,-1.678275740157087,1.136222837336498,1.5333331841539621,1
MSME067,2025-11-01,24,504416.95,373736.24,1133419.85,198097.93,61561.37,95863.49,61008.99,1342197.81,130680.71000000002,25.90727968201703,232400.05,3.0326731226278727,0.3927265529042987,0.1647187599468545,0.12094952399993696,0.19004811396603544,2.7268625853010153,3.089730205001784,2.8110193848804865,1.5319803453353487,1
MSME068,2023-11-01,54,1276223.58,1075650.84,512790.97,279130.43,153885.91,224822.56,89417.68,4113213.5,200572.74,15.716113002707566,350067.07999999996,0.4767262302328513,0.21871593220366606,0.1430630686812832,0.07006427510138935,0.1761623617704979,0.821080174977662,2.28759540713126,6.98378585023971,1.6030492588572587,0
MSME068,2023-12-01,54,1296206.27,1085844.55,536638.88,283600.52,155344.25,228342.76,89417.68,4023795.82,210361.71999999997,16.229031201955223,356599.03,0.49421335678297595,0.21879273890566817,0.14306306551890877,0.06898414401281981,0.17616236341766808,1.5657671832078224,0.9476783377029729,4.650610364687191,1.6014341395884424,0
MSME068,2024-01-01,54,1354768.09,1120425.14,575526.36,288137.65,160291.46,238659.15,89417.68,3934378.13,234342.9500000002,17.297643170795393,366505.3400000001,0.513667838620615,0.21268411333780382,0.14306306979152575,0.06600220411155387,0.1761623644383298,4.517939880047028,3.184672244291309,7.2464894828343285,1.5998313402246334,0
MSME068,2024-02-01,54,1387067.89,1143480.93,642864.88,292742.8,163589.89,244349.16,89417.68,3844960.45,243586.95999999996,17.561286059329078,373502.06999999995,0.5621999135569319,0.21105152971279584,0.14306306796039006,0.06446525122861867,0.17616236505914648,2.3841571290625696,2.0577715705308197,11.700336366869447,1.5982465325166562,0
MSME068,2024-03-01,54,1441451.92,1202902.17,677341.85,297416.95,172090.87,253929.58,89417.68,3755542.76,238549.75,16.549268601341904,379255.66000000003,0.5630897232482339,0.20633150913559437,0.14306306388989223,0.06203306455063725,0.1761623655126839,3.920790784076189,5.196522166749218,5.363019675300973,1.5966746235945184,0
MSME068,2024-04-01,54,1393094.56,1151182.74,739027.9,302161.07,164691.73,245410.83,89417.68,3666125.08,241911.82000000007,17.36506816881117,382880.17000000004,0.6419727071307549,0.21689918163200636,0.14306306399277668,0.06418636793757919,0.17616236330719717,-3.354767462517927,-4.299554135811389,9.107077910511507,1.5951074745403693,0
MSME068,2024-05-01,54,1308152.3,1087972.86,762676.19,306976.19,155648.73,230447.2,89417.68,3576707.39,220179.43999999994,16.831330725023374,381774.66000000003,0.7010066317279273,0.23466395311922014,0.14306306317236625,0.0683541816958163,0.1761623627462949,-6.097379348032195,-5.490864117715999,3.1999184333906694,1.593560679408501,0
MSME068,2024-06-01,54,1272546.17,1084541.43,779815.27,311863.31,155157.82,224174.74,89417.68,3487289.71,188004.74,14.773903252563322,380880.23000000004,0.7190276447069431,0.24507033013977012,0.1430630639900958,0.07026674717821829,0.17616236273769148,-2.7218642661103076,-0.31539665428788055,2.2472289321107564,1.5920192377135267,0
MSME068,2024-07-01,54,1196550.84,998564.19,825713.08,316823.49,142857.65,210787.22,89417.68,3397872.02,197986.65000000014,16.54644695247551,384753.05999999994,0.8269003517941095,0.26478063397623786,0.14306306137415162,0.07472952841686191,0.1761623601384125,-5.9719114159920705,-7.927520113270359,5.885728552096703,1.5904980935397495,0
MSME068,2024-08-01,54,1146929.46,953452.91,845103.17,321857.75,136403.9,202045.8,89417.68,3308454.34,193476.54999999993,16.869088880147864,387499.65,0.8863606803612357,0.280625584419115,0.14306306957519274,0.07796266738147958,0.17616235962759208,-4.147034822189433,-4.517614435983319,2.348284224830266,1.588979403010815,0
MSME068,2024-09-01,54,1122054.59,924323.09,852890.47,326967.17,132236.5,197663.79,89417.68,3219036.65,197731.50000000012,17.622270944945743,392394.45999999996,0.922718992122116,0.2914004121671121,0.14306307116053976,0.07969102465861308,0.17616236479189484,-2.168823006778453,-3.0551923114902513,0.9214614589600822,1.5874776978338945,0
MSME068,2024-10-01,54,1150192.8,966602.62,855626.3,332152.82,138285.13,202620.68,89417.68,3129618.97,183590.18000000005,15.961687466657768,396488.37,0.8851893035423389,0.28878012451477697,0.14306306142642156,0.0777414708212397,0.17616236164928173,2.50773984178434,4.574107307002362,0.3207715522955734,1.5859849170789975,0
MSME068,2024-11-01,54,1180167.24,963600.12,897227.31,337415.81,137855.59,207901.05,89417.68,3040201.28,216567.12,18.35054496174627,407461.27,0.9311199649912871,0.2859050807070361,0.14306306852680756,0.07576695655439478,0.17616236322574078,2.6060361358547945,-0.31062402872443773,4.862053679275635,1.5845086005893183,0
MSME068,2024-12-01,54,1247412.05,1067237.85,925651.9,342757.23,152682.32,219747.05,89417.68,2950783.6,180174.19999999995,14.443839948475723,409821.96,0.8673342123313935,0.27477466647849036,0.14306306696300172,0.07168255268978682,0.17616235950261983,5.697905154527083,10.755263293242434,3.168047793819384,1.5830378546873636,0
MSME068,2025-01-01,54,1255363.09,1046625.38,964017.02,348178.21,149733.44,221147.73,89417.68,2861365.91,208737.71000000008,16.627676220749812,419592.50000000006,0.921071701892037,0.27735259445934485,0.14306306999740442,0.07122853994377036,0.17616236430848067,0.6374028533715048,-1.9313848360981711,4.144659563708553,1.5815800588655726,0
MSME068,2025-02-01,54,1306556.71,1084987.96,1003111.37,353679.89,155221.7,230166.12,89417.68,2771948.23,221568.75,16.958219134629065,428624.31,0.9245368676717851,0.27069616442442823,0.14306306219287449,0.06843765702293932,0.17616236496921744,4.0779930848532375,3.6653592329282114,4.055358898124006,1.5801333460816025,0
MSME068,2025-03-01,54,1333125.5,1102094.97,1051333.68,359263.43,157669.09,234846.54,89417.68,2682530.54,231030.53000000003,17.329991062356846,436440.88,0.9539410927535582,0.26948957918815597,0.14306307014539774,0.0670737151153436,0.1761623643085366,2.0334968851065005,1.5767004455975675,4.80727379254009,1.5786987493125348,0
MSME068,2025-04-01,54,1324199.99,1115401.92,1077168.14,364930.0,159572.82,233274.2,89417.68,2593112.86,208798.07000000007,15.767865245188537,438631.37999999995,0.9657219704265885,0.2755852611054619,0.14306306734705998,0.06752581232084134,0.17616236351126993,-0.669517611057624,1.2074231678963265,2.457303565125013,1.5772743693951874,1
MSME068,2025-05-01,54,1282431.32,1045781.34,1114656.2,370680.78,149612.68,225916.13,89417.68,2503695.17,236649.9800000001,18.453228356899462,446984.23000000004,1.0658597140392656,0.28904532680939204,0.14306306134703073,0.06972512181003189,0.1761623616615976,-3.154256933652444,-6.241748265952419,3.480242183917559,1.5758583837996332,1
MSME068,2025-06-01,54,1252761.19,1045425.8,1156443.43,376516.98,149561.82,220689.37,89417.68,2414277.49,207335.3899999999,16.550272442587392,447644.52999999997,1.1061936963866779,0.3005496841740444,0.14306306578620884,0.07137647678884433,0.1761623617985803,-2.313584325123952,-0.03399754675292854,3.7488895679223866,1.5744544402868543,2
MSME068,2025-07-01,54,1183694.27,987664.41,1191531.31,382439.83,141298.3,208522.38,89417.68,2324859.8,196029.86,16.560852322111856,449663.91,1.2064131277140988,0.3230900408092708,0.14306306734288418,0.07554119527840579,0.1761623632764565,-5.513175260482006,-5.525154439463808,3.0341198790847956,1.5730631856231359,1
MSME068,2025-08-01,54,1131592.22,920003.43,1206264.68,388450.55,131618.51,199343.96,89417.68,2235442.12,211588.78999999992,18.698324914252233,456176.0,1.3111523725514804,0.34327785498560603,0.14306306444966188,0.079019348507009,0.1761623635058219,-4.401647563944033,-6.850604245221303,1.236507163206646,1.5716773014986307,1
MSME068,2025-09-01,54,1061501.58,906870.66,1203650.38,394550.42,129739.7,186996.63,89417.68,2146024.44,154630.92000000004,14.567186984309533,451807.35000000003,1.32725694312351,0.3716908457168759,0.14306306921430229,0.08423697306225393,0.17616236614551248,-6.1939839070296765,-1.4274696780206542,-0.21672689612366458,1.570307983860486,1
MSME068,2025-10-01,54,1035630.72,875236.69,1201618.03,400740.69,125214.04,182439.15,89417.68,2056606.75,160394.03000000003,15.487569739144085,457965.8,1.3729063734748141,0.3869532665079692,0.1430630610332389,0.08634127809572895,0.17616235833560442,-2.437194676620269,-3.4882559768776855,-0.16884886456811632,1.5689426968548137,1
MSME068,2025-11-01,54,1036044.19,864222.4,1212305.0,407022.66,123638.31,182511.99,89417.68,1967189.07,171821.78999999992,16.584407466249093,465896.3399999999,1.4027697037244116,0.39286225812433734,0.14306307033930155,0.08630682056138937,0.17616236041051492,0.039924462650153814,-1.258435589577478,0.8893816282034228,1.5675897548611761,1
MSME069,2023-11-01,53,1248992.04,1032800.02,522359.48,261476.56,121193.4,239690.94,19704.08,906387.62,216192.02000000002,17.30931928117012,379974.1,0.505770207091979,0.20935006119014177,0.11734449811494,0.01577598524967381,0.19190750006701404,-0.10433604731613366,-1.8772744855409251,18.929918365262523,1.9049635244958507,0
MSME069,2023-12-01,53,1302680.79,1113985.02,612431.12,266453.36,130720.02,249994.21,19704.08,886683.54,188695.77000000002,14.485188654697211,385727.54999999993,0.5497660282720858,0.20454232690419882,0.11734450432735621,0.015125793019485611,0.1919074971543873,4.298566226250733,7.860669871017234,17.24322874354649,1.9033446057267867,0
MSME069,2024-01-01,53,1343761.94,1108123.43,719633.84,271520.61,130032.19,257878.0,19704.08,866979.46,235638.51,17.535733301093497,399366.42,0.649416680955839,0.20206005388127007,0.11734450015193705,0.014663371102771374,0.1919075040925776,3.153585307725293,-0.5261821204741279,17.504453398775688,1.90173995178744,0
MSME069,2024-02-01,53,1367650.26,1141483.46,845343.07,276679.9,133946.81,262462.34,19704.08,847275.38,226166.80000000005,16.536888604839664,405195.43,0.7405653254055911,0.2023031092759051,0.11734450361637304,0.014407250578813915,0.19190749833952434,1.7777196457878564,3.010497666311407,17.468498979981263,1.900146732876018,0
MSME069,2024-03-01,53,1344330.48,1135352.9,937347.56,281932.86,133227.42,257987.1,19704.08,827571.3,208977.58000000007,15.545104653135594,406692.5399999999,0.8256001812299948,0.2097199045877469,0.11734450143210981,0.01465716971618467,0.1919074988168088,-1.705098202518529,-0.537069542821067,10.883686548705018,1.8985694298718325,0
MSME069,2024-04-01,53,1326878.52,1123252.75,1032824.99,287281.13,131807.53,254637.94,19704.08,807867.23,203625.77000000002,15.34622551580683,410111.54000000004,0.9194947352677303,0.2165089913430809,0.11734449793245554,0.014849950242619047,0.1919075003188687,-1.2981897129937803,-1.0657611391136523,10.18591545701575,1.8970012931447622,0
MSME069,2024-05-01,53,1310194.1,1118585.06,1105607.19,292726.38,131259.81,251436.08,19704.08,788163.15,191609.04000000004,14.624477396135429,412902.64999999997,0.9883979587569316,0.22342214790922962,0.11734450485151303,0.015039054137093123,0.19190750439190649,-1.257418802740129,-0.41555117492478866,7.04690540069135,1.895442976014472,0
MSME069,2024-06-01,53,1263040.54,1066662.54,1162603.49,298270.34,125166.98,242386.95,19704.08,768459.07,196378.0,15.54803616992373,415490.31000000006,1.0899449885996746,0.2361526257898262,0.11734449772652557,0.015600512711967267,0.19190749807603166,-3.598975144217187,-4.6418034583798224,5.155203449789436,1.893905154704556,1
MSME069,2024-07-01,53,1165042.26,977898.61,1223725.15,303914.73,114751.02,223580.35,19704.08,748754.99,187143.65000000002,16.06324992880516,412744.05999999994,1.251382441376003,0.26086155020677104,0.11734449648108203,0.01691275988563711,0.1919075021364461,-7.758918015410654,-8.321650631885891,5.257309179417646,1.8923738780060928,0
MSME069,2024-08-01,53,1132418.15,951634.22,1288407.92,309661.31,111669.04,217319.54,19704.08,729050.91,180783.92999999993,15.9644147349634,415311.81,1.3538898590679094,0.27345138366070876,0.11734449818334612,0.017400003700046667,0.19190750342530277,-2.800251211488247,-2.685798888700741,5.285726946120217,1.8908527401748643,1
MSME069,2024-09-01,53,1082237.77,913439.64,1339833.4,315511.89,107187.12,207689.55,19704.08,709346.83,168798.13,15.597139064921011,416014.32,1.4668001489403284,0.2915365724114397,0.11734450236908921,0.018206793873032173,0.19190750476210047,-4.431258894958534,-4.013577821949276,3.9913973829033944,1.8893480751599245,1
MSME069,2024-10-01,53,1049288.87,881122.27,1410531.36,321468.28,103394.85,201366.41,19704.08,689642.75,168166.6000000001,16.026721030596665,419439.8400000001,1.6008349896774259,0.3063677593378075,0.11734449748954819,0.01877850853407032,0.19190750589015584,-3.0445158091275903,-3.537986374228297,5.276623198078223,1.8878496147958224,1
MSME069,2024-11-01,53,1054304.64,905884.32,1458677.36,327532.35,106300.54,202328.97,19704.08,669938.67,148420.31999999995,14.077555420793745,423560.77999999997,1.6102247580574087,0.3106619638892986,0.11734449714285815,0.018689171281651575,0.19190750218077388,0.4780161253401749,2.8102853421239526,3.4133236144427093,1.8863665180278266,1
MSME069,2024-12-01,53,1104600.84,914438.92,1541099.5,333705.99,107304.38,211981.19,19704.08,650234.6,190161.92000000004,17.21544227686809,438382.79999999993,1.6852951753190906,0.3021055008431824,0.11734450235342127,0.01783819030954204,0.1919075038907267,4.770556639113366,0.9443369104788157,5.650470917023065,1.8848947287191775,0
MSME069,2025-01-01,53,1126877.23,948227.41,1603528.47,339991.11,111269.27,216256.19,19704.08,630530.52,178649.81999999995,15.853530024739248,444978.03,1.6910800648549065,0.30171087049118916,0.11734449861558,0.01748556051665007,0.19190749821078557,2.0166913869085867,3.6949969277335626,4.0509370095831,1.8834303813365816,0
MSME069,2025-02-01,53,1164661.39,973596.48,1691551.95,346389.68,114246.19,223507.26,19704.08,610826.44,191064.90999999992,16.405189666328678,455650.74999999994,1.7374261151806958,0.29741664227402614,0.11734449779440452,0.01691829073169499,0.19190750369083673,3.352997025239368,2.67542044581901,5.489361844632534,1.8819815612237667,1
MSME069,2025-03-01,53,1190496.95,983392.13,1761958.63,352903.68,115395.66,228465.29,19704.08,591122.36,207104.81999999995,17.396501519806492,465973.30999999994,1.7917152031712922,0.2964339219852684,0.1173445022383899,0.016551138581245423,0.19190749711706528,2.218289386239558,1.0061303837088698,4.162253485623069,1.880541013808501,1
MSME069,2025-04-01,53,1189741.38,1001567.26,1833108.75,359535.13,117528.41,228320.3,19704.08,571418.28,188174.11999999988,15.816388600352784,470327.0199999999,1.8302402876068453,0.3021960369235876,0.1173445006578989,0.016561649725926154,0.19190750514199986,-0.06346677326641847,1.8482077947888476,4.0381265932447175,1.8791104700296657,1
MSME069,2025-05-01,53,1139497.32,968066.09,1884715.89,366286.1,113597.23,218678.08,19704.08,551714.2,171431.2300000001,15.044461008473464,471366.94999999995,1.9468876241703703,0.32144533696665467,0.11734449865917729,0.017291905521989292,0.1919074982993378,-4.2231077143841,-3.344874711659407,2.815279780864066,1.8776941212949039,1
MSME069,2025-06-01,53,1064754.31,885547.12,1934457.7,373158.67,103914.09,204334.34,19704.08,532010.12,179207.19000000006,16.830848987124554,473578.92000000004,2.1844774335667196,0.35046457806777975,0.11734450674968035,0.01850575274966485,0.19190750211661503,-6.55929669057932,-8.524105001963244,2.639220598920078,1.8762846856596571,1
MSME069,2025-07-01,53,1025643.38,831342.42,2001716.77,380154.98,97553.46,196828.66,19704.08,512306.05,194300.95999999996,18.944300113359088,479430.18,2.407812619497992,0.37065025467234036,0.11734449927383712,0.019211433900153483,0.19190750297632692,-3.673235189815771,-6.1210407414570955,3.4768953593557583,1.8748887705061223,1
MSME069,2025-08-01,53,1007267.13,830492.23,2088760.88,387277.19,97453.7,193302.12,19704.08,492601.97,176774.90000000002,17.549952215754328,483125.61000000004,2.5150878052164316,0.3844831013199051,0.11734450543866015,0.019561920977208897,0.19190750322608063,-1.7916802621979588,-0.10226712598162546,4.348472836144546,1.873501696597546,1
MSME069,2025-09-01,53,967738.56,807139.39,2123868.81,394527.5,94713.37,185716.29,19704.08,472897.89,160599.17000000004,16.59530545109208,485530.42000000004,2.6313531916711437,0.40767983865394386,0.11734450229222489,0.020360953685673124,0.1919075023733683,-3.9243383232410167,-2.811927572158013,1.68080177755916,1.8721242012729844,1
MSME069,2025-10-01,53,952602.83,813372.85,2165001.86,401908.15,95444.83,182811.63,19704.08,453193.81,139229.97999999998,14.615742848464977,489274.95,2.661758208428029,0.4219052655974159,0.11734449951212413,0.02068446510913683,0.1919075025212764,-1.5640308886730847,0.772290397077513,1.9367038965085515,1.870756791351691,1
MSME069,2025-11-01,53,964738.96,815686.88,2202323.86,409421.42,95716.37,185140.64,19704.08,433489.73,149052.07999999996,15.449990741536961,498845.69000000006,2.699962343393337,0.42438570118490915,0.11734450111542802,0.02042426067254504,0.19190749796193576,1.273996845044012,0.28449806260437693,1.7238784265986684,1.8693997621098246,1
MSME070,2023-11-01,58,650478.24,550314.48,246599.28,122587.53,97926.92,107896.37,91654.4,4216102.6,100163.76000000001,15.39847974007555,132556.97999999998,0.44810610834735803,0.1884575416389025,0.17794719848185714,0.14090309923357314,0.16587237414736578,-0.01512043293410148,-1.8992801471953369,-5.560463710966079,1.8322025015556687,1
MSME070,2023-12-01,58,672401.81,564681.86,240170.41,124831.6,100483.56,111532.89,91654.4,4124448.2,107719.95000000007,16.0201754959583,135880.93,0.42531986063798827,0.18565030335061114,0.17794720730005387,0.13630897275544215,0.16587238216982192,3.370377155122073,2.6107581250633283,-2.6070108558305605,1.8305858679100506,1
MSME070,2024-01-01,58,699072.12,588156.9,234254.43,127114.74,104660.87,115956.76,91654.4,4032793.79,110915.21999999997,15.86606257448802,138410.63,0.3982856105233144,0.18183351382973192,0.17794719402254738,0.13110864727376054,0.16587238524116796,3.9664244806241644,4.157215179534912,-2.463242661741727,1.8289759964624341,1
MSME070,2024-02-01,58,720636.0,579847.55,249296.64,129437.63,103182.25,119533.61,91654.4,3941139.39,140788.44999999995,19.536693975876858,145788.99,0.42993479924162825,0.17961582546528346,0.17794720353651575,0.1271854306473726,0.16587238217352449,3.084643112358698,-1.4127777808948583,6.421312928852618,1.8273962563271517,1
MSME070,2024-03-01,58,727514.62,597735.48,256099.73,131800.91,106365.35,120674.58,91654.4,3849484.99,129779.14000000001,17.838698554264106,146110.13999999998,0.4284499390934599,0.1811659949871523,0.1779471916239605,0.12598289777324337,0.16587237793241874,0.9545207289116897,3.084936721729692,2.7289136347766307,1.8258059885676303,1
MSME070,2024-04-01,58,729979.93,618940.42,248317.38,134205.29,110138.71,121083.51,91654.4,3757830.58,111039.51000000001,15.211309987659524,145150.08999999997,0.4011975498384804,0.18384791757219957,0.1779471923969677,0.12555742457193309,0.1658723822722085,0.3388674168499861,3.547545814078168,-3.0387966437918523,1.8242514410560684,1
MSME070,2024-05-01,58,714648.63,578382.34,237597.91,136651.44,102921.52,118540.47,91654.4,3666176.18,136266.29000000004,19.067592699366127,152270.39,0.4107973109967362,0.19121486316989092,0.17794720357471497,0.12825099797644612,0.16587238122880052,-2.100235824291774,-6.552824583665107,-4.316842421581601,1.8226926822333178,1
MSME070,2024-06-01,58,680632.44,561538.91,228279.37,139140.07,99924.28,112898.13,91654.4,3574521.77,119093.52999999991,17.497480725426477,152113.92,0.40652458081667037,0.20442762028797806,0.1779472058312041,0.1346606400364931,0.16587239068417017,-4.7598482068033965,-2.912161875481867,-3.921978943333304,1.8211516834363506,2
MSME070,2024-07-01,58,668410.67,560127.01,217071.04,141671.89,99673.03,110870.87,91654.4,3482867.37,108283.66000000003,16.20016927617269,152869.73,0.3875389619222255,0.2119533639401657,0.17794719451218752,0.137122885845015,0.16587238201927565,-1.7956490583963203,-0.25143404577253614,-4.909918053479812,1.819619610655665,2
MSME070,2024-08-01,58,629909.67,524847.0,184595.69,144247.63,93395.05,104484.62,91654.4,3391212.96,105062.67000000004,16.679005737441692,155337.2,0.3517133374107121,0.2289973259181749,0.17794719222935446,0.14550403711059076,0.16587238611529806,-5.760081597739908,-6.298573246807004,-14.960701344592076,1.8181023772605664,2
MSME070,2024-09-01,58,615387.38,510782.46,166247.41,146868.03,90892.31,102075.77,91654.4,3299558.56,104604.91999999998,16.99822313548256,158051.49,0.32547595702483595,0.2386594765723015,0.17794720280723814,0.14893773089724394,0.16587238106832805,-2.305455955295943,-2.679740953077747,-9.939712026862601,1.8165983039027944,2
MSME070,2024-10-01,58,609098.92,516872.33,151359.37,149533.84,91975.98,101032.69,91654.4,3207904.15,92226.59000000003,15.141479810865535,158590.55,0.2928370532042216,0.24550009052716756,0.17794719249142238,0.15047539404601143,0.16587238407843508,-1.021870159248306,1.1922629449726996,-8.95535154502558,1.8151057108888757,2
MSME070,2024-11-01,58,613377.13,510960.89,133764.06,152245.81,90924.06,101742.33,91654.4,3116249.75,102416.23999999999,16.697107699467047,163064.08000000002,0.26178923400575727,0.24820914010928316,0.17794720061646987,0.1494258515963906,0.1658723891449947,0.7023834486522995,-1.14369442063188,-11.624856789506987,1.813616235629345,2
MSME070,2024-12-01,58,620185.66,506995.79,115599.4,155004.73,90218.48,102871.67,91654.4,3024595.35,113189.87000000005,18.250965364145962,167657.92000000004,0.22800859944024388,0.24993278625629622,0.17794719754970748,0.14778542283612295,0.16587237763607754,1.1100071500872666,-0.7760085121191973,-13.579626694943325,1.81214839344348,1
MSME070,2025-01-01,58,648956.7,547042.72,111354.53,157811.38,97344.72,107643.99,91654.4,2932940.94,101913.97999999998,15.704280424256348,168110.65,0.2035572834238613,0.24317705634289624,0.17794719944358278,0.1412334597978571,0.16587237638505006,4.6391011362629575,7.898868351549826,-3.6720519310653787,1.8106866803354826,1
MSME070,2025-02-01,58,673678.24,556557.43,110267.49,160666.56,99037.84,111744.62,91654.4,2841286.54,117120.80999999994,17.385274311368576,173373.34,0.19812418998700637,0.23849153863126113,0.17794720663418326,0.1360507057493797,0.16587239035655954,3.8094282715626537,1.7392992635017812,-0.9761973760744169,1.8092358104973227,1
MSME070,2025-03-01,58,677402.72,550890.72,114356.72,163571.09,98029.46,112362.4,91654.4,2749632.13,126512.0,18.676039564765844,177904.02999999997,0.20758512686508862,0.24146801477265992,0.17794719794880554,0.13530267489920914,0.16587237795561258,0.552857399698703,-1.0181716557085774,3.708463845508758,1.8077999553858692,2
MSME070,2025-04-01,58,685742.82,561147.17,104021.63,166525.79,99854.57,113745.79,91654.4,2657977.73,124595.6499999999,18.16944288239138,180417.01,0.18537317046435428,0.24284000523694876,0.1779472041175936,0.13365710486039067,0.16587237471914035,1.2311878523310282,1.861793932560718,-9.037588696143084,1.806370551177472,2
MSME070,2025-05-01,58,674439.98,555704.38,95195.71,169531.5,98886.04,111870.97,91654.4,2566323.32,118735.59999999998,17.60506546483202,182516.43,0.1713063877596214,0.25136632617775717,0.17794720279152737,0.13589704453760287,0.16587238793287434,-1.6482622450206597,-0.9699398466181397,-8.484696884676769,1.8049516534345722,2
MSME070,2025-06-01,58,657966.84,545367.87,85246.8,172589.08,97046.68,109138.53,91654.4,2474668.92,112598.96999999997,17.11316789156122,184680.93,0.15631063854201752,0.26230665363014344,0.17794719003156528,0.13929942122919142,0.16587238651722935,-2.4424916209741965,-1.8600735160662185,-10.451006668262675,1.8035468334793192,2
MSME070,2025-07-01,58,633692.74,526125.22,71699.16,175699.39,93622.51,105112.12,91654.4,2383014.51,107567.52000000002,16.974712381902943,187189.0,0.13627774771944975,0.277262747242457,0.17794720047824356,0.14463539538104855,0.16587237530920743,-3.6892588690335737,-3.5283798438657588,-15.89225636622137,1.8021476213906595,2
MSME070,2025-08-01,58,616172.42,516729.41,48304.29,178863.32,91950.55,102205.99,91654.4,2291360.11,99443.01000000007,16.138828479210424,189118.76,0.09348082200314475,0.2902812819827281,0.177947196773646,0.14874797544492496,0.16587238682315578,-2.764797336955438,-1.7858505243295464,-32.62921071878666,1.800763224049895,2
MSME070,2025-09-01,58,593705.27,486558.24,36679.1,182081.77,86581.68,98479.31,91654.4,2199705.71,107147.03000000003,18.047175158138653,193979.39999999997,0.07538480902101256,0.30668713787903545,0.17794720730657032,0.15437693520894633,0.16587238647890054,-3.6462440172184363,-5.838872225213576,-24.066578765571343,1.7993907303073486,2
MSME070,2025-10-01,58,580949.74,471262.58,12818.72,185355.64,83859.86,96363.52,91654.4,2108051.3,109687.15999999997,18.880662550946315,197859.30000000005,0.027200801727139037,0.3190562405622215,0.17794720726606386,0.15776648768273827,0.16587238682644045,-2.1484616432661974,-3.143644222323716,-65.05170519451131,1.7980218448008456,2
MSME070,2025-11-01,58,588654.6,501882.66,5000.0,188685.86,89308.61,97641.54,91654.4,2016396.9,86771.94,14.74072231831706,197018.78999999998,0.009962488044516223,0.3205374764760184,0.1779471918794724,0.1557014928618582,0.16587238084948286,1.326252422455676,6.4974562588864915,-60.994545477239534,1.7966650488757674,2
MSME071,2023-11-01,55,1369139.75,1050103.59,974183.94,277083.96,152865.04,318917.68,90843.87,4178818.17,319036.1599999999,23.30194269796052,443136.6,0.9277027040732237,0.20237814291784315,0.14557139072346187,0.06635105729710937,0.23293289089006436,-0.9574369365096924,-0.3330370479370903,14.704661828786513,1.7223124086635178,0
MSME071,2023-12-01,55,1385710.34,1055269.64,1070478.03,281851.72,153617.07,322777.52,90843.87,4087974.29,330440.7000000002,23.84630398298104,451012.17,1.014411852121511,0.2033987276157584,0.14557139159238963,0.06555761862901303,0.23293289418624097,1.2102920830397323,0.491956226908985,9.884590172981088,1.7206914467369216,0
MSME071,2024-01-01,55,1460829.99,1119631.6,1167367.48,286697.02,162986.33,340275.36,90843.87,3997130.42,341198.3899999999,23.35647490369498,463986.05000000005,1.04263534541183,0.19625625292646137,0.14557139151842444,0.06218647660704173,0.232932895908031,5.421021106041524,6.099100889512954,9.051045167176387,1.7190954165545058,0
MSME071,2024-02-01,55,1493757.21,1135897.49,1291916.3,291621.05,165354.18,347945.19,90843.87,3906286.55,357859.72,23.957020431720625,474212.06,1.1373528961667132,0.19522653885633798,0.1455713930664641,0.060815686372486195,0.23293289409461662,2.2540076686131005,1.4527894711081624,10.669204182388237,1.7175030281096015,0
MSME071,2024-03-01,55,1510475.06,1143462.66,1408551.18,296625.06,166455.45,351839.33,90843.87,3815442.67,367012.40000000014,24.297812636509214,482008.94,1.2318296252892071,0.19637865454064496,0.14557139102382236,0.06014258189738002,0.2329328959592355,1.1191812088391595,0.666008162409093,9.028052359119542,1.715928942715217,0
MSME071,2024-04-01,55,1492957.95,1141195.89,1533541.32,301710.29,166125.48,347759.02,90843.87,3724598.8,351762.06000000006,23.56141778808975,483343.8300000001,1.3438020005487403,0.2020889402812718,0.14557139703684002,0.06084824425229123,0.23293289673697778,-1.1597086548386981,-0.19823734340393973,8.873666912124566,1.7143629064921173,0
MSME071,2024-05-01,55,1435213.99,1083790.45,1642128.11,306878.01,157768.88,334308.55,90843.87,3633754.93,351423.54000000004,24.485793926799726,483417.68000000005,1.5151712307485272,0.2138203864637635,0.14557138790067767,0.06329639387085406,0.23293289525417737,-3.867755284065433,-5.0302880077845336,7.080786711374687,1.712808668209509,0
MSME071,2024-06-01,55,1372715.07,1055606.25,1740556.01,312129.53,153666.07,319750.49,90843.87,3542911.05,317108.82000000007,23.100847869325136,478213.95,1.6488686098628158,0.22738114909745982,0.1455713908476764,0.06617824192751084,0.23293289116436958,-4.354676057749407,-2.6005211616323076,5.993923336468554,1.7112728279227385,0
MSME071,2024-07-01,55,1327487.54,1025298.91,1842162.45,317466.14,149254.19,309215.51,90843.87,3452067.18,302188.63,22.7639522703166,477427.46,1.7967077035125296,0.23914811283275775,0.14557139244398495,0.06843293610123075,0.2329328906544765,-3.2947500168407196,-2.8710837966334446,5.837585197847206,1.7097421061057494,0
MSME071,2024-08-01,55,1261007.1,986352.17,1895114.92,322889.18,143584.66,293730.03,90843.87,3361223.31,274654.93000000005,21.78060139391761,473034.54999999993,1.9213370007590695,0.25605659159254535,0.14557139363316857,0.07204072839875365,0.2329328914960114,-5.007989754841691,-3.798574212860517,2.8744734211686884,1.7082262694219752,0
MSME071,2024-09-01,55,1211596.8,914785.05,1942325.19,328400.0,133166.53,282220.75,90843.87,3270379.43,296811.75,24.49756800282074,477454.22,2.123258562216337,0.27104726588911426,0.1455713886010708,0.07497863150513437,0.23293289483762253,-3.9183205233340956,-7.255737066001489,2.491156050842558,1.7067217922879907,0
MSME071,2024-10-01,55,1203421.72,914624.26,2014634.99,333999.98,133143.13,280316.5,90843.87,3179535.56,288797.45999999996,23.998026228079045,481173.35,2.202691398104835,0.27754192437211456,0.1455713956242534,0.07548797606877164,0.2329328907242924,-0.6747360177907447,-0.017576806704489023,3.7228472540172364,1.7052314250913359,0
MSME071,2024-11-01,55,1210474.76,920702.62,2109859.26,339690.49,134027.96,281959.39,90843.87,3088691.69,289772.14,23.938718061333226,487621.92000000004,2.291575166800329,0.28062583477577013,0.145571389815313,0.07504813235428387,0.23293289485854296,0.5860821591287202,0.6645745434305406,4.726626434697234,1.7037456110027271,0
MSME071,2024-12-01,55,1232891.89,933888.86,2174357.66,345472.97,135947.5,287181.08,90843.87,2997847.81,299003.0299999999,24.25216942582045,496706.55000000005,2.328283110690495,0.2802135149092432,0.14557139058281518,0.0736835652313359,0.23293289730375308,1.8519287424051623,1.432193165693385,3.0570001147849357,1.7022790364251916,0
MSME071,2025-01-01,55,1283948.39,986778.89,2272823.98,351348.83,143646.78,299073.81,90843.87,2907003.94,297169.4999999999,23.144972361389065,506775.86,2.303275843284406,0.2736471596027314,0.1455713954318581,0.07075352148695012,0.2329328907059886,4.141198463070439,5.66341802171193,4.528524529860456,1.7008161304197023,0
MSME071,2025-02-01,55,1371877.64,1049800.5,2360083.62,357319.55,152820.92,319555.43,90843.87,2816160.07,322077.1399999999,23.47710397845685,524054.05999999994,2.2481258296219138,0.26046021859500534,0.14557139189779392,0.06621863885761707,0.232932894802484,6.848347697215473,6.386598926938936,3.8392607948460666,1.6993709641782484,0
MSME071,2025-03-01,55,1409392.07,1081761.75,2465177.3,363386.59,157473.56,328293.77,90843.87,2725316.2,327630.32000000007,23.246215653817327,534206.8,2.2788541931714628,0.2578321517021165,0.14557138852432155,0.06445606721769052,0.232932891413246,2.7345317764637,3.044507027763843,4.452964255563097,1.6979311655351825,0
MSME071,2025-04-01,55,1380733.15,1063626.63,2553648.54,369551.47,154833.61,321618.17,90843.87,2634472.32,317106.52,22.966531947176037,536336.0299999999,2.4008881199223078,0.26764872705489834,0.14557139284863524,0.06579393708335314,0.2329328951072117,-2.033424240850179,-1.6764430800035313,3.5888388230737034,1.69650729268791,0
MSME071,2025-05-01,55,1334856.31,1041704.95,2629663.56,375815.7,151642.44,310931.94,90843.87,2543628.45,293151.3600000001,21.961267126946428,535105.2,2.524384241430359,0.28154019064419,0.14557139236018798,0.06805516767568788,0.23293289148103138,-3.3226434811100103,-2.0610315106533106,2.9767220825149376,1.6950899965301192,1
MSME071,2025-06-01,55,1298356.53,949853.27,2720906.06,382180.83,138271.46,302429.94,90843.87,2452784.58,348503.26,26.841876784029424,546339.31,2.8645540800212226,0.294357382713668,0.14557138914729428,0.06996835453201748,0.23293289093712957,-2.7343602248844356,-8.81743722154723,3.4697404408646104,1.6936838987833713,1
MSME071,2025-07-01,55,1232559.7,924862.43,2820853.34,388648.43,134633.51,287103.7,90843.87,2361940.7,307697.2699999999,24.964086526599882,541118.62,3.05002479125463,0.3153181383425079,0.14557139054724064,0.07370342385849546,0.23293289566420192,-5.067701242277423,-2.631021104975506,3.673308735987746,1.6922879151212156,1
MSME071,2025-08-01,55,1152849.44,878242.63,2889282.77,395220.11,127847.0,268536.55,90843.87,2271096.83,274606.80999999994,23.819832882947832,535909.6599999999,3.2898457343160397,0.3428202298471863,0.14557138953730817,0.07879942241200204,0.23293288844378499,-6.467050642658522,-5.040728057252797,2.4258414654056537,1.6909060973178125,1
MSME071,2025-09-01,55,1133440.59,852334.66,2983649.65,401897.47,124075.54,264015.6,90843.87,2180252.96,281105.93000000005,24.801117277792216,541837.5299999999,3.5005612114847,0.3545818577046018,0.14557138859048627,0.08014877074412871,0.23293289681817372,-1.6835546192397688,-2.9499786408683004,3.2661005347011995,1.6895294118510318,1
MSME071,2025-10-01,55,1141905.24,862248.8,3064809.18,408682.17,125518.76,265987.29,90843.87,2089409.08,279656.43999999994,24.490336868933184,549150.7,3.5544371647719313,0.3578949948596435,0.14557139424258983,0.07955464851006376,0.23293289204978163,0.7468102055529835,1.163174568073999,2.7201427620699548,1.688166884952036,1
MSME071,2025-11-01,55,1151561.82,858596.3,3169708.78,415575.87,124987.06,268236.63,90843.87,1998565.21,292965.52,25.44071146783939,558825.44,3.691733565588391,0.360880208758571,0.14557139368059238,0.07888753206493072,0.2329328962990454,0.845655108824972,-0.4236016333104775,3.4227122747002348,1.6868120280363552,1
MSME072,2023-11-01,43,556685.1,416796.03,374149.33,112087.24,68676.44,134505.55,18125.47,833771.74,139889.06999999995,25.128940939859888,177916.34999999998,0.8976796875920339,0.2013476559728292,0.16477229881484234,0.03255964637817682,0.24161873561911393,2.6297801394463916,3.0833824393806886,18.993990593939934,1.272034822030066,0
MSME072,2023-12-01,43,571550.51,433442.68,444909.37,113511.24,71419.34,138097.31,18125.47,815646.27,138107.83000000002,24.163713894682733,180189.21,1.0264549167147083,0.1986022897608822,0.16477228315402626,0.03171280522521098,0.24161873287454505,2.6703445089512945,3.9939559884963227,18.912245546450656,1.2704389902008506,0
MSME072,2024-01-01,43,599295.43,443790.12,529503.31,114951.51,73124.31,144801.0,18125.47,797520.8,155505.31000000006,25.94802199643005,186628.2,1.1931390225631884,0.19181109056680107,0.16477228019407011,0.03024463243445724,0.2416187288463054,4.8543251234261175,2.3872683696031016,19.013746552472032,1.2688346986606591,0
MSME072,2024-02-01,43,615074.99,460937.62,595426.17,116408.24,75949.75,148613.64,18125.47,779395.32,154137.37,25.05993131016431,189072.13,1.2917716935319796,0.18925861381552841,0.16477229608639885,0.02946871567644134,0.24161873335152192,2.6330185764974035,3.863876014184364,12.449942947476567,1.2672560804116495,0
MSME072,2024-03-01,43,620123.16,453834.39,687911.14,117881.6,74779.33,149833.37,18125.47,761269.85,166288.77000000002,26.815442596918977,192935.63999999996,1.5157756995894471,0.19009385167939866,0.1647722862077508,0.02922882286802512,0.2416187294149762,0.8207405734380613,-1.541039327620941,15.532567203084135,1.2656835976559755,0
MSME072,2024-04-01,43,622603.85,464058.6,764977.01,119371.78,76464.0,150432.76,18125.47,743144.38,158545.25,25.4648682304165,193340.54000000004,1.6484491613774641,0.19172990979737758,0.16477229384392403,0.029112364146158108,0.2416187436039787,0.40003182593599806,2.2528504285450834,11.202881523331643,1.264132824800468,0
MSME072,2024-05-01,43,622574.99,460647.32,847041.83,120878.95,75901.91,150425.78,18125.47,725018.91,161927.66999999998,26.009343870366518,195402.81999999998,1.8388076804614861,0.19415966259743264,0.16477228175342473,0.029113713674877948,0.2416187325481867,-0.004635371271799471,-0.7350968175139916,10.72774984440381,1.2625848420790842,0
MSME072,2024-06-01,43,609259.48,467986.53,920911.31,122403.29,77111.21,147208.5,18125.47,706893.43,141272.94999999995,23.187649045690673,192500.57999999996,1.9678158471783365,0.20090502325872714,0.1647722852194058,0.029750000771428295,0.24161872704877732,-2.1387801010124163,1.5932384019948342,8.720877456547814,1.2610466917523766,0
MSME072,2024-07-01,43,580218.91,419670.81,1004167.89,123945.0,69150.12,140191.76,18125.47,688767.96,160548.10000000003,27.670263280457373,194986.64,2.3927513328839813,0.21361764993147153,0.16477228902338953,0.03123901976927984,0.24161873662476807,-4.766535598264299,-10.32416894563184,9.040672982939046,1.2595331383658204,0
MSME072,2024-08-01,43,554065.87,413356.9,1064294.43,125504.25,68109.76,133872.69,18125.47,670642.49,140708.96999999997,25.39571152433554,191267.18,2.57475907623654,0.22651503511667304,0.1647722827416211,0.032713565266165916,0.24161872666872625,-4.5074435784935085,-1.5044911033960107,5.987697933659275,1.2580176691274314,0
MSME072,2024-09-01,43,553189.11,426345.66,1128437.6,127081.24,70249.95,133660.85,18125.47,652517.02,126843.45000000001,22.929491507885977,190492.14,2.646766944924454,0.2297247680815698,0.16477228828833393,0.032765413621392514,0.24161872962394362,-0.15824111310086542,3.1422627758239896,6.026825678304082,1.2565231854698267,0
MSME072,2024-10-01,43,540193.8,408345.36,1184941.43,128676.15,67284.0,130520.94,18125.47,634391.54,131848.44000000006,24.407618154817783,191913.09,2.9018119123479202,0.2382036780133352,0.164772289808803,0.03355364315547494,0.2416187301668401,-2.3491622964161296,-4.221996771352144,5.007262253579636,1.2550318205897248,0
MSME072,2024-11-01,43,549994.58,415070.56,1259954.93,130289.19,68392.13,132888.99,18125.47,616266.07,134924.01999999996,24.53188175054379,194786.05,3.0355198643816124,0.23689177082435978,0.1647722979919366,0.032955724763687674,0.2416187264972684,1.8143081242324444,1.6469392476995415,6.330566060130072,1.2535656374549564,0
MSME072,2024-12-01,43,581430.27,433404.59,1335320.8,131920.53,71413.07,140484.45,18125.47,598140.6,148025.68,25.458887787180394,200991.90999999997,3.0810029030841597,0.22688968360728792,0.16477229740460295,0.031173935956241152,0.24161874131527417,5.715636324997986,4.417087542898734,5.981632216003163,1.2520915971616642,0
MSME072,2025-01-01,43,593645.59,446102.51,1415527.51,133570.39,73505.33,143435.9,18125.47,580015.12,147543.07999999996,24.85373133151717,203500.96000000002,3.1730991829658164,0.22500022277601694,0.16477228518620082,0.030532476456196705,0.24161874090566393,2.1009088501704465,2.929807457738276,6.006549886738832,1.2506468856667174,0
MSME072,2025-02-01,43,600699.62,446109.69,1494822.68,135238.95,73506.51,145140.28,18125.47,561889.65,154589.93,25.734980488251345,206872.71999999997,3.350796258202775,0.22513573422936412,0.16477227831567612,0.03017393285515979,0.24161873117216223,1.1882561108556455,0.001609495539489636,5.60181059285807,1.2491990178362222,0
MSME072,2025-03-01,43,610216.4,459633.46,1563184.92,136926.43,75734.86,147439.71,18125.47,543764.18,150582.94,24.6769736113287,208631.28000000003,3.400938043109394,0.2243899541211937,0.1647722948629545,0.029703347861512738,0.2416187273891688,1.5842826735931625,3.0314898562279646,4.573267512906609,1.247776620566765,0
MSME072,2025-04-01,43,599573.65,459793.7,1634943.12,138633.01,75761.26,144868.23,18125.47,525638.71,139779.95,23.313224321982798,207739.97999999998,3.5558188813809326,0.23121931725985623,0.16477228809355152,0.030230598025780486,0.24161874024984253,-1.7440943901212758,0.03486256200755378,4.590512554330428,1.2463481301601353,0
MSME072,2025-05-01,43,580880.62,442520.25,1708731.5,140358.91,72915.07,140351.64,18125.47,507513.23,138360.37,23.819071464288136,207795.48000000004,3.8613634065333735,0.24163124946396045,0.16477227878272238,0.031203433848421388,0.24161873398358516,-3.1177204001543446,-3.756782661441427,4.513207774469841,1.244941590750992,0
MSME072,2025-06-01,43,556059.03,410229.04,1776743.44,142104.33,67594.38,134354.28,18125.47,489387.76,145829.99000000005,26.225631116897794,208864.22999999998,4.3311010844088464,0.255556195175897,0.16477229403359647,0.0325963054677846,0.24161873605397613,-4.273096595992476,-7.297114651815373,3.9802590401124993,1.243540577509461,0
MSME072,2025-07-01,43,525473.84,402144.47,1838718.51,143869.49,66262.26,126964.32,18125.47,471262.29,123329.37,23.470125553728803,204571.55,4.5722834632041565,0.2737900139805247,0.1647722769879193,0.034493572505912,0.24161872644316607,-5.500349486276679,-1.9707454157804172,3.488127132187424,1.2421577864657696,0
MSME072,2025-08-01,43,514066.04,378946.42,1907365.16,145654.58,62439.87,124207.99,18125.47,453136.82,135119.62,26.284486716920654,207422.7,5.0333373251025835,0.283338265254791,0.16477229155509637,0.03525903014328665,0.24161874221452173,-2.170954885213694,-5.7685861004131205,3.733396364188435,1.2407703676436066,0
MSME072,2025-09-01,43,519122.38,383789.93,1970144.46,147459.83,63237.95,125429.69,18125.47,435011.34,135332.45,26.069469399489194,209651.57,5.133392791207419,0.2840560062157212,0.16477230134725004,0.03491560121141377,0.2416187296721825,0.9835973603702808,1.278151671151817,3.2914148437103607,1.2394048989053497,0
MSME072,2025-10-01,43,504898.83,377044.85,2024234.47,149285.46,62126.54,121993.02,18125.47,416885.87,127853.98000000004,25.322692865024077,209151.93999999997,5.368683513380438,0.2956740066123742,0.16477228106948022,0.0358992117292092,0.24161874171900932,-2.7399223281415863,-1.7574926991961504,2.7454844605659057,1.238052424175451,0
MSME072,2025-11-01,43,512887.3,389643.89,2076595.15,151131.67,64202.51,123923.18,18125.47,398760.4,123243.40999999997,24.02933548949252,210852.33999999997,5.329469300801816,0.2946683803634834,0.1647722744991587,0.03534006398676669,0.24161873378420562,1.5821922185876192,3.3415228984032153,2.5866904637781296,1.2366978003082396,0
MSME073,2023-11-01,74,471804.98,367580.0,277231.56,115714.17,38728.95,100379.72,20201.51,929269.5,104224.97999999998,22.09069094607691,177364.94,0.7542074106316993,0.24525847522847258,0.10536196202187278,0.0428175005698329,0.21275680472893696,2.484127780762213,0.46213456481760673,17.873823803541498,1.3138987398339408,0
MSME073,2023-12-01,74,488056.16,385926.1,313940.82,117232.68,40661.93,103837.27,20201.51,909067.99,102130.06,20.9258827918492,180408.02000000002,0.8134739267440062,0.24020325857581634,0.10536195919374203,0.041391773438532155,0.21275680651177523,3.4444697891912845,4.991049567441097,13.24137122050606,1.3122939048864968,0
MSME073,2024-01-01,74,509014.61,405179.89,355540.36,118769.24,42690.54,108296.32,20201.51,888866.48,103834.71999999997,20.39916300241362,184375.02,0.8774876759061264,0.23333169159918613,0.10536194182786317,0.03968748559103245,0.21275680083131604,4.294270151205559,4.98898364220508,13.250758534681783,1.3106925475046882,0
MSME073,2024-02-01,74,515334.39,397110.04,409136.93,120324.07,41840.29,109640.9,20201.51,868664.97,118224.35000000003,22.94128866501613,188124.68,1.0302860386002832,0.23348736729951208,0.10536195458568613,0.03920077990525724,0.21275680825415125,1.241571435444655,-1.9916709094323637,15.074679566617988,1.3091184215711094,0
MSME073,2024-03-01,74,525022.73,401066.72,465190.3,121897.36,42257.17,111702.16,20201.51,848463.45,123956.01000000001,23.60964638616694,191342.35000000003,1.1598825751485937,0.2321753955300183,0.10536194576303913,0.038477400778438677,0.2127568076909737,1.8800103753991548,0.9963686639602454,13.700393655493293,1.30754386882026,0
MSME073,2024-04-01,74,513226.19,403439.29,506000.83,123489.32,42507.15,109192.36,20201.51,828261.94,109786.90000000002,21.39152329696971,190174.53,1.254218026211577,0.24061383149601154,0.1053619492538766,0.03936180653602264,0.21275679637471345,-2.2468627215434966,0.5915649146855273,8.772867791955253,1.305983985215109,0
MSME073,2024-05-01,74,498849.79,391889.05,544174.53,125100.16,41290.19,106133.69,20201.51,808060.43,106960.73999999999,21.44147239191982,189943.66,1.3885933531442127,0.2507772129161366,0.10536193853847155,0.04049617821829693,0.21275681002090832,-2.8011820675012733,-2.862943765343229,7.544197111297235,1.3044366913673056,0
MSME073,2024-06-01,74,480626.09,370914.93,581023.49,126730.1,39080.32,102256.47,20201.51,787858.92,109711.16000000003,22.82671754252875,189906.25,1.5664602392791254,0.26367711332524624,0.10536194916715809,0.042031655002332476,0.21275680227846142,-3.653143764979827,-5.352055639217268,6.7715333902158115,1.3029080058730491,2
MSME073,2024-07-01,74,454367.36,347616.88,625534.68,128379.35,36625.59,96669.75,20201.51,767657.41,106750.47999999998,23.49431085894902,188423.51,1.7994945469851753,0.28254527349851893,0.10536194329803546,0.044460742074430695,0.21275680982014203,-5.463442486029013,-6.281238126488997,7.660824521913923,1.3013877523966322,1
MSME073,2024-08-01,74,425621.25,330914.84,655198.02,130048.12,34865.83,90553.82,20201.51,747455.9,94706.40999999997,22.251334960366755,185736.11,1.9799596174048888,0.3055489358202862,0.10536194145901706,0.0474635841138101,0.21275681136691368,-6.326623021512812,-4.804726398787073,4.742077609509998,1.2998741620050103,1
MSME073,2024-09-01,74,411065.22,320217.88,694964.51,131736.63,33738.78,87456.92,20201.51,727254.39,90847.33999999997,22.100468631230825,185454.77,2.170286399997402,0.3204762251595988,0.10536194918285012,0.04914429393953592,0.21275679805749562,-3.4199490744411865,-3.2325416412270935,6.069384947164513,1.2983732483022425,1
MSME073,2024-10-01,74,404103.32,311881.53,728030.62,133445.11,32860.45,85975.73,20201.51,707052.88,92221.78999999998,22.82133935449973,186560.38999999996,2.334317841777934,0.3302252255685501,0.10536196228099816,0.04999095280880147,0.21275680189907867,-1.6936241893682924,-2.603336828037206,4.757956632922156,1.2968906218414622,1
MSME073,2024-11-01,74,399795.62,309966.55,766306.13,135173.77,32658.68,85059.24,20201.51,686851.37,89829.07,22.46874790674295,187574.33000000002,2.472222018795254,0.3381071808640625,0.10536194953939386,0.05052959309559219,0.21275680809109415,-1.065989757272967,-0.6140087872468891,5.257403871282218,1.2954090262280893,1
MSME073,2024-12-01,74,406778.7,319582.05,793667.07,136922.85,33671.79,86544.94,20201.51,666649.86,87196.65000000002,21.43589376729903,189796.0,2.4834532164744547,0.3366028014741185,0.10536195634266694,0.049662162743526146,0.21275681347130515,1.7466624571824907,3.1021089211077824,3.5704973415780827,1.2939492624937543,1
MSME073,2025-01-01,74,420088.15,321972.36,833818.66,138692.58,33923.64,89376.61,20201.51,646448.35,98115.79000000004,23.356000401344346,194145.55,2.589721241910331,0.3301511361365465,0.10536196336853262,0.04808874042269461,0.2127567987813986,3.271914188230607,0.7479487662088724,5.058996589086173,1.2925015802694562,1
MSME073,2025-02-01,74,436817.63,340428.12,869963.07,140483.17,35868.17,92935.92,20201.51,626246.84,96389.51000000001,22.066304878766,197550.92000000004,2.5554970899583735,0.32160599836595427,0.10536194836078758,0.04624701159612078,0.21275679738475756,3.982373699424757,5.732094518920827,4.334804644453505,1.2910496004905347,1
MSME073,2025-03-01,74,449343.33,342617.92,909772.43,142294.87,36098.89,95600.85,20201.51,606045.32,106725.41000000003,23.751417429518767,201796.83000000002,2.6553556509828793,0.3166729324768212,0.10536194370685574,0.04495784993626143,0.21275680224295307,2.8674895745393725,0.6432488597005515,4.57598274832518,1.2896206712875058,1
MSME073,2025-04-01,74,447045.26,349388.03,954137.58,144127.91,36812.2,95111.92,20201.51,585843.81,97657.22999999998,21.845043161848977,202427.63,2.7308822800826915,0.3224011591130616,0.10536193812936291,0.0451889591671322,0.2127568022978255,-0.5114285328325696,1.975994133640202,4.876510711585302,1.288198232304505,1
MSME073,2025-05-01,74,430446.33,337814.34,979727.02,145982.54,35592.78,91580.39,20201.51,565642.3,92631.98999999999,21.51998601079953,201970.15,2.900193698112401,0.3391422572937258,0.10536195710341957,0.046931541964825206,0.21275681453713405,-3.7130312040440816,-3.3125605362038346,2.6819444633970013,1.286794486924836,2
MSME073,2025-06-01,74,407141.57,318191.01,1010233.97,147858.98,33525.23,86622.14,20201.51,545440.79,88950.56,21.84757503391265,200955.88999999998,3.1749293293987155,0.3631635551240813,0.10536196481478217,0.049617900721854555,0.21275680594344615,-5.414091926396491,-5.808909710582455,3.1138214397720576,1.2853865948626364,1
MSME073,2025-07-01,74,386082.92,300017.42,1042293.92,149757.49,31610.42,82141.77,20201.51,525239.28,86065.5,22.29197292643767,200288.84000000003,3.4741113366017218,0.3878894461324526,0.10536194864951509,0.052324277903824386,0.21275680882231207,-5.172316351779072,-5.711534716207112,3.173517318963248,1.2840004712598274,1
MSME073,2025-08-01,74,367703.07,285922.06,1070738.86,151678.32,30125.31,78231.33,20201.51,505037.77,81781.01000000001,22.241046287701653,199784.34000000003,3.744862708389832,0.4125021855270341,0.10536196472563188,0.05493973710907553,0.21275680401580546,-4.760596506056258,-4.698180525650808,2.7290708939374797,1.2826269991571104,1
MSME073,2025-09-01,74,354068.35,273203.39,1078892.42,153621.7,28785.24,75330.45,20201.51,484836.26,80864.95999999996,22.838799344815758,200166.91000000003,3.9490447757621157,0.43387583216630354,0.10536194298321115,0.057055396225050896,0.21275680246483483,-3.7080789126944236,-4.448299652010057,0.7614891272368585,1.28125100541725,1
MSME073,2025-10-01,74,347684.99,266696.01,1103941.56,155587.89,28099.61,73972.35,20201.51,464634.75,80988.97999999998,23.293780959597935,201460.63,4.139325368984711,0.447496712469526,0.10536194373511625,0.058102910913698055,0.21275681184856443,-1.8028609447864996,-2.3818811325877043,2.321745851175794,1.2798907966778073,1
MSME073,2025-11-01,74,348473.59,271912.01,1124532.51,157577.16,28649.18,74140.13,20201.51,444433.24,76561.58000000002,21.970554497401082,203068.11000000002,4.135648550426294,0.4521925463562389,0.10536195146363708,0.057971423315035145,0.21275681178593764,0.22681450815580373,1.9557847903311387,1.8652210176777873,1.2785506635510036,1
MSME074,2023-11-01,49,1076907.19,825150.07,729528.53,197233.65,122697.23,162124.72,91900.42,4227419.15,251757.12,23.37779172966614,236661.14,0.8841161826478425,0.18314823397176874,0.14869686674085844,0.08533736319468718,0.15054660374214793,2.9614228525410846,3.7222175573171423,11.662896424706148,1.9042668386412442,0
MSME074,2023-12-01,49,1112076.94,821234.34,835553.17,200986.32,122114.97,167419.4,91900.42,4135518.73,290842.6,26.153100521983667,246290.74999999997,1.0174357419101594,0.18073058865873076,0.14869686282237055,0.08263854477550807,0.15054659797189932,3.2658106777056606,-0.4745476177442476,14.533309615732225,1.9026520068963881,0
MSME074,2024-01-01,49,1168699.62,880928.27,934455.25,204807.16,130991.27,175943.75,91900.42,4043618.32,287771.3500000001,24.623208998733144,249759.64,1.0607620186828606,0.17524362675843086,0.14869686268553967,0.0786347650219994,0.15054659639574453,5.091615333737631,7.268805880669826,11.836718900845057,1.9010448074276987,0
MSME074,2024-02-01,49,1220679.62,925565.35,1034391.58,208697.38,137628.66,183769.17,91900.42,3951717.9,295114.27000000014,24.17622651879779,254837.89000000004,1.117578115905052,0.17096818573902298,0.14869685862808066,0.07528627372348527,0.1505466028834003,4.447678352115836,5.06705046484659,10.694608436305542,1.8994550776447516,0
MSME074,2024-03-01,49,1205164.37,882713.63,1145455.51,212658.2,131256.75,181433.4,91900.42,3859817.48,322450.7400000001,26.75574784873536,262834.85,1.2976524560972282,0.17645576428715695,0.14869686559615036,0.07625550695628347,0.1505466013735537,-1.2710337541311567,-4.629788701575743,10.737126263150753,1.8978772038249936,0
MSME074,2024-04-01,49,1207871.56,930791.37,1226604.85,216690.86,138405.76,181840.96,91900.42,3767917.07,277080.19000000006,22.93954085647981,260126.05999999994,1.3178085761581568,0.17939892549502529,0.14869686640949412,0.0760845962794256,0.15054660281926,0.22463242918473458,5.446584075064065,7.084460224910871,1.8963106054692425,0
MSME074,2024-05-01,49,1172262.42,911043.73,1312356.66,220796.61,135469.34,176480.12,91900.42,3676016.65,261218.68999999994,22.28329472508382,261807.38999999998,1.4404979879505893,0.18835083871408245,0.14869685783359707,0.07839577421581083,0.1505465986020434,-2.9480899442652753,-2.12159680853079,6.99098898883368,1.8947499677651303,0
MSME074,2024-06-01,49,1128379.76,875472.9,1382630.33,224976.76,130180.07,169873.74,91900.42,3584116.23,252906.86,22.413275119362293,264670.43,1.5792954070879863,0.19938035754912867,0.14869685857780407,0.08144458386952988,0.15054660321096153,-3.743416085964768,-3.9044042375441124,5.35476918294453,1.8932129438038237,0
MSME074,2024-07-01,49,1072635.27,802436.39,1447980.48,229232.6,119319.77,161481.59,91900.42,3492215.82,270198.88,25.19019162963008,271394.42,1.8044800784769992,0.213709735649472,0.1486968580774359,0.08567723118036198,0.15054659726040892,-4.9402242025326615,-8.34252093925466,4.726509218121944,1.8916798339526197,0
MSME074,2024-08-01,49,1043261.21,799520.86,1506189.15,233565.47,118886.24,157059.43,91900.42,3400315.4,243740.34999999998,23.36330994229144,271738.66000000003,1.8838647311841243,0.22388014407245144,0.14869685826583687,0.08808955908559085,0.15054660184288843,-2.7384946982024982,-0.3633347186560165,4.019989965610571,1.8901630919860413,0
MSME074,2024-09-01,49,1043525.62,773224.26,1574553.52,237976.71,114976.02,157099.23,91900.42,3308414.99,270301.36,25.90270471749414,280099.92,2.0363477990201706,0.22805066348059572,0.14869686059772622,0.08806723882830975,0.150546596067282,0.025344563515394825,-3.289044891211468,4.538896724890096,1.8886524621982925,0
MSME074,2024-10-01,49,1055794.49,805095.6,1649026.07,242467.71,119715.19,158946.27,91900.42,3216514.57,250698.89,23.745046254219417,281698.79,2.048236346093557,0.22965426728074703,0.14869686283219036,0.08704385263461642,0.15054659927236408,1.175713347603291,4.121875327605462,4.729756661431228,1.8871594619490395,0
MSME074,2024-11-01,49,1046220.91,809183.02,1723811.27,247039.86,120322.98,157505.0,91900.42,3124614.15,237037.89,22.656581199471535,284221.88,2.130310729950809,0.2361259057611456,0.14869686711913455,0.08784035868677104,0.15054659918811983,-0.9067654823620042,0.5076937446931717,4.535113262339152,1.8856737666223644,0
MSME074,2024-12-01,49,1080399.46,786679.28,1828645.66,251694.58,116976.74,162650.46,91900.42,3032713.74,293720.17999999993,27.18625757180589,297368.3,2.324512296802834,0.23296437041906704,0.14869686157235512,0.08506151974566889,0.15054659505290754,3.2668578570084206,-2.781044515738851,6.081546850543562,1.8841979589852453,0
MSME074,2025-01-01,49,1108554.01,834892.55,1930958.3,256433.34,124145.9,166889.04,91900.42,2940813.32,273661.45999999996,24.68634433066549,299176.48,2.3128225302765006,0.2313223692186184,0.14869685925452322,0.08290116599731573,0.1505466025962957,2.605938918184947,6.1287072414059285,5.594995369414546,1.882742171086882,0
MSME074,2025-02-01,49,1145790.39,877511.54,2018988.65,261257.59,130483.21,172494.85,91900.42,2848912.9,268278.84999999986,23.414304426135036,303269.23,2.300811508416174,0.22801516951106565,0.14869685930284177,0.0802070088927871,0.1505466021581836,3.3590045829160697,5.104727548473154,4.558894410096781,1.8812881351543354,0
MSME074,2025-03-01,49,1136069.91,861464.46,2082405.02,266168.83,128097.06,171031.46,91900.42,2757012.49,274605.44999999995,24.17152743707471,309103.23000000004,2.4172848871792114,0.2342891292667016,0.14869685976366337,0.08089327882999736,0.15054659796420453,-0.8483645948540341,-1.8287030162589146,3.140996855034328,1.8798458639995852,0
MSME074,2025-04-01,49,1121649.38,884245.64,2143770.42,271168.6,131484.55,168860.5,91900.42,2665112.07,237403.73999999987,21.165592763043286,308544.55,2.424405982934787,0.2417587927521522,0.14869685984541578,0.08193328649635594,0.15054659950866286,-1.269334736627259,2.6444712530566905,2.9468522890902404,1.8784205498442397,0
MSME074,2025-05-01,49,1094152.24,854615.77,2201083.8,276258.44,127078.68,164720.9,91900.42,2573211.66,239536.46999999997,21.892426048499427,313900.66,2.575524437139745,0.25248629020765884,0.14869685823841045,0.08399235192353123,0.15054660035243358,-2.4514915703871654,-3.3508641331836286,2.6734849713991204,1.8770019832679896,0
MSME074,2025-06-01,49,1042600.07,785823.52,2265438.48,281439.92,116849.49,156959.89,91900.42,2481311.24,256776.54999999993,24.628480026862068,321550.32,2.8828845438477075,0.2699404384271718,0.1486968600787108,0.08814541898122068,0.1505465945345659,-4.7116085052295915,-8.049494569939897,2.9237723706839303,1.8755915656368582,1
MSME074,2025-07-01,49,1003904.13,743458.66,2330734.85,286714.66,110549.97,151134.35,91900.42,2389410.82,260445.46999999997,25.94326113590149,327299.04000000004,3.1349891734397177,0.28559964187018533,0.14869686231107995,0.09154302413319089,0.15054659651614344,-3.7114845004758146,-5.391141766792629,2.882283962970389,1.8741975196695515,1
MSME074,2025-08-01,49,958390.43,709330.48,2413305.71,292084.27,105475.22,144282.42,91900.42,2297510.41,249059.95000000007,25.987316046133728,330891.4700000001,3.4022303820921387,0.30476542842774423,0.1486968669385249,0.09589037736948186,0.15054659926017835,-4.533669963087005,-4.5904610217332165,3.5426964161109797,1.8728062248369426,1
MSME074,2025-09-01,49,928902.76,708923.21,2471325.66,297550.43,105414.66,139843.15,91900.42,2205609.99,219979.55000000005,23.681655332792857,331978.9199999999,3.4860272948321165,0.32032462687483026,0.14869686661831824,0.09893438146313614,0.1505465975792773,-3.0767909483403355,-0.057416114418207265,2.4041690930238557,1.871432515006699,1
MSME074,2025-10-01,49,902483.88,686827.46,2524263.81,303114.81,102129.09,135865.88,91900.42,2113709.57,215656.42000000004,23.895875015518286,336851.6,3.6752517291606255,0.3358672844106645,0.1486968648574418,0.10183053906735708,0.15054660034481723,-2.8440953281267056,-3.116804427943609,2.142095267201638,1.8700628327104063,1
MSME074,2025-11-01,49,900822.69,680785.98,2574795.86,308779.14,101230.74,135615.79,91900.42,2021809.16,220036.70999999996,24.42619534816557,343164.19000000006,3.7820929567321584,0.3427746030686683,0.1486968635869969,0.1020183228288799,0.15054659646728039,-0.18406866170286307,-0.8796212079231647,2.0018529679748376,1.8687077678586572,1
MSME075,2023-11-01,18,1529698.46,1204382.93,996116.09,291581.09,156732.6,318437.79,79772.39,3669529.96,325315.53,21.26664427706883,453286.28,0.8270758952055224,0.1906134428611506,0.13013518881407596,0.05214909479610773,0.20817030174692075,1.3311234642716885,-0.9979407625063663,14.612481393319165,1.8279867786851867,0
MSME075,2023-12-01,18,1576114.47,1240483.04,1111155.93,296906.45,161430.49,328100.23,79772.39,3589757.57,335631.42999999993,21.294863817854544,463576.18999999994,0.8957445560884089,0.1883787349531789,0.1301351850808053,0.050613322520920705,0.20817030504135908,3.0343241634694484,2.997394690740096,11.5488386499208,1.8263735827313,0
MSME075,2024-01-01,18,1608786.01,1276558.35,1194011.0,302324.31,166125.16,334901.48,79772.39,3509985.18,332227.6599999999,20.650829752056328,471100.63,0.9353360149968859,0.18792077263277543,0.13013518731830784,0.04958545729770487,0.20817030849242651,2.0729166962092593,2.9081663220482223,7.456655520886257,1.8247700580435344,0
MSME075,2024-02-01,18,1634596.11,1321851.61,1302594.41,307836.22,172019.4,340274.37,79772.39,3430212.79,312744.5,19.1328303112137,476091.18999999994,0.9854316476567289,0.1883255552345588,0.13013518211775676,0.04880250816209271,0.20817030452862142,1.6043215094840413,3.5480759653485405,9.094004159090652,1.8231778979335145,0
MSME075,2024-03-01,18,1637105.92,1351565.87,1400755.3,313443.76,175886.27,340796.84,79772.39,3350440.4,285540.0499999998,17.44175783079447,478354.3300000001,1.0363944008145158,0.19146211382584213,0.1301351816467517,0.048727690142370265,0.20817030580403742,0.15354312815536453,2.247927057410015,7.535798499242774,1.8215985110524135,0
MSME075,2024-04-01,18,1640224.0,1306695.58,1498197.6,319148.54,170047.07,341445.93,79772.39,3270668.01,333528.4199999999,20.33432140975866,490547.39999999997,1.1465544254768198,0.19457619203230778,0.13013518420258222,0.04863505838226974,0.20817030478763876,0.19046293595958996,-3.319874450514204,6.956411301816967,1.82003304197218,0
MSME075,2024-05-01,18,1615480.71,1268402.81,1616253.48,324952.2,165063.83,336295.11,79772.39,3190895.62,347077.8999999999,21.48449671057972,496183.4800000001,1.2742430616343399,0.2011489199397497,0.13013518158320697,0.04937997062187143,0.20817030368626313,-1.5085311518426736,-2.9305042877699194,7.879860440305064,1.818482390676146,0
MSME075,2024-06-01,18,1577973.24,1272954.82,1729950.88,330856.38,165656.21,328487.17,79772.39,3111123.23,305018.4199999999,19.329758722651082,493687.3400000001,1.3590041475313317,0.20967173055482233,0.13013518421651443,0.05055370267242301,0.2081703045864073,-2.321752885554418,0.358877319106532,7.0346267715383215,1.816937998881074,0
MSME075,2024-07-01,18,1503758.35,1228092.69,1809923.24,336862.78,159818.07,313037.84,79772.39,3031350.84,275665.66000000015,18.331779171833038,490082.5500000001,1.4737676192828735,0.2240139048936952,0.1301351854801774,0.053048676338189577,0.20817030874674777,-4.703177982916862,-3.524251551991464,4.622811024553486,1.8154100579834687,0
MSME075,2024-08-01,18,1393895.14,1108759.19,1880013.05,342973.1,144288.58,290167.58,79772.39,2951578.45,285135.94999999995,20.456054535063515,488852.1,1.6956008725393295,0.24605373112930146,0.13013518291559775,0.05722983581103526,0.20817030755986424,-7.30590855904476,-9.716978284432265,3.872529422850013,1.8138899168379297,0
MSME075,2024-09-01,18,1376706.01,1122989.57,1925799.41,349189.09,146140.46,286589.31,79772.39,2871806.06,253716.43999999994,18.42923893388102,489637.94000000006,1.7148862834051075,0.25364100066651124,0.13013518905611918,0.057944390029938196,0.2081703050021551,-1.2331723891368052,1.2834509177777509,2.435427775355059,1.8123841199207957,0
MSME075,2024-10-01,18,1357506.7,1129671.4,1975061.16,355512.53,147010.0,282592.58,79772.39,2792033.67,227835.30000000005,16.783364678789432,491095.1100000001,1.748350148547622,0.26188639068963715,0.13013518798475382,0.058763901496766094,0.2081703022165563,-1.3945831470583925,0.5950037452262302,2.5579896714165162,1.8108927744563852,0
MSME075,2024-11-01,18,1356443.23,1114735.34,2034780.81,361945.2,145066.29,282371.2,79772.39,2712261.28,241707.8899999999,17.81924113403551,499250.11,1.8253487953472436,0.2668340200275098,0.1301351852718691,0.058809973197330195,0.20817030433334097,-0.07833994484152118,-1.3221597005996455,3.0236861120797043,1.8094073927577226,0
MSME075,2024-12-01,18,1425591.94,1160694.3,2087728.29,368488.93,151047.17,296765.91,79772.39,2632488.89,264897.6399999999,18.581589343160843,514207.6699999999,1.798689189737556,0.2584813505609466,0.13013518718925388,0.055957380062067415,0.20817030573278913,5.097796094275164,4.122858435617549,2.6021220437989045,1.8079339082269774,0
MSME075,2025-01-01,18,1500348.3,1211428.68,2141829.21,375145.59,157649.5,312327.96,79772.39,2552716.5,288919.6200000001,19.256836562550184,529824.05,1.7680192365926157,0.2500390009439808,0.13013518880863875,0.05316924743407914,0.20817030285567692,5.243882060668792,4.371037231767216,2.5913774440446957,1.8064748919323081,0
MSME075,2025-02-01,18,1517933.73,1202744.44,2233925.24,381917.06,156519.37,315988.73,79772.39,2472944.11,315189.29000000004,20.76436433097775,541386.42,1.8573565303698267,0.2516032501629699,0.13013518482779268,0.05255327582713377,0.20817030661806296,1.1720898407389768,-0.716859369715428,4.29987739311859,1.805024550601808,0
MSME075,2025-03-01,18,1518567.74,1217402.35,2309977.95,388805.27,158426.88,316120.71,79772.39,2393171.72,301165.3899999999,19.832199912267328,546499.1,1.897464671396437,0.2560341957481594,0.13013518496986637,0.052531334558707274,0.2081703052640905,0.041767963084926585,1.218705280400223,3.404442934715224,1.8035879308455183,0
MSME075,2025-04-01,18,1506531.92,1225324.54,2401595.58,395812.15,159457.84,313615.21,79772.39,2313399.33,281207.3799999999,18.665875994184038,549969.5200000001,1.959966932515691,0.26273067616117957,0.13013518851095562,0.052951012149812265,0.20817030547882454,-0.7925770897780349,0.6507454170759486,3.9661690277173367,1.802156642578434,0
MSME075,2025-05-01,18,1474625.29,1192531.3,2479360.4,402939.71,155190.28,306973.2,79772.39,2233626.93,282093.99,19.129876037864506,554722.63,2.0790736477944014,0.27324888073769577,0.13013518387316123,0.054096719038366686,0.2081703074548518,-2.1178860916534648,-2.676290152484828,3.238048098006563,1.8007431050309997,2
MSME075,2025-06-01,18,1392740.19,1130449.39,2542055.95,410189.94,147111.24,289927.15,79772.39,2153854.54,262290.80000000005,18.832715669675622,553005.8500000001,2.2487127442299744,0.29452007125607543,0.1301351845570017,0.057277294482325526,0.20817030490087318,-5.552942876762956,-5.205893547615914,2.528698530475859,1.7993337018086253,1
MSME075,2025-07-01,18,1302214.36,1033875.93,2623282.91,417564.9,134543.64,271082.36,79772.39,2074082.15,268338.43000000005,20.60631784155721,554103.62,2.5373285457956256,0.3206575759155351,0.13013518943225616,0.06125903111681244,0.20817030461866506,-6.499836125214409,-8.54292645511533,3.1953254215352667,1.797937804130445,1
MSME075,2025-08-01,18,1259778.85,1029843.49,2684550.32,425066.66,134018.87,262248.55,79772.39,1994309.76,229935.3600000001,18.252041618257053,553296.34,2.60675563429546,0.33741371352598903,0.13013518199741206,0.06332253474488796,0.20817030703444495,-3.2587192480353244,-0.3900313260992605,2.335524306831238,1.7965494705134422,1
MSME075,2025-09-01,18,1218573.75,995557.94,2720399.44,432697.36,129557.12,253670.87,79772.39,1914537.37,223015.81000000006,18.30137978928235,556811.11,2.7325375356857684,0.3550850820477628,0.13013518831460477,0.0654637357812771,0.20817030565445874,-3.2708201125935754,-3.3292000515534714,1.3353864046772745,1.7951772552568634,1
MSME075,2025-10-01,18,1209841.41,999724.68,2759124.76,440459.12,130099.36,251853.06,79772.39,1834764.98,210116.72999999986,17.36729527219604,562212.82,2.759884611431219,0.3640635180440716,0.13013518882018596,0.0659362370477962,0.20817030886717625,-0.7166033241730374,0.41853314936146635,1.4235159524955687,1.7938080324779504,1
MSME075,2025-11-01,18,1236322.74,996545.99,2824283.84,448354.15,129685.7,257365.68,79772.39,1754992.59,239776.75,19.394349245731743,576034.1300000001,2.8340727556387035,0.3626513817904862,0.13013518824153816,0.06452392034785351,0.2081703034921124,2.1888265504154125,-0.3179565397945394,2.3615851281766576,1.7924546550426745,1
MSME076,2023-11-01,66,691535.92,564810.35,211693.92,130927.89,100943.19,137456.73,85305.05,3924032.52,126725.57000000007,18.325233199744716,167441.43,0.3748053129692117,0.18932912407500105,0.17872050326273237,0.12335592054278251,0.198770195480229,3.4009628723848717,5.420911594202615,2.848279564130385,1.40401869370963,0
MSME076,2023-12-01,66,707892.67,575765.48,220889.18,132764.03,102901.09,140707.97,85305.05,3838727.46,132127.19000000006,18.664862005139852,170570.91,0.38364436158972226,0.1875482479568548,0.1787204922393055,0.12050562693352934,0.19877020339820722,2.3652784370188584,1.939612119360068,4.343658051209021,1.4024055531636437,0
MSME076,2024-01-01,66,734558.6,599117.09,235429.18,134623.81,107074.51,146008.36,85305.05,3753422.41,135441.51,18.43848945475555,173557.65999999997,0.39296021417115645,0.18327170902362316,0.17872050687120275,0.11613103433817262,0.1987702002263672,3.7669453478025083,4.055750268321057,6.582486294711232,1.400816169861674,0
MSME076,2024-02-01,66,744637.03,623377.18,237851.37,136507.5,111410.28,148011.65,85305.05,3668117.36,121259.84999999998,16.284423835328194,173108.87000000002,0.38155289868005754,0.18332085902308673,0.17872049791748873,0.1145592370016839,0.19877019814606856,1.3720389360358798,4.049306956007559,1.0288401803039138,1.3992249959349667,0
MSME076,2024-03-01,66,761869.58,610699.46,262670.35,138415.41,109144.51,151436.97,85305.05,3582812.3,151170.12,19.841994478897558,180707.87,0.4301139385320563,0.18167861486213954,0.17872049534807186,0.11196804838959445,0.19877020158752107,2.3142214670683225,-2.0337157673946393,10.434659258006374,1.3976594692599376,0
MSME076,2024-04-01,66,747297.33,606635.51,289496.07,140347.82,108418.2,148540.44,85305.05,3497507.25,140661.81999999995,18.8227381998006,180470.06,0.4772158326175136,0.18780720118456734,0.1787204972554277,0.11415141815105911,0.19877020034314857,-1.9126961336348391,-0.66545825994343,10.212694352445961,1.3960945533448843,0
MSME076,2024-05-01,66,737095.68,600127.84,295189.47,142305.04,107255.15,146512.66,85305.05,3412202.19,136967.84000000008,18.582097781389802,181562.55000000002,0.49187764726928845,0.19306182882526188,0.17872050395129144,0.11573131184271762,0.19877020578929452,-1.3651393615978669,-1.0727479504126003,1.9666588220005776,1.3945496267772528,1
MSME076,2024-06-01,66,722536.92,618726.03,295395.68,144287.37,110579.02,143618.81,85305.05,3326897.14,103810.89000000001,14.367555086320019,177327.15999999997,0.47742565477647675,0.19969549791310318,0.17872049120028133,0.11806324028397054,0.1987702026354584,-1.975151991122781,3.0990380316300747,0.06985682788753778,1.3930146114290665,1
MSME076,2024-07-01,66,695340.55,553727.21,301570.02,146295.12,98962.4,138212.98,85305.05,3241592.08,141613.34000000008,20.36604078390079,185545.69999999998,0.5446183870935294,0.21039348273302913,0.17872049307455923,0.12268096546361347,0.19877019972443719,-3.7640111179370606,-10.50526676564748,2.0901930590183415,1.3914939332527965,1
MSME076,2024-08-01,66,655428.34,518592.73,306776.93,148328.59,92683.15,130279.62,85305.05,3156287.03,136835.61,20.877280039492952,185925.05999999997,0.5915565573007551,0.22630786761524532,0.17872049613962,0.1301516043691367,0.19877019660150796,-5.739951452565228,-6.345088224940221,1.7266006746956997,1.3899780115700366,1
MSME076,2024-09-01,66,639812.47,515896.6,302764.26,150388.1,92201.3,127175.65,85305.05,3070981.97,123915.87,19.367529676312813,185362.45,0.5868700433381419,0.23505027965459943,0.17872050329465247,0.1333282078731601,0.19877019589818248,-2.3825442152836995,-0.5198935202967436,-1.3080090474860584,1.388478107962876,1
MSME076,2024-10-01,66,630392.65,497787.22,303039.42,152473.97,88964.78,125303.27,85305.05,2985676.92,132605.43000000005,21.0353705741969,188812.46,0.6087730014442717,0.24187142727631739,0.17872049828840525,0.1353205022298404,0.19877019505224244,-1.472278275539074,-3.5102731826493927,0.09088258964251583,1.3869913909411613,1
MSME076,2024-11-01,66,645089.45,525387.43,308063.1,154586.52,93897.5,128224.56,85305.05,2900371.86,119702.0199999999,18.55587934355459,188913.57999999996,0.5863541501173714,0.2396357900443109,0.17872049203765683,0.1322375524820628,0.1987702015588691,2.331372359750694,5.544579870893451,1.6577645244965078,1.3855151800664656,1
MSME076,2024-12-01,66,682402.93,542333.17,320721.06,156726.08,96926.06,135641.37,85305.05,2815066.81,140069.76,20.52596110629244,195441.38999999996,0.5913727533943756,0.2296679470587853,0.1787205086496922,0.12500686361355454,0.1987702045769352,5.784233488859591,3.2253797925846817,4.108885484824376,1.3840534090553192,0
MSME076,2025-01-01,66,717489.36,581205.95,337650.15,158892.96,103873.42,142615.5,85305.05,2729761.75,136283.41000000003,18.99448515863706,197635.03999999998,0.5809475109468512,0.22145688683104653,0.1787205034635313,0.11889381885746711,0.1987701950033099,5.141600139378055,7.16769361534717,5.278446635216283,1.382590568206643,0
MSME076,2025-02-01,66,733520.55,592179.01,356501.52,161087.51,105834.53,145802.03,85305.05,2644456.7,141341.54000000004,19.268927094135265,201055.01000000004,0.6020164747142929,0.21960872125532133,0.1787205020995256,0.1162953785003024,0.19877020487019756,2.234345328828291,1.887981360135771,5.583107248730679,1.3811499263403526,0
MSME076,2025-03-01,66,729334.26,599094.57,360467.33,163310.07,107070.48,144969.92,85305.05,2559151.64,130239.69000000006,17.857338828426908,201209.51,0.601686858887738,0.22391663048983879,0.17872049816776006,0.11696289983690057,0.19877020448758298,-0.5707120270863619,1.1678157927279331,1.1124244294947072,1.3797221150168681,1
MSME076,2025-04-01,66,722093.96,580425.28,360627.44,165560.96,103733.9,143530.76,85305.05,2473846.59,141668.67999999993,19.619147624500272,205357.81999999998,0.6213158737675932,0.22927897084196633,0.17872050645347493,0.11813566478246128,0.1987701988256487,-0.9927272578693969,-3.116250911771734,0.04441734012343712,1.378292226560185,1
MSME076,2025-05-01,66,696700.97,558916.32,370176.5,167840.55,99889.8,138483.39,85305.05,2388541.53,137784.65000000002,19.776727166032227,206434.14,0.662311130939959,0.24090758765557624,0.17872049254171002,0.12244141127003168,0.19877019835353468,-3.516576983970343,-3.7057241889946746,2.6479016682701584,1.3768886094886135,1
MSME076,2025-06-01,66,680655.13,555833.15,367276.54,170149.16,99338.78,135293.96,85305.05,2303236.48,124821.97999999998,18.338505727562794,206104.34,0.6607676062501849,0.24997851702080023,0.1787205027264027,0.12532785876454058,0.1987702054049016,-2.3031172182808923,-0.5516335611742251,-0.783399270348073,1.3754780951325651,1
MSME076,2025-07-01,66,656904.61,530953.83,377276.4,172487.17,94892.33,130573.06,85305.05,2217931.42,125950.78000000003,19.173374350348986,208167.89999999997,0.7105634778074773,0.26257567289716544,0.17872049251438682,0.12985911303012473,0.1987701989182265,-3.489361785901768,-4.476041056565283,2.722705893493771,1.3740943534484629,1
MSME076,2025-08-01,66,622868.17,480861.55,386614.57,174854.93,85939.82,123807.63,85305.05,2132626.37,142006.62000000005,22.79882434833683,212722.74,0.8040039175517361,0.2807254222029037,0.17872050697336897,0.13695522440968527,0.19877019883677793,-5.181336754509902,-9.434394700571225,2.475153494891269,1.3727165910368821,2
MSME076,2025-09-01,66,607351.13,480974.67,391824.34,177252.78,85960.03,120723.3,85305.05,2047321.31,126376.46000000002,20.807808491275882,212016.05000000002,0.8146465176638097,0.29184564125203816,0.17872049270286935,0.14045425419723842,0.19877019081202665,-2.491223784962404,0.023524442742406393,1.3475358675696159,1.3713367990253467,2
MSME076,2025-10-01,66,592709.22,481728.66,379329.59,179681.12,86094.79,117812.93,85305.05,1962016.26,110980.56,18.724284396993184,211399.26,0.787434133563903,0.30315222698914657,0.17872050627006497,0.1439239463830173,0.19877019966046758,-2.410781716994592,0.15676293306672306,-3.1888651940305657,1.3699869756626626,2
MSME076,2025-11-01,66,594412.46,481276.17,375064.86,182140.29,86013.92,118151.48,85305.05,1876711.2,113136.28999999998,19.03329718222932,214277.85000000003,0.7793131748035644,0.30642071332084797,0.1787205046948408,0.14351154415571976,0.19877019401645787,0.2873651940153765,-0.09393047114946151,-1.124280866145988,1.36863015991886,2
MSME077,2023-11-01,27,470097.79,352823.57,271081.91,85365.19,66544.15,106979.82,37086.41,1705974.67,117274.21999999997,24.94677118137483,125800.86000000002,0.7683214304531865,0.18159028146037445,0.18860460484541888,0.07889084098863772,0.22756928935998616,0.7406432910701977,1.9553987643299298,17.360763440500815,1.3288152798741626,0
MSME077,2023-12-01,27,483574.49,366330.59,308137.55,86498.16,69091.64,110046.7,37086.41,1668888.27,117243.89999999997,24.24526157283441,127453.21999999999,0.841146107945831,0.17887246285468864,0.18860461530116826,0.07669223825268369,0.22756928306950186,2.866786504144181,3.8282646479655513,13.669536266732084,1.3272037466325548,0
MSME077,2024-01-01,27,513905.79,374410.54,351571.51,87644.78,70615.55,116949.18,37086.41,1631801.86,139495.25,27.144128887903758,133978.40999999997,0.9390000345609929,0.17054639528385154,0.18860459964615314,0.07216577575434596,0.22756929825600913,6.272311841759892,2.2056443607398224,14.09564008021742,1.3256004520789677,0
MSME077,2024-02-01,27,524840.4,390429.95,400914.63,88805.22,73636.89,119437.56,37086.41,1594715.46,134410.45,25.609775848048283,134605.89,1.0268541898489087,0.16920423808837887,0.18860461396468176,0.07066226228011412,0.22756929535150114,2.1277460213086963,4.27856811936973,14.035016659910804,1.32402637099438,0
MSME077,2024-03-01,27,511053.49,382152.26,433052.0,89979.63,72075.68,116300.08,37086.41,1557629.05,128901.22999999998,25.222649394293338,134204.03000000003,1.1331923040308594,0.1760669514261609,0.1886046153436329,0.07256854854860692,0.2275692902517895,-2.626876665744493,-2.1201472889054718,8.016013284424162,1.3224560448135803,0
MSME077,2024-04-01,27,519157.35,386474.16,470640.52,91168.16,72890.81,118144.27,37086.41,1520542.64,132683.19,25.557413373806614,136421.62,1.2177800451134948,0.17560795392764836,0.188604614600883,0.07143577953774516,0.22756929089032452,1.585716594949771,1.1309366585978031,8.67990911022234,1.3208878498389032,0
MSME077,2024-05-01,27,504671.14,387212.52,502656.95,92370.99,73030.06,114847.66,37086.41,1483456.24,117458.62,23.27428907466355,134188.59000000003,1.2981422966385487,0.1830320434015704,0.1886045936737789,0.07348629049800628,0.2275693038440835,-2.790331293585646,0.19105028910602062,6.80273555706592,1.319353160138359,0
MSME077,2024-06-01,27,491806.79,379751.81,540551.77,93588.27,71622.94,111920.12,37086.41,1446369.83,112054.97999999998,22.7843499273363,133885.45,1.423434347817855,0.19029479035862845,0.18860460467588028,0.07540849527514658,0.22756928589782177,-2.549056005065009,-1.9267739586519617,7.5389030232248855,1.3178163403899879,0
MSME077,2024-07-01,27,474516.39,357447.13,563075.54,94820.17,67416.18,107985.36,37086.41,1409283.43,117069.26000000001,24.671278477862483,135389.35,1.5752694391475461,0.19982485747225717,0.18860461965382122,0.07815622554154558,0.22756929428717942,-3.515689565815061,-5.8734887925879775,4.1668108865872355,1.316297437702385,0
MSME077,2024-08-01,27,456952.1,334961.61,599327.66,96066.85,63175.3,103988.27,37086.41,1372197.02,121990.48999999999,26.696559661286162,136879.82,1.789242832932407,0.2102339610650657,0.1886045985986275,0.08116038858339858,0.22756930102739437,-3.7015138718390794,-6.29058624697868,6.438233846918662,1.3147835529086382,0
MSME077,2024-09-01,27,437266.04,328594.06,625167.04,97328.48,61974.35,99508.32,37086.41,1335110.61,108671.97999999998,24.852600032694053,134862.44999999998,1.902551251230774,0.22258412750278983,0.18860459619994346,0.08481429291879151,0.22756928482257624,-4.308123324085833,-1.90097904055333,4.311394538339841,1.313283406294663,0
MSME077,2024-10-01,27,428344.53,326545.69,650840.56,98605.23,61588.02,97478.06,37086.41,1298024.21,101798.84000000003,23.76564491205246,134495.27,1.993107182030178,0.2302007451805209,0.18860460231461024,0.08658079513703607,0.22756928867516993,-2.0402933646527788,-0.6233740196033954,4.106665636115436,1.3117948620999798,0
MSME077,2024-11-01,27,426081.39,319313.68,685174.1,99897.27,60224.03,96963.04,37086.41,1260937.8,106767.71000000002,25.058055222735735,136636.28,2.1457712052925513,0.23445583952868723,0.18860460347329935,0.08704067079766145,0.22756929139758952,-0.5283457220756405,-2.2147007973065014,5.275261271362663,1.3103158929805403,0
MSME077,2024-12-01,27,432553.25,322257.65,716060.76,101204.78,60779.28,98435.84,37086.41,1223851.4,110295.59999999998,25.498733392940633,138861.34,2.222013224511505,0.2339706845342163,0.18860461497190212,0.08573836862860239,0.22756929927124578,1.518925762047485,0.9219680159021193,4.507855740606659,1.3088545863165102,0
MSME077,2025-01-01,27,437337.2,327959.71,742175.8,102527.94,61854.71,99524.52,37086.41,1186764.99,109377.48999999999,25.0098756748797,140197.75000000003,2.2630090751086467,0.23443681443060413,0.18860460024190165,0.08480049261759577,0.22756929892997899,1.1059794372137999,1.7694102839761916,3.6470424660611345,1.3074086026371612,0
MSME077,2025-02-01,27,448776.52,336094.74,775575.36,103866.91,63389.02,102127.75,37086.41,1149678.58,112681.78000000003,25.108662102019068,142605.64,2.307609336581703,0.23144461746795486,0.18860461785269236,0.08263892683155527,0.22756928103101293,2.6156750443365073,2.4804967658984545,4.5002221845551915,1.3059562105705025,0
MSME077,2025-03-01,27,450670.92,334130.63,811962.47,105221.89,63018.57,102558.86,37086.41,1112592.18,116540.28999999998,25.859287748142258,144762.18,2.430074938056412,0.23347832160992327,0.18860458857064377,0.08229155322468999,0.22756928714193497,0.42212547127018496,-0.584391770011039,4.6916279031866015,1.3045348128677414,0
MSME077,2025-04-01,27,446674.47,335996.17,850622.5,106593.04,63370.43,101649.39,37086.41,1075505.77,110678.29999999999,24.77829100015499,144872.0,2.5316434410547,0.23863696530495687,0.18860462010623516,0.08302782561089736,0.22756928552464617,-0.8867778733094189,0.5583265443218854,4.761307502303658,1.3031033751627064,0
MSME077,2025-05-01,27,423936.99,321909.51,873242.85,107980.56,60713.62,96475.04,37086.41,1038419.37,102027.47999999998,24.066661415886355,143741.97999999998,2.7126966519255675,0.25470898399311653,0.18860461749017604,0.08748094852492114,0.22756929042686272,-5.090391667112737,-4.192506122912043,2.6592701227630355,1.3016984973878154,0
MSME077,2025-06-01,27,408463.22,298522.39,905673.25,109384.63,56302.7,92953.69,37086.41,1001332.96,109940.82999999996,26.915723281033717,146035.62,3.033853675096196,0.26779554350083223,0.18860461354339284,0.09079498026774603,0.2275693023229852,-3.6500164800434165,-7.265122425243042,3.7137893542443567,1.3002988686111605,1
MSME077,2025-07-01,27,384353.15,286164.16,926312.36,110805.43,53971.88,87466.97,37086.41,964246.55,98188.99000000005,25.54655529686697,144300.52,3.236996414924916,0.2882906774668036,0.1886046107241382,0.09649045415654849,0.22756928101148644,-5.902629372602986,-4.139800033089658,2.278869338362366,1.2989027800340835,1
MSME077,2025-08-01,27,365813.76,269113.84,950996.65,112243.16,50756.11,83247.98,37086.41,927160.15,96699.91999999998,26.434194274157424,144735.03000000003,3.5338080345477585,0.3068314324753667,0.18860460688309452,0.1013805768268531,0.22756929646386181,-4.823530131078679,-5.958230408727616,2.664791172601877,1.2975266645326,1
MSME077,2025-09-01,27,355897.84,266173.01,963501.67,113698.01,50201.45,80991.42,37086.41,890073.74,89724.83000000002,25.210838593457048,144487.97999999998,3.6198323413782636,0.31946810916301144,0.18860458466468857,0.10420521237217961,0.22756929348039873,-2.7106470789945103,-1.0927828906904247,1.3149383859553998,1.2961591601661882,1
MSME077,2025-10-01,27,347685.92,258583.49,976264.9,115170.17,48770.04,79122.64,37086.41,852987.34,89102.43,25.627275904644055,145522.77,3.7754340000593234,0.33124772495820365,0.1886046166365842,0.10666641318118376,0.22756929587485167,-2.3073812417630957,-2.8513484518960075,1.324671289879542,1.2947983874124214,1
MSME077,2025-11-01,27,352263.18,265635.96,998626.02,116659.84,50100.16,80164.28,37086.41,815900.93,86627.21999999997,24.591619254672025,146723.96,3.7593781354000413,0.3311723921870006,0.1886045850117582,0.1052804042704662,0.22756928498743467,1.316492770256561,2.727347364675148,2.2904766933646847,1.2934512469678472,1
MSME078,2023-11-01,21,756065.04,613705.38,433596.15,182829.39,93265.63,167881.77,82355.96,3788374.02,142359.66000000003,18.829022963421245,257445.53000000003,0.7065216700560781,0.24181701352042412,0.15197134168841733,0.1089270838392422,0.22204673026542793,2.4967900319546876,1.6048727263191065,4.816863539270488,1.4733808675611693,0
MSME078,2023-12-01,21,781857.49,633616.8,448559.36,185520.21,96291.59,173608.89,82355.96,3706018.06,148240.68999999994,18.960065215976883,262837.51,0.7079347643559956,0.2372813618502267,0.15197133346211777,0.10533372264554249,0.22204671851388164,3.411406246213944,3.2444590920809757,3.4509554570537393,1.4717655624185921,0
MSME078,2024-01-01,21,829798.22,695654.29,469557.06,188247.66,105719.51,184253.98,82355.96,3623662.11,134143.92999999993,16.165849331419384,266782.13,0.6749862205262904,0.22685956111113376,0.15197133334720037,0.09924817626145306,0.22204672842031406,6.131645550904685,9.791010907539066,4.681141867154448,1.4701632776288998,0
MSME078,2024-02-01,21,835100.85,665639.36,508383.36,191012.24,101158.1,185431.41,82355.96,3541306.15,169461.49,20.292338344524495,275285.55000000005,0.7637519512067316,0.22872954805398654,0.15197133174336327,0.09861798128932572,0.22204672645226023,0.6390264370535803,-4.314633062925555,8.26870753471367,1.4685866480358856,0
MSME078,2024-03-01,21,845678.59,671830.35,566014.37,193814.4,102098.96,187780.16,82355.96,3458950.19,173848.24,20.557247405305603,279495.6,0.8424959813143303,0.2291821056980998,0.15197134216993918,0.09738446848938201,0.22204672344844395,1.266642226504744,0.9300817187252841,11.336132244768994,1.4670054651995112,0
MSME078,2024-04-01,21,858362.19,710002.38,588265.39,196654.65,107900.01,190596.51,82355.96,3376594.24,148359.80999999994,17.284056978325193,279351.15,0.8285400254573795,0.22910451123202433,0.1519713356453819,0.09594546563147197,0.22204672132634362,1.499813303775377,5.68179600698302,3.93117581096043,1.4654483877359015,0
MSME078,2024-05-01,21,838563.06,703890.0,598816.07,199533.48,106971.11,186200.18,82355.96,3294238.28,134673.06000000006,16.059980032986434,278762.55000000005,0.8507239341374362,0.23794689930653515,0.15197134495446732,0.09821081314981846,0.22204672359404906,-2.3066172101545934,-0.8608957057298916,1.79352383793987,1.4639013112580868,0
MSME078,2024-06-01,21,819546.6,678762.74,610409.05,202451.39,103152.48,181977.64,82355.96,3211882.32,140783.86,17.17826173642841,281276.55000000005,0.899296637879681,0.24702852772496406,0.151971335374125,0.1004896609906014,0.22204672681211785,-2.26774358507994,-3.56977084487633,1.935983448139611,1.4623661152003198,0
MSME078,2024-07-01,21,777523.98,633658.27,620763.75,205408.88,96297.9,172646.65,82355.96,3129526.37,143865.70999999996,18.50305761630657,281757.63,0.9796506719623497,0.26418333747082634,0.15197134569079324,0.10592079745244642,0.22204672066834516,-5.1275449132483715,-6.645101055488101,1.6963542725980219,1.4608395625241188,0
MSME078,2024-08-01,21,759693.14,619418.05,633808.19,208406.47,94133.79,168687.37,82355.96,3047170.41,140275.08999999997,18.46470405142792,282960.05,1.023231709182514,0.27432980374154753,0.15197133825854767,0.10840687596573532,0.22204672007437107,-2.2932848964992703,-2.247302793033845,2.101353373163284,1.4593283406248103,0
MSME078,2024-09-01,21,740277.63,607789.94,636194.71,211444.68,92366.65,164376.22,82355.96,2964814.45,132487.69000000006,17.897027362558564,283454.25,1.0467345181790932,0.28562889304111483,0.1519713373340796,0.11125009950658647,0.2220467204986324,-2.555704267646808,-1.877263667082374,0.3765366301120343,1.4578290203754118,0
MSME078,2024-10-01,21,734485.33,595709.93,654185.23,214524.02,90530.84,163090.06,82355.96,2882458.49,138775.3999999999,18.89423713881391,287083.24,1.0981606937456958,0.29207393427449396,0.151971346188572,0.11212744031252471,0.2220467221584943,-0.7824496871531861,-1.9875304286872342,2.827832378549644,1.4563336377155567,0
MSME078,2024-11-01,21,722786.6,585428.89,671485.51,217645.05,88968.41,160492.4,82355.96,2800102.54,137357.70999999996,19.003909314312132,289169.0399999999,1.1469975627612092,0.30111937603713185,0.15197133506684304,0.1139422894669049,0.22204672859181396,-1.5927792594577772,-1.7258466717182341,2.6445537451220025,1.454862723530903,0
MSME078,2024-12-01,21,740060.22,601747.98,680879.66,220808.29,91448.45,164327.95,82355.96,2717746.58,138312.24,18.689322336498506,293687.79,1.1315030255689433,0.29836530059675415,0.15197134521332337,0.11128278182551146,0.22204672749468957,2.38986444961764,2.7875443591449667,1.3990100843724873,1.4533939549739472,0
MSME078,2025-01-01,21,767087.81,616224.77,705156.59,224014.28,93648.5,170329.34,82355.96,2635390.62,150863.04000000004,19.6669844095163,300695.12,1.1443171782919404,0.2920321208076556,0.15197133344704725,0.10736184166451557,0.22204673021723548,3.6520798266930443,2.405789546647097,3.565524339499282,1.4519337113656272,0
MSME078,2025-02-01,21,788335.2,664712.97,714026.52,227263.59,101017.32,175047.25,82355.96,2553034.67,123622.22999999998,15.681429676107319,301293.51999999996,1.074187735497323,0.2882829410636491,0.151971338847202,0.10446820083639549,0.22204672580902135,2.76987715395971,7.868589897806277,1.2578667101444951,1.4504923525410884,1
MSME078,2025-03-01,21,797343.27,645102.08,735890.41,230556.78,98037.03,177047.46,82355.96,2470678.71,152241.19000000006,19.09355678138477,309567.20999999996,1.1407348275795361,0.2891562375637785,0.15197134382205063,0.103287960278388,0.22204672273712173,1.1426700215847463,-2.950279426622293,3.062055734288416,1.449061858082934,1
MSME078,2025-04-01,21,785773.52,634368.93,751655.08,233894.4,96405.9,174478.44,82355.96,2388322.75,151404.58999999997,19.2682224771331,311966.93999999994,1.1848863405085113,0.29766134140025485,0.1519713457593202,0.10480877492537545,0.22204672918985613,-1.4510375186336022,-1.6637909460778477,2.1422578397237046,1.4476347214772867,1
MSME078,2025-05-01,21,746584.43,603671.65,762304.23,237277.03,91740.79,165776.63,82355.96,2305966.8,142912.78000000003,19.142212756834486,311312.87000000005,1.262779575618633,0.31781674043215713,0.15197134071146126,0.1103103101145573,0.22204672819121074,-4.987326373634982,-4.839026400615176,1.416760198041911,1.4462210296612543,1
MSME078,2025-06-01,21,734554.05,604644.22,787575.54,240705.26,91888.59,163105.32,82355.96,2223610.84,129909.83000000007,17.685537231739456,311921.99,1.3025437339002433,0.3276889699267195,0.15197133613548808,0.11211695041365574,0.22204672345077942,-1.6113890829467237,0.16110910625004582,3.3151213131796586,1.4448216921798096,2
MSME078,2025-07-01,21,701170.85,571377.15,794840.02,244179.67,86832.95,155692.69,82355.96,2141254.88,129793.69999999995,18.51099485952674,313039.41,1.3910952161807661,0.3482456094687907,0.15197133802078014,0.1174549113101322,0.2220467237050713,-4.544689393517065,-5.50192475171597,0.9223851720940868,1.4434291963540735,2
MSME078,2025-08-01,21,674052.93,543525.15,799473.62,247700.86,82600.25,149671.24,82355.96,2058898.92,130527.78000000003,19.364618739955635,314771.85,1.470904557038437,0.3674798357452433,0.1519713485199351,0.12218025667509523,0.2220467167170388,-3.8675195924074646,-4.874538647546545,0.5829600779286404,1.4420487995581155,2
MSME078,2025-09-01,21,663072.4,543122.1,800368.99,251269.43,82538.99,147233.05,82355.96,1976542.97,119950.30000000005,18.090075834856048,315963.49,1.4736446740060845,0.37894720093914325,0.15197133388606357,0.12420357113340866,0.22204671767366577,-1.6290308240333617,-0.07415480222029425,0.1119949398705522,1.4406772750001684,2
MSME078,2025-10-01,21,645478.75,526767.91,812849.83,254885.99,80053.62,143326.44,82355.96,1894187.01,118710.83999999997,18.391130614292102,318158.81,1.5430891186974542,0.39487897936221755,0.15197133022017228,0.1275889562592107,0.22204672113528137,-2.6533527862115824,-3.0111442712421277,1.5593857528138244,1.4393155586017725,2
MSME078,2025-11-01,21,657151.02,530305.39,820565.94,258551.16,80591.22,145918.23,82355.96,1811831.05,126845.63,19.30235610073313,323878.17000000004,1.547346030180836,0.39344253015083197,0.15197133862810636,0.12532273023025972,0.22204672222832433,1.8083120474531533,0.6715443239509344,0.9492663607987728,1.4379644797267943,1
MSME079,2023-11-01,57,1231332.65,986855.4,958575.13,233503.94,167124.48,317023.91,36017.19,1656790.59,244477.24999999988,19.854687520874226,383403.37,0.9713430457998203,0.1896351404309794,0.16935052490972843,0.02925057660088848,0.2574640654578598,-1.309072824406865,0.31791512121064347,14.300523045179926,1.740194175400278,0
MSME079,2023-12-01,57,1266486.3,1027143.65,1071943.85,237563.59,173947.32,326074.71,36017.19,1620773.4,239342.65000000002,18.898163367420555,389690.98000000004,1.0436162945660035,0.1875769125966858,0.16935052852636534,0.02843867320159721,0.2574640641592412,2.854927139307173,4.082487667392809,11.826795464639272,1.7385788008544845,0
MSME079,2024-01-01,57,1326772.94,1058621.82,1214932.87,241690.01,179278.16,341596.36,36017.19,1584756.22,268151.1199999999,20.210776984945134,404008.20999999996,1.14765523159158,0.18216380716959754,0.16935052406155768,0.027146461096802292,0.25746406917222775,4.7601493991683785,3.0646317094984665,13.339226676845062,1.736974929533619,0
MSME079,2024-02-01,57,1339954.11,1066286.27,1364391.02,245884.27,180576.14,344990.04,36017.19,1548739.03,273667.8400000001,20.423672568906113,410298.1699999999,1.2795729049385585,0.1835020081396668,0.16935052535188325,0.02687942051985646,0.2574640709150853,0.9934759447234542,0.724002647139832,12.301761989532789,1.735388235533608,0
MSME079,2024-03-01,57,1369095.89,1109241.72,1504002.24,250147.43,187850.67,352493.0,36017.19,1512721.84,259854.16999999993,18.979983206289514,414789.7599999999,1.3558832244427301,0.18270994152206535,0.1693505271330761,0.02630728078513186,0.25746406995641485,2.174834181448193,4.028510092322568,10.232493321452662,1.7338075347398174,0
MSME079,2024-04-01,57,1357246.18,1108934.01,1628489.42,254480.6,187798.56,349442.12,36017.19,1476704.66,248312.16999999993,18.2952933416987,416124.16,1.468517878714893,0.1874977463557864,0.16935052790021293,0.026536961776529002,0.25746406595154314,-0.8655135178296414,-0.02774057218114523,8.277060810760496,1.7322464596178477,0
MSME079,2024-05-01,57,1311414.25,1060884.01,1755072.86,258884.87,179661.27,337642.05,36017.19,1440687.47,250530.24,19.10382169478485,416865.6499999999,1.6543494326019677,0.1974089194165764,0.1693505306013614,0.02746438815957658,0.25746406980098013,-3.376832491803361,-4.332990021651517,7.773058789660436,1.7306898836296325,0
MSME079,2024-06-01,57,1238791.02,992782.87,1864579.78,263361.39,168128.3,318944.17,36017.19,1404670.28,246008.15000000002,19.858728875835734,414177.26000000007,1.8781345209955125,0.2125954949205234,0.1693505247527085,0.029074468105201475,0.2574640636319756,-5.537779538387655,-6.419282349255129,6.23945150630385,1.7291547397111362,0
MSME079,2024-07-01,57,1200231.14,964868.27,1980927.19,267911.28,163400.95,309016.39,36017.19,1368653.1,235362.86999999988,19.609795326590167,413526.72000000003,2.0530545480576325,0.2232164048001621,0.16935052698955477,0.030008544854118687,0.2574640664630648,-3.112702576742943,-2.8117527853799507,6.239872986287565,1.727622260802919,0
MSME079,2024-08-01,57,1197549.19,984203.89,2079522.47,272535.72,166675.45,308325.88,36017.19,1332635.91,213345.29999999993,17.81515964283688,414186.14999999997,2.1128980398563555,0.22757789181085747,0.1693505295940255,0.030075749957294035,0.25746406291669743,-0.22345279260126416,2.003964748472864,4.977228870284733,1.7261087327117952,0
MSME079,2024-09-01,57,1114668.59,894918.88,2155708.04,277235.88,151554.98,286987.11,36017.19,1296618.72,219749.71000000008,19.714353842158598,412668.01,2.4088306640709156,0.24871597036747933,0.16935052258591304,0.0323120166147321,0.2574640683111022,-6.920851409869844,-9.07180015311665,3.663608886130487,1.7246032923684318,0
MSME079,2024-10-01,57,1100737.31,879371.08,2229732.05,282012.95,148921.95,283400.3,36017.19,1260601.54,221366.2300000001,20.110722875378876,416491.3,2.535598566648337,0.25620368042217084,0.16935052037417472,0.032720967730257094,0.25746406288345036,-1.249813632947172,-1.7373418247696448,3.4338606446910003,1.723106691673526,0
MSME079,2024-11-01,57,1136487.3,910808.68,2347070.97,286868.17,154245.93,292604.64,36017.19,1224584.35,225678.62,19.857557581153788,425226.88000000006,2.576908873990968,0.25241652062455955,0.16935052705031312,0.03169167838479146,0.257464064930598,3.2478221347834513,3.5750095397724557,5.262467299602225,1.7216301591823857,0
MSME079,2024-12-01,57,1142022.59,908403.39,2464287.41,291802.75,153838.59,294029.78,36017.19,1188567.16,233619.20000000007,20.45661811295695,431993.94000000006,2.7127677385704163,0.2555139911899641,0.16935052389005284,0.03153807141415653,0.25746406645073455,0.4870525169968998,-0.2640829026794078,4.994158314692965,1.7201559866331761,0
MSME079,2025-01-01,57,1168852.16,907306.02,2607825.92,296817.96,153652.75,300937.43,36017.19,1152549.98,261546.1399999999,22.376323452231965,444102.64,2.8742517546615636,0.25393969413548423,0.16935052409329324,0.030814153605191612,0.2574640662853376,2.3493029152776845,-0.1208020590940273,5.824747122333429,1.7186986757321554,0
MSME079,2025-02-01,57,1216797.37,1009229.77,2697831.88,301915.06,170913.59,313281.6,36017.19,1116532.79,207567.6000000001,17.058518132727396,444283.06999999995,2.673159235086773,0.24812270920671037,0.1693505236176297,0.02959999001312766,0.2574640673327556,4.101905411202744,11.233668437469424,3.4513791472706945,1.7172478376982214,0
MSME079,2025-03-01,57,1217591.5,1000354.51,2783669.82,307095.35,169410.56,313486.06,36017.19,1080515.6,217236.99,17.84153305932244,451170.8499999999,2.782683330932351,0.2522154187180183,0.16935052354589775,0.029580684490652244,0.25746406738220495,0.06526394776804612,-0.8794092548419341,3.181737922082828,1.715810400448392,0
MSME079,2025-04-01,57,1203159.53,946969.43,2906941.27,312360.15,160369.77,309770.35,36017.19,1044498.42,256190.09999999998,21.293111479572453,461760.73,3.06973084653852,0.2596165697162371,0.16935052486329996,0.02993550655747206,0.2574640704545639,-1.1852883335667141,-5.336616116220638,4.428379009404226,1.7143861019061513,0
MSME079,2025-05-01,57,1185419.92,945300.41,3012889.27,317710.78,160087.12,305203.03,36017.19,1008481.23,240119.5099999999,20.25607178931158,462826.69000000006,3.187229412076527,0.2680153881672581,0.16935052424234112,0.030383486385145278,0.2574640638736694,-1.4744187747072979,-0.17624856168799719,3.644655676170583,1.7129681875232894,0
MSME079,2025-06-01,57,1141548.4,916626.67,3097673.5,323148.6,155231.21,293907.69,36017.19,972464.04,224921.72999999986,19.70321451109737,461825.0800000001,3.379427635462538,0.283079193138022,0.16935052740719403,0.03155117207470135,0.2574640637225719,-3.7009265037489802,-3.0332939345704912,2.814050647138444,1.7115629504293128,1
MSME079,2025-07-01,57,1096139.1,897499.95,3174902.09,328674.98,151992.09,282216.43,36017.19,936446.86,198639.15000000014,18.121710100479046,458899.31999999995,3.537495561977469,0.2998478751465028,0.16935052754041938,0.03285822939807548,0.2574640663762473,-3.9778690066930023,-2.086642318622489,2.4931158819675447,1.7101667777610796,1
MSME079,2025-08-01,57,1067455.56,846260.59,3258987.88,334291.32,143314.68,274831.45,36017.19,900429.67,221194.9700000001,20.721702925037935,465808.09,3.851045314540761,0.3131664984723111,0.1693505306681007,0.03374116108402677,0.2574640671692225,-2.6167792025665437,-5.709121209421797,2.648453011034424,1.7087823356679133,1
MSME079,2025-09-01,57,1019675.31,819939.61,3335673.37,339999.04,138857.2,262529.75,36017.19,864412.48,199735.70000000007,19.58816674692261,463671.59,4.068193961260147,0.3334385334876844,0.16935052082677163,0.035322214480215275,0.25746406471291333,-4.476087978781996,-3.1102689066496603,2.3530461856151597,1.7074089749024912,1
MSME079,2025-10-01,57,995814.84,798858.58,3439553.05,345799.57,135287.12,256386.54,36017.19,828395.3,196956.26,19.778401775976747,466898.99,4.305584412700431,0.3472528788584834,0.16935052509544304,0.03616856121565733,0.2574640683201709,-2.340006643879622,-2.5710466652538067,3.1142041943992727,1.7060430523568648,1
MSME079,2025-11-01,57,1029550.32,811256.29,3523869.53,351694.37,137386.68,265072.21,36017.19,792378.11,218294.0299999999,21.2028519402529,479379.9000000001,4.343719208636274,0.3415999812422962,0.16935052669976833,0.03498341878034675,0.25746406450536585,3.3877261760830946,1.5519280020751758,2.451378966229356,1.7046869086621452,1
MSME080,2023-11-01,26,912141.77,748788.38,384581.8,204597.34,120235.13,247656.26,56000.48,2576021.99,163353.39,17.908772010298357,332018.47,0.5136054595291663,0.22430432058823488,0.16057291113411776,0.061394491340967756,0.2715107104458115,-0.023001000425693086,-0.16856415555865922,7.191968215715017,1.6888319061754586,0
MSME080,2023-12-01,26,936053.95,758759.79,434872.6,208049.34,121836.27,254148.67,56000.48,2520021.51,177294.15999999992,18.940592046003324,340361.74,0.57313606457717,0.2222621249555114,0.16057291333268991,0.05982612433823927,0.27151070726211884,2.621542043842595,1.3316726416080282,13.076749861797921,1.6872164613674911,0
MSME080,2024-01-01,26,957697.99,773247.13,506533.4,211556.26,124162.54,260025.26,56000.48,2464021.03,184450.86,19.259814881724875,347418.98000000004,0.6550731070932007,0.22090080819737337,0.16057290765502097,0.05847404984111954,0.2715107087151765,2.312264159560473,1.9093447216015358,16.47857326490565,1.6856193824022814,0
MSME080,2024-02-01,26,954177.56,767454.89,569103.06,215118.93,123232.46,259069.42,56000.48,2408020.55,186722.67000000004,19.56896471134786,350955.88999999996,0.7415459428501394,0.2254495798454954,0.1605729035096773,0.058689789351155985,0.2715107028926566,-0.36759291935027916,-0.7490800515483342,12.352524038888646,1.6840295815401474,0
MSME080,2024-03-01,26,987333.65,818894.06,611750.81,218738.2,131492.2,268071.65,56000.48,2352020.08,168439.58999999997,17.060047533070506,355317.65,0.7470451183880855,0.22154435838381484,0.16057290731843873,0.0567189014574759,0.27151069954923546,3.4748343903623136,6.702565931920779,7.4938535737270495,1.6824507262099164,0
MSME080,2024-04-01,26,986664.38,795936.55,668397.16,222414.95,127805.85,267889.94,56000.48,2296019.6,190727.82999999996,19.330568110708523,362499.04000000004,0.8397618629273904,0.22542107986101617,0.16057291250163094,0.05675737478229426,0.27151070356872514,-0.06778559608496826,-2.803477411962174,9.259709848197817,1.6808906720453987,0
MSME080,2024-05-01,26,947184.5,787735.1,705385.68,226150.05,126488.92,257170.73,56000.48,2240019.12,159449.40000000002,16.834038141460297,356831.86000000004,0.8954605171205398,0.2387602943249177,0.1605729134070578,0.05912309586991764,0.2715107035640892,-4.001348462584609,-1.030415050043887,5.533913399632051,1.6793385516576054,0
MSME080,2024-06-01,26,914562.1,747034.02,729231.55,229944.39,119953.42,248313.4,56000.48,2184018.64,167528.07999999996,18.317846322300035,358304.37000000005,0.9761691308248586,0.2514256713677508,0.16057290135193575,0.06123201475329013,0.27151070441252706,-3.444144197883303,-5.166848601769802,3.3805435347085577,1.6777975507854315,0
MSME080,2024-07-01,26,870905.38,716342.68,750344.52,233798.88,115025.23,236460.13,56000.48,2128018.16,154562.69999999995,17.747358501792693,355233.78,1.0474658860198027,0.268454972686011,0.16057291183599445,0.06430145143896114,0.2715107007376622,-4.773510732622743,-4.108426012512789,2.8952354022532267,1.6762705104481856,1
MSME080,2024-08-01,26,830426.63,695449.83,771616.36,237714.43,111670.4,225469.72,56000.48,2072017.69,134976.80000000005,16.253910354488518,351513.75,1.1095212432505737,0.2862557887865422,0.16057290574073474,0.06743579502020546,0.2715107052865104,-4.647892977765277,-2.916599915559981,2.8349430738829007,1.6747513931632207,1
MSME080,2024-09-01,26,797095.48,646294.76,792037.18,241691.99,103777.43,216419.96,56000.48,2016017.21,150800.71999999997,18.918777459382905,354334.51999999996,1.2255045669873605,0.30321585815541197,0.16057290948792466,0.0702556737619438,0.2715107103605706,-4.013738095080122,-7.068097205516599,2.646499097038335,1.673251388230823,1
MSME080,2024-10-01,26,778850.13,641320.74,812211.43,245732.5,102978.74,211466.15,56000.48,1960016.73,137529.39,17.658004371136204,354219.91000000003,1.2664668072328364,0.31550678434116713,0.16057291395254114,0.07190148379380767,0.27151070771471786,-2.2889792324502944,-0.769620969849738,2.5471342140781728,1.6717599950250683,1
MSME080,2024-11-01,26,782643.76,642883.55,825130.18,249836.91,103229.68,212496.16,56000.48,1904016.25,139760.20999999996,17.85744896247559,359103.39,1.2834831129214614,0.31922174911354306,0.16057290624406237,0.07155296299813341,0.271510706224758,0.487080871386647,0.24368617799575,1.590564909927461,1.670275604570004,1
MSME080,2024-12-01,26,804278.99,671422.79,850660.44,254006.21,107812.31,218370.36,56000.48,1848015.77,132856.19999999995,16.518670965158492,364564.25999999995,1.2669519901163913,0.3158185320742992,0.16057290816714753,0.06962817715777955,0.27151071048119757,2.7643777547015747,4.439254978603824,3.0940887412456375,1.6688086640200606,1
MSME080,2025-01-01,26,828172.09,660381.03,892725.66,258241.38,106039.3,224857.59,56000.48,1792015.3,167791.05999999994,20.260409886549056,377059.67,1.3518341979023838,0.3118209163508517,0.16057290440338662,0.06761937606470173,0.27151070739416006,2.970747750105973,-1.6445316072753569,4.945007199347384,1.6673489990658208,1
MSME080,2025-02-01,26,837965.87,681248.07,943058.25,262543.42,109389.98,227516.7,56000.48,1736014.82,156717.80000000005,18.70216981510238,380670.14,1.3843096098606196,0.31331039771345337,0.16057290261387458,0.06682907025795692,0.2715107000718299,1.182577886680547,3.159848489288053,5.6380803482225295,1.6658987804355707,1
MSME080,2025-03-01,26,861846.28,698841.83,981369.71,266913.36,112215.07,234000.49,56000.48,1680014.34,163004.45000000007,18.913401819173608,388698.77999999997,1.4042801502022282,0.30969949768768507,0.1605729153333595,0.06497734143494824,0.2715107037417392,2.849806997509341,2.582577591742763,4.062470160247256,1.664463729466159,1
MSME080,2025-04-01,26,865374.44,712851.82,1019819.94,271352.23,114464.69,234958.42,56000.48,1624013.86,152522.62,17.62504332806502,391845.96,1.4306198166120976,0.31356626387070086,0.1605729084061257,0.06471242668087124,0.27151070003870237,0.4093723070893729,2.004744049164886,3.9180167890040085,1.6630377737554936,1
MSME080,2025-05-01,26,833653.49,698910.18,1037695.44,275861.08,112226.04,226345.85,56000.48,1568013.38,134743.30999999994,16.162987574129865,389980.8900000001,1.4847336177017767,0.3309061658219652,0.16057290795220636,0.06717476826013168,0.27151070884379075,-3.665575100646601,-1.9557556856626857,1.7528094224162682,1.6616226076343832,1
MSME080,2025-06-01,26,795524.75,665684.48,1064975.77,280440.97,106890.89,215993.49,56000.48,1512012.91,129840.27000000002,16.321336325488303,389543.56999999995,1.5998206387506586,0.35252324959091463,0.16057290384778086,0.07039439062078208,0.2715107103833036,-4.573691642555233,-4.753929896971886,2.6289341697405932,1.66021607687461,1
MSME080,2025-07-01,26,750392.68,609930.82,1082907.42,285092.99,97938.36,203739.64,56000.48,1456012.43,140461.8600000001,18.71844752003712,390894.27,1.7754594201355491,0.37992506803238,0.16057289907075037,0.07462823331378979,0.27151069757236973,-5.67324523844166,-8.375388292062935,1.6837613122409278,1.658823245405272,1
MSME080,2025-08-01,26,727505.0,601081.36,1100234.22,289818.23,96517.38,197525.39,56000.48,1400011.95,126423.64000000001,17.377700496903802,390826.24,1.830424786421592,0.39837283592552625,0.16057290480609815,0.0769760757658023,0.2715106975209793,-3.0500937189312682,-1.4508956933837136,1.6000259745196033,1.6574381572833419,1
MSME080,2025-09-01,26,701347.23,579446.91,1117236.89,294617.81,93043.48,190423.28,56000.48,1344011.47,121900.31999999995,17.380879938743032,391997.61,1.9281091515355562,0.42007410509056975,0.1605729159898359,0.07984701101621233,0.27151070376366926,-3.5955450478003637,-3.5992548496263432,1.5453682216864717,1.6560655967017723,1
MSME080,2025-10-01,26,701317.2,576690.87,1129536.22,299492.85,92600.93,190415.13,56000.48,1288010.99,124626.32999999996,17.770322758375233,397307.05,1.9586511227410275,0.42704335498972507,0.16057290797754437,0.07985043001939779,0.271510708706417,-0.004281759264956886,-0.47563287549502453,1.100870380318364,1.6546996938168634,1
MSME080,2025-11-01,26,700385.19,578535.8,1145020.1,304444.51,92897.17,190162.08,56000.48,1232010.52,121849.3899999999,17.39748237680467,401709.42,1.9791689641332482,0.43468153574178237,0.16057289799524938,0.07995668783344777,0.27151070969961544,-0.13289421676810909,0.3199166305511314,1.3708174847195442,1.6533483186660591,1
MSME081,2023-11-01,66,864133.01,696580.73,534547.81,204351.78,133689.59,149981.63,34525.12,1588155.47,167552.28000000003,19.389640027754528,220643.82000000004,0.7673881676284672,0.23648185827318413,0.19192260744852932,0.03995347892102861,0.1735631300556381,2.5111167997605266,3.935409950442059,11.455832013115131,1.8393110768908816,0
MSME081,2023-12-01,66,915712.38,734795.48,598049.48,208107.14,141023.86,158933.9,34525.12,1553630.35,180916.90000000002,19.756956873292467,226017.18000000005,0.813899236288171,0.22726256032489156,0.191922601374739,0.037703017622192685,0.17356312251670114,5.968915595528523,5.486047539672834,11.87951176902211,1.8376938042820257,0
MSME081,2024-01-01,66,952236.36,763359.16,672372.23,211928.17,146505.88,165273.12,34525.12,1519105.23,188877.19999999995,19.835117407194993,230695.41000000003,0.8808071812487321,0.22255836775650956,0.1919226069154656,0.036256880592125264,0.173563126701022,3.98858645986635,3.887296639331539,12.427525227511271,1.8360878920348433,0
MSME081,2024-02-01,66,960594.24,770760.38,742228.78,215815.99,147926.34,166723.74,34525.12,1484580.12,189833.86,19.762127659645344,234613.38999999998,0.962982529018941,0.22466925264927676,0.19192260505139094,0.03594141892835002,0.17356312692443376,0.8777106557871894,0.9695593356081611,10.38956501817454,1.834498924800787,0
MSME081,2024-03-01,66,994232.76,786053.67,824544.13,219771.72,150861.47,172562.15,34525.12,1450055.0,208179.08999999997,20.938667319712938,241472.4,1.0489667073241957,0.22104654849635008,0.19192260752373308,0.034725389656241064,0.17356313022717135,3.5018448580328876,1.9841821656686687,11.090293480670477,1.8329179408810292,0
MSME081,2024-04-01,66,968361.43,751715.51,902963.36,223796.52,144271.2,168071.84,34525.12,1415529.88,216645.92000000004,22.372423486548822,247597.15999999997,1.2012035776673013,0.2311084612281594,0.1919226064658424,0.03565313418152146,0.17356312921302533,-2.602140166855893,-4.368424359624202,9.510616490593415,1.8313548258165335,0
MSME081,2024-05-01,66,951248.35,755388.17,967066.68,227891.55,144976.06,165101.64,34525.12,1381004.76,195860.17999999993,20.58980496523331,248017.13,1.2802248147465694,0.23957103315869088,0.1919225978876529,0.036294538644929056,0.1735631289137059,-1.7672203239239015,0.48857046996408915,7.099216074503856,1.829800570625495,0
MSME081,2024-06-01,66,910216.67,713739.35,1034453.11,232057.99,136982.71,157980.05,34525.12,1346479.64,196477.32000000007,21.58577473647017,253055.33,1.4493429709318955,0.25494807736272285,0.19192259751406449,0.03793066105897621,0.17356312536003102,-4.313456102184032,-5.513565297163714,6.968126541181197,1.828255589116834,0
MSME081,2024-07-01,66,872112.85,698800.36,1096424.12,236297.06,134115.58,151366.63,34525.12,1311954.52,173312.49,19.8727137204778,253548.11000000002,1.5690090943856985,0.2709478022253657,0.19192259717782628,0.039587904248859544,0.17356312316691586,-4.186236228787155,-2.0930596022203374,5.990702662201874,1.8267287413805455,0
MSME081,2024-08-01,66,833589.04,668220.57,1124898.14,240609.98,128246.63,144680.32,34525.12,1277429.4,165368.4700000001,19.83812910975894,257043.67000000004,1.6834233941645944,0.2886434063480489,0.19192260124527447,0.04141743514286129,0.1735631265017592,-4.41729645423754,-4.376040962543303,2.5969895664097464,1.825211028863416,1
MSME081,2024-09-01,66,820987.46,657783.68,1166771.38,244998.0,126243.56,142493.15,34525.12,1242904.28,163203.7799999999,19.878961366839867,261247.59000000003,1.773791925029213,0.2984186871745885,0.19192260896469793,0.04205316363784656,0.17356312604336246,-1.5117257299832154,-1.5618929539986892,3.722402812400416,1.823706564457539,1
MSME081,2024-10-01,66,813227.41,639451.07,1217527.62,249462.37,122725.11,141146.29,34525.12,1208379.16,173776.34000000008,21.368726368925522,267883.55000000005,1.9040199901456107,0.30675597862595405,0.19192259698619318,0.04245444702853781,0.17356312424343887,-0.9452093214675772,-2.7870271880263253,4.350144413038337,1.8222067118915275,1
MSME081,2024-11-01,66,814025.82,655960.61,1257895.51,254004.4,125893.67,141284.87,34525.12,1173854.04,158065.20999999996,19.417714538833668,269395.60000000003,1.9176387893169378,0.3120348197309024,0.19192260645040865,0.0424128070040825,0.17356313095818018,0.09817795000293117,2.5818300687181717,3.315562566046748,1.8207275109267895,1
MSME081,2024-12-01,66,849707.91,688929.27,1313716.21,258625.39,132221.1,147477.96,34525.12,1139328.93,160778.64,18.921636259688345,273882.25,1.9068956236973353,0.3043697568968141,0.19192260476899176,0.0406317507389098,0.1735631247683689,4.383410098711615,5.02601215643117,4.437626142731044,1.8192558869059017,0
MSME081,2025-01-01,66,876459.48,698499.62,1368962.32,263326.66,134057.86,152121.05,34525.12,1104803.81,177959.86,20.30440243512455,281389.85,1.9598612236897137,0.30044362119284734,0.19192259546254298,0.0393915757520245,0.17356312923901512,3.1483254051383414,1.3891629252448467,4.205330617028791,1.8177913622479114,1
MSME081,2025-02-01,66,895364.18,711111.03,1447482.47,268109.58,136478.28,155402.21,34525.12,1070278.69,184253.15000000002,20.57857061022924,287033.51,2.03552245561428,0.2994419321085639,0.1919226031411719,0.038559862870547267,0.17356313047948824,2.1569394172107126,1.8054999085038936,5.735742237229724,1.816344763572375,1
MSME081,2025-03-01,66,914420.73,750687.19,1489926.88,272975.51,144073.84,158709.72,34525.12,1035753.57,163733.54000000004,17.90571173949655,287611.39,1.9847506389445648,0.298522880162614,0.19192260360803548,0.03775627440117199,0.17356312558662138,2.128357424349936,5.565398134803212,2.932291815596222,1.8149034435845257,1
MSME081,2025-04-01,66,919910.85,726866.71,1550432.53,277925.85,139502.15,159662.6,34525.12,1001228.45,193044.14,20.9850921967058,298086.29999999993,2.13303554650343,0.30212259155330107,0.19192260160050528,0.037530941177615205,0.17356312299175514,0.6003932128703982,-3.173156584702075,4.060981167075806,1.813474036553675,1
MSME081,2025-05-01,66,885101.81,691604.71,1616414.41,282962.03,132734.58,153621.04,34525.12,966703.33,193497.1000000001,21.86156415158614,303848.4900000001,2.337194045425168,0.31969432985342106,0.19192260850855106,0.03900694768661698,0.17356312942123572,-3.783957978101893,-4.8512333162155645,4.255707921711371,1.812058863902033,1
MSME081,2025-06-01,66,851564.86,693418.85,1652233.37,288085.49,133082.75,147800.26,34525.12,932178.21,158146.01,18.571223100962623,302803.0,2.3827350092948874,0.33830128922886743,0.1919226020463678,0.04054314782317345,0.1735631270646842,-3.7890499851085058,0.26230879775239746,2.2159515393085583,1.8106528285791512,1
MSME081,2025-07-01,66,821103.15,657500.11,1699180.4,293297.69,126189.13,142513.23,34525.12,897653.09,163603.04000000004,19.924785332999882,309621.79000000004,2.584304358519423,0.35719956743558956,0.19192259906998343,0.04204723852295537,0.17356312663031437,-3.577145022165429,-5.179948598166895,2.8414285083710578,1.8092546070265447,1
MSME081,2025-08-01,66,788651.63,632392.7,1740736.53,298600.13,121370.45,136880.84,34525.12,863127.97,156258.93000000005,19.813428902695613,314110.51999999996,2.752619582737119,0.3786210775979757,0.1919225980945068,0.04377740270441082,0.17356312317518446,-3.952185544532383,-3.8186168516382457,2.445657329851514,1.8078696767096947,1
MSME081,2025-09-01,66,782959.71,619293.11,1786825.26,303994.32,118856.35,135892.94,34525.12,828602.86,163666.59999999998,20.903578806117622,321030.91000000003,2.885265847701745,0.3882630435734682,0.1919226099576661,0.044095653402139945,0.17356313264190823,-0.7217280461336295,-2.0714328296325912,2.6476568513214227,1.8064928504887057,1
MSME081,2025-10-01,66,765989.85,596505.16,1853892.12,309481.8,114482.82,132947.59,34525.12,794077.74,169484.68999999994,22.126231829312093,327946.57,3.107923022828503,0.4040285912404714,0.19192259795372096,0.04507255546532373,0.17356312227897014,-2.167398881865834,-3.6796711657263503,3.7534089931099412,1.8051258326142294,1
MSME081,2025-11-01,66,777172.96,622946.1,1909362.96,315064.14,119557.44,134888.57,34525.12,759552.62,154226.86,19.844599328314253,330395.27,3.065053236548074,0.4053977122415582,0.191922607750494,0.04442398510622398,0.17356312808412688,1.4599553766933004,4.4326422926500575,2.992128797656246,1.803770043989661,1
MSME082,2023-11-01,80,659077.37,532134.11,266019.87,125539.11,74787.07,179665.43,66063.34,3038913.42,126943.26000000001,19.26075234535818,230417.46999999997,0.49991132874380106,0.19047704520639208,0.14054177056982875,0.10023609216016625,0.27260142462485093,-0.1754177001740964,-0.82652373978086,3.3589057580558856,1.5249882716538155,0
MSME082,2023-12-01,80,681630.1,542677.13,291887.81,127451.55,76268.8,185813.34,66063.34,2972850.09,138952.96999999997,20.385392311753836,236996.09000000003,0.537866428975918,0.18698051919948958,0.14054176191283388,0.09691963427084573,0.2726014300131406,3.421863809403747,1.9812712250300901,9.72406309348246,1.523381836943094,0
MSME082,2024-01-01,80,691147.39,557376.32,309855.53,129391.07,78334.65,188407.77,66063.34,2906786.75,133771.07000000007,19.354926595324343,239464.18999999997,0.5559180016833153,0.18721197804132633,0.14054176180286956,0.09558502420156718,0.2726014345507403,1.3962543614197909,2.7086437197012314,6.155693860596645,1.5217704296260015,0
MSME082,2024-02-01,80,698593.32,564676.44,323813.79,131358.07,79360.62,190437.54,66063.34,2840723.42,133916.88,19.169504798585823,242434.99,0.5734501513822677,0.18803224456827045,0.14054175874594663,0.09456623490187395,0.2726014328336263,1.0773288169401818,1.3097291251985776,4.504763881412721,1.5201976457880795,0
MSME082,2024-03-01,80,712867.85,579034.42,340312.95,133352.89,81378.52,194328.79,66063.34,2774660.08,133833.42999999993,18.773946671883145,246303.16000000003,0.5877249058872873,0.1870653726353349,0.14054176606634197,0.09267263210144769,0.27260142254977554,2.043324720024531,2.542691527912888,5.095261693456621,1.5186124461177064,0
MSME082,2024-04-01,80,703085.97,565875.4,359255.24,135375.93,79529.13,191662.24,66063.34,2708596.75,137210.56999999995,19.515475468810727,247509.03999999998,0.6348663327651282,0.1925453440636854,0.140541769442531,0.09396196598831293,0.27260142881246796,-1.3721870049266505,-2.272579927113838,5.566138461671821,1.5170574855932761,0
MSME082,2024-05-01,80,693490.54,561608.07,375746.44,137427.56,78929.39,189046.51,66063.34,2642533.41,131882.4700000001,19.017198129335704,247544.68,0.6690545597038875,0.1981678942585143,0.14054176607540558,0.09526206370457482,0.27260142582478486,-1.3647591346474974,-0.7541112407431161,4.590385376146511,1.5155057475874756,0
MSME082,2024-06-01,80,670605.79,542134.09,380942.51,139508.18,76192.48,182808.1,66063.34,2576470.07,128471.70000000007,19.157559018391428,246123.80000000005,0.7026721193644179,0.20803306813083136,0.14054176154095013,0.09851292813919783,0.27260143399596953,-3.299936867199371,-3.4675392039861475,1.3828660625500477,1.5139757993229308,0
MSME082,2024-07-01,80,625071.97,503766.73,395942.27,141618.16,70800.27,170395.51,66063.34,2510406.74,121305.23999999999,19.4066036907718,241213.40000000002,0.7859635152960578,0.2265629668212446,0.14054177416599148,0.10568917368027236,0.2726014254006623,-6.78995330475749,-7.077097844926151,3.9375390265581123,1.5124417793996203,0
MSME082,2024-08-01,80,603974.26,482430.88,398222.22,143757.91,67801.69,164644.25,66063.34,2444343.4,121543.38,20.123933758369105,240600.47000000003,0.8254492747230442,0.23801992820025145,0.14054177046046473,0.10938105209980305,0.2726014350346652,-3.375244933795374,-4.2352638095016655,0.5758288954599289,1.5109291068320596,0
MSME082,2024-09-01,80,594956.12,479827.06,410442.75,145927.84,67435.74,162185.89,66063.34,2378280.07,115129.06,19.350848933195273,240677.99,0.8553972550026671,0.2452749624627779,0.1405417610253161,0.11103901242330275,0.27260143151397453,-1.4931331676287019,-0.5397291317670194,3.068771501499845,1.509433463522103,0
MSME082,2024-10-01,80,597187.59,471761.37,411175.64,148128.35,66302.18,162794.19,66063.34,2312216.73,125426.21999999997,21.00281755687522,244620.36000000004,0.8715754746939115,0.24804324885585785,0.14054177432967857,0.11062410054435325,0.2726014283049653,0.37506463501879583,-1.680957718391285,0.1785608346109191,1.5079439262583483,0
MSME082,2024-11-01,80,612117.08,493288.45,423535.61,150359.84,69327.63,166863.99,66063.34,2246153.4,118828.62999999995,19.41272901582814,247896.19999999995,0.8585962432325346,0.2456390205612299,0.1405417661816327,0.10792598696968234,0.27260142781835134,2.499966551548738,4.563129024320078,3.0060073597745207,1.5064570691565748,0
MSME082,2024-12-01,80,626595.0,508924.33,436991.47,152622.75,71525.12,170810.69,66063.34,2180090.06,117670.66999999998,18.779382216583276,251908.32,0.8586570620429956,0.24357479711775548,0.14054175794660867,0.10543228081934902,0.2726014251629841,2.3652207188860075,3.16972351572391,3.1770315605811783,1.504996280921822,0
MSME082,2025-01-01,80,660856.89,537356.46,448612.52,154917.49,75521.03,180150.53,66063.34,2114026.73,123500.43000000005,18.68792349278526,259546.99000000002,0.8348508920875354,0.2344191190924861,0.1405417737045536,0.09996618178559051,0.27260142509825386,5.467948196203287,5.586710700193875,2.6593310848836538,1.5035373166844224,0
MSME082,2025-02-01,80,690010.91,561864.53,472152.34,157244.49,78965.43,188097.96,66063.34,2047963.39,128146.38,18.57164548311272,266377.01999999996,0.8403312805668655,0.22788696196122463,0.1405417601285491,0.09574245717361193,0.27260142886726235,4.411548164383983,4.560858912908583,5.247249898420137,1.502089918962679,0
MSME082,2025-03-01,80,704193.45,569518.24,490037.41,159604.19,80041.1,191964.14,66063.34,1981900.06,134675.20999999996,19.124746190127155,271527.23,0.8604419939210375,0.22664821719088699,0.14054176737166488,0.09381419267674244,0.27260142791728614,2.0554080804316532,1.3621984644590412,3.7879871568570422,1.5006567161749196,0
MSME082,2025-04-01,80,699014.14,540905.72,517174.11,161997.03,76019.85,190552.25,66063.34,1915836.72,158108.42000000004,22.618772776184475,276529.43000000005,0.956126161875308,0.23175071966355357,0.14054177500655754,0.09450930420377475,0.2726014240570298,-0.7354953386743301,-5.023986589086249,5.537679255957206,1.4992338233726699,0
MSME082,2025-05-01,80,671776.02,534498.31,537791.29,164423.46,75119.34,183127.1,66063.34,1849773.39,137277.70999999996,20.43504172715185,272431.22,1.0061608800970765,0.24475934702164567,0.14054177271393054,0.0983413191795682,0.2726014245045544,-3.896647927608443,-1.1845705754414904,3.9865065944619804,1.4978237563984864,0
MSME082,2025-06-01,80,636793.34,510041.79,566310.03,166883.92,71682.17,173590.77,66063.34,1783710.05,126751.54999999999,19.904660120974256,268792.52,1.1103208425333149,0.26206919814833496,0.14054175835278127,0.10374376716942423,0.27260142199351517,-5.207491627938731,-4.575602867668572,5.302938245801636,1.4964166305708515,0
MSME082,2025-07-01,80,614564.19,505546.7,574726.97,169378.88,71050.43,167531.08,66063.34,1717646.72,109017.48999999993,17.738991593376102,265859.52999999997,1.1368424915047413,0.27560811833178894,0.1405417738855777,0.10749624054730557,0.27260143484767635,-3.49079498852799,-0.8813179798463078,1.4862777549604633,1.4950272021414523,0
MSME082,2025-08-01,80,592914.87,475057.76,581644.01,171908.8,66765.46,161629.44,66063.34,1651583.38,117857.10999999999,19.877577028891178,266772.77999999997,1.2243648225007417,0.28993841898416206,0.14054177327826411,0.1114212905471573,0.27260142758774125,-3.522710947411356,-6.030884980556694,1.2035349585212574,1.49364548874098,1
MSME082,2025-09-01,80,586489.48,475025.88,588432.14,174474.14,66760.98,159877.87,66063.34,1585520.05,111463.59999999998,19.00521728028267,267591.03,1.2387370136549192,0.2974889506969503,0.14054177427133022,0.11264198634901346,0.2726014284177783,-1.0836952023146273,-0.006710762918593627,1.167059212042787,1.4922679932615646,1
MSME082,2025-10-01,80,569701.61,461481.86,592052.47,177075.4,64857.48,155301.47,66063.34,1519456.71,108219.75,18.995865221444607,267519.39,1.2829376868681253,0.3108213087198402,0.14054177557488393,0.11596130121520984,0.2726014237523394,-2.8624332699028088,-2.8512172852561246,0.6152502138989213,1.4909143555600801,1
MSME082,2025-11-01,80,579132.31,471495.78,583965.12,179713.04,66264.85,157872.29,66063.34,1453393.38,107636.53000000003,18.585827131627315,271320.48,1.2385373205249046,0.3103143045153188,0.14054176688495496,0.11407296546794288,0.2726014198724295,1.655375346402832,2.1699487819521357,-1.3659853492377083,1.489557555707921,0
MSME083,2023-11-01,32,1486100.67,1199638.45,698371.65,352028.49,180402.44,409780.21,41480.58,1908106.64,286462.22,19.276097897190233,581406.26,0.5821517724777828,0.23688064819996346,0.1503806751109053,0.02791236208782545,0.2757418916983599,2.277828977080465,7.093853952518558,15.386805855503493,1.852704091959989,0
MSME083,2023-12-01,32,1542868.12,1255330.6,818200.4,358544.84,188777.46,425433.37,41480.58,1866626.06,287537.52,18.63655851544849,595200.75,0.6517808137553566,0.2323885206727844,0.15038067262918628,0.026885369826683565,0.27574188907344843,3.819892632172772,4.642411219813791,17.158306755436016,1.8510859731835971,0
MSME083,2024-01-01,32,1604940.64,1261525.06,951645.74,365176.07,189708.98,442549.37,41480.58,1825145.48,343415.57999999984,21.39740071632804,618016.46,0.7543613441971576,0.22753244630904232,0.15038066703169575,0.02584555401376091,0.2757418928590406,4.023190264635179,0.4934524817605812,16.30961559050814,1.8494841537811446,0
MSME083,2024-02-01,32,1602598.39,1260029.83,1070692.89,371924.13,189484.13,441903.51,41480.58,1783664.9,342568.5599999998,21.375820800618666,624343.51,0.8497361447387319,0.2320756917770272,0.15038066995604382,0.025883328136876518,0.27574189064298266,-0.14593997694518634,-0.11852558838585381,12.509607829484937,1.8478921688378946,0
MSME083,2024-03-01,32,1643894.51,1296374.43,1203582.12,378791.01,194949.66,453290.58,41480.58,1742184.33,347520.0800000001,21.140047483947132,637131.93,0.9284216752099933,0.23042294240644431,0.15038067358363433,0.02523311547527463,0.2757418905182669,2.5768227559494816,2.884423775903766,12.411516994382987,1.8463120421899015,0
MSME083,2024-04-01,32,1643506.64,1301827.16,1324918.44,385778.75,195769.64,453183.63,41480.58,1700703.75,341679.48,20.789662279672932,643192.74,1.0177375927538646,0.23472904861522192,0.15038066958135982,0.025239070527880558,0.27574189173948216,-0.023594579678964944,0.42061381911089324,10.081266411634605,1.8447481105742236,0
MSME083,2024-05-01,32,1600452.95,1244434.03,1462974.49,392889.4,187138.83,441311.92,41480.58,1659223.17,356018.9199999999,22.244885112055304,647062.4900000001,1.1756143393153593,0.24548637934029865,0.15038067546256348,0.025918025269033997,0.27574188919455583,-2.619623733312082,-4.408659748656641,10.419965926355435,1.8431937995547987,0
MSME083,2024-06-01,32,1549676.82,1221866.17,1573423.1,400125.05,183745.05,427310.82,41480.58,1617742.59,327810.65000000014,21.153484763358605,643690.8200000001,1.287721305844813,0.2581990288788084,0.15038066730335942,0.026767245573176994,0.27574189307419594,-3.1726099789437634,-1.8135039267609954,7.54959233773107,1.8416506019251155,0
MSME083,2024-07-01,32,1458237.4,1149396.81,1675388.81,407487.84,172847.06,402097.14,41480.58,1576262.01,308840.58999999985,21.17903367448948,636737.9199999999,1.4576243777812468,0.2794386154133751,0.15038066792616206,0.028445697524970903,0.2757418922323622,-5.900547702584857,-5.931039076071631,6.480501652734083,1.840122231787289,1
MSME083,2024-08-01,32,1394077.46,1128860.33,1766405.47,414979.92,169758.77,384405.56,41480.58,1534781.43,265217.1299999999,19.024561949376896,629626.71,1.5647688408007037,0.297673502303093,0.150380667553443,0.02975486025001796,0.2757418945716259,-4.399828176125498,-1.7867180264751203,5.4325694105596956,1.8386021040529554,1
MSME083,2024-09-01,32,1404392.62,1102573.66,1871365.55,422603.51,165805.77,387249.88,41480.58,1493300.85,301818.9600000002,21.491067077809063,644047.62,1.6972703211502442,0.30091550182028154,0.15038067388622361,0.029536313000562475,0.2757418933175539,0.7399273208247736,-2.3286025118802955,5.942015113891164,1.8370985275624863,1
MSME083,2024-10-01,32,1391333.43,1087371.71,1970505.36,430360.82,163519.69,383648.91,41480.58,1451820.27,303961.72,21.846791965603813,650490.04,1.812172729783452,0.3093153738137378,0.1503806734129583,0.02981354368808633,0.27574189028146906,-0.9298817021695993,-1.3787695599403293,5.297725503176021,1.8355999930052658,1
MSME083,2024-11-01,32,1421148.61,1116571.13,2077739.73,438254.15,167910.72,391870.21,41480.58,1410339.69,304577.4800000002,21.431782563542047,662213.6400000001,1.860821647788798,0.3083802404028668,0.15038067480752437,0.029188066404962392,0.27574189443847114,2.1429212694185074,2.685320919375389,5.44197301752074,1.834119100340037,1
MSME083,2024-12-01,32,1449458.69,1164685.6,2176210.72,446285.8,175146.2,399676.48,41480.58,1368859.11,284773.08999999985,19.64685795909091,670816.0800000001,1.8684962877535363,0.3078982540716631,0.15038066925529087,0.02861798013712278,0.2757418909261912,1.9920562705964873,4.309127175802963,4.739332293559229,1.8326466503511663,1
MSME083,2025-01-01,32,1493459.8,1205875.14,2269683.65,454458.11,181340.31,411809.43,41480.58,1327378.53,287584.66000000015,19.256270573871497,684927.23,1.882187943604178,0.3042988569226972,0.15038066876476117,0.02777482192691092,0.27574189141214245,3.035692586726979,3.5365372423252994,4.295215033220656,1.8311830669942797,1
MSME083,2025-02-01,32,1537242.23,1240216.02,2384049.9,462773.49,186504.52,423882.08,41480.58,1285897.95,297026.20999999996,19.322017324491533,700151.05,1.9222860062717138,0.30104135897957995,0.15038067319917378,0.026983762994853455,0.27574189137387933,2.9316108809892327,2.8477973266784584,5.038863015116668,1.8297351982562216,1
MSME083,2025-03-01,32,1554586.99,1247281.42,2484538.78,471234.36,187567.02,428664.76,41480.58,1244417.38,307305.57000000007,19.76766639478953,712332.1,1.9919632732122314,0.3031251149220025,0.15038067351311943,0.026682701107642745,0.2757418933500788,1.128303637612138,0.5696910768818952,4.215049357817557,1.828296171416377,1
MSME083,2025-04-01,32,1543549.18,1202726.58,2592107.05,479843.19,180866.83,425621.17,41480.58,1202936.8,340822.59999999986,22.08044968155792,724597.53,2.1551922881757544,0.3108700365478475,0.15038067089196613,0.026873507198520233,0.27574189116539843,-0.7100155907003969,-3.5721561538213153,4.329506581499198,1.8268680577536944,1
MSME083,2025-05-01,32,1507212.0,1178853.48,2680786.14,488602.48,177276.78,415601.49,41480.58,1161456.22,328358.52,21.785821768934962,726927.19,2.274062201521431,0.3241763467912941,0.1503806732622955,0.027521397122634374,0.27574189297855906,-2.3541316642725962,-1.9849149754385675,3.4211198954919864,1.8254484345187727,1
MSME083,2025-06-01,32,1438817.69,1156101.18,2768889.37,497514.8,173855.27,396742.31,41480.58,1119975.64,282716.51,19.649223940247776,720401.84,2.395023392329727,0.3457802913168242,0.15038066996869598,0.028829628860067742,0.2757418905518183,-4.537802910274069,-1.9300362925509629,3.286469915873269,1.8240431362525955,1
MSME083,2025-07-01,32,1378629.85,1077103.65,2886868.28,506582.73,161975.57,380146.0,41480.58,1078495.06,301526.2000000002,21.871439966282477,724753.1599999999,2.6802139979750326,0.36745376578056826,0.15038067134950292,0.030088264808715695,0.2757418896740122,-4.18314567705933,-6.833098293351803,4.260874821445104,1.8226452760802259,1
MSME083,2025-08-01,32,1326760.05,1091011.98,2948870.97,515808.91,164067.11,365843.33,41480.58,1037014.48,235748.07000000007,17.768704295852146,717585.13,2.7028768006745447,0.38877332039052576,0.15038066768066102,0.03126456814855105,0.27574189470055266,-3.7624167212105597,1.2912712718037955,2.1477491865337317,1.8212582967445323,1
MSME083,2025-09-01,32,1279152.22,1008727.72,3032864.79,525196.03,151693.15,352715.85,41480.58,995533.9,270424.5,21.140916285944453,726218.73,3.006623819161032,0.41058133800526103,0.15038066962212557,0.032428181221465575,0.2757418894211042,-3.588277322640221,-7.542012508423602,2.848338257404315,1.8198832587052571,1
MSME083,2025-10-01,32,1255542.41,979879.55,3141661.36,534746.81,147354.94,346205.64,41480.58,954053.32,275662.85999999987,21.955678900563772,733597.51,3.2061709625433044,0.42590899816757294,0.15038066668500225,0.033037975993180514,0.275741892302945,-1.8457388910289363,-2.8598569691333453,3.5872542145210407,1.8185171734828254,1
MSME083,2025-11-01,32,1264203.61,971812.68,3259981.66,544464.02,146141.84,348593.89,41480.58,912572.74,292390.93000000005,23.128468206161827,746916.0700000001,3.3545370698394263,0.43067747607523443,0.15038066801104097,0.032811629133063465,0.27574188781188497,0.6898373110311828,-0.8232511842909629,3.7661697567557217,1.8171609102259012,1
MSME084,2023-11-01,64,1137468.57,943351.49,461255.39,235302.95,117277.35,173427.28,92521.39,4255983.81,194117.08000000007,17.065709340874367,291452.88,0.48895389988730503,0.2068654521153055,0.1243198863236014,0.08133973319368287,0.1524677556585146,2.365327154226482,2.9478989074728013,11.001681911521688,1.711247592763132,0
MSME084,2023-12-01,64,1212993.62,984473.7,520687.76,239325.77,122389.66,184942.42,92521.39,4163462.42,228519.92000000016,18.839334043653103,301878.53,0.5288996140780602,0.1973017549754301,0.12431988787511541,0.07627524866948598,0.15246775988813527,6.639748296517767,4.359160974028886,12.884916098216227,1.7096343246015389,0
MSME084,2024-01-01,64,1281132.4,1044208.83,595078.46,243413.53,129815.92,195331.38,92521.39,4070941.03,236923.56999999995,18.493293120992018,308928.99000000005,0.5698845316218979,0.18999873081033625,0.12431988340876221,0.07221844518177825,0.15246775430861012,5.617406297652239,6.06772227637975,14.28700763006221,1.7080316925335737,0
MSME084,2024-02-01,64,1307818.3,1054810.06,672074.96,247567.25,131133.87,199400.12,92521.39,3978419.64,253008.24,19.345825027834522,315833.5,0.6371525884006073,0.18929789405760722,0.12431988940264752,0.07074483511967986,0.15246775488613365,2.0829931395069057,1.0152404093346057,12.938882042546119,1.706445816713642,0
MSME084,2024-03-01,64,1333930.58,1093903.33,738023.27,251787.94,135993.94,203381.4,92521.39,3885898.26,240027.25,17.993983614949435,319175.39999999997,0.6746695523817448,0.18875640439999508,0.12431988848594143,0.0693599737401627,0.15246775435645232,1.996629042428899,3.70619047755385,9.812642030287822,1.7048660515476044,0
MSME084,2024-04-01,64,1294252.64,1103100.22,779716.56,256076.66,137137.3,197331.8,92521.39,3793376.87,191152.41999999993,14.769328189278404,316271.16,0.7068410882920503,0.19785678011056637,0.12431989180457238,0.07148634442808632,0.152467759308569,-2.9745131114694234,0.8407406530154704,5.6493191603565585,1.7033063616946897,0
MSME084,2024-05-01,64,1247214.72,1017853.21,827241.58,260434.45,126539.4,190160.03,92521.39,3700855.48,229361.51,18.389897611214852,324055.07999999996,0.8127317101058217,0.20881284178557483,0.12431989088092575,0.07418240701969907,0.15246775631384465,-3.6343692526676907,-7.727947874038133,6.095166171666255,1.7017521237585598,0
MSME084,2024-06-01,64,1185480.54,986202.59,867262.44,264862.39,122604.6,180747.56,92521.39,3608334.1,199277.95000000007,16.809887912626557,323005.35,0.879395824746313,0.22342196355243418,0.12431989252836986,0.07804547344151258,0.1524677579270934,-4.9497635820077495,-3.109546611342906,4.837868522034405,1.7002128558645024,0
MSME084,2024-07-01,64,1125223.56,928282.86,902732.8,269361.56,115404.02,171560.31,92521.39,3515812.71,196940.70000000007,17.50236193063715,325517.85,0.9724759972407548,0.2393849272050436,0.1243198867207351,0.08222489582425735,0.15246775494107143,-5.082915996242332,-5.873005261525421,4.089922307715765,1.69868209676729,0
MSME084,2024-08-01,64,1085668.51,890984.33,935209.12,273933.08,110767.07,165529.44,92521.39,3423291.32,194684.18000000005,17.932193685897737,328695.45,1.0496358785569215,0.25231742237784904,0.12431988562582241,0.08522066279697106,0.15246775463718662,-3.5153058828594097,-4.018013431811074,3.597556220400988,1.6971686680163245,0
MSME084,2024-09-01,64,1048184.39,841045.45,975345.31,278578.06,104558.68,159814.32,92521.39,3330769.93,207138.94000000006,19.76168906693984,333833.7,1.1596820480985899,0.26577199837902565,0.12431989258131056,0.08826823875902216,0.15246775426602185,-3.4526303060959163,-5.604911143611247,4.291680774028395,1.6956623128539183,0
MSME084,2024-10-01,64,1054144.12,842707.59,1030792.45,283297.65,104765.31,160722.99,92521.39,3238248.55,211436.53000000014,20.05764923301001,339255.33,1.2231911308642658,0.26874660174549947,0.12431988419613024,0.08776920370243112,0.15246775744477897,0.5685764887225719,0.1976278452014757,5.684872775981242,1.6941714649028716,0
MSME084,2024-11-01,64,1038551.93,844072.62,1083481.24,288093.0,104935.01,158345.68,92521.39,3145727.16,194479.31000000006,18.726007278230185,341503.67,1.2836350976530906,0.2773987430748889,0.1243198837559735,0.0890869173966101,0.15246775382719666,-1.4791326635678725,0.16198145313963686,5.111483887954371,1.6926896499141364,0
MSME084,2024-12-01,64,1037333.63,854645.67,1125291.43,292965.28,106249.45,158159.93,92521.39,3053205.77,182687.95999999996,17.611302161292116,344875.76,1.3166759857333623,0.28242146164681853,0.12431988335002035,0.08919154582889595,0.15246775523897746,-0.11730756689268818,1.252623263623942,3.858875304569187,1.6912177664851313,0
MSME084,2025-01-01,64,1060584.71,864748.28,1173229.61,297915.69,107505.41,161704.97,92521.39,2960684.39,195836.42999999993,18.464949395697015,352115.25,1.3567296254119177,0.2808975909147323,0.12431988878890861,0.0872362095433188,0.15246775526303788,2.2414273795403616,1.1820816924047683,4.260067989676264,1.6897599606342295,0
MSME084,2025-02-01,64,1080790.68,879011.86,1212749.73,302945.44,109278.66,164785.73,92521.39,2868163.0,201778.81999999995,18.66955588477132,358452.51,1.3796739102018487,0.2802998264196727,0.12431989256663728,0.08560528112622141,0.15246775629116271,1.9051726665001656,1.6494487852580564,3.368489821868703,1.6883132271415358,0
MSME084,2025-03-01,64,1098075.3,874714.17,1265732.18,308055.75,108744.37,167421.08,92521.39,2775641.61,223361.13,20.341148735428252,366732.45999999996,1.4470237517702496,0.2805415530246423,0.1243198906906927,0.08425778268575934,0.15246775881399025,1.5992569439995608,-0.4889228684582192,4.3687867899999455,1.686874705887642,1
MSME084,2025-04-01,64,1093538.38,902345.93,1305767.26,313247.87,112179.54,166729.34,92521.39,2683120.23,191192.44999999984,17.48383536387629,367797.67,1.4470805669838838,0.2864534759173245,0.12431988250891761,0.08460735507061033,0.15246775334945264,-0.41317020790834214,3.158947339334861,3.162997720418237,1.6854481696900736,1
MSME084,2025-05-01,64,1059924.75,878041.72,1328506.47,318523.07,109158.05,161604.35,92521.39,2590598.84,181883.03000000003,17.15999461282511,370969.37000000005,1.513033423969877,0.3005147959796203,0.12431988994782618,0.08729052699260018,0.15246775773468824,-3.0738409016791812,-2.693447068576027,1.7414443367189225,1.684033797260942,1
MSME084,2025-06-01,64,1022692.49,849730.3,1336894.57,323882.62,105638.38,155927.63,92521.39,2498077.45,172962.18999999994,16.912433765891834,374171.87,1.573316345198,0.3166959992050005,0.12431989302958833,0.09046843592251273,0.1524677569500877,-3.512726728949389,-3.2243820942813417,0.6313932366471819,1.6826253746706543,2
MSME084,2025-07-01,64,965902.32,787586.95,1355087.24,329327.85,97912.72,147268.96,92521.39,2405556.06,178315.37,18.461014774247566,378684.08999999997,1.7205557303863404,0.340953575926808,0.12431988620431053,0.0957875222827915,0.15246775678103766,-5.553005478704554,-7.313302820906831,1.3608156101643676,1.6812356278950613,1
MSME084,2025-08-01,64,896563.1,714915.61,1360079.52,334860.05,88878.23,136696.96,92521.39,2313034.68,181647.49,20.260424503306012,382678.78,1.9024336592678401,0.3734930090252432,0.12431989000771713,0.10319562560627356,0.15246775157264447,-7.178698980658826,-9.227087878995455,0.36841022870233164,1.6798457828574254,1
MSME084,2025-09-01,64,897956.27,737064.74,1370140.4,340480.59,91631.81,136909.38,92521.39,2220513.29,160891.53000000003,17.91752397920224,385758.16000000003,1.858914591410247,0.37917279646591256,0.12431989352794165,0.10303551864502265,0.15246775881413469,0.1553900668006536,3.0981460874801803,0.7397273359428302,1.6784743357710186,1
MSME084,2025-10-01,64,892130.24,748223.48,1380019.86,346190.82,93019.06,136021.09,92521.39,2127991.9,143906.76,16.130689617695282,389192.85000000003,1.844395286819922,0.38804964172047346,0.12431988902566918,0.1037083890352153,0.15246774955190398,-0.6488099916046042,1.5139429950210337,0.7210545722175832,1.677108818449824,1
MSME084,2025-11-01,64,888326.26,714659.29,1418594.67,351992.13,88846.36,135441.11,92521.39,2035470.52,173666.96999999997,19.549908386137314,398586.88,1.9849943740324145,0.3962419505644244,0.12431988395477235,0.10415248784832726,0.15246775435862944,-0.42639289976315053,-4.485850938545788,2.7952358598665183,1.6757550070218397,1
MSME085,2023-11-01,60,769042.62,618033.91,427727.86,164486.31,72908.22,200112.65,56655.34,2606145.79,151008.70999999996,19.635935131917652,291690.74,0.6920783035998784,0.21388451786976384,0.1179679930507373,0.07366996123049721,0.26021009082695573,0.4089538410759319,-1.3863536094523399,7.547134609969008,1.662043903487298,0
MSME085,2023-12-01,60,788897.4,639686.94,467553.99,167217.48,75462.58,205279.06,56655.34,2549490.45,149210.46000000008,18.913797915926718,297033.96,0.7309106388822008,0.21196353290047604,0.11796798602766535,0.07181585336699042,0.2602100856207664,2.5817528812642543,3.503534296362454,9.311090935250288,1.6604238978915609,0
MSME085,2024-01-01,60,796296.47,640768.25,516343.76,169991.32,75590.15,207204.37,56655.34,2492835.11,155528.21999999997,19.531446623140244,301605.54000000004,0.8058198264349085,0.21347742506004078,0.11796800169171927,0.07114855099131609,0.26021008230766113,0.9379001629362671,0.16903737318758605,10.435109322882695,1.6588217930326499,0
MSME085,2024-02-01,60,816205.19,649752.66,579582.02,172808.48,76650.02,212384.82,56655.34,2436179.76,166452.5299999999,20.393466255709537,308543.28,0.8920040742888224,0.21172185881346825,0.11796799723759499,0.06941310922073407,0.26021008271216706,2.5001642918246247,1.4021309576434327,12.247317562238003,1.657237557776492,0
MSME085,2024-03-01,60,831538.54,653738.33,633045.7,175669.6,77120.2,216374.72,56655.34,2379524.42,177800.21000000008,21.382076890867868,314924.12,0.9683472284698375,0.21125851845664304,0.11796799493155007,0.06813314990788039,0.26021009200607825,1.8786146165034934,0.6134134179612172,9.224523562687459,1.655659490784256,0
MSME085,2024-04-01,60,821207.09,652670.55,685748.29,178575.34,76994.23,213686.37,56655.34,2322869.08,168536.53999999992,20.52302544051342,315267.48,1.0506806075438826,0.21745469830271436,0.11796798553267034,0.06899032009087988,0.2602100890288222,-1.242449929019529,-0.1633344644178858,8.325242553578693,1.6540938215832357,0
MSME085,2024-05-01,60,786600.95,643102.64,718862.76,181526.38,75865.53,204681.5,56655.34,2266213.73,143498.30999999994,18.24283456560788,310342.35,1.1178040880068538,0.23077315124015552,0.11796799652385193,0.07202551687739507,0.26021008492298414,-4.2140576258298035,-1.465963187706265,4.828954075846115,1.6525462026279802,0
MSME085,2024-06-01,60,762577.3,606996.03,756790.08,184523.39,71606.1,198430.31,56655.34,2209558.39,155581.27000000002,20.4020326857356,311347.6,1.2467792911265003,0.24197335797957795,0.1179679873688795,0.07429455348329932,0.26021009279977253,-3.0541089481267325,-5.614439710588027,5.276016801871886,1.6510052147792553,1
MSME085,2024-07-01,60,710653.3,573244.15,794489.31,187567.07,67624.46,184919.16,56655.34,2152903.05,137409.15000000002,19.33560992399529,304861.76999999996,1.3859527567791141,0.2639361134325275,0.11796798973003039,0.07972289722710074,0.26021009119355387,-6.8090146402207345,-5.560477883191428,4.981464609049846,1.649481943725406,0
MSME085,2024-08-01,60,687448.81,556122.23,811274.63,190658.11,65604.62,178881.11,56655.34,2096247.7,131326.58000000007,19.103470409673132,303934.6,1.45880633111897,0.27734153761936103,0.11796798700170644,0.08241390366215048,0.26021008022400965,-3.2652335534078314,-2.986846006191257,2.112718168605676,1.6479651785358485,0
MSME085,2024-09-01,60,657666.51,528466.84,816260.21,193797.22,62342.17,171131.46,56655.34,2039592.36,129199.67000000004,19.64516484198048,302586.51,1.5445816997713613,0.29467399822441925,0.11796798830367485,0.08614600126133835,0.2602100873283026,-4.33229348378682,-4.9728977746492875,0.6145366581967293,1.646460252857862,0
MSME085,2024-10-01,60,665358.31,537888.54,828532.63,196985.12,63453.63,173132.95,56655.34,1982937.02,127469.77000000002,19.158063870878834,306664.44,1.5403425958842698,0.2960587055717392,0.11796799017134664,0.08515012009093265,0.2602100964215807,1.1695593257439851,1.7828365541346036,1.5034935979545194,1.644966836985584,0
MSME085,2024-11-01,60,663460.85,535009.91,859895.88,200222.54,63114.05,172639.21,56655.34,1926281.67,128450.93999999994,19.36074148158101,309747.7,1.607252246972397,0.3017850111276348,0.11796800175159372,0.08539364455340508,0.26021009378322774,-0.2851786731272732,-0.5351722124438685,3.785397082067843,1.6434845434010414,0
MSME085,2024-12-01,60,680326.66,547455.7,887002.26,203510.23,64582.25,177027.86,56655.34,1869626.33,132870.96000000008,19.530464968108124,315955.83999999997,1.6202265498377313,0.2991360503202976,0.11796799266132402,0.08327667182703084,0.2602100879010092,2.542095739334127,2.326272797451523,3.1522862977317656,1.6420179266530166,0
MSME085,2025-01-01,60,705073.92,563718.79,921181.95,206848.94,66500.77,183467.35,56655.34,1812970.99,141355.13,20.04827096710654,323815.52,1.6341160989152055,0.2933719914076527,0.1179679854205321,0.08035375922002617,0.2602100925814984,3.6375555236950463,2.970667763619983,3.8533937895490755,1.6405612631856359,0
MSME085,2025-02-01,60,741595.26,597525.81,961098.65,210239.43,70488.92,192970.57,56655.34,1756315.64,144069.44999999995,19.42696478399821,332721.08,1.6084638251860617,0.28349618901285856,0.11796799204372442,0.0763965778314171,0.26021009087895197,5.179788808526631,5.997142653343168,4.333204748529873,1.6391140317180142,0
MSME085,2025-03-01,60,764086.29,608727.74,1009208.83,213682.47,71810.39,198822.96,56655.34,1699660.3,155358.55000000005,20.332592278288363,340695.04,1.6578985376943722,0.27965751093374547,0.11796799337582349,0.07414782955993098,0.26021008700470205,3.03279041993878,1.8747190184136064,5.005748369327123,1.6376756729220565,0
MSME085,2025-04-01,60,765655.91,622860.83,1057737.77,217178.85,73477.64,199231.39,56655.34,1643004.96,142795.08000000007,18.650033015483427,342932.6,1.6981927889092017,0.28365071981224566,0.11796798973536353,0.07399582405104141,0.26021008575510113,0.20542444231004264,2.3217423934056347,4.808612306731419,1.636250273595219,1
MSME085,2025-05-01,60,739395.38,602322.75,1093223.51,220729.36,71054.81,192398.14,56655.34,1586349.61,137072.63,18.538475314790308,342072.69,1.8150128149733677,0.29852683147682096,0.1179679997144388,0.07662387611889054,0.260210092197222,-3.4298083064493112,-3.2973786455635645,3.354871217277222,1.6348323052636005,1
MSME085,2025-06-01,60,710835.94,577590.16,1124602.3,224334.82,68137.15,184966.68,56655.34,1529694.27,133245.7799999999,18.7449413432866,341164.35,1.9470593127833065,0.3155929622804385,0.11796798962087579,0.07970241347110277,0.2602100844816597,-3.862539687494404,-4.106202198074039,2.87029959683176,1.6334301879913138,1
MSME085,2025-07-01,60,681288.65,536880.34,1145970.59,227996.05,63334.7,177278.18,56655.34,1473038.93,144408.31000000006,21.196347539328602,341939.52999999997,2.1344990766471357,0.33465411466931083,0.11796800009476972,0.08315908389197442,0.26021008863130185,-4.156696128786052,-7.048219104009679,1.9000752532695397,1.632038218587728,1
MSME085,2025-08-01,60,649428.42,522444.28,1175062.06,231713.87,61631.7,168987.83,56655.34,1416383.58,126984.14000000001,19.55321573392184,339069.99999999994,2.249162456137906,0.3567966274096843,0.1179679869401575,0.08723877529104745,0.26021009366975345,-4.676465694827003,-2.6888784938558064,2.538587835836159,1.630651057331911,1
MSME085,2025-09-01,60,633167.56,502829.09,1194521.16,235489.13,59317.74,164756.59,56655.34,1359728.24,130338.47000000003,20.585146528985156,340927.98,2.3756007433857893,0.37192229178639535,0.11796799584526821,0.08947922095061217,0.26021009351774116,-2.5038725591959743,-3.7545037338718723,1.6560061517091107,1.6292766591831542,1
MSME085,2025-10-01,60,651010.04,522550.76,1239844.41,239322.7,61644.26,169399.38,56655.34,1303072.9,128459.28000000003,19.732303974912586,347077.82,2.372677460080624,0.367617525530021,0.11796798458392826,0.08702682987807683,0.26021008831138764,2.8179712807775426,3.9221418156216714,3.7942609572525265,1.6279180274690441,1
MSME085,2025-11-01,60,648286.53,513558.72,1270794.47,243215.43,60583.49,168690.69,56655.34,1246417.55,134727.81000000006,20.782139341997443,351322.63,2.474487182303126,0.3751665640808548,0.11796799010636992,0.08739243741498068,0.26021008025571657,-0.41835145891144787,-1.7207974207137378,2.49628580411958,1.6265611243730715,1
MSME086,2023-11-01,26,437229.3,348741.24,222969.87,83918.58,43526.98,121141.2,60038.72,2761781.24,88488.06,20.238364629268897,161532.8,0.6393561885597471,0.19193265410163501,0.12481167985753565,0.13731632349433123,0.2770656037918776,-0.626118051715141,-2.630994755399152,3.0657704865352464,1.8140730977237451,1
MSME086,2023-12-01,26,440077.47,362814.81,228436.87,85439.58,45283.53,121930.33,60038.72,2701742.52,77262.65999999997,17.5566042951483,162086.38,0.6296238844274301,0.1941466805833073,0.12481169112142913,0.13642761580137244,0.2770656039265087,0.651413343067353,4.035533623726284,2.4519007882096266,1.812471088047496,1
MSME086,2024-01-01,26,463467.88,380802.81,236170.57,86986.77,47528.64,128411.0,60038.72,2641703.8,82665.07,17.836202586466186,167869.13,0.6201912480635319,0.18768672815039525,0.12481168403142823,0.1295423536146669,0.27706558650838975,5.315066458639661,4.957901249951724,3.3854867648992037,1.810858620793776,1
MSME086,2024-02-01,26,474757.17,381483.57,247316.07,88560.6,47613.61,131538.88,60038.72,2581665.07,93273.59999999998,19.646591119413735,172485.87,0.6483007118760056,0.18653873094744416,0.12481169241443348,0.12646195527705248,0.2770655996622442,2.435830073057055,0.1787696892257662,4.719258627355649,1.809275134598054,1
MSME086,2024-03-01,26,484052.74,383198.91,262082.53,90161.5,47827.7,134114.36,60038.72,2521626.35,100853.83000000002,20.83529782312564,176448.15999999997,0.6839333911466502,0.1862637943129916,0.12481168070128383,0.1240334266055389,0.2770655941333996,1.9579630571982642,0.4496497712863423,5.970683587200787,1.8076887464628655,1
MSME086,2024-04-01,26,486558.04,407147.37,260557.87,91789.94,50816.75,134808.49,60038.72,2461587.63,79410.66999999998,16.32090387407841,175781.68,0.6399596047986261,0.1886515738184082,0.12481168673642666,0.12339477526668761,0.27706558913300455,0.517567569186772,6.2496158979157945,-0.5817480470750924,1.8061367656926786,1
MSME086,2024-05-01,26,462374.93,381696.74,261995.96,93446.35,47640.21,128108.18,60038.72,2401548.91,80678.19,17.44865146559741,173914.32,0.6863982123609439,0.20210081459217524,0.12481167641096437,0.12984856250748716,0.27706558398397596,-4.970241576934987,-6.250962642838642,0.5519272935413433,1.8045659469872133,1
MSME086,2024-06-01,26,454358.27,362914.33,273446.24,95131.22,45295.95,125887.04,60038.72,2341510.18,91443.94,20.125954788937815,175722.31,0.7534732508358102,0.20937490584247537,0.12481168765091198,0.1321395998800682,0.27706558527040787,-1.7338007491020324,-4.92076772780401,4.370403268813772,1.8030345754542543,1
MSME086,2024-07-01,26,441526.4,349738.72,276292.09,96845.01,43651.48,122331.77,60038.72,2281471.46,91787.68000000005,20.788718409590015,175525.3,0.7899957145151102,0.21934138026627625,0.1248116879938258,0.1359799096950941,0.27706558430028194,-2.8241744119678946,-3.6305014464433127,1.0407347345496643,1.8015011265491987,1
MSME086,2024-08-01,26,428283.65,352147.36,276049.77,98588.21,43952.11,118662.66,60038.72,2221432.74,76136.29000000004,17.777071340453933,173298.76,0.7839041303617895,0.23019372791840173,0.12481169814818434,0.14018447820737495,0.2770655849225157,-2.9993110264754264,0.6886969792764264,-0.08770428425945997,1.7999894883587775,1
MSME086,2024-09-01,26,423484.28,346852.71,271696.85,100361.3,43291.27,117332.92,60038.72,2161394.02,76631.57,18.095493414773273,174402.95,0.7833205339522934,0.23698943441300818,0.1248116815924546,0.14177319639822286,0.27706558552775556,-1.1206054678949307,-1.5035324984404186,-1.576860578438466,1.7984807716865836,1
MSME086,2024-10-01,26,419879.45,337819.08,275712.41,102164.78,42163.77,116334.15,60038.72,2101355.29,82060.37,19.543792867214623,176335.16,0.8161540490844981,0.24331931462709117,0.12481168914437868,0.14299037497548403,0.27706559585138063,-0.8512311248011439,-2.6044570907345688,1.4779560381358747,1.7969874842195033,1
MSME086,2024-11-01,26,430928.68,355786.51,276454.44,103999.15,44406.32,119395.51,60038.72,2041316.57,75142.16999999998,17.43726363258068,178988.33999999997,0.7770233896726438,0.24133726722482243,0.12481170238860377,0.1393240292105877,0.2770655923852643,2.631524357765058,5.318654588722449,0.26913188274695354,1.7955013459628688,1
MSME086,2024-12-01,26,441994.81,353569.8,281987.63,105864.93,44129.64,122461.55,60038.72,1981277.85,88425.01000000001,20.00589328186908,184196.83999999997,0.7975444452552226,0.23951622870865835,0.12481167792045587,0.1358358031398604,0.2770655836433917,2.567972500693161,-0.6230449827903883,2.0014834994149577,1.794033893546243,1
MSME086,2025-01-01,26,461704.79,370331.54,293982.57,107762.63,46221.7,127922.51,60038.72,1921239.13,91373.25,19.790405466661934,189463.44,0.7938361663713548,0.2334015854589683,0.12481167550568337,0.13003703080490026,0.27706558989782193,4.459323854956576,4.740715977439258,4.2537114128020415,1.7925671891532158,1
MSME086,2025-02-01,26,474184.12,382213.23,303217.64,109692.79,47704.68,131380.1,60038.72,1861200.4,91970.89000000001,19.39560734340914,193368.21000000002,0.79332062890654,0.23132953081600455,0.1248116921541413,0.12661478414755856,0.27706558372304835,2.7028807736649174,3.2083926743047497,3.1413665102662414,1.7911218388044103,0
MSME086,2025-03-01,26,498604.95,403825.58,316955.36,111655.94,50402.15,138146.28,60038.72,1801161.68,94779.37,19.008910761916823,199400.07,0.7848818294274473,0.22393668574690243,0.12481168231096207,0.12041340544252518,0.27706560073260406,5.1500733512543695,5.654526924669789,4.530646699842378,1.7896800692187798,0
MSME086,2025-04-01,26,508913.01,411431.2,335734.29,113652.64,51351.42,141002.28,60038.72,1741122.96,97481.81,19.154906257947697,203303.5,0.8160156303168062,0.2233242966219315,0.12481168175869986,0.11797442553099595,0.27706558336954284,2.0673801974890216,1.8833923299262034,5.924787011016308,1.7882613320885588,1
MSME086,2025-05-01,26,502172.91,417043.81,338709.35,115683.43,52051.94,139134.83,60038.72,1681084.23,85129.09999999998,16.952149011781614,202766.31999999998,0.8121673116308811,0.2303657319945833,0.12481168345359209,0.11955786304761044,0.2770655828487443,-1.324411022622518,1.3641673261531873,0.8861352827558955,1.786839267438034,1
MSME086,2025-06-01,26,492382.52,398242.08,348955.54,117748.87,49705.27,136422.25,60038.72,1621045.51,94140.44,19.11937085012685,204465.85,0.8762397484464725,0.23914104424340651,0.12481169744794421,0.12193511662436757,0.2770655830755324,-1.949605366008289,-4.508334508070022,3.0250685432805513,1.7854242392363329,1
MSME086,2025-07-01,26,472711.19,386811.99,347821.0,119849.55,48278.66,130972.01,60038.72,1561006.79,85899.20000000001,18.17160283428027,202542.9,0.8991991173799965,0.2535365198357162,0.12481169469436561,0.12700930561851095,0.2770656010914402,-3.995131671205554,-2.8701361744595255,-0.32512451299668843,1.7840341058050102,1
MSME086,2025-08-01,26,455941.99,372065.39,348263.32,121986.05,46438.11,126325.84,60038.72,1500968.07,83876.59999999998,18.396331515770235,201873.78000000003,0.9360271859739493,0.2675473035506118,0.1248116896871273,0.13168061138654943,0.2770655977529071,-3.5474514576225746,-3.8123430455193397,0.12716885984458415,1.782651666193158,1
MSME086,2025-09-01,26,447409.52,361556.83,358776.44,124158.95,45126.52,123961.78,60038.72,1440929.34,85852.69,19.188838449391955,202994.21,0.9923099502780793,0.27750627657632315,0.12481169281188795,0.1341918696768008,0.2770655841207849,-1.8713937709487927,-2.8243852512054413,3.018727323911108,1.7812692516890216,1
MSME086,2025-10-01,26,439273.08,359604.61,357645.42,126368.87,44882.86,121707.46,60038.72,1380890.62,79668.47000000003,18.136433491440002,203193.47000000003,0.9945518217911611,0.287677246235986,0.12481169248636718,0.13667743991960535,0.27706560119732354,-1.8185665785564908,-0.5399483118601389,-0.315243665386733,1.7799119596291657,1
MSME086,2025-11-01,26,439961.92,355423.5,359377.48,128616.4,44361.01,121898.31,60038.72,1320851.9,84538.41999999998,19.21494023846427,206153.69999999998,1.0111247005333075,0.2923353002914434,0.12481169646914175,0.13646344665465593,0.27706559240399714,0.1568136158036193,-1.162696440404365,0.4842953112610848,1.7785472007465053,1
MSME087,2023-11-01,30,523524.23,418708.44,316452.26,127331.95,54305.5,104098.5,41077.41,1889560.78,104815.78999999998,20.021191760312597,177124.95,0.7557818992136868,0.24322073879942482,0.12969764832063094,0.07846324514913093,0.19884179954765419,3.480618542334901,2.5393441189716537,11.067712318393564,1.2458704753338434,0
MSME087,2023-12-01,30,530897.57,433626.52,346237.16,128916.3,56240.34,105564.62,41077.41,1848483.37,97271.04999999993,18.321999477224946,178240.58,0.7984685991991448,0.2428270673757275,0.12969764856632846,0.07737351293583809,0.19884178411289397,1.4084047265586763,3.562880175044958,9.412130600678914,1.2442674442667334,0
MSME087,2024-01-01,30,549089.73,445346.88,383670.9,130518.31,57760.44,109181.99,41077.41,1807405.96,103742.84999999998,18.893605968554535,181939.86,0.8615102456763591,0.23769941936448166,0.12969764153282043,0.07481001329236299,0.198841799499692,3.426679839578095,2.702869741453995,10.81158937417348,1.24267451051574,0
MSME087,2024-02-01,30,570790.46,458318.26,418889.89,132138.16,59442.8,113497.0,41077.41,1766328.55,112472.19999999995,19.70463907192842,186192.36,0.9139716362162834,0.23150029522217314,0.12969764722007804,0.07196583138407746,0.19884179563898108,3.9521281885931403,2.912646429677479,9.179479079596597,1.241090234772435,0
MSME087,2024-03-01,30,580101.18,466409.63,454548.78,133776.04,60492.23,115348.36,41077.41,1725251.14,113691.55000000005,19.59857244213846,188632.17,0.9745698861320681,0.2306081156394131,0.12969764367858358,0.0708107678732872,0.19884179515028738,1.631197550148289,1.7654478789477013,8.512712016038403,1.2395208166967153,0
MSME087,2024-04-01,30,586274.15,482487.36,485471.01,135432.14,62577.48,116575.8,41077.41,1684173.74,103786.79000000004,17.702774376117393,189430.46,1.006183892568709,0.23100479528220716,0.12969765674275904,0.07006519049151323,0.1988417875835051,1.0641195385949764,3.447126509802123,6.80284083041649,1.2379645861845034,0
MSME087,2024-05-01,30,564716.35,462241.45,507871.13,137106.65,59951.63,112289.21,41077.41,1643096.33,102474.89999999997,18.14626050759819,189444.22999999998,1.098713951334308,0.24278852560227804,0.12969765043788262,0.07273989853490165,0.19884179021910736,-3.67708519981651,-4.196153449491402,4.614100438252744,1.23641995171897,0
MSME087,2024-06-01,30,528892.01,435387.68,526643.9,138799.76,56468.76,105165.84,41077.41,1602018.92,93504.33000000002,17.679285795979414,187496.84,1.209597616542572,0.26243497231126633,0.1296976524462061,0.07766691351605029,0.19884180137264693,-6.343775950528075,-5.809468190271561,3.696364863267587,1.2348853976083651,0
MSME087,2024-07-01,30,505271.15,408861.29,557605.21,140511.67,53028.35,100469.02,41077.41,1560941.51,96409.86000000004,19.08081631021285,187952.34,1.3638004468459217,0.2780916147696143,0.12969765369570693,0.08129775468082831,0.19884179019522488,-4.466102635961544,-6.09259086063253,5.878983882657707,1.2333666859366321,0
MSME087,2024-08-01,30,492012.75,400084.09,568095.86,142242.57,51889.97,97832.7,41077.41,1519864.1,91928.65999999997,18.6842027975901,188185.30000000002,1.4199411428732394,0.28910342262471855,0.12969765930957164,0.08348850715758892,0.19884179830705606,-2.6240168274004994,-2.146742725387374,1.881375893170012,1.231854976885538,1
MSME087,2024-09-01,30,485602.78,401136.12,578953.57,143992.67,52026.41,96558.13,41077.41,1478786.7,84466.66000000003,17.3941878998304,188524.39,1.4432845638532874,0.29652357014924835,0.12969764477953272,0.0845905577393935,0.1988417982285851,-1.3028056691620216,0.2629522208693613,1.9112461055428076,1.2303630340762206,1
MSME087,2024-10-01,30,472858.03,388666.43,601053.45,145762.16,50409.12,94023.94,41077.41,1437709.29,84191.60000000003,17.80483668639402,189376.98,1.546450641492243,0.3082577660783301,0.12969764329787886,0.086870492608532,0.19884179613064834,-2.6245216306216346,-3.10859316283959,3.8172111107286133,1.228875053153744,1
MSME087,2024-11-01,30,478640.16,396419.34,614979.99,147551.24,51414.66,95173.67,41077.41,1396631.88,82220.81999999995,17.17800278188106,191310.24999999997,1.5513370008637821,0.308271750535935,0.12969765804059913,0.08582106858730786,0.198841797980345,1.222804654496401,1.9947464976586726,2.3170218888187044,1.2273967400043828,1
MSME087,2024-12-01,30,475282.43,381084.65,632661.93,149360.12,49425.78,94506.01,41077.41,1355554.47,94197.77999999997,19.81932721560946,194440.35,1.660161147923434,0.31425550487948817,0.1296976406685496,0.08642736909083722,0.1988417918162891,-0.7015144738377166,-3.868300169209704,2.8752057444991097,1.2259334452221493,1
MSME087,2025-01-01,30,497890.87,417822.66,651144.84,151189.01,54190.62,99001.51,41077.41,1314477.06,80068.21000000002,16.08147785477569,195999.90000000002,1.5584239495292094,0.30365893232788144,0.12969765689587062,0.08250283842320709,0.19884178635370436,4.756843210046702,9.640380424664174,2.9214512717716357,1.224483483275196,1
MSME087,2025-02-01,30,495439.05,409718.99,676082.39,153038.12,53139.59,98513.99,41077.41,1273399.65,85720.06,17.30183763270174,198412.52,1.6501124099715272,0.3088939396278917,0.12969764960125474,0.08291112700946768,0.19884179496953258,-0.49244124520700927,-1.939499882557827,3.829800755235979,1.2230452464765618,1
MSME087,2025-03-01,30,495237.2,416931.37,681522.23,154907.65,54075.02,98473.85,41077.41,1232322.25,78305.83000000002,15.811782717453376,199306.48,1.6346149007689204,0.3127948587060907,0.12969765263765112,0.08294492013120178,0.1988417873293848,-0.040741641176644805,1.760323581779799,0.8046119941091723,1.2216106679825867,1
MSME087,2025-04-01,30,492546.06,406781.69,703968.61,156797.82,52758.63,97938.74,41077.41,1191244.84,85764.37,17.412456816728977,201977.93,1.7305808675901808,0.31834143592580966,0.12969765182892082,0.08339810900121707,0.19884178953740897,-0.5434042515384596,-2.4343766697142444,3.2935653470907322,1.220191514105351,1
MSME087,2025-05-01,30,484299.21,398953.55,712214.19,158708.84,51743.34,96298.92,41077.41,1150167.43,85345.66000000003,17.6225065492054,203264.42,1.7852057965144061,0.32770823640203744,0.12969765527841523,0.08481824696761327,0.19884178625854046,-1.6743307214760694,-1.9244081512125089,1.1712993850677478,1.2187796998708311,1
MSME087,2025-06-01,30,462815.58,378921.76,722586.43,160640.94,49145.26,92027.08,41077.41,1109090.02,83893.82,18.12683574740505,203522.76,1.9069541691139618,0.3470949270981759,0.1296976452342035,0.0887554606523834,0.19884179352821268,-4.436024167786689,-5.021083281499806,1.4563371729507502,1.2173865047466759,1
MSME087,2025-07-01,30,439696.33,352222.85,737554.76,162594.32,45682.48,87430.01,41077.41,1068012.61,87473.48000000004,19.894066434441253,204341.85,2.0940003182644173,0.36978775783732376,0.12969766157987764,0.09342222619870401,0.19884180065819515,-4.99534825513005,-7.046021848943173,2.0714933713881,1.2159913904886244,1
MSME087,2025-08-01,30,432969.04,354714.34,747057.08,164569.22,46005.62,86092.34,41077.41,1026935.21,78254.69999999995,18.07397129365184,204655.94,2.106080853680739,0.3800946598860741,0.12969766037651592,0.0948737812754464,0.19884179247550818,-1.5299854788417333,0.7073618307273488,1.2883545080774716,1.2146180752193425,1
MSME087,2025-09-01,30,408599.62,336966.78,747025.57,166565.85,43703.8,81246.68,41077.41,985857.8,71632.83999999997,17.53130362676303,204108.72999999998,2.2169116195964476,0.4076505259598626,0.12969765150143286,0.10053217866428756,0.19884179040597247,-5.628444010684919,-5.00333874294453,-0.004217883859691796,1.2132463166562912,1
MSME087,2025-10-01,30,398502.81,325772.89,758257.56,168584.45,42251.98,79239.01,41077.41,944780.39,72729.91999999998,18.250792259156214,205571.48,2.327564948697849,0.42304457025033276,0.1296976553205517,0.10307934842416797,0.19884178482957246,-2.4710766985050037,-3.321956544202964,1.5035616518454864,1.2118930741205292,1
MSME087,2025-11-01,30,412519.81,345425.27,756864.44,170625.23,44800.85,82026.18,41077.41,903702.98,67094.53999999998,16.264561937037637,207850.56,2.1911090639083812,0.41361705756627787,0.12969766224688772,0.0995768178987574,0.1988417962279193,3.517415598650353,6.03254003118554,-0.1837264899805402,1.2105386944050833,1
MSME088,2023-11-01,87,747140.01,619982.83,317057.58,150769.25,69641.15,198712.33,22054.74,1014517.89,127157.18000000005,17.019190285365664,279840.42999999993,0.5113973559558094,0.2017951762481573,0.11232754623220775,0.029518884954374217,0.2659639790940924,0.7544269800053849,1.478668625848445,13.116199186781575,1.3149233182593312,0
MSME088,2023-12-01,87,741916.06,620754.13,350374.14,152749.33,69727.79,197322.95,22054.74,992463.15,121161.93000000005,16.330948544232893,280344.49000000005,0.5644330388909374,0.2058849218063833,0.11232754907325383,0.0297267321588914,0.2659639825022793,-0.6991929129856023,0.12440667106863312,10.508047150299959,1.3133181998318477,0
MSME088,2024-01-01,87,745882.24,607177.65,391241.61,154752.97,68202.78,198377.81,22054.74,970408.41,138704.58999999997,18.59604406186156,284928.0,0.6443610202055362,0.20747641075352594,0.11232755355866605,0.0295686622059804,0.2659639811238836,0.5345860824201409,-2.187094590897043,11.663951569028463,1.3117177011513048,0
MSME088,2024-02-01,87,763521.94,624583.91,441482.92,156780.45,70157.98,203069.34,22054.74,948353.68,138938.0299999999,18.196992479351664,289691.81000000006,0.7068432486517303,0.2053385001615016,0.11232754939204244,0.02888553536523129,0.2659639878848799,2.3649443644079726,2.866749130176327,12.841504767348244,1.3101396373846663,0
MSME088,2024-03-01,87,772928.97,652114.75,472289.73,158832.03,73250.45,205571.26,22054.74,926298.94,120814.21999999997,15.630701486062812,291152.84,0.7242432869368466,0.2054936949769136,0.11232754664727335,0.028533980295757322,0.2659639733777866,1.232057588286195,4.407868912281132,6.978029863533575,1.3085687660674417,0
MSME088,2024-04-01,87,746238.73,615453.8,504181.38,160907.98,69132.42,198472.62,22054.74,904244.2,130784.92999999993,17.525883439472505,290248.18,0.8192026436427884,0.2156253401642662,0.11232755407473313,0.029554536790123452,0.2659639764341902,-3.4531297229032587,-5.621855662672859,6.752560552184783,1.3070096755673388,0
MSME088,2024-05-01,87,714810.46,596622.22,530341.73,163008.57,67017.11,190113.84,22054.74,882189.47,118188.23999999999,16.534206844147185,286105.30000000005,0.8889071043984919,0.2280444665009519,0.11232754623185172,0.030853969316565404,0.26596398715262226,-4.211557071019357,-3.0597877533618423,5.188678328422203,1.305460425269156,0
MSME088,2024-06-01,87,685363.52,560679.77,571200.59,165134.09,62979.79,182282.01,22054.74,860134.73,124683.75,18.192352869904717,284436.31,1.0187644009342445,0.24094379870116225,0.11232755909848503,0.032179623450048815,0.2659639806915898,-4.119545200835473,-6.024323063261027,7.704251370149584,1.3039314436044558,0
MSME088,2024-07-01,87,661461.42,562333.78,591325.49,167284.8,63165.58,175924.91,22054.74,838079.99,99127.64000000001,14.986155957516011,280044.12999999995,1.0515560527059213,0.2529018245689975,0.11232755748729874,0.03334244346404965,0.26596397715833525,-3.4875068926925046,0.2950008344335231,3.523263167497781,1.302402187216467,0
MSME088,2024-08-01,87,650616.68,547437.74,612147.63,169461.01,61492.34,173040.6,22054.74,816025.26,103178.94000000006,15.858637377695272,281009.27,1.1182050218167274,0.2604621357079256,0.11232754979589094,0.0338982086964017,0.265963977437529,-1.6395120973192956,-2.648967664720414,3.521265420166486,1.3009012175643209,0
MSME088,2024-09-01,87,627738.68,530187.43,623106.24,171662.98,59554.66,166955.88,22054.74,793970.52,97551.25,15.540105000380095,279064.19999999995,1.1752565314496422,0.2734624860140847,0.11232755933123499,0.03513363235797418,0.2659639836117793,-3.5163562053158515,-3.1510998858061856,1.7901907093881952,1.2993962445992713,0
MSME088,2024-10-01,87,626034.31,523582.81,652873.1,173891.02,58812.78,166502.58,22054.74,771915.78,102451.50000000006,16.365157366534756,281580.81999999995,1.2469337944842,0.2777659582267943,0.11232756094494394,0.0352292832001492,0.26596398526464143,-0.27150947588573393,-1.2457141807379446,4.777172509137451,1.2979152523158843,0
MSME088,2024-11-01,87,648575.16,544016.78,688080.02,176145.4,61108.07,172497.63,22054.74,749861.05,104558.38,16.121243372934604,287534.96,1.2648139640104483,0.2715882612587259,0.11232754622017357,0.034004910086288226,0.2659639786389599,3.600577418831885,3.9027198009040864,5.392613051449047,1.2964326737516352,0
MSME088,2024-12-01,87,689089.19,582143.75,721375.64,178426.43,65390.78,183272.9,22054.74,727806.31,106945.43999999994,15.519825525052852,296308.54999999993,1.2391709779586229,0.2589308214224054,0.11232754796388349,0.03200563921195746,0.26596397485207973,6.246620669222036,7.008418012400264,4.838916845747088,1.294969950960967,0
MSME088,2025-01-01,87,714569.52,595981.79,753343.24,180734.41,66945.18,190049.75,22054.74,705751.57,118587.72999999998,16.595688268371703,303838.98000000004,1.2640373458390397,0.2529276787512571,0.11232755953835433,0.030864372720515704,0.26596397506571506,3.697682443690642,2.3770829799340865,4.43147761407634,1.2935191271831181,0
MSME088,2025-02-01,87,747142.04,621854.25,790034.55,183069.64,69851.37,198712.87,22054.74,683696.84,125287.79000000004,16.76893860771106,311931.14,1.2704497074676262,0.245026554790037,0.1123275590703127,0.029518804750968103,0.2659639792187306,4.558341643231589,4.341149416662549,4.87046382735179,1.292078248962114,0
MSME088,2025-03-01,87,750692.34,631145.95,825905.66,185432.41,70895.08,199657.12,22054.74,661642.1,119546.39000000001,15.924818148537392,314194.45,1.3085810976050787,0.2470151886723661,0.11232755276335055,0.029379199473382134,0.26596397666719235,0.47518407610953606,1.4941925700435288,4.540448262674079,1.2906399990735729,0
MSME088,2025-04-01,87,762191.12,645501.57,864503.07,187823.05,72507.61,202715.38,22054.74,639587.36,116689.55000000005,15.309749344757526,318030.82,1.3392733808532797,0.24642513546995928,0.11232755018705842,0.0289359708100509,0.2659639750198087,1.5317566714481146,2.2745325387891757,4.673343684313758,1.2892244672870312,0
MSME088,2025-05-01,87,741506.87,624544.26,891065.08,190241.86,70153.53,197214.12,22054.74,617532.63,116962.60999999999,15.773638078363316,317302.44999999995,1.4267444872521924,0.2565611563383088,0.11232755545619777,0.029743136432437912,0.26596398223525564,-2.713787848905924,-3.2466706471372286,3.0725177181846197,1.2878131837386286,0
MSME088,2025-06-01,87,709103.98,578833.41,923778.61,192689.16,65018.94,188596.12,22054.74,595477.89,130270.56999999995,18.371151999457112,316266.34,1.5959317379416642,0.27173611407455367,0.11232755206718285,0.03110226514311766,0.26596398457670484,-4.369870504369033,-7.3190729508906145,3.6712840323627205,1.2864150928717955,1
MSME088,2025-07-01,87,673669.77,564660.79,944061.82,195165.26,63426.96,179171.89,22054.74,573423.15,109008.97999999998,16.181367318886817,310910.19,1.6719096433099239,0.28970464267678214,0.1123275444714339,0.032738206436070304,0.26596397519811527,-4.99704006738193,-2.4484799521161005,2.1956786810640727,1.2850229872817032,1
MSME088,2025-08-01,87,642661.89,529964.64,967373.18,197670.49,59529.63,170924.91,22054.74,551368.42,112697.25,17.53600948704147,309065.77,1.8253541972158747,0.30758084939500613,0.11232755075885817,0.03431779656329085,0.26596397368451397,-4.602830849898465,-6.144600548587764,2.469262023539942,1.283645460262739,1
MSME088,2025-09-01,87,623703.1,524441.59,985599.06,200205.17,58909.24,165882.56,22054.74,529313.68,99261.51000000001,15.914865582678683,307178.49,1.8793304703389373,0.3209943481121066,0.11232755205398565,0.03536095940520418,0.26596398190100384,-2.950041117266189,-1.0421544350581624,1.8840588489335675,1.282275366444452,1
MSME088,2025-10-01,87,631602.21,533801.03,1011550.65,202769.63,59960.56,167983.44,22054.74,507258.94,97801.17999999993,15.484616496196226,310792.51,1.8949956878127416,0.32104008945757173,0.11232754646426965,0.03491871885628773,0.2659639838815637,1.2664856082966303,1.784648696530744,2.633077795346117,1.280915972349761,1
MSME088,2025-11-01,87,643046.62,534978.41,1031759.78,205364.21,60092.82,171027.24,22054.74,485204.21,108068.20999999996,16.805657107722606,316298.62999999995,1.9286007822259592,0.31936130851601396,0.11232756103185547,0.03429726448138395,0.2659639825180949,1.8119648441382141,0.22056532937000384,1.9978366876636455,1.2795703182966633,1
MSME089,2023-11-01,53,1355646.26,1086679.73,778618.88,319878.52,157176.34,292868.9,30425.16,1399557.51,268966.53,19.840465609369218,455571.0800000001,0.7165118281906299,0.2359601685472138,0.14463906490645592,0.022443288413601346,0.21603637220228825,0.9714521005534937,4.08282879628965,14.259725870181317,1.7846507094697817,0
MSME089,2023-12-01,53,1384719.17,1096274.14,899148.07,325582.06,158564.07,299149.7,30425.16,1369132.35,288445.03,20.83057967631083,466167.69,0.8201854236933839,0.23512497483515016,0.14463906810754473,0.021972079725017458,0.2160363678651174,2.144579368367072,0.8829105517593305,15.4798699461282,1.783033133953471,0
MSME089,2024-01-01,53,1406046.24,1155348.47,991710.06,331382.09,167108.52,303757.13,30425.16,1338707.19,250697.77000000002,17.82998047062805,468030.69999999995,0.858364455184677,0.23568363583832067,0.1446390628794445,0.021638804709580534,0.21603637302852857,1.540172943514606,5.388645763367195,10.2944101298021,1.7814341490437258,0
MSME089,2024-02-01,53,1461061.08,1130313.06,1102120.5,337280.16,163487.43,315642.33,30425.16,1308282.02,330748.02,22.63752176603048,489435.06,0.9750577419675218,0.23084603690901134,0.14463907017052424,0.020824016474383124,0.21603636858220876,3.9127333394099573,-2.1669141951605186,11.133338709904784,1.7798397010532208,0
MSME089,2024-03-01,53,1481267.66,1187540.05,1203022.69,343277.89,171764.68,320007.69,30425.16,1277856.86,293727.60999999987,19.829475653306297,491520.9000000001,1.0130375729222774,0.2317460235377042,0.14463906290992037,0.02053994752035564,0.216036371171433,1.38300720459954,5.062932741837023,9.155277485538104,1.7782635065163754,0
MSME089,2024-04-01,53,1491417.05,1194449.77,1308189.87,349376.91,172764.1,322200.33,30425.16,1247431.7,296967.28,19.911753053916073,498813.14,1.095223845201963,0.23425835851883278,0.14463906673949128,0.020400169087513114,0.2160363729246625,0.6851827170789804,0.5818515341861508,8.741911592706542,1.7767005034900363,0
MSME089,2024-05-01,53,1488501.21,1189813.69,1396410.69,355578.86,172093.54,321570.4,30425.16,1217006.53,298687.52,20.066326986727812,505055.72,1.1736381096774908,0.23888382327885377,0.1446390652976938,0.020440131184038472,0.2160363712435276,-0.19550802372817477,-0.38813519969115307,6.743732085312648,1.7751459305081152,0
MSME089,2024-06-01,53,1392918.56,1102718.37,1488739.75,361885.42,159496.16,300921.07,30425.16,1186581.37,290200.18999999994,20.83396677548757,503310.32999999996,1.3500634346011664,0.25980371745495295,0.1446390704455209,0.021842741473701088,0.21603637042498736,-6.421402237220885,-7.320080507730575,6.611884359034814,1.7736037513591318,0
MSME089,2024-07-01,53,1332042.91,1052903.39,1591937.25,368298.3,152290.96,287769.71,30425.16,1156156.21,279139.52,20.955745337062755,503777.05000000005,1.5119499710225077,0.27649131813629035,0.14463906322877354,0.02284097589618941,0.21603636627591827,-4.370366778657909,-4.517470766357167,6.931869724040074,1.77207470806644,1
MSME089,2024-08-01,53,1300579.12,1019626.24,1682090.18,374819.24,147477.79,280972.39,30425.16,1125731.04,280952.8800000001,21.60213674659025,508313.83999999997,1.6497125260330687,0.28819410848299637,0.14463906891999956,0.023393547945010834,0.21603636847560645,-2.3620703029754386,-3.1605131407165366,5.6630957030498585,1.7705593536543551,1
MSME089,2024-09-01,53,1234745.94,975695.57,1756008.76,381449.99,141123.7,266750.03,30425.16,1095305.88,259050.37,20.980054406981893,507076.32,1.7997506742805034,0.3089299406807525,0.1446390701558684,0.024640826111969237,0.216036369392719,-5.061835838176465,-4.3085072035808025,4.394448102657611,1.769052730590892,1
MSME089,2024-10-01,53,1208363.55,963908.81,1825548.04,388192.35,139418.87,261050.48,30425.16,1064880.72,244454.74,20.230231208149235,509823.95999999996,1.8939011876030056,0.32125460090218705,0.1446390660128939,0.025178813114645836,0.2160363741524643,-2.1366654584828892,-1.2080366420029853,3.9600759167055744,1.7675606702729274,1
MSME089,2024-11-01,53,1258004.99,998956.95,1911300.46,395048.12,144488.2,271774.83,30425.16,1034455.55,259048.04000000004,20.591972373654897,522334.74999999994,1.9132961235216392,0.3140274666160108,0.1446390657775593,0.02418524587887366,0.2160363688223526,4.108154371256889,3.6360431232078883,4.6973521441813215,1.766075503548703,1
MSME089,2024-12-01,53,1298296.31,1054325.83,1984099.91,402019.16,152496.7,280479.22,30425.16,1004030.39,243970.47999999998,18.791586952904453,530001.6799999999,1.8818659787553529,0.30965131526870004,0.14463906285972336,0.02343468110141975,0.21603636846198843,3.202794926910424,5.542669281193757,3.8088961690513123,1.7646052840347703,1
MSME089,2025-01-01,53,1360202.0,1093413.08,2078850.67,409107.35,158150.25,293853.1,30425.16,973605.23,266788.9199999999,19.6139191090735,544810.2,1.9012491326699694,0.3007695548161229,0.14463906906985236,0.02236811885293508,0.21603636812767513,4.768225059501252,3.7073216730353575,4.775503467464004,1.763147308700419,1
MSME089,2025-02-01,53,1390530.37,1124234.38,2194487.41,416314.57,162608.21,300405.13,30425.16,943180.06,266295.9900000002,19.1506777374449,554111.49,1.951983900367822,0.2993926482885807,0.14463906538777083,0.02188025566101084,0.21603636747610191,2.2296960304425406,2.81881573979339,5.562532300600509,1.7616940883609322,1
MSME089,2025-03-01,53,1409622.53,1122033.69,2284903.81,423642.78,162289.91,304529.73,30425.16,912754.9,287588.8400000001,20.401833390106223,565882.6,2.0363950123458414,0.30053632868651725,0.14463907050776703,0.021583905870176466,0.2160363668421219,1.373012802302176,-0.19575010684159677,4.1201603430479405,1.760257874231974,1
MSME089,2025-04-01,53,1388423.33,1088596.0,2370853.75,431093.94,157453.51,299949.94,30425.16,882329.74,299827.3300000001,21.59480639092978,573590.37,2.1779004791492897,0.3104917143678362,0.14463906720215766,0.021913460644600376,0.21603637271061987,-1.5038919674474793,-2.9800967919243138,3.7616436903748607,1.758830871613104,1
MSME089,2025-05-01,53,1338007.15,1059327.46,2461758.74,438670.05,153220.13,289058.21,30425.16,851904.57,278679.68999999994,20.827967174913823,574508.13,2.3238883470461533,0.32785329286170106,0.14463906184401187,0.022739160997757,0.21603637170399279,-3.631182140968503,-2.688650334926823,3.8342723586387573,1.7574151007550665,1
MSME089,2025-06-01,53,1288636.08,1030410.31,2546098.1,446373.13,149037.59,278392.26,30425.16,821479.41,258225.77000000002,20.038688502342726,575727.8,2.4709555749689653,0.34639192315645856,0.14463907101240087,0.02361035863593079,0.21603636924398392,-3.6898958275372373,-2.7297649774886357,3.425979915481081,1.7560077329190849,1
MSME089,2025-07-01,53,1225181.48,951854.65,2637515.67,454205.24,137675.37,264683.76,30425.16,791054.25,273326.82999999996,22.309089262433186,581213.63,2.770922713882839,0.370724866001076,0.14463906858048126,0.02483318634558531,0.21603637038326765,-4.924167574137773,-7.623726125178232,3.5904967683688227,1.7546105429777858,1
MSME089,2025-08-01,53,1177021.39,927980.12,2724737.63,462168.49,134222.18,254279.43,30425.16,760629.08,249041.2699999999,21.158601884032024,582225.74,2.936202588046821,0.3926593806421819,0.14463906834555895,0.02584928384351622,0.21603637126764538,-3.930853574443527,-2.5082117316966412,3.306974096574744,1.7532272414999106,1
MSME089,2025-09-01,53,1127028.63,892342.85,2789332.36,470264.99,129067.64,243479.17,30425.16,730203.92,234685.7799999999,20.823408896010026,584676.52,3.1258527593962344,0.4172609084473746,0.14463907006146798,0.026995906927404324,0.216036366352113,-4.2473960477472765,-3.840305328954674,2.3706770622168083,1.7518502829996008,1
MSME089,2025-10-01,53,1134468.94,890292.19,2851862.26,478496.91,128771.03,245086.55,30425.16,699778.76,244176.75,21.523440738712512,594812.4299999999,3.203287967740119,0.42178052931092147,0.14463906506918814,0.026818856759533674,0.21603636852323166,0.6601704519254348,-0.22980629026164712,2.2417514992727483,1.750485401858204,1
MSME089,2025-11-01,53,1149799.66,914293.81,2924870.38,486866.45,132242.6,248398.55,30425.16,669353.59,235505.84999999986,20.482337766563603,603022.4,3.199048651548893,0.42343589665003034,0.1446390630162967,0.02646127065301098,0.21603637454545777,1.3513565210520495,2.6959261543112234,2.560015643953295,1.7491314625208476,1
MSME090,2023-11-01,40,747782.32,583122.36,338546.12,169690.87,99218.29,140195.63,78925.99,3630595.56,164659.95999999996,22.019771743199275,210668.21000000002,0.5805747527843041,0.22692549083000518,0.1701500350629669,0.1055467452078835,0.1874818730670177,1.6911233843845297,2.8773938321659864,8.690264255370694,1.4634968570035767,0
MSME090,2023-12-01,40,783450.01,610748.44,394686.0,172171.55,103918.87,146882.68,78925.99,3551669.57,172701.57000000007,22.043725546700813,215135.36,0.6462333329905845,0.21976073495742246,0.17015003755064853,0.10074157762790763,0.1874818790288866,4.769795841121249,4.737612874251629,16.582638725855148,1.4618818325346616,0
MSME090,2024-01-01,40,799830.07,636235.85,430785.21,174685.75,108255.55,149953.64,78925.99,3472743.58,163594.21999999997,20.45362210500538,216383.84000000003,0.6770841504765882,0.21840357915025627,0.17015003162742245,0.09867844803584343,0.18748187349345347,2.0907600728730547,4.173143692352288,9.146311244888338,1.4602877188478747,0
MSME090,2024-02-01,40,804930.45,630095.33,483914.77,177233.9,107210.74,150909.87,78925.99,3393817.59,174835.12,21.72052504660496,220933.03000000003,0.7680024703563507,0.22018535887168886,0.17015003110719773,0.09805317962564344,0.18748187498683894,0.6376829518299987,-0.9651326626753276,12.333190361851099,1.4587051319297606,0
MSME090,2024-03-01,40,805620.89,632760.12,532463.87,179816.43,107664.16,151039.32,78925.99,3314891.6,172860.77000000002,21.456838091673617,223191.59,0.8414940404272001,0.22320229307857198,0.17015004042922302,0.09796914526384737,0.1874818812109006,0.08577635496334057,0.4229185447224282,10.03257247138789,1.4571309439108449,0
MSME090,2024-04-01,40,807924.63,631149.67,569437.95,182433.78,107390.14,151471.23,78925.99,3235965.61,176774.95999999996,21.88013008094579,226514.87,0.902223318915781,0.2258054442528878,0.17015003747050994,0.09768979316795925,0.1874818818186048,0.285958324640756,-0.2545119309984245,6.943960347957501,1.4555677698639746,0
MSME090,2024-05-01,40,800943.05,631538.12,601194.07,185086.4,107456.23,150162.31,78925.99,3157039.62,169404.93000000005,21.150683559836125,227792.47999999998,0.9519521481933663,0.23108559341391374,0.17015002989843273,0.09854132575343529,0.18748188151454712,-0.8641375371858606,0.06154641576536779,5.576748089936756,1.4540180003944414,0
MSME090,2024-06-01,40,789128.67,625941.7,636737.78,187774.76,106504.0,147947.32,78925.99,3078113.63,163186.9700000001,20.679386797592855,229218.08000000002,1.0172477404844573,0.23795201864861912,0.17015003154447134,0.10001662973415983,0.18748187161923796,-1.475058682386965,-0.8861571174832661,5.912185727314334,1.452489215847308,0
MSME090,2024-07-01,40,752968.73,582309.32,674299.82,190499.3,99079.95,141167.99,78925.99,2999187.64,170659.41000000003,22.664873480204157,232587.33999999997,1.157975317997658,0.25299762448302465,0.17015003297560136,0.1048197446393292,0.1874818759073833,-4.582261597465475,-6.97067794013404,5.8991379465499705,1.4509617799538077,0
MSME090,2024-08-01,40,722397.8,573462.57,686974.84,193260.48,97574.68,135436.5,78925.99,2920261.65,148935.2300000001,20.616788976932114,231122.3,1.1979418988060546,0.26752639612136137,0.17015004135317846,0.10925557912828639,0.187481883250475,-4.060053064886226,-1.5192526885882573,1.8797305922460428,1.4494436462496374,0
MSME090,2024-09-01,40,714031.35,579962.46,703235.96,196058.8,98680.63,133867.94,78925.99,2841335.66,134068.89,18.77633103924639,231246.11,1.2125542746335685,0.27458010071966726,0.17015003005539361,0.11053574888553563,0.18748188017234818,-1.1581499832917674,1.1334462509035248,2.367061943636828,1.447952525006646,0
MSME090,2024-10-01,40,710822.59,561484.9,723248.44,198894.71,95536.67,133266.35,78925.99,2762409.66,149337.68999999994,21.009136752392738,236624.39,1.2880995374942406,0.2798092137167447,0.17015002540584795,0.11103472386830025,0.1874818722348146,-0.4493864310019413,-3.1859924175092202,2.845770287401117,1.4464589194670197,0
MSME090,2024-11-01,40,733207.66,583583.48,758161.99,201768.7,99296.75,137463.15,78925.99,2683483.67,149624.18000000005,20.406794440745482,239935.09999999998,1.2991491637151895,0.2751862957896539,0.1701500357755158,0.10764479738250417,0.18748187928096657,3.1491781936755947,3.9357389664441467,4.8273246189096675,1.4449806131093368,0
MSME090,2024-12-01,40,756336.81,597655.72,801581.91,204681.26,101691.14,141799.44,78925.99,2604557.68,158681.09000000008,20.980215150443367,244789.56,1.3412101368326235,0.27062184108162074,0.17015003219579328,0.10435296676886584,0.1874818706761079,3.154515597941243,2.411349958021436,5.726997735668604,1.4435142814519741,0
MSME090,2025-01-01,40,794995.17,592033.96,857543.7,207632.88,100734.6,149047.19,78925.99,2525631.69,202961.21000000008,25.529867055670298,255945.47,1.448470455985329,0.2611750207237108,0.17015003666343737,0.0992785780069582,0.1874818811792278,5.111262533949645,-0.9406351870940077,6.981418779772608,1.4420567862441391,0
MSME090,2025-02-01,40,816063.58,651767.4,903835.03,210624.07,110898.24,152997.13,78925.99,2446705.7,164296.17999999993,20.132767106210025,252722.96000000002,1.386744765080303,0.25809762273669906,0.17015002591415282,0.09671549121209405,0.18748187488038617,2.650130566202047,10.089529323621926,5.398130730830397,1.4406148005075226,0
MSME090,2025-03-01,40,822925.92,666021.22,939692.62,213655.33,113323.53,154283.7,78925.99,2367779.71,156904.70000000007,19.06668585672937,254615.50000000003,1.4109049258220332,0.2596288740060587,0.17015002915372576,0.09590898534341949,0.18748188172271935,0.8409075185048742,2.186948902323116,3.967271549543727,1.4391802418403543,0
MSME090,2025-04-01,40,822976.4,662695.45,970858.67,216727.17,112757.65,154293.16,78925.99,2288853.72,160280.95000000007,19.475765040163978,258262.68000000002,1.4650148420364137,0.2633455467252767,0.1701500289461773,0.09590310244619409,0.1874818767585559,0.006134209504549126,-0.49934895467744767,3.316621769361139,1.4377549111459276,0
MSME090,2025-05-01,40,812574.16,644731.77,1006868.28,219840.13,109701.13,152342.93,78925.99,2209927.73,167842.39,20.655639603405554,262481.93,1.5616855362967454,0.2705477737564286,0.17015002998844,0.09713081449698081,0.18748187857708887,-1.263977922088655,-2.710699160526897,3.7090475794999023,1.4363496741086834,2
MSME090,2025-06-01,40,771303.6,631947.16,1029009.28,222994.71,107525.83,144605.45,78925.99,2131001.74,139356.43999999994,18.06765066311112,260074.33000000002,1.6283153800390526,0.2891140531432759,0.17015003279704588,0.10232804566191576,0.18748188132403376,-5.078989959513358,-1.9829347016667054,2.198996675116227,1.4349427468042242,1
MSME090,2025-07-01,40,727280.34,591963.39,1040037.12,226191.45,100722.59,136351.88,78925.99,2052075.75,135316.94999999995,18.605885867889672,261820.74000000002,1.7569281100305882,0.311009988252948,0.1701500324200792,0.10852210029491517,0.18748187253349927,-5.707643527140283,-6.327074877589456,1.071694902498832,1.4335497016947363,1
MSME090,2025-08-01,40,694123.79,543351.63,1059149.0,229430.9,92451.3,130135.63,78925.99,1973149.76,150772.16000000003,21.721220648553196,267115.23000000004,1.949288345743989,0.3305331171547945,0.17015003709476312,0.11370592844829594,0.18748187553116427,-4.5589779038987865,-8.211953783155412,1.8376151805043373,1.432171728860654,2
MSME090,2025-09-01,40,667580.96,530456.99,1059934.44,232713.6,90257.27,125159.33,78925.99,1894223.77,137123.96999999997,20.540425538799067,267615.66,1.998153403539842,0.3485923265396904,0.1701500247927735,0.11822684397709607,0.1874818748575454,-3.823933192089568,-2.373166709741903,0.0741576492070406,1.430801169328122,1
MSME090,2025-10-01,40,646072.66,513683.62,1076485.44,236040.1,87403.28,121126.91,78925.99,1815297.78,132389.04000000004,20.491354641132784,269763.73,2.095619556644613,0.3653460587544441,0.17015002347164584,0.12216271463955773,0.18748186929934474,-3.2218264583219858,-3.1620603208565523,1.5615116723634248,1.4294394483175932,1
MSME090,2025-11-01,40,659602.62,534428.23,1099673.77,239410.96,90932.98,123663.54,78925.99,1736371.79,125174.39000000001,18.977242691971117,272141.52,2.057664075866651,0.36296241515838734,0.17015003118379432,0.11965687765157756,0.1874818811362514,2.0941855053888236,4.0384020810319,2.154077439263835,1.4280878545636977,1
MSME091,2023-11-01,51,969205.23,830975.78,441683.93,203146.63,90180.79,216224.25,89987.37,4139419.22,138229.44999999995,14.262144458300122,329190.09,0.5315244326374952,0.209601252358079,0.10852396925455515,0.09284655841157605,0.22309439044195006,-1.1854893937591204,-1.5420131290146855,-9.831014478415911,3.2403367169689057,1
MSME091,2023-12-01,51,994434.08,848363.3,405245.06,209716.06,92434.55,221852.67,89987.37,4049431.84,146070.7799999999,14.688834879834358,339134.18,0.47767867846239925,0.21088985606768426,0.1089563280259766,0.09049103586634923,0.2230943955581249,2.6030451775420183,2.092421995740956,-8.249987723121377,3.2338365642590183,1
MSME091,2024-01-01,51,1028968.07,889240.12,372310.16,216484.51,97272.82,229557.01,89987.37,3959444.47,139727.94999999995,13.579425258550536,348768.7,0.4186834934977967,0.21038992006817084,0.10938869919634306,0.08745399650739405,0.2230943959223147,3.472727925816854,4.818315455182942,-8.127156442079764,3.2274352283749863,1
MSME091,2024-02-01,51,1047646.66,903681.69,319200.94,223457.77,99243.28,233724.1,89987.37,3869457.09,143964.9700000001,13.741748577712269,357938.58999999997,0.35322275922177865,0.21329497676248974,0.1098210587845373,0.08589477104809363,0.22309439711285864,1.8152740152568736,1.6240349119650554,-14.264778592128668,3.2211357754880376,1
MSME091,2024-03-01,51,1066479.27,887605.92,283316.58,230641.78,97861.6,237925.55,89987.37,3779469.72,178873.34999999998,16.77232319761827,370705.73,0.3191918548718107,0.2162646630721664,0.11025343319026083,0.08437798326825424,0.22309439732476,1.7976108471533747,-1.7789195219834464,-11.241934312599454,3.21492960392471,1
MSME091,2024-04-01,51,1044073.26,891586.76,259285.19,238042.67,98685.99,232926.89,89987.37,3689482.35,152486.5,14.604961724620741,372283.57000000007,0.2908131901824114,0.22799422140166678,0.11068579573792685,0.08618875077789082,0.2230943928206724,-2.1009325385199507,0.4484918261924209,-8.482168604463602,3.2088245243337976,1
MSME091,2024-05-01,51,1009444.7,852454.85,220220.89,245666.73,94723.22,225201.45,89987.37,3599494.97,156989.84999999998,15.55210008037092,376144.9600000001,0.25833730666204785,0.2433681904516414,0.11111816655157748,0.08914541826808343,0.22309439041088633,-3.316679138013745,-4.389018742270245,-15.06615167646096,3.20281233612445,1
MSME091,2024-06-01,51,969774.24,842622.86,170208.71,253520.42,93995.03,216351.2,89987.37,3509507.6,127151.38,13.11144127730182,375876.58999999997,0.2019986853905198,0.26142210170482566,0.11155053400758674,0.09279208117551152,0.22309439772291748,-3.929928999577681,-1.1533736948062367,-22.710007211395798,3.196887913963775,2
MSME091,2024-07-01,51,913455.35,762488.66,155647.18,261610.39,85385.69,203786.77,89987.37,3419520.22,150966.68999999994,16.526991713388064,380011.47000000003,0.20413048503567252,0.2863964724712598,0.11198289821123372,0.09851315666386977,0.22309439645845852,-5.807422766766834,-9.510090908286061,-8.55510273240423,3.191052618167789,2
MSME091,2024-08-01,51,873900.07,708341.03,119175.04,269943.48,79628.34,194962.21,89987.37,3329532.85,165559.03999999992,18.944848007621733,385277.35,0.1682452871606209,0.30889513488653225,0.11241525850902635,0.10297215103781832,0.22309439796703529,-4.330291568164779,-7.10143413805,-23.432573593687977,3.1853054460107444,2
MSME091,2024-09-01,51,840316.39,725820.64,74681.53,278526.73,81907.14,187469.88,89987.37,3239545.47,114495.75,13.625314389024354,384089.47,0.10289254105532188,0.33145459652405446,0.11284763133768144,0.10708748641687209,0.22309439900368955,-3.8429657065938816,2.4676828335074674,-37.334587846582636,3.179647087605164,2
MSME091,2024-10-01,51,844334.84,706435.37,28631.38,287367.35,80025.0,188366.37,89987.37,3149558.1,137899.46999999997,16.332320243944924,395708.72,0.040529369303804824,0.34034761611874265,0.11328000182097338,0.10657782403009687,0.22309439463613748,0.47820678589880483,-2.670807212095816,-61.6620334371832,3.174065196543263,2
MSME091,2024-11-01,51,838253.61,717152.83,5000.0,296472.78,81549.14,187009.68,89987.37,3059570.73,121100.78000000003,14.446794926418512,401933.32,0.006972014598338823,0.35367909718873747,0.11371235891239528,0.10735100800818502,0.2230943926385238,-0.7202391411445186,1.5171182609387213,-82.53664336123512,3.1685680366958957,1
MSME091,2024-12-01,51,864314.6,718708.23,5000.0,305850.67,82036.76,192823.74,89987.37,2969583.35,145606.37,16.846454982942554,416637.64999999997,0.006956926039374838,0.353864981570368,0.11414473436598882,0.10411413853242789,0.22309439178743481,3.108962453499009,0.2168854301251244,0.0,3.163153797795526,1
MSME091,2025-01-01,51,885582.78,749122.94,5000.0,315508.86,85832.33,197568.55,89987.37,2879595.98,136459.84000000008,15.40904397440972,427245.07999999996,0.006674471883079699,0.35627257792885264,0.11457709464884364,0.10161373056508619,0.22309438988865612,2.4606989168064475,4.231857759580682,0.0,3.157812274859495,1
MSME091,2025-02-01,51,929355.83,792886.29,5000.0,325455.43,91189.42,207334.08,89987.37,2789608.6,136469.53999999992,14.684315263831715,441600.09,0.0063060744813736155,0.3501946396570192,0.11500945488665215,0.0968276811692245,0.22309439862232316,4.942852434416123,5.84194498168753,0.0,3.1525485528361985,1
MSME091,2025-03-01,51,935180.72,825745.19,5000.0,335698.69,95325.53,208633.58,89987.37,2699621.23,109435.53000000003,11.702072942650062,449006.74,0.006055136694165909,0.3589666497829425,0.11544182291876263,0.09622457785485569,0.2230943982677487,0.6267663915122901,4.144213415520137,0.0,3.147361836918816,1
MSME091,2025-04-01,51,908593.69,791056.58,5000.0,346247.16,91663.04,202702.16,89987.37,2609633.85,117537.10999999999,12.936157414872648,457286.27999999997,0.006320660400802178,0.38108030444279223,0.1158741894290292,0.09904027618769838,0.22309439547175372,-2.842983118813658,-4.200885505612206,0.0,3.1422434207294625,1
MSME091,2025-05-01,51,866161.75,752265.99,5000.0,357109.64,87493.47,193235.83,89987.37,2519646.48,113895.76000000001,13.149479297602326,462852.0,0.006646585205852521,0.4122897830572639,0.11630656066214026,0.1038921079117151,0.22309439316617247,-4.670067651471355,-4.903642922735052,0.0,3.1372040712189575,1
MSME091,2025-06-01,51,823456.07,706545.85,5000.0,368295.12,82481.4,183708.43,89987.37,2429659.11,116910.21999999997,14.197505399407643,469522.15,0.007076681576998861,0.4472553344588255,0.11673892076501476,0.10928011010957756,0.22309439045121132,-4.930450923283103,-6.077656122670128,0.0,3.1322257220499417,1
MSME091,2025-07-01,51,777514.11,651304.04,5000.0,379812.9,76314.14,173459.04,89987.37,2339671.73,126210.06999999995,16.23251184470465,476957.80000000005,0.007676906165053113,0.48849647243057753,0.11717129836934528,0.1157372822468778,0.22309439503290818,-5.579163439769164,-7.8185739821414195,0.0,3.1273235442272673,2
MSME091,2025-08-01,51,751004.29,645777.37,5000.0,391672.5,75945.78,167544.85,89987.37,2249684.36,105226.92000000004,14.011493862438526,483271.56999999995,0.007742606403194339,0.5215316413172553,0.11760365650471771,0.11982271099942716,0.22309439803599523,-3.4095612747143567,-0.8485545399042893,0.0,3.1224847813225765,2
MSME091,2025-09-01,51,735319.75,638661.29,5000.0,403883.72,75385.04,164045.71,89987.37,2159696.98,96658.45999999996,13.145092322081647,492544.38999999996,0.007828875928898086,0.549262711901863,0.11803602501100385,0.12237855708350007,0.22309438852961586,-2.088475420027236,-1.101940131472856,0.0,3.1177118638658463,2
MSME091,2025-10-01,51,729092.14,627880.52,5000.0,416456.64,74384.0,162656.37,89987.37,2069709.61,101211.62,13.881869580983274,504729.01,0.007963298495070367,0.5711989159559449,0.11846839905146285,0.12342386519212784,0.22309439517479915,-0.8469254361792911,-1.688026214959737,0.0,3.113004901509786,2
MSME091,2025-11-01,51,718554.81,611195.05,5000.0,429401.61,72671.56,160305.55,89987.37,1979722.23,107359.76000000001,14.941067613199891,517035.5999999999,0.008180694526240028,0.5975906138600616,0.11890076662106473,0.12523382871795122,0.22309439414927856,-1.4452672607333183,-2.6574275628108324,0.0,3.1083596121795454,1
MSME092,2023-11-01,16,865542.71,743113.69,440641.63,164909.05,106506.14,207762.85,43104.3,1982797.98,122429.02000000002,14.144769355171396,266165.76,0.5929666428295783,0.19052676210513053,0.14332415272823196,0.04980031545756997,0.2400376637682039,0.676057253480522,0.9230246253890684,-4.401508447669689,2.6566186977181605,0
MSME092,2023-12-01,16,891764.83,770418.19,443223.57,169279.39,110859.45,214057.15,43104.3,1939693.68,121346.64000000001,13.607470929303192,272477.09,0.5753025769030714,0.18982514706259498,0.14389516166538072,0.04833594973688299,0.2400376677783985,3.029558183212,3.6743368299405166,0.585950083744935,2.65015170483367,0
MSME092,2024-01-01,16,913162.4,773439.87,447421.8,173754.78,111735.9,219193.37,43104.3,1896589.37,139722.53000000003,15.300950849487455,281212.25,0.5784829789030659,0.19027807102000696,0.14446617550243435,0.04720332330809941,0.24003766471330837,2.3994633203913374,0.39221296163840513,0.9472036877461232,2.6437890637483807,0
MSME092,2024-02-01,16,943596.95,819617.49,439764.55,178337.6,118875.02,226498.81,43104.3,1853485.07,123979.45999999996,13.139027208597906,285961.39,0.5365485185046502,0.18899764353837728,0.14503719289836042,0.045680838625008276,0.24003766650581057,3.3328737582712487,5.970421462757014,-1.7114163860589726,2.6375216842955407,0
MSME092,2024-03-01,16,947407.72,817604.22,419315.82,183030.3,119049.88,227413.54,43104.3,1810380.76,129803.5,13.70091221127056,291393.95999999996,0.5128591679724941,0.19319063602310524,0.14560820148408726,0.045497096012686075,0.2400376682596591,0.40385569283580836,-0.2456353145904755,-4.649926875642885,2.6313576049021625,0
MSME092,2024-04-01,16,931267.64,810755.06,409735.57,187835.36,118515.54,223539.31,43104.3,1767276.46,120512.57999999996,12.940703061474354,292859.13,0.5053752856010544,0.20169857936865496,0.14617921718552085,0.046285619889036414,0.2400376652194207,-1.703604441813078,-0.8377109403862826,-2.2847337360178743,2.625281169292726,0
MSME092,2024-05-01,16,908783.12,768013.83,411688.99,192755.33,112706.21,218142.18,43104.3,1724172.16,140769.29000000004,15.489866273044337,298191.3,0.5360437194210422,0.21210267417819115,0.1467502349534513,0.04743078854721686,0.24003766707286553,-2.4143993664377694,-5.271780850803454,0.4767513838254134,2.619299156452759,1
MSME092,2024-06-01,16,858953.04,722112.75,402924.93,197792.83,106382.55,206181.08,43104.3,1681067.85,136840.29000000004,15.931056021409509,297591.36,0.5579806339107016,0.23027199484619087,0.1473212458857706,0.0501823708546395,0.24003766259445333,-5.483165224283648,-5.976595499588855,-2.1288060193205505,2.613416708113858,1
MSME092,2024-07-01,16,789966.99,664551.06,396089.91,202950.5,98281.96,189621.83,43104.3,1637963.55,125415.92999999993,15.876097556937149,294290.36999999994,0.5960263008232956,0.25691010202844045,0.1478922627856466,0.054564685038295084,0.24003766283955738,-8.031411123476563,-7.971288417217382,-1.6963507321326676,2.6076122172881577,1
MSME092,2024-08-01,16,742689.18,633286.9,381222.04,208231.06,94019.84,178273.38,43104.3,1594859.24,109402.28000000003,14.730560636415898,292484.6,0.6019736710170382,0.2803744360460455,0.14846326364875065,0.05803814187787144,0.2400376695941632,-5.984782984413051,-4.704553477049611,-3.7536603747366337,2.6018955361036378,1
MSME092,2024-09-01,16,707621.39,603036.47,356113.9,213637.3,89873.11,169855.79,43104.3,1551754.94,104584.92000000004,14.779784992084544,293619.98,0.5905345990102391,0.3019090477183003,0.14903428643378733,0.060914354214193556,0.24003767042711924,-4.7217316401458875,-4.7767338942270925,-6.586224657944739,2.5962697399705803,1
MSME092,2024-10-01,16,689050.28,575190.17,332038.18,219172.04,86051.49,165398.02,43104.3,1508650.64,113860.10999999999,16.524209234774563,298518.57,0.5772667846531522,0.3180784426936159,0.1496052861960419,0.06255610258223827,0.2400376645953906,-2.624441581676884,-4.617680917374689,-6.760679658951818,2.5907180066402358,1
MSME092,2024-11-01,16,686360.13,580785.85,323131.45,224838.2,87220.27,164752.28,43104.3,1465546.33,105574.28000000003,15.381761758218682,302370.20999999996,0.5563693571391246,0.32758050791790605,0.15017629992190754,0.0628012877146579,0.24003766069570504,-0.39041417993473937,0.9728399913371044,-2.682441519225287,2.58525676906598,2
MSME092,2024-12-01,16,700046.55,614842.46,281853.36,230638.73,92685.85,168037.54,43104.3,1422442.03,85204.09000000008,12.171203472111973,305990.42000000004,0.45841557526784993,0.3294619907776133,0.15074731501139335,0.06157347679236474,0.24003766606663512,1.994058133883736,5.863884252689688,-12.774395683242846,2.579868545469588,1
MSME092,2025-01-01,16,724699.07,622672.4,270481.29,236576.66,94221.75,173955.07,43104.3,1379337.73,102026.66999999993,14.078487778382264,316309.98,0.4343877936455831,0.32644813522390753,0.15131833368557848,0.05947889515023112,0.2400376614254521,3.521554388061743,1.2734871954028781,-4.0347470046126155,2.5745589216520592,1
MSME092,2025-02-01,16,727950.0,625244.18,259558.38,242655.08,94967.93,174735.42,43104.3,1336233.42,102705.81999999995,14.10891132632735,322422.57,0.41513122121344653,0.333340311834604,0.15188934665493406,0.0592132701421801,0.24003766742221308,0.44859033695185957,0.41302296360012924,-4.03832368590078,2.5693236179765044,2
MSME092,2025-03-01,16,726760.07,609139.23,246312.78,248877.16,92869.58,174449.79,43104.3,1293129.12,117620.83999999997,16.184273855331647,330457.37,0.4043620372307986,0.34244748751812965,0.1524603496642303,0.05931022049684156,0.2400376646999883,-0.1634631499416228,-2.5757856714476057,-5.103129400021689,2.5641663879445664,2
MSME092,2025-04-01,16,718731.6,612087.85,206597.54,255246.13,93668.64,172522.65,43104.3,1250024.81,106643.75,14.8377711512893,334100.14,0.33752922885170816,0.3551341418688145,0.1530313663308298,0.05997273530202374,0.24003765800752325,-1.1046933274691306,0.48406338892341694,-16.123905548059657,2.5590817574421054,2
MSME092,2025-05-01,16,689817.18,584509.61,174559.51,261765.28,89782.07,165582.1,43104.3,1206920.51,105307.57000000007,15.266011495973478,337565.31,0.29864266902301234,0.37947051420203826,0.1536023847409455,0.06248655622059166,0.24003765751383577,-4.022978814344591,-4.505601606043963,-15.507459575752936,2.5540641889457705,2
MSME092,2025-06-01,16,639524.44,556953.28,147452.06,268437.99,85867.38,153509.95,43104.3,1163816.21,82571.15999999992,12.91133768085547,336080.56,0.2647476283827613,0.41974625707815016,0.1541733985299449,0.06740055157235274,0.24003765985862874,-7.290734626238226,-4.714435747258284,-15.529059402148881,2.5491195776613296,2
MSME092,2025-07-01,16,613130.04,526574.55,126739.28,275267.7,81484.47,147174.3,43104.3,1120711.9,86555.48999999999,14.116987319688329,340957.53,0.2406862997841426,0.4489548416189166,0.15474441368273495,0.07030205207365145,0.24003765987391512,-4.127191761428217,-5.454448531122747,-14.047128266637987,2.54424122308472,2
MSME092,2025-08-01,16,578914.03,505437.15,101366.7,282257.93,78502.18,138961.17,43104.3,1077607.6,73476.88,12.692191965014219,342716.92,0.20055253160556163,0.4875645007256086,0.1553154135979122,0.07445716940043758,0.24003766155054146,-5.580546991303836,-4.014132471840881,-20.01950776428586,2.539429798701409,2
MSME092,2025-09-01,16,540133.09,460942.48,76392.22,289412.28,71854.68,129652.29,43104.3,1034503.29,79190.60999999999,14.661314306812786,347209.89,0.16573048333492718,0.5358166077179238,0.15588643511442035,0.07980310926701419,0.2400376729372385,-6.698911753788394,-8.803205304556672,-24.63775579159625,2.5346852079585647,2
MSME092,2025-10-01,16,517672.01,433658.94,32418.99,296734.42,67849.17,124260.78,43104.3,991398.99,84013.07,16.229015356654113,353146.02999999997,0.07475688152537568,0.5732093183867523,0.1564574455677081,0.08326565695526016,0.24003766400273407,-4.158434359205798,-5.919076931247469,-57.56244549510407,2.530003218937349,2
MSME092,2025-11-01,16,507968.03,429429.81,5000.0,304228.11,67432.7,121931.46,43104.3,948294.69,78538.22000000003,15.461252551661572,358726.87,0.011643346324746296,0.5989119236499981,0.1570284559425439,0.08485632452105303,0.2400376653625229,-1.8745421449384514,-0.9752202963923651,-84.57694086089666,2.5253861685476275,1
MSME093,2023-11-01,88,1390772.2,1155124.83,487175.63,305388.69,231847.36,259477.74,58043.38,2669995.26,235647.36999999988,16.943635341574982,333019.06999999995,0.4217515002253046,0.2195821069762539,0.20071195249088358,0.04173464209307606,0.18657098552875878,2.1723932065754736,-0.608572049759093,-0.8603945221081433,3.247675497374547,0
MSME093,2023-12-01,88,1433453.13,1195172.33,486509.94,315286.87,240841.09,267440.76,58043.38,2611951.88,238280.7999999998,16.622852537913104,341886.54000000004,0.40706258653093147,0.2199492005713504,0.2015116012600459,0.0404919971118972,0.186570983314955,3.0688656273112125,3.4669413175024477,-0.13664271342964662,3.241174386648038,0
MSME093,2024-01-01,88,1495053.77,1235318.7,510681.89,325485.68,249918.87,278933.65,58043.38,2553908.51,259735.07000000007,17.37295843212382,354500.4600000001,0.4134009223692639,0.217708343693886,0.20231124972041628,0.03882360699307825,0.18657098199217279,4.297359900424524,3.359044465160932,4.968439082662934,3.2347715589932324,0
MSME093,2024-02-01,88,1563253.53,1306836.87,549041.86,335993.89,265432.81,291657.75,58043.38,2495865.13,256416.65999999992,16.40275586008112,362218.83,0.42013037174257256,0.2149324364551411,0.20311089784297254,0.03712985698487436,0.18657098442630735,4.561692787811911,5.789450932783602,7.511519548891776,3.22847075791477,0
MSME093,2024-03-01,88,1561587.2,1297224.7,544993.25,346820.51,264517.8,291346.86,58043.38,2437821.76,264362.5,16.929089838851137,373649.57,0.4201224737703499,0.222094872447725,0.20391054841925227,0.03716947731128944,0.1865709836760957,-0.10659371420066455,-0.7355294467625617,-0.7373955056905857,3.2222669287230277,0
MSME093,2024-04-01,88,1566620.39,1310525.12,559169.22,357974.81,268277.85,292285.9,58043.38,2379778.38,256095.2699999998,16.346989457988595,381982.86,0.42667569775388964,0.22850130911420094,0.20471019281187067,0.03705006035316571,0.18657097907426065,0.322312452356166,1.0252980844413617,2.601127628644928,3.2161592750094226,0
MSME093,2024-05-01,88,1524791.67,1272326.14,566811.94,369466.32,261475.55,284481.88,58043.38,2321735.01,252465.53000000003,16.557378622090717,392472.64999999997,0.44549264703466673,0.24230609811765302,0.20550984671273043,0.0380664330360619,0.18657098251330295,-2.6699971650439136,-2.914784266020032,1.3667991238859534,3.2101448702493984,0
MSME093,2024-06-01,88,1473890.92,1212718.99,554516.03,381304.84,250195.44,274985.28,58043.38,2263691.63,261171.92999999993,17.719895445179887,406094.6800000001,0.45725022414302263,0.25870628200898343,0.20630949301783424,0.039381055417588164,0.1865709845067775,-3.3382101306993595,-4.684895493855046,-2.1693103359819665,3.204221700099752,1
MSME093,2024-07-01,88,1392471.56,1177170.18,540227.75,393500.44,243802.71,259794.79,58043.38,2205648.26,215301.38000000012,15.461815248851481,409492.52,0.4589206889355624,0.28259136581575856,0.2071091454253454,0.041683709504271665,0.1865709846167343,-5.524110291689688,-2.9313311899238914,-2.5767118039851877,3.1983858374312835,1
MSME093,2024-08-01,88,1343253.97,1128580.04,532283.11,406063.5,234641.71,250612.21,58043.38,2147604.88,214673.92999999993,15.98163376356892,422034.0,0.47163966323558226,0.3022983807001144,0.20790878952635028,0.04321102434560457,0.18657098031878513,-3.534549028778733,-4.1277073464433105,-1.470609386504118,3.1926419192822353,1
MSME093,2024-09-01,88,1313775.17,1098525.24,522923.35,419004.65,229271.49,245112.32,58043.38,2089561.51,215249.92999999993,16.384076584428062,434845.48,0.4760230634300219,0.3189317773451298,0.20870844078193415,0.04418060359597145,0.18657097926428312,-2.1945812674575627,-2.66306322412011,-1.758417621028785,3.186976913709305,1
MSME093,2024-10-01,88,1293769.98,1063256.38,521752.32,432334.86,222760.81,241379.94,58043.38,2031518.13,230513.6000000001,17.8172011689435,450953.99000000005,0.4907116757672313,0.3341667117674194,0.20950808684543235,0.044863755456746646,0.18657098536171013,-1.522725536059566,-3.2105643744699153,-0.2239391298935023,3.1813990608457354,1
MSME093,2024-11-01,88,1312120.47,1068375.16,540493.42,446065.39,224687.56,244803.61,58043.38,1973474.76,243745.31000000006,18.576442908477762,466181.44,0.5059022712583472,0.3399576488582638,0.2103077349720486,0.04423631924589973,0.18657098612294343,1.4183734576991736,0.4814248093202078,3.591953362085687,3.1759016610411805,1
MSME093,2024-12-01,88,1346483.41,1100514.41,535261.86,460207.82,232326.72,251214.73,58043.38,1915431.38,245969.0,18.26751062606854,479095.8300000001,0.48637424020645037,0.34178499087485975,0.21110738568157414,0.04310738592761421,0.18657098047721213,2.618886053961189,3.008236357722871,-0.9679229767496578,3.170483592102946,1
MSME093,2025-01-01,88,1352860.25,1119513.51,529255.71,474774.06,237232.79,252404.47,58043.38,1857388.01,233346.74,17.24839945589354,489945.74,0.4727550898425513,0.3509409490004603,0.21190703629829355,0.042904195019404255,0.1865709854362267,0.473592169991921,1.7263835736598843,-1.1220956411876704,3.1651439560501204,1
MSME093,2025-02-01,88,1389776.06,1180601.99,513911.24,489776.35,251121.94,259291.88,58043.38,1799344.63,209174.07000000007,15.050919066773972,497946.29,0.43529592898619457,0.3524138629931501,0.21270668872919654,0.04176455593860207,0.18657097892447508,2.7287230887299785,5.456698776238977,-2.899254502138482,3.1598798805478,1
MSME093,2025-03-01,88,1348704.96,1142396.93,524779.15,505227.28,243908.98,251629.21,58043.38,1741301.25,206308.03000000003,15.296750298894136,512947.51,0.4593667369186646,0.3746017809558586,0.2135063335648145,0.04303638061804117,0.18657098287827162,-2.9552315068659407,-3.2360660344135206,2.1147445617262672,3.1546909114742006,1
MSME093,2025-04-01,88,1326121.09,1121623.35,520358.9,521139.79,240370.6,247415.71,58043.38,1683257.88,204497.74,15.420744119226699,528184.9,0.4639337260587522,0.39298054599222154,0.21430598783450788,0.043769291083365545,0.18657097897447658,-1.6744855746656295,-1.8184205029332379,-0.8423067113089378,3.149574583541881,1
MSME093,2025-05-01,88,1278422.26,1048641.27,507262.49,537527.2,225568.65,238516.5,58043.38,1625214.5,229780.99,17.973794511369036,550475.0499999999,0.48373309778280993,0.42046138965070895,0.21510563855645315,0.045402353992177825,0.1865709847699304,-3.5968683674278967,-6.506826021409062,-2.5168033063333817,3.144532487147056,2
MSME093,2025-06-01,88,1205525.32,1008729.67,471944.18,554403.17,217790.07,224916.04,58043.38,1567171.13,196795.65000000002,16.324472554421337,561529.1400000001,0.46785991731560744,0.45988513123888597,0.2159052880837737,0.04814779004392873,0.18657097969539121,-5.7021019017613135,-3.8060298733045284,-6.962531371085612,3.1395564726771186,1
MSME093,2025-07-01,88,1146550.93,943151.43,449339.73,571781.78,204385.57,213913.13,58043.38,1509127.75,203399.49999999988,17.740119054283955,581309.3400000001,0.4764237382325762,0.49869723624052187,0.21670493570687793,0.050624336417397525,0.186570979450516,-4.892007577244428,-6.501071788638868,-4.789644826216522,3.134651989814552,1
MSME093,2025-08-01,88,1091379.78,901471.45,443328.38,589677.48,196074.17,203619.8,58043.38,1451084.38,189908.33000000007,17.400755766246657,597223.11,0.4917830509219122,0.540304567489788,0.21750458098257025,0.05318348485437397,0.18657098448351314,-4.811923182514,-4.419224598959692,-1.337818492034959,3.1298129156896115,2
MSME093,2025-09-01,88,1041309.28,869945.75,388531.55,608105.14,189912.84,194278.09,58043.38,1393041.0,171363.53000000003,16.45654497576359,612470.39,0.4466158378266691,0.5839812932426762,0.21830423333868806,0.05574076896731391,0.18657097726047345,-4.587816351151385,-3.4971379293265437,-12.360325319123488,3.125040488234343,1
MSME093,2025-10-01,88,1057986.36,897000.75,340464.07,627080.05,196536.35,197389.56,58043.38,1334997.63,160985.6100000001,15.216227362326304,627933.2600000001,0.37955828910956874,0.5927109022464145,0.21910388592205748,0.05486212506558212,0.18657098755034987,1.6015491574222773,3.1099640408611684,-12.371577031517766,3.1203337633357364,1
MSME093,2025-11-01,88,1071076.71,870997.01,325988.65,646617.9,191535.32,199831.83,58043.38,1276954.25,200079.69999999995,18.68023999886992,654914.4099999999,0.3742706877948984,0.6037083002206257,0.21990353330834053,0.054191618077476446,0.18657097865567443,1.237289108339712,-2.898965246127161,-4.251673311665449,3.1156867452568404,1
MSME094,2023-11-01,89,1092953.74,1001727.14,465834.61,184379.94,144445.66,264217.91,23830.23,1096190.49,91226.59999999998,8.346794256818225,304152.18999999994,0.4650314356063069,0.16869875938207596,0.1441966122630959,0.021803512013234886,0.24174665434604758,-0.22644625764917103,-0.25933165566048855,-6.887541339319814,2.6468910725067074,1
MSME094,2023-12-01,89,1132035.3,1019161.45,448758.14,189248.36,147545.12,273665.75,23830.23,1072360.26,112873.8500000001,9.970877233245295,315368.99,0.4403209520925267,0.16717531688278622,0.14477109588475898,0.021050783487052038,0.2417466575468097,3.575774396453424,1.7404250422924594,-3.6657795778634816,2.6404282374752786,1
MSME094,2024-01-01,89,1167571.33,1085541.74,423744.17,194233.28,157778.7,282256.47,23830.23,1048530.03,82029.59000000008,7.0256598369882965,318711.05,0.39035271918701164,0.16635667133073573,0.14534558569806816,0.020410084923890688,0.2417466605659116,3.139127375268247,6.513226142923689,-5.5740426234942575,2.634062456340458,2
MSME094,2024-02-01,89,1200986.13,1093846.63,390380.95,199337.34,159614.18,290334.38,23830.23,1024699.8,107139.5,8.920960644233253,330057.54,0.3568881955599205,0.1659780533851794,0.14592007290821019,0.019842219160349506,0.24174665530900014,2.8619065183794756,0.7650456628226943,-7.87343457728279,2.627798902433187,2
MSME094,2024-03-01,89,1199748.94,1123043.82,343954.63,204563.23,164519.82,290035.3,23830.23,1000869.58,76705.11999999988,6.393430945644335,330078.71,0.30626999933092547,0.170505030827533,0.1464945686625122,0.019862680603827,0.24174666076387616,-0.10301451191613298,2.669221552568124,-11.89256801593418,2.621631250823353,1
MSME094,2024-04-01,89,1187998.35,1063007.01,320653.47,209913.7,156335.43,287194.63,23830.23,977039.35,124991.34000000008,10.52117117839432,340772.9,0.30164755921976466,0.17669527908014349,0.14706904896139866,0.02005914402153841,0.2417466573080678,-0.9794207444767444,-5.34590092842504,-6.774486507130328,2.6155580355276875,2
MSME094,2024-05-01,89,1161729.57,1070818.83,308623.82,215391.56,158099.49,280844.24,23830.23,953209.12,90910.73999999999,7.82546492295965,338136.31,0.2882129183327865,0.185405937459266,0.14764354676131347,0.020512717086128743,0.24174665709851903,-2.2111798387598802,0.7348794435513728,-3.7516044969043927,2.6095771738576357,2
MSME094,2024-06-01,89,1092091.56,1002177.22,258769.85,220999.69,148540.73,264009.49,23830.23,929378.89,89914.34000000008,8.233223595281707,336468.44999999995,0.25820767508565,0.20236370108015483,0.14821802674780415,0.02182072536115928,0.24174666270655912,-5.994339112845337,-6.410198259214406,-16.153636488589896,2.603690692430094,2
MSME094,2024-07-01,89,1052689.57,953782.45,229901.82,226741.02,141915.69,254484.19,23830.23,905548.66,98907.12000000011,9.395658779064384,339309.51999999996,0.24104219992724757,0.21539210272597265,0.14879251552594622,0.022637471367746142,0.24174666231375314,-3.6079383307384916,-4.828963284557597,-11.155870747693363,2.5978905219278703,2
MSME094,2024-08-01,89,992253.59,905810.97,213861.39,232618.55,135298.27,239873.99,23830.23,881718.44,86442.62,8.711746762236455,337194.27,0.236099359671036,0.23443457634655673,0.14936700313973897,0.024016269873107742,0.24174665873468898,-5.741101814089422,-5.029603973107289,-6.977078302381424,2.592177630673098,2
MSME094,2024-09-01,89,946753.36,858251.87,184001.53,238635.34,128687.57,228874.46,23830.23,857888.21,88501.48999999999,9.347892887330232,338822.23,0.21439106214822462,0.2520565018116228,0.1499414967776301,0.02517047312089814,0.24174665722865774,-4.585544507830908,-5.2504442510781235,-13.962249099755697,2.5865478054093227,2
MSME094,2024-10-01,89,943186.45,875711.0,146918.46,244794.52,131808.5,228012.17,23830.23,834057.98,67475.44999999995,7.1539884823408935,340998.19,0.1677704859251511,0.25953990327151116,0.1505159807288021,0.025265661948387832,0.24174665571160403,-0.37675176563408685,2.0342664677211797,-20.153674809117085,2.581000785550036,2
MSME094,2024-11-01,89,933432.49,863416.97,113534.71,251099.28,130454.08,225654.18,23830.23,810227.75,70015.52000000002,7.500865970499914,346299.37999999995,0.13149464736603453,0.26900636381319876,0.1510904748605995,0.02552967703106199,0.24174665272257664,-1.0341497166334368,-1.403891238091104,-22.722638121853432,2.5755315110812083,2
MSME094,2024-12-01,89,927066.44,849113.85,77236.62,257552.91,128780.82,224115.21,23830.23,786397.52,77952.58999999997,8.408522478712525,352887.3,0.09096144174305953,0.277814942799569,0.15166496224269574,0.025704986149644247,0.2417466541017276,-0.6820043300614143,-1.6565715635633138,-31.97091884939858,2.570150738783483,2
MSME094,2025-01-01,89,930041.45,838034.21,41391.44,264158.73,127581.87,224834.41,23830.23,762567.3,92007.23999999999,9.892810691394454,361411.27,0.04939111017914174,0.28402898601992416,0.15223945332732897,0.02562276122209392,0.2417466554850862,0.3209058026089284,-1.3048474006165378,-46.40956582512285,2.5648399779291786,2
MSME094,2025-02-01,89,932191.89,862174.51,17597.42,270920.16,131752.28,225354.27,23830.23,738737.07,70017.38,7.511047966744272,364522.1499999999,0.020410508308810936,0.29062702959151465,0.15281393554536887,0.02556365299423491,0.24174665368521925,0.23121980208518078,2.8805864619774857,-57.48536412359657,2.559608762504273,2
MSME094,2025-03-01,89,893128.18,848471.77,5000.0,277840.67,130145.75,215910.75,23830.23,714906.84,44656.41000000003,5.000000111966014,363605.67,0.005892947976336325,0.3110871162972374,0.15338842681825465,0.026681758042837702,0.24174665499861395,-4.190522404137198,-1.5893232566107751,-71.5867439658768,2.5544462988653205,2
MSME094,2025-04-01,89,861076.98,783983.12,5000.0,284923.84,120704.33,208162.48,23830.23,691076.61,77093.85999999999,8.953190224641702,372381.99000000005,0.0063776883359427435,0.33089241335890784,0.15396291950775676,0.027674912410270217,0.24174665545001564,-3.5886450251743307,-7.600565190283238,0.0,2.549363993399534,2
MSME094,2025-05-01,89,826776.6,771478.67,5000.0,292173.29,119222.31,199870.48,23830.23,667246.38,55297.929999999935,6.688376279638289,372821.46,0.006481060584604367,0.3533884364893733,0.15453740282929662,0.028823058127189376,0.24174665804523254,-3.9834278231430598,-1.5949896982475842,0.0,2.5443465874950943,2
MSME094,2025-06-01,89,781395.34,715201.8,5000.0,299592.75,110936.31,188899.71,23830.23,643416.16,66193.53999999992,8.47119717913853,377556.14999999997,0.006991033859254828,0.3834073927290122,0.15511189988615798,0.03049702088062107,0.24174665541261098,-5.488938608083494,-7.294676079638074,0.0,2.539403927032491,2
MSME094,2025-07-01,89,741814.77,687284.92,5000.0,307186.0,107000.9,179331.24,23830.23,619585.93,54529.84999999998,7.350871431152547,379516.33999999997,0.007275003211186417,0.41410067906844183,0.15568637821996734,0.03212423230667138,0.24174665597450962,-5.06537062276311,-3.9033570664950834,0.0,2.5345239495949023,2
MSME094,2025-08-01,89,704059.57,639123.07,5000.0,314956.93,99869.93,170204.05,23830.23,595755.7,64936.5,9.22315422827077,385291.05,0.007823219399668988,0.44734415015479445,0.15626087476391676,0.03384689451774656,0.24174666072644962,-5.089572427898692,-7.007552268133588,0.0,2.529714895861135,2
MSME094,2025-09-01,89,676328.73,611931.91,5000.0,322909.5,95972.56,163500.21,23830.23,571925.47,64396.81999999995,9.521526610292003,390437.14999999997,0.008170843713641277,0.4774446000541778,0.15683535771161206,0.03523468535781409,0.24174665772367823,-3.9387064932587923,-4.254448208230055,0.0,2.52497063646131,2
MSME094,2025-10-01,89,662032.67,612414.65,5000.0,331047.76,96400.1,160044.19,23830.23,548095.24,49618.02000000002,7.494799312547523,394691.85,0.00816440299068613,0.5000474674459796,0.15740985294848842,0.03599554988728879,0.24174666485869947,-2.11377387442937,0.07888786188645636,0.0,2.5202912890453844,2
MSME094,2025-11-01,89,661905.89,624912.39,5000.0,339375.83,98726.37,160013.54,23830.23,524265.02,36993.5,5.588936517848482,400663.0,0.008001121565216526,0.5127252002546767,0.15798433761250916,0.03600244439583397,0.24174666280730633,-0.01915011233509789,2.040731716656352,0.0,2.5156702464925296,2
MSME095,2023-11-01,59,390689.42,358059.59,196868.31,74325.0,67261.16,59313.06,25173.11,1157963.12,32629.829999999958,8.35185913148095,66376.9,0.5498199615321013,0.19024062642904432,0.18784906724604136,0.06443253569548928,0.15181639676856362,-0.09716689423495684,1.2660762837666262,-7.655152004433264,3.2621101481958847,2
MSME095,2023-12-01,59,401363.5,366431.08,175195.68,76744.72,69107.97,60933.56,25173.11,1132790.01,34932.419999999984,8.703437158585666,68570.31,0.4781135923295589,0.19121001286863404,0.18859745739908307,0.0627189816712282,0.15181639586061013,2.732113912887635,2.3380158593154787,-11.008694085909509,3.25559367642112,2
MSME095,2024-01-01,59,418584.2,379538.77,161783.16,79238.31,71864.1,63547.94,25173.11,1107616.9,39045.42999999999,9.327975112295206,70922.15,0.42626253966096794,0.18930076672745888,0.18934587367714767,0.06013870088742002,0.15181638485160215,4.290549589088188,3.5771228794238663,-7.655736716795747,3.249200726773127,1
MSME095,2024-02-01,59,425346.22,386857.78,145518.21,81807.92,73539.45,64574.53,25173.11,1082443.79,38488.439999999944,9.048732112865595,72843.00000000001,0.3761542807798772,0.1923325426519601,0.19009427702345805,0.059182634795720064,0.15181639559415858,1.6154503681696353,1.9283958790297095,-10.053549454714572,3.2428884462578855,2
MSME095,2024-03-01,59,422294.3,373735.15,130028.18,84455.79,71324.62,64111.2,25173.11,1057270.68,48559.149999999965,11.498888334509836,77242.37,0.3479153084744638,0.19999273018840177,0.19084268632479442,0.05961034757040292,0.15181639913207448,-0.7175143110475957,-3.392107042541581,-10.644736490367768,3.2366915085972003,2
MSME095,2024-04-01,59,420933.72,379854.39,123810.45,87184.2,72776.71,63904.64,25173.11,1032097.56,41079.32999999996,9.759096990376529,78312.12999999999,0.3259418694621378,0.2071209690684795,0.19159107256862296,0.05980302552145265,0.15181639522725812,-0.32218763075893,1.637319904215584,-4.781832676578257,3.230577796975198,2
MSME095,2024-05-01,59,397078.82,363634.9,100342.29,89995.52,69941.35,60283.07,25173.11,1006924.45,33443.919999999984,8.422489016160565,80337.23999999999,0.2759424081681928,0.22664396957762695,0.19233948666643383,0.06339575099976373,0.15181638245021478,-5.667139235127083,-4.269923009182541,-18.954910510380994,3.224575095028692,2
MSME095,2024-06-01,59,386540.56,350796.11,80159.94,92892.15,67734.48,58683.19,25173.11,981751.34,35744.45000000001,9.247270195914243,83840.86,0.22850863426051105,0.24031669535533345,0.1930878880042313,0.06512411013219414,0.15181638377095538,-2.6539466396117595,-3.5306814609928905,-20.113503488907813,3.2186379944246113,2
MSME095,2024-07-01,59,356598.73,329798.94,54670.83,95876.6,63927.0,54137.53,25173.11,956578.23,26799.78999999998,7.5153913195372235,86087.13,0.16577018106850192,0.2688641095272549,0.19383628097773753,0.07059225926014936,0.15181638476390535,-7.746103022151162,-5.985576635955281,-31.797815716927936,3.2128118468568223,2
MSME095,2024-08-01,59,340298.27,298171.39,37043.31,98951.41,58019.59,51662.86,25173.11,931405.12,42126.880000000005,12.379398813869964,92594.68000000002,0.12423495761950869,0.29077846913532646,0.19458469841791326,0.07397366433864033,0.15181640506135985,-4.571093116343949,-9.589948954960247,-32.24300783434237,3.2070494781834213,2
MSME095,2024-09-01,59,330650.03,294683.34,21198.79,102119.24,57561.41,50198.1,25173.11,906232.01,35966.69,10.877570463247803,94755.93,0.07193752453056898,0.30884388548218183,0.1953330989122086,0.07613218725550999,0.15181640842433916,-2.8352303994963024,-1.1698137772373052,-42.77295954384205,3.2013995556000596,2
MSME095,2024-10-01,59,325222.12,288380.63,5000.0,105382.78,56546.1,49374.05,25173.11,881058.9,36841.48999999999,11.328100929912145,98210.73000000001,0.017338196396893924,0.32403324841496023,0.1960814774556807,0.07740282241564626,0.15181639551454865,-1.6415876327003587,-2.138807711355528,-76.41374814317233,3.1958130514876393,1
MSME095,2024-11-01,59,322977.66,293388.93,5000.0,108744.83,57747.71,49033.3,25173.11,855885.79,29588.72999999998,9.161231151405328,100030.42000000001,0.017042224462933894,0.3366945874832334,0.19682988720808245,0.07794071577582178,0.1518163825943875,-0.6901314092657707,1.736697780291263,0.0,3.1903219861916687,1
MSME095,2024-12-01,59,323004.19,288757.16,5000.0,112208.24,57052.15,49037.33,25173.11,830712.67,34247.03000000003,10.60265812650914,104193.42000000001,0.017315587949403577,0.3473894255055949,0.19757830420551306,0.0779343141028604,0.15181638975023823,0.00821419041800997,-1.5787132800136772,0.0,3.1848962382855284,2
MSME095,2025-01-01,59,329909.87,295904.54,5000.0,115775.97,58685.77,50085.73,25173.11,805539.56,34005.330000000016,10.307460640689536,107175.93000000002,0.01689734128445613,0.35093211973318655,0.1983266968462194,0.0763029914806732,0.15181640367413077,2.137953690322103,2.475221739956157,0.0,3.179561501009198,2
MSME095,2025-02-01,59,341966.44,308219.22,5000.0,119451.04,61358.77,51916.11,25173.11,780366.45,33747.22000000003,9.868576577280516,110008.38,0.0162222200160003,0.3493063237433474,0.19907509337023174,0.07361280832119081,0.15181638876610232,3.654504183218288,4.161707015377325,0.0,3.174294285765855,1
MSME095,2025-03-01,59,348081.41,318450.49,5000.0,123236.57,63633.89,52844.46,25173.11,755193.34,29630.919999999984,8.512640764124688,112447.14,0.015701027811261963,0.3540452505061963,0.1998234953257569,0.07231960477291793,0.15181638111613027,1.7881783955173924,3.3194782596620787,0.0,3.169105936624761,1
MSME095,2025-04-01,59,349047.06,309893.53,5000.0,127135.76,62155.94,52991.07,25173.11,730020.23,39153.52999999997,11.21726394142955,117970.88999999998,0.016134573703426462,0.36423673071476376,0.2005719190071506,0.07211953024328582,0.15181640550130976,0.27742073327041705,-2.6870613387971143,0.0,3.163987767592036,1
MSME095,2025-05-01,59,346621.92,306502.11,5000.0,131151.9,61705.1,52622.89,25173.11,704847.12,40119.81,11.574516118311271,122069.68999999997,0.016313101400835382,0.37837162750699666,0.20132031064973746,0.0726241144818539,0.15181639406994227,-0.6947888344912667,-1.0943823189855095,0.0,3.1589381303891217,1
MSME095,2025-06-01,59,332005.35,296574.99,5000.0,135288.39,59928.53,50403.85,25173.11,679674.01,35430.359999999986,10.671623213300625,125763.71000000002,0.01685914243814018,0.40748858414480377,0.2020687246756714,0.07582139866119628,0.15181637886256955,-4.2168625688762,-3.2388423035652147,0.0,3.153968794962192,1
MSME095,2025-07-01,59,317581.7,285294.27,5000.0,139548.71,57862.56,48214.11,25173.11,654500.89,32287.429999999993,10.166653179323617,129900.26000000001,0.017525763836757042,0.4394104257266712,0.2028171123100369,0.07926498913507926,0.15181639874085945,-4.344402883869181,-3.803665305695525,0.0,3.149065488915914,1
MSME095,2025-08-01,59,300073.74,270056.74,5000.0,143936.43,54974.24,45556.11,25173.11,629327.78,30017.0,10.003207878170214,134518.3,0.018514627703792915,0.4796701970655613,0.20356551737979212,0.08388974656696051,0.15181638353292762,-5.512899515305836,-5.340987044710022,0.0,3.1442211110371376,1
MSME095,2025-09-01,59,299318.85,268377.19,5000.0,148455.24,54833.2,45441.51,25173.11,604154.67,30941.659999999974,10.337357637181881,139063.55,0.018630495385990143,0.49597691558683993,0.20431393591981492,0.08410131871079954,0.1518163991342343,-0.2515681645451573,-0.6219248591981086,0.0,3.139448435673997,1
MSME095,2025-10-01,59,293302.17,257108.27,5000.0,153108.93,52723.22,44528.08,25173.11,578981.56,36193.899999999994,12.340140545158597,144913.79,0.019447060182078157,0.5220177198143471,0.20506232646658937,0.08582653854896471,0.15181640149474518,-2.0101239865113696,-4.19891124130185,0.0,3.1347428356183427,1
MSME095,2025-11-01,59,286457.93,255378.55,5000.0,157901.39,52559.65,43489.01,25173.11,553808.45,31079.380000000005,10.849544294340188,148830.75000000003,0.01957877824899546,0.5512201739361868,0.20581074643896288,0.08787716227649904,0.1518163941211193,-2.3335115454481636,-0.6727593787628883,0.0,3.130098290152006,2
MSME096,2023-11-01,55,1214276.31,1035301.63,532795.2,229800.66,186985.99,357267.58,81570.83,3752258.11,178974.68000000005,14.73920544492876,400082.25,0.514627993003353,0.18924906803131158,0.1806101570611842,0.06717649790927734,0.2942226386678004,0.23051238931661722,0.5347043398247431,-7.991300402372447,3.1600508328893273,1
MSME096,2023-12-01,55,1258692.11,1077331.4,472851.88,237047.55,195352.2,370335.71,81570.83,3670687.29,181360.7100000002,14.408663449872597,412031.06,0.4389103297276957,0.18832846262935576,0.18132971897041156,0.0648060231346012,0.2942226355895724,3.6578000932917742,4.059664235243199,-11.250724481001317,3.153554911461076,1
MSME096,2024-01-01,55,1261050.8,1115097.28,419220.99,244507.81,203002.66,371029.69,81570.83,3589116.46,145953.52000000002,11.57396038288069,412534.83999999997,0.3759501502864396,0.19389211758955308,0.18204928273163754,0.06468480889112477,0.2942226355988196,0.18739213356950835,3.5055025779439974,-11.342006295925056,3.1471576061427475,1
MSME096,2024-02-01,55,1296366.91,1127940.16,364675.26,252187.46,206152.31,381420.49,81570.83,3507545.63,168426.75,12.992212983899751,427455.63999999996,0.32331082173720993,0.19453401506522564,0.18276883589285448,0.06292264124513947,0.29422263639851776,2.8005303196350084,1.1517273183555776,-13.011211580794168,3.1408608174928965,0
MSME096,2024-03-01,55,1321487.91,1151216.2,352969.91,260092.69,211234.82,388811.66,81570.83,3425974.8,170271.70999999996,12.884848110339503,437669.52999999997,0.30660610057433174,0.19681806245204317,0.18348840122298488,0.06172650493639401,0.29422263878297605,1.9378001556673574,2.063588196026278,-3.2098009609974776,3.1346641898847727,1
MSME096,2024-04-01,55,1311014.42,1112386.28,315453.27,268229.84,204910.41,385730.12,81570.83,3344403.97,198628.1399999999,15.150721225476675,449049.54999999993,0.2835824889893464,0.20459716987704837,0.1842079623635775,0.062219628369915264,0.29422263715451735,-0.7925528429541195,-3.372947670472315,-10.628849354325975,3.128557746086602,1
MSME096,2024-05-01,55,1274755.77,1096471.71,291200.46,276605.46,202767.8,375062.0,81570.83,3262833.14,178284.06000000006,13.985742539529753,448899.66,0.2655795469634142,0.21698702332604466,0.18492752539871732,0.06398937892236409,0.29422263372065377,-2.7656942171543686,-1.4306693894139078,-7.688241748135938,3.1225534041999126,1
MSME096,2024-06-01,55,1219256.03,1059999.59,235508.92,285226.24,196785.84,358732.72,81570.83,3181262.31,159256.43999999994,13.061771775695046,447173.12,0.22217831235198873,0.23393465603774785,0.18564709067481808,0.06690213375446664,0.29422263345295896,-4.353754758842943,-3.3263165540312833,-19.124811822069244,3.1166340678886018,2
MSME096,2024-07-01,55,1141895.86,982983.38,211855.52,294099.07,183195.32,335971.61,81570.83,3099691.49,158912.4800000001,13.916547521242443,446875.3599999999,0.21552299287094762,0.2575533201425216,0.1863666504717506,0.07143456146692746,0.2942226360291734,-6.344866713515451,-7.265682998990597,-10.043526164529148,3.1108042513900536,1
MSME096,2024-08-01,55,1083849.34,907958.15,163970.83,303231.02,169866.45,318893.01,81570.83,3018120.66,175891.19000000006,16.22838004403823,452257.58,0.1805929381216524,0.2797722975040055,0.18708621096688213,0.07526030324472956,0.2942226361460902,-5.083346216878304,-7.632400661748728,-22.60252175633658,3.105059121744258,2
MSME096,2024-09-01,55,1046401.41,897788.13,126078.12,312629.38,168609.8,307874.98,81570.83,2936549.83,148613.28000000003,14.202320312240408,451894.56,0.14043193019270592,0.298766206746606,0.18780577996726242,0.07795366980631266,0.29422263488731343,-3.4550862945582517,-1.1200978811633622,-23.109421352566184,3.099405858938842,2
MSME096,2024-10-01,55,1033734.72,870787.5,90775.85,322301.6,164165.51,304148.16,81570.83,2854979.0,162947.21999999997,15.762962861496998,462284.25,0.10424569714195485,0.31178366534888174,0.1885253405681639,0.0789088616468256,0.2942226415690091,-1.210500089062383,-3.007461236984721,-28.00031440824149,3.0938295050836118,2
MSME096,2024-11-01,55,1043300.0,889313.36,52211.73,332255.36,168298.02,306962.48,81570.83,2773408.17,153986.64,14.759574427297997,470919.81999999995,0.05871016038711035,0.3184657912393367,0.18924490238176564,0.07818540208952363,0.2942226397009489,0.9253128307424863,2.1274834560670586,-42.48279691129304,3.0883371351553945,2
MSME096,2024-12-01,55,1090173.0,940125.3,5000.0,342498.54,178590.4,320753.57,81570.83,2691837.34,150047.69999999995,13.763659529267368,484661.70999999996,0.005318439999434117,0.31416898051960557,0.18996446537498776,0.07482374815740254,0.2942226325546496,4.492763347071782,5.713614827511426,-90.4236078750886,3.0829239293536093,1
MSME096,2025-01-01,55,1121572.37,962125.87,5000.0,353039.23,183462.03,329991.98,81570.83,2610266.51,159446.50000000012,14.216336302935145,499569.17999999993,0.005196825234519471,0.31477168967705577,0.19068402141603363,0.07272899384994656,0.2942226367434497,2.880219011111085,2.340174229966996,0.0,3.0775868416840657,1
MSME096,2025-02-01,55,1164389.77,1008586.88,5000.0,363885.76,193047.15,342589.83,81570.83,2528695.69,155802.89,13.380647444197317,513428.44000000006,0.004957431133746257,0.31251198642873684,0.19140359033819673,0.07005457459489703,0.2942226381806841,3.8176225757059257,4.82899498378524,0.0,3.0723299504137325,1
MSME096,2025-03-01,55,1178214.93,1010440.24,5000.0,375046.67,194128.96,346657.5,81570.83,2447124.86,167774.68999999994,14.23973552940803,527575.21,0.00494833816198769,0.31831770286597877,0.19212314822299634,0.06923255504833911,0.2942226338958377,1.1873309398793497,0.183758091320807,0.0,3.067146678122268,1
MSME096,2025-04-01,55,1188036.75,1008118.41,5000.0,386530.72,194408.29,349547.3,81570.83,2365554.03,179918.33999999997,15.144172939094686,541669.73,0.004959734839085023,0.3253524943567612,0.19284271378398893,0.06866019085689058,0.29422263242277646,0.8336187014707175,-0.22978399989295184,0.0,3.062032253212643,1
MSME096,2025-05-01,55,1182145.94,1045734.44,5000.0,398346.94,202414.74,347814.09,81570.83,2283983.2,136411.5,11.53931129687761,543746.29,0.00478132861340973,0.33696934238085696,0.1935622776275782,0.06900233485554245,0.2942226321058126,-0.4958440889980986,3.7313106899813375,0.0,3.056993762358662,1
MSME096,2025-06-01,55,1127497.29,987412.94,5000.0,410504.58,191836.4,331735.23,81570.83,2202412.37,140084.3500000001,12.424362456782498,550403.41,0.0050637375686002255,0.36408475979574195,0.19428183714100405,0.07234680803534348,0.29422264065929593,-4.622834469997839,-5.577085134539505,0.0,3.052022942613797,2
MSME096,2025-07-01,55,1077382.59,943024.08,5000.0,423013.16,183891.02,316990.35,81570.83,2120841.54,134358.51000000013,12.470826171416054,556112.49,0.005302091543622089,0.39263040253880466,0.19500140441800806,0.07571203651991443,0.29422264007440474,-4.444773432670512,-4.4954707601867145,0.0,3.047123128321716,2
MSME096,2025-08-01,55,1002142.81,873294.09,5000.0,435882.44,170921.96,294853.1,81570.83,2039270.71,128848.72000000009,12.857321203551825,559813.5800000001,0.005725448113361216,0.43495042388220095,0.19572096268280023,0.08139641295236155,0.29422263679165644,-6.98357117502707,-7.394295806317053,0.0,3.042288329753151,1
MSME096,2025-09-01,55,964647.77,834495.0,5000.0,449122.45,163928.64,283821.21,81570.83,1957699.89,130152.77000000002,13.492258422988945,569015.02,0.005991647643185399,0.46558180505616054,0.19644052990131758,0.08456022243227701,0.29422263631003887,-3.741486704873931,-4.442843532812635,0.0,3.037518556608987,1
MSME096,2025-10-01,55,926899.5,815130.66,5000.0,462743.51,160711.23,272714.82,81570.83,1876129.06,111768.83999999997,12.058355841167243,574747.1000000001,0.006133985930550079,0.4992380619473848,0.19716008474027955,0.08800396375227304,0.2942226422605687,-3.9131661497543324,-2.3204860424568152,0.0,3.0328165514772243,1
MSME096,2025-11-01,55,898375.22,786593.08,5000.0,476756.19,155650.76,264322.33,81570.83,1794558.23,111782.14000000001,12.442700723646409,585427.76,0.006356526807990735,0.5306871554182004,0.1978796457248264,0.09079817450886501,0.2942226411810424,-3.0773864911999627,-3.5009822842389515,0.0,3.0281742903320197,1
MSME097,2023-11-01,51,988873.19,902561.5,459470.73,177265.47,106491.77,210748.9,85452.89,3930832.84,86311.68999999994,8.728286990974036,281522.6,0.5090741517337045,0.17926006265778124,0.11798838084717773,0.0864144066844405,0.2131202485123497,-0.5857776685053051,2.3335574767404887,-11.998427554003754,2.8167593454452966,1
MSME097,2023-12-01,51,1011185.25,902149.21,416999.95,182247.14,106867.2,215504.05,85452.89,3845379.95,109036.04000000004,10.782993521711283,290883.99,0.4622294686707092,0.18023120887097593,0.11845845323081312,0.08450765079890159,0.2131202467599285,2.256311549916745,-0.04567998967384135,-9.24341361200527,2.8102878693746725,1
MSME097,2024-01-01,51,1020627.29,908903.33,365942.06,187357.19,108094.53,217516.34,85452.89,3759927.06,111723.96000000008,10.946597361706846,296779.0,0.40261934126701904,0.18357062547288933,0.11892852235451706,0.08372585255877295,0.21312024686308356,0.9337596647102986,0.7486699456290546,-12.244099789460405,2.8039123137954203,1
MSME097,2024-02-01,51,1070517.03,953137.37,347350.82,192598.77,113803.27,228148.86,85452.89,3674474.17,117379.66000000003,10.964763447060719,306944.36,0.3644289175231898,0.17991191602061668,0.11939860253302208,0.07982394264199608,0.21312025274366722,4.8881448192513055,4.866748590303871,-5.0803780248709245,2.7976401652906935,1
MSME097,2024-03-01,51,1066923.87,965779.15,301108.44,197975.08,115766.67,227383.08,85452.89,3589021.29,101144.72000000009,9.4800315977559,309591.49,0.31177773924815005,0.185556894513945,0.11986867805129153,0.08009277175512063,0.21312024821414854,-0.3356471592049215,1.3263334748903954,-13.312874862365376,2.7914560409705524,1
MSME097,2024-04-01,51,1044027.24,931260.78,258385.38,203489.44,112066.76,222503.35,85452.89,3503568.4,112766.45999999996,10.801103235582241,313926.03,0.2774575989337809,0.19490817116993997,0.12033875194443386,0.08184929159511202,0.21312025345239077,-2.14604159151488,-3.5741473607087126,-14.18859597558939,2.7853808671273184,2
MSME097,2024-05-01,51,992388.26,879864.17,193290.21,209145.2,106295.35,211498.03,85452.89,3418115.51,112524.08999999997,11.338716360872706,314347.88,0.21968187430566696,0.2107493694050754,0.1208088175701029,0.08610832417545931,0.2131202459005309,-4.946133397822072,-5.519035172940489,-25.19305465347924,2.779387470917416,2
MSME097,2024-06-01,51,950995.07,860955.06,129727.13,214945.82,104415.68,202676.31,85452.89,3332662.62,90040.0099999999,9.467978630004875,313206.45,0.15067816663973146,0.22602201292168636,0.12127889694962707,0.08985629126342369,0.21312025308396185,-4.171068085791352,-2.1490942175767858,-32.8847901815617,2.7734894226594697,2
MSME097,2024-07-01,51,878931.38,798527.69,54604.69,220894.83,97219.92,187318.08,85452.89,3247209.74,80403.69000000006,9.147891613563742,310992.99,0.06838171134679125,0.25132204291079013,0.12174896527382789,0.09722361943659356,0.2131202551898875,-7.577714361863086,-7.250944085281308,-57.908041286352365,2.7676788504191308,1
MSME097,2024-08-01,51,838399.06,747691.02,11351.72,226995.85,91382.08,178679.82,85452.89,3161756.85,90708.04000000004,10.819196290606532,314293.59,0.015182367711197065,0.2707491704487359,0.12221904176406986,0.10192388574481465,0.21312025325982592,-4.611545442830812,-6.36630020932648,-79.21108974339018,2.7619569004851963,2
MSME097,2024-09-01,51,814167.57,727127.13,5000.0,233252.58,89210.58,173515.6,85452.89,3076303.96,87040.43999999994,10.690727954197431,317557.6,0.006876376624813875,0.28649210383066476,0.12268910939961765,0.10495737382416252,0.21312025483893937,-2.890209585874315,-2.750319242833754,-55.95381140479152,2.7563191133229914,2
MSME097,2024-10-01,51,812267.28,725145.37,5000.0,239668.8,89308.31,173110.61,85452.89,2990851.07,87121.91000000003,10.725768739570555,323471.1,0.006895169171389731,0.2950614974913183,0.12315918117218344,0.10520292039832012,0.21312025519481714,-0.23340281165951104,-0.2725465627998247,0.0,2.750760570365407,2
MSME097,2024-11-01,51,808553.4,741495.88,5000.0,246248.4,91670.59,172319.1,85452.89,2905398.18,67057.52000000002,8.293517781262192,326896.91000000003,0.006743125801319355,0.30455428175801375,0.1236292641302336,0.10568614268395878,0.21312024660337833,-0.45722388325183383,2.2547906497699888,0.0,2.7452884981274295,2
MSME097,2024-12-01,51,812579.76,725744.44,5000.0,252995.34,90064.4,173177.2,85452.89,2819945.3,86835.32000000007,10.686374959671658,336108.14,0.006889477513599691,0.3113483161332987,0.1240993317151696,0.1051624642976586,0.21312024803571283,0.4979708204801314,-2.124278829438686,0.0,2.739891914018533,2
MSME097,2025-01-01,51,842421.66,756308.61,5000.0,259913.69,94212.91,179537.12,85452.89,2734492.41,86113.05000000005,10.222084033309404,345237.9,0.006611057885484075,0.3085315850022185,0.1245694003139803,0.10143719476538625,0.2131202561909436,3.6724887166768694,4.211423238736778,0.0,2.7345760597804025,2
MSME097,2025-02-01,51,875468.21,802115.5,5000.0,267007.6,100296.1,186580.0,85452.89,2649039.52,73352.70999999996,8.378683447569154,353291.5,0.006233516245478363,0.3049883444654147,0.1250394737416245,0.09760821583687203,0.21312024567973747,3.922803931703278,6.056640026880045,0.0,2.7293329566441704,2
MSME097,2025-03-01,51,863300.35,767127.97,5000.0,274281.33,96281.89,183986.79,85452.89,2563586.63,96172.38,11.140083517862585,361986.23,0.006517817359729433,0.317712520329686,0.12550955481391196,0.09898396311318534,0.21312025415025027,-1.3898688565744721,-4.361906732883236,0.0,2.724165903891884,2
MSME097,2025-04-01,51,825790.06,765539.66,5000.0,281739.24,96442.4,175992.58,85452.89,2478133.75,60250.40000000002,7.2960916967201115,361289.4199999999,0.006531340257407434,0.3411753830023093,0.12597962592819814,0.10348016298476637,0.2131202451141153,-4.344987234164788,-0.20704628981262907,0.0,2.7190731501848697,2
MSME097,2025-05-01,51,785960.6,704466.63,5000.0,289385.78,89079.59,167504.12,85452.89,2392680.86,81493.96999999997,10.36870932207034,367810.31000000006,0.007097568269486377,0.36819374915231123,0.1264496942885712,0.10872413960699812,0.213120250557089,-4.823194408515896,-7.977774789617042,0.0,2.7140486358946836,2
MSME097,2025-06-01,51,743837.6,676278.86,5000.0,297225.51,85833.16,158526.86,85452.89,2307227.97,67558.73999999999,9.082458321547605,369919.20999999996,0.007393399817347536,0.39958387422200764,0.1269197738932724,0.11488111114576623,0.21312025635703277,-5.359428958652634,-4.001292438791603,0.0,2.7090930314544126,2
MSME097,2025-07-01,51,700115.39,631708.55,5000.0,305263.11,80473.25,149208.77,85452.89,2221775.08,68406.83999999997,9.77079506851006,373998.63,0.0079150424669731,0.43601828264337966,0.1273898382410686,0.12205543717586324,0.21312025436264154,-5.877924159789716,-6.590522436262447,0.0,2.704209339232011,2
MSME097,2025-08-01,51,666011.84,597825.63,5000.0,313503.36,76437.94,141940.61,85452.89,2136322.19,68186.20999999996,10.237987661000137,379006.02999999997,0.008363642756500754,0.47071739745647767,0.12785992464056786,0.1283053616584354,0.2131202502345904,-4.871132742846873,-5.363695014101055,0.0,2.6993926649047095,2
MSME097,2025-09-01,51,640317.95,575543.83,5000.0,321951.15,73859.53,136464.72,85452.89,2050869.31,64774.119999999995,10.115930687246859,384556.33999999997,0.008687435672796631,0.5027988829611915,0.1283299831395986,0.13345384117374814,0.21312024752702935,-3.857872857035094,-3.727140303435983,0.0,2.6946409760967294,2
MSME097,2025-10-01,51,635839.95,585559.83,5000.0,330611.47,75420.14,135510.37,85452.89,1965416.42,50280.119999999995,7.907669217701718,390701.69999999995,0.00853883709884949,0.5199602038217321,0.12880005788648446,0.1343937102410756,0.2131202514091793,-0.6993400700386454,1.740267113974614,0.0,2.6899484595722,2
MSME097,2025-11-01,51,617392.56,561497.25,5000.0,339489.47,72584.83,131578.86,85452.89,1879963.53,55895.310000000056,9.053447291298756,398483.49999999994,0.00890476311326547,0.5498761922236315,0.12927014335332898,0.13840932906609693,0.21312025528781878,-2.9012631244702214,-4.109329015960672,0.0,2.6853272815973384,2
MSME098,2023-11-01,93,574530.77,535135.79,212065.36,111564.57,92615.98,94095.33,80109.27,3685026.27,39394.97999999998,6.8568964548234685,113043.92000000003,0.3962832685887071,0.19418380324521176,0.17307005386427246,0.139434255192285,0.1637777033247497,-0.27400181618306707,4.460975932891165,-17.554746311916112,2.5019050644855323,2
MSME098,2023-12-01,93,584139.37,526334.8,167340.9,114348.61,91455.71,95669.01,80109.27,3604917.01,57804.56999999995,9.895681231004845,118561.90999999999,0.31793622614351164,0.19575569782259328,0.1737595728042303,0.13714067928686266,0.16377771284274162,1.672425656157639,-1.6446274318523857,-21.089941327522798,2.4954517370523677,2
MSME098,2024-01-01,93,607160.47,546065.72,124097.47,117194.85,95260.67,99439.35,80109.27,3524807.74,61094.75,10.062372802366399,121373.53000000001,0.22725738945854357,0.193021212332878,0.17444909378307066,0.13194085247348203,0.16377770772856806,3.9410286623892565,3.7487393955330184,-25.84151872016942,2.4890901603438875,2
MSME098,2024-02-01,93,609155.48,549561.52,82426.61,120104.61,96249.44,99766.09,80109.27,3444698.47,59593.95999999996,9.783045865400402,123621.26000000001,0.14998613803965022,0.19716577120836212,0.17513860868570275,0.1315087405927958,0.16377771074143502,0.3285803504302631,0.6401793542359702,-33.579137431246586,2.482839476308052,2
MSME098,2024-03-01,93,602028.76,539119.54,33889.5,123079.22,94792.38,98598.89,80109.27,3364589.21,62909.21999999997,10.449537327751578,126885.72999999998,0.06286082674725535,0.2044407645907149,0.17582812895262523,0.1330655199927658,0.1637777072311296,-1.1699344804383838,-1.900056612406198,-58.885243491149275,2.476682618593906,2
MSME098,2024-04-01,93,588062.72,530944.41,5000.0,126120.03,93721.07,96311.56,80109.27,3284479.94,57118.30999999994,9.712962250013051,128710.51999999999,0.009417181734713056,0.21446697046192625,0.17651766971235275,0.13622572435810928,0.16377770044664625,-2.319829371606774,-1.5163854012785416,-85.24616769205802,2.470612017203222,2
MSME098,2024-05-01,93,564634.33,510145.75,5000.0,129228.44,90401.49,92474.52,80109.27,3204370.67,54488.57999999996,9.650242131044346,131301.47000000003,0.009801120562113866,0.22887102879486626,0.17720718049694623,0.14187814262019813,0.16377771433061822,-3.9839951085489655,-3.9172952211701473,0.0,2.4646441964848886,1
MSME098,2024-06-01,93,545554.26,488930.85,5000.0,132405.87,86979.19,89349.63,80109.27,3124261.41,56623.41000000003,10.379061103839613,134776.31,0.0102263950004382,0.2426997270628956,0.17789671075163288,0.1468401511519679,0.16377771479595815,-3.3791905639177,-4.158595852263791,0.0,2.4587699116386474,2
MSME098,2024-07-01,93,506306.69,460348.07,5000.0,135653.75,82211.82,82921.75,80109.27,3044152.14,45958.619999999995,9.077229455530203,136363.68,0.010861346719668012,0.2679280220452943,0.17858621629498742,0.1582228155033859,0.16377770951436568,-7.194072684905805,-5.845975969812489,0.0,2.4529728175948673,2
MSME098,2024-08-01,93,480559.98,429760.49,5000.0,138973.56,77045.63,78705.01,80109.27,2964042.87,50799.48999999999,10.570894813171915,140632.94,0.011634387330487267,0.28919087269813853,0.17927574030828197,0.1666998363034725,0.16377770366978955,-5.085200434542947,-6.64444623391166,0.0,2.447267399537423,2
MSME098,2024-09-01,93,460761.86,417068.2,5000.0,142366.8,75057.79,75462.52,80109.27,2883933.61,43693.659999999974,9.482915968782654,142771.53000000003,0.011988446973420653,0.30898130327019685,0.1799652670714286,0.17386263264064436,0.1637777050383467,-4.1198020692443045,-2.9533403594174,0.0,2.441644295504841,2
MSME098,2024-10-01,93,449579.13,411840.98,5000.0,145835.01,74401.05,73631.04,80109.27,2803824.34,37738.15000000002,8.394106283358843,145065.0,0.01214060825127213,0.3243811829076675,0.18065480030666206,0.17818725259777962,0.1637777091654588,-2.4270086070057983,-1.2533249957680903,0.0,2.4361086995001724,2
MSME098,2024-11-01,93,453761.12,408680.24,5000.0,149379.75,74111.84,74315.96,80109.27,2723715.07,45080.880000000005,9.934936690917901,149583.87000000002,0.012234503924143728,0.329203502494881,0.1813443194611024,0.1765450288028203,0.16377771634555205,0.9302010971905972,-0.7674661224825186,0.0,2.4306509116020836,2
MSME098,2024-12-01,93,468750.23,428638.08,5000.0,153002.61,78026.63,76770.84,80109.27,2643605.81,40112.149999999965,8.557254467907134,151746.81999999998,0.011664852548798278,0.32640540784374655,0.18203382676592803,0.17089969214521775,0.16377771163973615,3.3033041702647425,4.8834854359486535,0.0,2.425268485186227,2
MSME098,2025-01-01,93,477837.44,431307.33,5000.0,156705.23,78809.92,78259.12,80109.27,2563496.54,46530.109999999986,9.737644249893853,156154.43,0.011592661780174244,0.32794673853936607,0.18272334949651795,0.16764962996620777,0.16377770649365608,1.93860384879172,0.6227281533175866,0.0,2.419971790023734,2
MSME098,2025-02-01,93,481890.81,437881.13,5000.0,160489.26,80313.04,78922.97,80109.27,2483387.27,44009.67999999999,9.132707884593191,159099.19,0.011418624045297407,0.33304071517778067,0.18341288193898647,0.1662394640810851,0.163777703085892,0.8482738397393108,1.5241568002101857,0.0,2.4147439112274682,2
MSME098,2025-03-01,93,488598.11,449218.41,5000.0,164356.39,82702.19,80021.48,80109.27,2403278.01,39379.70000000001,8.059732363680247,161675.68,0.011130443206902407,0.33638359755423536,0.18410240577629045,0.16395738821011813,0.1637777108879934,1.3918713245434144,2.589122760325391,0.0,2.4095880309997098,2
MSME098,2025-04-01,93,481281.95,430956.9,5000.0,168308.37,79637.36,78823.25,80109.27,2323168.74,50325.04999999999,10.45645904651109,167494.26,0.011602088283074246,0.3497084609136079,0.18479193627019314,0.16644977024382485,0.16377769829099137,-1.4973778756532607,-4.0651739985456015,0.0,2.404518619568119,2
MSME098,2025-05-01,93,471206.78,434251.98,5000.0,172346.94,80545.69,77173.17,80109.27,2243059.47,36954.80000000005,7.842586645294035,168974.41999999998,0.011514052279047756,0.3657564944205599,0.1854814571023948,0.17000873798972077,0.16377771559229262,-2.093402837983016,0.7645961811958424,0.0,2.3995063347117096,2
MSME098,2025-06-01,93,450931.44,411866.61,5000.0,176473.9,76677.61,73852.52,80109.27,2162950.2,39064.830000000016,8.663141784924115,173648.81,0.01213985275475475,0.3913541712682531,0.18617097899730206,0.1776528822208538,0.16377771308205966,-4.302854046370053,-5.15492640931654,0.0,2.3945652879012513,2
MSME098,2025-07-01,93,417332.84,375831.13,5000.0,180691.09,70227.99,68349.82,80109.27,2082840.94,41501.71000000002,9.944510956770145,178812.91999999998,0.013303847395504465,0.43296638242032426,0.18686049237060273,0.19195534672037792,0.16377771756471407,-7.450933117460156,-8.749308422938185,0.0,2.3896961533688588,2
MSME098,2025-08-01,93,406876.82,359682.88,5000.0,185000.38,67458.53,66637.35,80109.27,2002731.67,47193.94,11.599073154376304,184179.2,0.013901134243587018,0.4546839999388513,0.18755001628100842,0.1968882621526584,0.16377770058269725,-2.5054390639375534,-4.296677074089095,0.0,2.384893466523441,2
MSME098,2025-09-01,93,398862.86,365404.42,5000.0,189403.68,68783.56,65324.84,80109.27,1922622.4,33458.44,8.388457125338771,185944.96,0.013683468853496628,0.47485915334408424,0.1882395401785233,0.20084414477697926,0.1637776954214288,-1.9696280559801882,1.5907179124010407,0.0,2.380157273190453,2
MSME098,2025-10-01,93,384769.95,349667.29,5000.0,193902.93,66062.31,63016.74,80109.27,1842513.14,35102.66000000003,9.123025329810718,190857.36,0.014299307207145399,0.503945097583634,0.1889290531007347,0.20820043249219436,0.16377770665302735,-3.5332720624828284,-4.306770563968554,0.0,2.375481828019388,2
MSME098,2025-11-01,93,390497.17,355059.35,5000.0,198500.12,67325.85,63954.73,80109.27,1762403.87,35437.82000000001,9.07505168347315,195128.99999999997,0.014082152744322887,0.5083266544543716,0.18961858066827422,0.20514686444462582,0.16377770420205606,1.4884790249342528,1.5420544483871979,0.0,2.3708718584087407,2
MSME099,2023-11-01,91,765007.72,690015.96,274280.59,157850.52,133264.53,145236.34,45831.01,2108226.32,74991.76000000001,9.802745520005995,169822.33,0.397498907126728,0.2063384667542963,0.1931325327605466,0.059909212419451144,0.18984950896966113,1.9693236716263662,2.0072462497607635,-9.95747446557309,2.4278001565904095,2
MSME099,2023-12-01,91,788111.79,711820.03,254974.88,161672.64,138023.32,149622.63,45831.01,2062395.32,76291.76000000001,9.68032212790523,173271.95,0.3582013279395917,0.20513922269834334,0.19390198952395313,0.05815293030954403,0.1898495009191526,3.0201093918372557,3.159937054209605,-7.0386716026825,2.4213540759954633,2
MSME099,2024-01-01,91,819955.2,744566.05,225262.77,165577.03,144945.75,155668.09,45831.01,2016564.31,75389.1499999999,9.194301103279779,176299.37,0.3025423600767185,0.20193423982188297,0.19467144654258678,0.05589452935965283,0.18984950641205764,4.040468675135522,4.6003229215114905,-11.652955773525619,2.414997367519933,2
MSME099,2024-02-01,91,839590.68,757321.51,186073.71,169565.37,148011.6,159395.87,45831.01,1970733.3,82269.17000000004,9.79872358754626,180949.63999999998,0.2456997557087742,0.20196194888680755,0.19544090329614433,0.05458732581452667,0.1898494990439865,2.3947015641830216,1.7131401572768379,-17.397042573879386,2.408751986915081,2
MSME099,2024-03-01,91,839199.3,765506.87,158921.77,173639.34,150200.37,159321.57,45831.01,1924902.29,73692.43000000005,8.781278773707276,182760.54000000004,0.2076033230113271,0.20691073026395515,0.19621034883723512,0.05461278387624966,0.18984950297265502,-0.04661557224527879,1.0808302539828896,-14.592034522233154,2.4025955299717072,2
MSME099,2024-04-01,91,837496.66,777017.48,118171.21,177800.67,153056.75,158998.33,45831.01,1879071.29,60479.18000000005,7.221423426333431,183742.25,0.1520830779765727,0.21230015412837588,0.1969798028224539,0.05472381227168118,0.18984950936998363,-0.2028886344400016,1.5036586151081721,-25.64189915579218,2.3965364070146933,2
MSME099,2024-05-01,91,809572.39,743962.94,79138.59,182051.12,147118.12,153696.92,45831.01,1833240.28,65609.45000000007,8.104210421504131,188629.92000000004,0.10637437128252653,0.22487318274280574,0.1977492588542112,0.05661137974332351,0.1898495080841381,-3.334254491235822,-4.254027850184272,-33.03056641291903,2.390570294251404,2
MSME099,2024-06-01,91,741321.04,684756.23,15509.85,186392.49,135936.92,140739.43,45831.01,1787409.27,56564.810000000056,7.6302717645785485,191194.99999999997,0.022650177275495544,0.2514328879698329,0.19851870497038052,0.061823430777035546,0.1898495016410164,-8.430543190831886,-7.9582875458823255,-80.40165992343306,2.384698319900469,2
MSME099,2024-07-01,91,709856.67,646463.17,5000.0,190826.59,128832.46,134765.94,45831.01,1741578.27,63393.5,8.930464793688563,196760.07,0.007734392664627747,0.26882411346504637,0.19928816671798952,0.06456375200362631,0.18984950863390493,-4.244364897561792,-5.592217832030522,-67.76242194476414,2.378904858237596,2
MSME099,2024-08-01,91,680507.84,606324.09,5000.0,195355.29,121299.75,129194.08,45831.01,1695747.26,74183.75,10.901233702171602,203249.62,0.008246414883499021,0.28707279845592965,0.2000576127529421,0.06734824686222572,0.18984951003650452,-4.134472667559786,-6.209028118338134,0.0,2.3732017639680247,2
MSME099,2024-09-01,91,664455.19,614911.56,5000.0,199980.5,123490.88,126146.49,45831.01,1649916.25,49543.62999999989,7.456278579146909,202636.11,0.008131250614315983,0.300969129310285,0.20082705877248427,0.06897532096934934,0.18984950663113945,-2.358922124982432,1.4163168083920485,0.0,2.3675888172774773,2
MSME099,2024-10-01,91,646758.13,584161.45,5000.0,204704.14,117764.91,122786.71,45831.01,1604085.25,62596.68000000005,9.678530055741248,209725.94000000003,0.008559277576430284,0.316508027506357,0.20159651069066611,0.07086267319129023,0.1898495037085966,-2.6633940506958664,-5.000737016555701,0.0,2.362050299904239,2
MSME099,2024-11-01,91,657311.5,605677.14,5000.0,209528.2,122568.44,124790.26,45831.01,1558254.24,51634.359999999986,7.855386677397244,211750.02000000002,0.008255223236591032,0.3187654559520106,0.20236596679214275,0.06972494776068881,0.1898495005792535,1.6317336436110885,3.683175259168525,0.0,2.356601092679411,2
MSME099,2024-12-01,91,685107.61,634583.96,5000.0,214454.67,128906.48,130067.34,45831.01,1512423.23,50523.65000000002,7.374556823270438,215615.53000000003,0.007879178036583213,0.3130233365821174,0.20313542119785064,0.06689607491004224,0.18984950408009627,4.22875759818595,4.772645043199075,0.0,2.3512205039703415,2
MSME099,2025-01-01,91,701278.72,630898.01,5000.0,219485.62,128643.18,133137.42,45831.01,1466592.22,70380.70999999996,10.036053853166964,223979.86000000004,0.007925211239769166,0.3129791532815939,0.2039048752111296,0.06535348741225173,0.1898495080529465,2.360375182520591,-0.5808451256788749,0.0,2.3459269970665497,2
MSME099,2025-02-01,91,715977.46,657865.72,5000.0,224623.13,134648.22,135927.97,45831.01,1420761.22,58111.73999999999,8.116420313008177,225902.87999999998,0.007600335217344962,0.3137293316468371,0.20467432168376246,0.06401180562304294,0.18984951006697895,2.0959911631141415,4.274495968056691,0.0,2.340704598324028,2
MSME099,2025-03-01,91,720088.39,653416.36,5000.0,229869.33,134240.33,136708.42,45831.01,1374930.21,66672.03000000003,9.25886751208418,232337.42,0.007652088784553849,0.31922376918200274,0.2054437847255615,0.06364636708001917,0.1898494988927679,0.5741703097748463,-0.676332550052916,0.0,2.3355564495962655,2
MSME099,2025-04-01,91,714359.6,650326.87,5000.0,235226.4,134106.0,135620.82,45831.01,1329099.2,64032.72999999998,8.963654999526845,236741.21999999997,0.007688441352577051,0.3292828989769298,0.2062132232057396,0.06415677762292268,0.18984950996668906,-0.7955676108040044,-0.472821035579829,0.0,2.3304848889584395,2
MSME099,2025-05-01,91,697050.31,626369.19,5000.0,240696.54,129647.58,132334.66,45831.01,1283268.2,70681.12000000011,10.140031355842897,243383.62,0.007982512677547248,0.3453072705756346,0.2069826901926642,0.06574993130696692,0.18984951028857586,-2.4230499597121535,-3.683944352476176,0.0,2.325478772790812,2
MSME099,2025-06-01,91,659501.12,601117.02,5000.0,246282.0,124883.34,125205.96,45831.01,1237437.19,58384.09999999998,8.852767376649789,246604.62000000002,0.008317847995719701,0.37343681842420523,0.2077521278635564,0.06949345286934464,0.18984950321236757,-5.3868694212330315,-4.031515343211556,0.0,2.320540212169231,2
MSME099,2025-07-01,91,614703.12,568330.77,5000.0,251985.1,118509.23,116701.08,45831.01,1191606.18,46372.34999999998,7.54386117317901,250176.95,0.008797693638864564,0.40992975600969783,0.20852157978354752,0.07455795897050271,0.18984950003182025,-6.792710223145637,-5.454220876993299,0.0,2.315678774737906,2
MSME099,2025-08-01,91,580680.69,520664.53,5000.0,257808.16,108970.42,110241.94,45831.01,1145775.18,60016.159999999916,10.335484033402235,259079.68,0.009603112391773643,0.4439757760844433,0.20929103812775568,0.07892635451679994,0.18984950231425815,-5.534774250047736,-8.387059528731832,0.0,2.31087473029159,1
MSME099,2025-09-01,91,578351.35,514299.04,5000.0,263753.58,108033.91,109799.72,45831.01,1099944.17,64052.31,11.074982361500496,265519.39,0.009721970315169167,0.45604385638591494,0.2100604932103315,0.07924423449517323,0.18984950929914834,-0.4011395660496242,-1.2225703179742364,0.0,2.306141124470229,2
MSME099,2025-10-01,91,570206.45,523834.19,5000.0,269823.79,110439.93,108253.41,45831.01,1054113.16,46372.25999999995,8.132538662093344,267637.26999999996,0.009545005071165744,0.47320367912358763,0.21082993838183794,0.0803761690173796,0.18984950100090942,-1.4082961853551512,1.8540089050137043,0.0,2.30147018288811,2
MSME099,2025-11-01,91,571847.65,503269.68,5000.0,276021.28,106491.56,108564.99,45831.01,1008282.15,68577.97000000003,11.992349710626602,278094.71,0.00993503125401872,0.4826832461408209,0.21159939537784195,0.0801454897995996,0.1898494992503685,0.2878255761575632,-3.9257670447207738,0.0,2.2968656692577305,2
MSME100,2023-11-01,68,710327.42,619394.97,208837.6,158049.65,63873.32,165873.88,53775.3,2473663.7,90932.45000000007,12.801483856557313,260050.21000000002,0.33716386169555107,0.2225025327052699,0.10312211608692916,0.07570494744522181,0.23351749535446625,2.8515776972118267,3.3472466152792535,-10.503712527284382,2.5309069253439676,0
MSME100,2023-12-01,68,735915.92,643793.33,183479.52,162039.53,66653.83,171849.25,53775.3,2419888.4,92122.59000000008,12.518086305294235,267234.95,0.28499754727188614,0.22018755892656866,0.1035329614241266,0.0730726140562362,0.23351750564113355,3.6023528417360007,3.9390633088286053,-12.142487751247867,2.5244472227556436,0
MSME100,2024-01-01,68,749452.11,635056.72,186920.78,166119.83,66010.21,175010.18,53775.3,2366113.11,114395.39000000001,15.26386922841541,275119.8,0.2943371420429974,0.22165503009925477,0.10394380205912947,0.07175281686777825,0.23351749586774798,1.8393663776155256,-1.3570519595162644,1.8755553753356358,2.5180892588370085,1
MSME100,2024-02-01,68,778521.11,672066.69,172441.24,170292.48,70133.29,181798.3,53775.3,2312337.81,106454.42000000004,13.673928507860248,281957.49000000005,0.2565835244713586,0.2187384231623469,0.10435465861282309,0.06907365684663323,0.23351749575551006,3.8787001346890504,5.827821174776315,-7.746351154751229,2.511831368958184,1
MSME100,2024-03-01,68,781125.3,682241.15,150125.2,174559.45,71475.33,182406.43,53775.3,2258562.51,98884.15000000002,12.659191809559879,285490.55,0.22004711970246885,0.2234717656693491,0.10476549237758526,0.06884337250374556,0.2335175035298434,0.33450473809246706,1.5139063059352198,-12.941243057635155,2.505671418961075,1
MSME100,2024-04-01,68,776048.83,688101.74,126867.33,178922.76,72372.03,181220.98,53775.3,2204787.21,87947.08999999997,11.332674775116917,287771.70999999996,0.18437292427134394,0.2305560592108618,0.10517635081114604,0.06929370668595687,0.23351749657299273,-0.6498918931444275,0.8590203038910671,-15.492315747123076,2.499612596167089,1
MSME100,2024-05-01,68,742314.54,642281.52,109728.65,183384.44,67816.7,173343.43,53775.3,2151011.91,100033.02000000002,13.4758265680745,288911.17,0.17084198530264422,0.24704411690494435,0.10558718862096483,0.07244274105152244,0.23351749246350473,-4.346928787973292,-6.658930988897072,-13.509135882342605,2.4936346834801837,1
MSME100,2024-06-01,68,709133.52,617065.73,88618.49,187946.59,65407.75,165595.09,53775.3,2097236.62,92067.79000000004,12.983138915785569,288133.93,0.1436127233965821,0.2650369566509844,0.10599802714696213,0.07583240459427161,0.23351750457375078,-4.4699407342876585,-3.9259715895297753,-19.238512457776512,2.487751959762785,2
MSME100,2024-07-01,68,683190.12,592320.8,61525.46,192611.34,63028.19,159536.85,53775.3,2043461.32,90869.31999999995,13.300736843208439,289120.0,0.10387185457610132,0.281929340547255,0.10640887505554422,0.07871205748701401,0.23351750168752441,-3.65846476979399,-4.010096298817301,-30.572660400780926,2.4819551128860695,2
MSME100,2024-08-01,68,666543.88,571960.64,55853.27,197380.88,61096.68,155649.66,53775.3,1989686.02,94583.23999999999,14.1900995325319,291933.86000000004,0.09765229649368878,0.2961258604609797,0.1068197280148508,0.08067780923890562,0.23351749925301243,-2.436545774403176,-3.4373535422021373,-9.219256548427268,2.4762508791019266,2
MSME100,2024-09-01,68,618532.52,542423.63,18830.67,202257.43,58164.39,144438.17,53775.3,1935910.72,76108.89000000001,12.304751575551762,288531.20999999996,0.03471579953107869,0.32699562829776513,0.10723056073349901,0.08694013372166753,0.23351750365526458,-7.203030654185882,-5.1641682896221734,-66.28546547050871,2.470629374030553,2
MSME100,2024-10-01,68,601643.05,520386.26,5000.0,207243.25,56015.11,140494.18,53775.3,1882135.42,81256.79000000004,13.50581378776004,291722.32,0.009608247535205868,0.34446213581292096,0.10764140851835712,0.0893807382965697,0.23351749845693387,-2.730571061970999,-4.0627599501887435,-73.44757249742042,2.4650862022720377,1
MSME100,2024-11-01,68,598351.95,519307.32,5000.0,212340.67,56112.33,139725.65,53775.3,1828360.13,79044.62999999995,13.210390640491761,295953.99,0.00962821013191187,0.3548758719679948,0.10805226084623648,0.08987235689630493,0.23351749751964543,-0.5470187015374162,-0.2073344519126996,0.0,2.459631375207638,1
MSME100,2024-12-01,68,591935.92,524757.84,5000.0,217552.04,56916.86,138227.4,53775.3,1774584.83,67178.08000000007,11.348877087911825,298862.58,0.009528204476182767,0.3675263362966721,0.10846309604445357,0.0908464889240038,0.23351750642197888,-1.0722836283896031,1.0495750377637503,0.0,2.454249579225687,1
MSME100,2025-01-01,68,603745.94,528000.66,5000.0,222879.77,57485.52,140985.24,53775.3,1720809.53,75745.27999999991,12.54588643693404,306379.49,0.009469685132590553,0.36916152181495415,0.10887395481664737,0.08906941883534655,0.2335174957863899,1.995151772509418,0.6179650407891035,0.0,2.4489450891841624,1
MSME100,2025-02-01,68,604644.28,525077.86,5000.0,228326.32,57383.03,141195.02,53775.3,1667034.23,79566.42000000004,13.15921156154823,312138.30999999994,0.009522397306944156,0.37762090464165143,0.10928480206725913,0.08893708545460813,0.2335174989168838,0.14879437532948625,-0.5535599141107239,0.0,2.443716628027759,1
MSME100,2025-03-01,68,604247.96,531781.14,5000.0,233894.21,58334.07,141102.47,53775.3,1613258.94,72466.81999999995,11.992894440222845,316662.61,0.009402364288436405,0.38708316036350376,0.10969563531342988,0.08899541837096149,0.23351749503630928,-0.06554597688414043,1.276625908393858,0.0,2.438566872185377,1
MSME100,2025-04-01,68,593537.2,520347.26,5000.0,239585.99,57293.61,138601.32,53775.3,1559483.64,73189.93999999994,12.331146219647218,320893.7,0.009608967672857545,0.4036579173133546,0.11010648927026155,0.09060139785678135,0.2335174947753907,-1.7725769401025437,-2.150110099805347,0.0,2.433484779294015,1
MSME100,2025-05-01,68,570541.67,492875.25,5000.0,245404.28,54471.26,133231.46,53775.3,1505708.34,77666.42000000004,13.612751545386692,324164.48,0.010144554834108631,0.43012507745490347,0.11051733679059762,0.09425306305847915,0.23351749224557075,-3.874319924682046,-5.279553119968384,0.0,2.428476723534634,2
MSME100,2025-06-01,68,535159.48,464931.21,5000.0,251351.75,51573.97,124969.1,53775.3,1451933.04,70228.26999999996,13.12286759827182,324746.88,0.010754279111527057,0.46967634769358846,0.11092817365390463,0.10048462562972818,0.23351749276682907,-6.201508471765093,-5.6695969213305,0.0,2.423539638346983,2
MSME100,2025-07-01,68,506800.51,442362.68,5000.0,257431.1,49252.23,118346.79,53775.3,1398157.74,64437.830000000016,12.71463400855694,326525.66000000003,0.011302942644257423,0.5079535140957139,0.11133902615835496,0.10610743071272759,0.2335175037609966,-5.299162410427627,-4.854165415137446,0.0,2.4186622929818435,1
MSME100,2025-08-01,68,477887.47,419946.35,5000.0,263645.13,46928.95,111595.09,53775.3,1344382.45,57941.119999999995,12.124427535210328,328311.26999999996,0.01190628279064695,0.5516887270553463,0.11174986995362622,0.1125271185704032,0.23351750570066213,-5.705013990613395,-5.067409845694948,0.0,2.4138614176764106,1
MSME100,2025-09-01,68,459753.46,408406.43,5000.0,269996.66,45807.16,107360.48,53775.3,1290607.15,51347.03000000003,11.16838359411151,331549.98,0.012242706364833678,0.5872640088450883,0.11216072185739094,0.11696551451728063,0.23351750305478938,-3.7946192646565846,-2.747951018028849,0.0,2.4091209270582725,2
MSME100,2025-10-01,68,443357.82,386712.43,5000.0,276488.59,43532.82,103531.81,53775.3,1236831.85,56645.390000000014,12.77644995638061,336487.58,0.012929504231348343,0.6236240290066385,0.11257155607850516,0.12129096989876033,0.2335175006048162,-3.5661808831194075,-5.311865437574037,0.0,2.404448262434089,1
MSME100,2025-11-01,68,448022.12,383226.99,5000.0,283123.85,43297.91,104621.01,53775.3,1183056.55,64795.130000000005,14.46248457553837,344446.94999999995,0.01304709775269221,0.6319416773439668,0.11298241285145393,0.12002822539208556,0.23351751025150275,1.052039636968627,-0.9013002245622181,0.0,2.3998313999141763,1
