business_id,business_name,month,sector,state,employee_count,revenue,expenses,cash_balance,accounts_receivable,accounts_payable,inventory_value,loan_emi,loan_outstanding
MSME001,Manufacturing MSME 1,2023-10-01,Manufacturing,Karnataka,78,900759.94,568416.87,674276.42,193976.24,62194.89,266934.22,83266.39,3913520.36
MSME001,Manufacturing MSME 1,2023-11-01,Manufacturing,Karnataka,78,914941.09,580689.41,898933.57,194432.31,63537.72,271136.71,83266.39,3830253.97
MSME001,Manufacturing MSME 1,2023-12-01,Manufacturing,Karnataka,78,954177.9,599253.05,1142402.89,194889.45,65568.91,282764.28,83266.39,3746987.58
MSME001,Manufacturing MSME 1,2024-01-01,Manufacturing,Karnataka,78,998694.48,624293.06,1400314.05,195347.67,68308.73,295956.47,83266.39,3663721.19
MSME001,Manufacturing MSME 1,2024-02-01,Manufacturing,Karnataka,78,1047960.97,665666.78,1673865.01,195806.96,72835.75,310556.27,83266.39,3580454.8
MSME001,Manufacturing MSME 1,2024-03-01,Manufacturing,Karnataka,78,1071720.93,668863.37,1953935.77,196267.33,73185.51,317597.37,83266.39,3497188.4
MSME001,Manufacturing MSME 1,2024-04-01,Manufacturing,Karnataka,78,1099211.62,691274.09,2229275.07,196728.79,75637.65,325744.06,83266.39,3413922.01
MSME001,Manufacturing MSME 1,2024-05-01,Manufacturing,Karnataka,78,1097129.46,701250.2,2487110.06,197191.33,76729.21,325127.02,83266.39,3330655.62
MSME001,Manufacturing MSME 1,2024-06-01,Manufacturing,Karnataka,78,1076984.52,670167.59,2760003.02,197654.96,73328.22,319157.2,83266.39,3247389.23
MSME001,Manufacturing MSME 1,2024-07-01,Manufacturing,Karnataka,78,1046308.61,670376.45,3018376.0,198119.67,73351.07,310066.6,83266.39,3164122.84
MSME001,Manufacturing MSME 1,2024-08-01,Manufacturing,Karnataka,78,1019891.4,646324.08,3252574.78,198585.49,70719.32,302238.04,83266.39,3080856.45
MSME001,Manufacturing MSME 1,2024-09-01,Manufacturing,Karnataka,78,1003412.91,626736.34,3499160.03,199052.39,68576.07,297354.75,83266.39,2997590.06
MSME001,Manufacturing MSME 1,2024-10-01,Manufacturing,Karnataka,78,1034659.69,641343.24,3754744.64,199520.39,70174.33,306614.52,83266.39,2914323.67
MSME001,Manufacturing MSME 1,2024-11-01,Manufacturing,Karnataka,78,1059250.42,669660.37,4024532.7,199989.5,73272.72,313901.82,83266.39,2831057.28
MSME001,Manufacturing MSME 1,2024-12-01,Manufacturing,Karnataka,78,1118538.56,700277.16,4322044.74,200459.71,76622.74,331471.47,83266.39,2747790.89
MSME001,Manufacturing MSME 1,2025-01-01,Manufacturing,Karnataka,78,1170081.6,719530.98,4636333.63,200931.02,78729.45,346745.9,83266.39,2664524.5
MSME001,Manufacturing MSME 1,2025-02-01,Manufacturing,Karnataka,78,1230194.65,777431.59,4956033.22,201403.44,85064.8,364560.01,83266.39,2581258.11
MSME001,Manufacturing MSME 1,2025-03-01,Manufacturing,Karnataka,78,1268719.88,809133.94,5287740.27,201876.97,88533.6,375976.7,83266.39,2497991.72
MSME001,Manufacturing MSME 1,2025-04-01,Manufacturing,Karnataka,78,1267181.55,793119.36,5618777.95,202351.61,86781.32,375520.83,83266.39,2414725.33
MSME001,Manufacturing MSME 1,2025-05-01,Manufacturing,Karnataka,78,1261733.37,788099.18,5958714.24,202827.37,86232.03,373906.3,83266.39,2331458.94
MSME001,Manufacturing MSME 1,2025-06-01,Manufacturing,Karnataka,78,1236800.72,789367.92,6270692.28,203304.25,86370.85,366517.67,83266.39,2248192.55
MSME001,Manufacturing MSME 1,2025-07-01,Manufacturing,Karnataka,78,1196258.13,729718.75,6589943.65,203782.25,79844.17,354503.15,83266.39,2164926.16
MSME001,Manufacturing MSME 1,2025-08-01,Manufacturing,Karnataka,78,1147609.79,728785.45,6873833.49,204261.38,79742.05,340086.53,83266.39,2081659.76
MSME001,Manufacturing MSME 1,2025-09-01,Manufacturing,Karnataka,78,1156378.35,723862.69,7165406.0,204741.63,79203.42,342685.04,83266.39,1998393.37
MSME001,Manufacturing MSME 1,2025-10-01,Manufacturing,Karnataka,78,1162894.34,719655.8,7477447.33,205223.01,78743.11,344616.01,83266.39,1915126.98
MSME001,Manufacturing MSME 1,2025-11-01,Manufacturing,Karnataka,78,1165758.21,740795.25,7768460.33,205705.52,81056.14,345464.7,83266.39,1831860.59
MSME001,Manufacturing MSME 1,2025-12-01,Manufacturing,Karnataka,78,1190492.2,751337.06,8075634.41,206189.17,82209.6,352794.45,83266.39,1748594.2
MSME001,Manufacturing MSME 1,2026-01-01,Manufacturing,Karnataka,78,1249309.58,811389.64,8378260.68,206673.95,88780.42,370224.59,83266.39,1665327.81
MSME001,Manufacturing MSME 1,2026-02-01,Manufacturing,Karnataka,78,1307329.56,827394.57,8728382.86,207159.87,90531.64,387418.43,83266.39,1582061.42
MSME001,Manufacturing MSME 1,2026-03-01,Manufacturing,Karnataka,78,1352237.43,875991.21,9067152.8,207646.94,95848.97,400726.57,83266.39,1498795.03
MSME001,Manufacturing MSME 1,2026-04-01,Manufacturing,Karnataka,78,1345229.79,841537.25,9433336.72,208135.15,92079.1,398649.91,83266.39,1415528.64
MSME001,Manufacturing MSME 1,2026-05-01,Manufacturing,Karnataka,78,1325421.8,811952.62,9805197.91,208624.51,88842.02,392779.94,83266.39,1332262.25
MSME001,Manufacturing MSME 1,2026-06-01,Manufacturing,Karnataka,78,1306746.37,854886.36,10130082.98,209115.02,93539.73,387245.6,83266.39,1248995.86
MSME001,Manufacturing MSME 1,2026-07-01,Manufacturing,Karnataka,78,1246790.73,753890.14,10470710.44,209606.68,82488.95,369478.15,83266.39,1165729.47
MSME001,Manufacturing MSME 1,2026-08-01,Manufacturing,Karnataka,78,1206592.82,751591.41,10802732.25,210099.5,82237.43,357565.76,83266.39,1082463.08
MSME001,Manufacturing MSME 1,2026-09-01,Manufacturing,Karnataka,78,1195553.31,751220.51,11101421.27,210593.48,82196.85,354294.27,83266.39,999196.69
MSME002,Manufacturing MSME 2,2023-10-01,Manufacturing,Gujarat,68,704434.57,445945.74,454716.28,157973.46,78872.08,117049.65,96817.7,4550432.05
MSME002,Manufacturing MSME 2,2023-11-01,Manufacturing,Gujarat,68,726538.78,451262.93,604407.64,158394.39,79812.51,120722.51,96817.7,4453614.34
MSME002,Manufacturing MSME 2,2023-12-01,Manufacturing,Gujarat,68,760781.7,469807.96,765291.89,158816.44,83092.47,126412.36,96817.7,4356796.64
MSME002,Manufacturing MSME 2,2024-01-01,Manufacturing,Gujarat,68,797519.02,511961.03,928421.21,159239.61,90547.86,132516.67,96817.7,4259978.94
MSME002,Manufacturing MSME 2,2024-02-01,Manufacturing,Gujarat,68,833123.96,532087.13,1101008.63,159663.92,94107.46,138432.83,96817.7,4163161.23
MSME002,Manufacturing MSME 2,2024-03-01,Manufacturing,Gujarat,68,868461.01,545513.44,1295531.45,160089.35,96482.1,144304.47,96817.7,4066343.53
MSME002,Manufacturing MSME 2,2024-04-01,Manufacturing,Gujarat,68,857183.39,519946.1,1509779.98,160515.92,91960.14,142430.57,96817.7,3969525.83
MSME002,Manufacturing MSME 2,2024-05-01,Manufacturing,Gujarat,68,842298.17,520872.77,1694712.82,160943.62,92124.03,139957.23,96817.7,3872708.12
MSME002,Manufacturing MSME 2,2024-06-01,Manufacturing,Gujarat,68,806582.93,508722.28,1860300.11,161372.47,89975.04,134022.74,96817.7,3775890.42
MSME002,Manufacturing MSME 2,2024-07-01,Manufacturing,Gujarat,68,776588.09,486954.82,2022886.83,161802.45,86125.14,129038.76,96817.7,3679072.72
MSME002,Manufacturing MSME 2,2024-08-01,Manufacturing,Gujarat,68,760961.84,455352.67,2190839.75,162233.58,80535.84,126442.29,96817.7,3582255.02
MSME002,Manufacturing MSME 2,2024-09-01,Manufacturing,Gujarat,68,736121.85,450841.64,2352878.86,162665.86,79737.99,122314.85,96817.7,3485437.31
MSME002,Manufacturing MSME 2,2024-10-01,Manufacturing,Gujarat,68,725437.33,452209.04,2507548.97,163099.3,79979.84,120539.49,96817.7,3388619.61
MSME002,Manufacturing MSME 2,2024-11-01,Manufacturing,Gujarat,68,738554.05,457209.95,2667681.14,163533.88,80864.32,122718.98,96817.7,3291801.91
MSME002,Manufacturing MSME 2,2024-12-01,Manufacturing,Gujarat,68,783579.71,486711.87,2838008.88,163969.63,86082.17,130200.5,96817.7,3194984.2
MSME002,Manufacturing MSME 2,2025-01-01,Manufacturing,Gujarat,68,822272.47,514012.3,3025689.13,164406.54,90910.66,136629.73,96817.7,3098166.5
MSME002,Manufacturing MSME 2,2025-02-01,Manufacturing,Gujarat,68,858247.49,560609.57,3198140.58,164844.61,99152.07,142607.38,96817.7,3001348.8
MSME002,Manufacturing MSME 2,2025-03-01,Manufacturing,Gujarat,68,876349.6,530569.83,3406567.61,165283.84,93839.1,145615.25,96817.7,2904531.09
MSME002,Manufacturing MSME 2,2025-04-01,Manufacturing,Gujarat,68,896916.73,550925.72,3609025.75,165724.25,97439.34,149032.71,96817.7,2807713.39
MSME002,Manufacturing MSME 2,2025-05-01,Manufacturing,Gujarat,68,881563.73,537969.0,3828360.35,166165.83,95147.75,146481.64,96817.7,2710895.69
MSME002,Manufacturing MSME 2,2025-06-01,Manufacturing,Gujarat,68,848846.58,519893.64,4012910.85,166608.59,91950.86,141045.32,96817.7,2614077.98
MSME002,Manufacturing MSME 2,2025-07-01,Manufacturing,Gujarat,68,801345.62,519707.87,4164990.64,167052.53,91918.0,133152.5,96817.7,2517260.28
MSME002,Manufacturing MSME 2,2025-08-01,Manufacturing,Gujarat,68,799064.24,525667.46,4316064.06,167497.65,92972.04,132773.43,96817.7,2420442.58
MSME002,Manufacturing MSME 2,2025-09-01,Manufacturing,Gujarat,68,791308.94,509395.14,4470172.32,167943.96,90094.04,131484.8,96817.7,2323624.87
MSME002,Manufacturing MSME 2,2025-10-01,Manufacturing,Gujarat,68,804793.91,505579.74,4642395.17,168391.46,89419.23,133725.48,96817.7,2226807.17
MSME002,Manufacturing MSME 2,2025-11-01,Manufacturing,Gujarat,68,808377.66,501303.22,4825221.09,168840.14,88662.87,134320.96,96817.7,2129989.47
MSME002,Manufacturing MSME 2,2025-12-01,Manufacturing,Gujarat,68,833914.52,524241.58,5009749.7,169290.03,92719.86,138564.19,96817.7,2033171.77
MSME002,Manufacturing MSME 2,2026-01-01,Manufacturing,Gujarat,68,876514.15,546621.28,5205771.55,169741.11,96678.04,145642.59,96817.7,1936354.06
MSME002,Manufacturing MSME 2,2026-02-01,Manufacturing,Gujarat,68,916062.98,569631.38,5434023.79,170193.4,100747.71,152214.07,96817.7,1839536.36
MSME002,Manufacturing MSME 2,2026-03-01,Manufacturing,Gujarat,68,944820.36,579965.05,5668301.87,170646.89,102575.37,156992.43,96817.7,1742718.66
MSME002,Manufacturing MSME 2,2026-04-01,Manufacturing,Gujarat,68,934139.27,595314.55,5883798.68,171101.59,105290.16,155217.65,96817.7,1645900.95
MSME002,Manufacturing MSME 2,2026-05-01,Manufacturing,Gujarat,68,896426.43,568443.96,6067991.49,171557.5,100537.7,148951.24,96817.7,1549083.25
MSME002,Manufacturing MSME 2,2026-06-01,Manufacturing,Gujarat,68,863909.45,540943.48,6254123.34,172014.62,95673.83,143548.18,96817.7,1452265.55
MSME002,Manufacturing MSME 2,2026-07-01,Manufacturing,Gujarat,68,832528.63,516142.17,6445759.32,172472.96,91287.36,138333.91,96817.7,1355447.84
MSME002,Manufacturing MSME 2,2026-08-01,Manufacturing,Gujarat,68,777071.95,481901.79,6609532.55,172932.53,85231.44,129119.16,96817.7,1258630.14
MSME002,Manufacturing MSME 2,2026-09-01,Manufacturing,Gujarat,68,761380.16,458284.11,6791704.65,173393.32,81054.3,126511.8,96817.7,1161812.44
MSME003,Manufacturing MSME 3,2023-10-01,Manufacturing,Maharashtra,39,831665.48,552010.27,431797.06,150926.92,93054.76,161785.11,99691.74,4685511.56
MSME003,Manufacturing MSME 3,2023-11-01,Manufacturing,Maharashtra,39,857202.77,557270.73,595767.11,151226.53,93941.54,166752.92,99691.74,4585819.82
MSME003,Manufacturing MSME 3,2023-12-01,Manufacturing,Maharashtra,39,905728.93,594325.76,788305.32,151526.72,100188.07,176192.78,99691.74,4486128.09
MSME003,Manufacturing MSME 3,2024-01-01,Manufacturing,Maharashtra,39,976629.48,651648.33,988362.19,151827.52,109851.18,189985.17,99691.74,4386436.35
MSME003,Manufacturing MSME 3,2024-02-01,Manufacturing,Maharashtra,39,1002294.35,653749.97,1208572.23,152128.91,110205.47,194977.79,99691.74,4286744.62
MSME003,Manufacturing MSME 3,2024-03-01,Manufacturing,Maharashtra,39,1021332.35,660095.5,1431717.86,152430.89,111275.16,198681.28,99691.74,4187052.88
MSME003,Manufacturing MSME 3,2024-04-01,Manufacturing,Maharashtra,39,1020751.19,675958.74,1650678.76,152733.48,113949.29,198568.23,99691.74,4087361.15
MSME003,Manufacturing MSME 3,2024-05-01,Manufacturing,Maharashtra,39,975456.55,645874.4,1846047.76,153036.67,108877.85,189757.0,99691.74,3987669.41
MSME003,Manufacturing MSME 3,2024-06-01,Manufacturing,Maharashtra,39,973438.71,616881.71,2065749.06,153340.46,103990.42,189364.46,99691.74,3887977.67
MSME003,Manufacturing MSME 3,2024-07-01,Manufacturing,Maharashtra,39,921207.11,622905.71,2241984.69,153644.86,105005.92,179203.77,99691.74,3788285.94
MSME003,Manufacturing MSME 3,2024-08-01,Manufacturing,Maharashtra,39,890126.1,594816.08,2408981.98,153949.85,100270.73,173157.54,99691.74,3688594.2
MSME003,Manufacturing MSME 3,2024-09-01,Manufacturing,Maharashtra,39,883676.09,584743.45,2579306.97,154255.46,98572.74,171902.81,99691.74,3588902.47
MSME003,Manufacturing MSME 3,2024-10-01,Manufacturing,Maharashtra,39,890047.61,590167.04,2742402.84,154561.67,99487.02,173142.27,99691.74,3489210.73
MSME003,Manufacturing MSME 3,2024-11-01,Manufacturing,Maharashtra,39,914769.05,618612.85,2910234.3,154868.48,104282.25,177951.37,99691.74,3389519.0
MSME003,Manufacturing MSME 3,2024-12-01,Manufacturing,Maharashtra,39,958319.23,640737.47,3111699.67,155175.91,108011.89,186423.25,99691.74,3289827.26
MSME003,Manufacturing MSME 3,2025-01-01,Manufacturing,Maharashtra,39,1018927.17,681228.9,3342624.87,155483.95,114837.71,198213.4,99691.74,3190135.53
MSME003,Manufacturing MSME 3,2025-02-01,Manufacturing,Maharashtra,39,1060992.66,673126.17,3589810.81,155792.6,113471.8,206396.46,99691.74,3090443.79
MSME003,Manufacturing MSME 3,2025-03-01,Manufacturing,Maharashtra,39,1094242.71,737724.69,3812740.09,156101.86,124361.45,212864.64,99691.74,2990752.06
MSME003,Manufacturing MSME 3,2025-04-01,Manufacturing,Maharashtra,39,1078353.12,699789.92,4055582.37,156411.73,117966.62,209773.62,99691.74,2891060.32
MSME003,Manufacturing MSME 3,2025-05-01,Manufacturing,Maharashtra,39,1071202.94,687197.73,4298600.97,156722.22,115843.9,208382.68,99691.74,2791368.59
MSME003,Manufacturing MSME 3,2025-06-01,Manufacturing,Maharashtra,39,1036599.39,688286.93,4519143.77,157033.33,116027.51,201651.2,99691.74,2691676.85
MSME003,Manufacturing MSME 3,2025-07-01,Manufacturing,Maharashtra,39,1015933.83,671759.19,4728470.6,157345.06,113241.36,197631.1,99691.74,2591985.12
MSME003,Manufacturing MSME 3,2025-08-01,Manufacturing,Maharashtra,39,987413.73,652516.71,4929639.39,157657.4,109997.57,192083.05,99691.74,2492293.38
MSME003,Manufacturing MSME 3,2025-09-01,Manufacturing,Maharashtra,39,984421.16,645074.22,5146032.19,157970.36,108742.96,191500.9,99691.74,2392601.65
MSME003,Manufacturing MSME 3,2025-10-01,Manufacturing,Maharashtra,39,964341.12,619989.53,5342066.35,158283.95,104514.32,187594.7,99691.74,2292909.91
MSME003,Manufacturing MSME 3,2025-11-01,Manufacturing,Maharashtra,39,982963.13,656094.51,5542350.95,158598.15,110600.69,191217.26,99691.74,2193218.18
MSME003,Manufacturing MSME 3,2025-12-01,Manufacturing,Maharashtra,39,1043289.9,703599.99,5756870.27,158912.98,118608.9,202952.72,99691.74,2093526.44
MSME003,Manufacturing MSME 3,2026-01-01,Manufacturing,Maharashtra,39,1117357.17,736984.6,6000608.94,159228.44,124236.69,217361.13,99691.74,1993834.71
MSME003,Manufacturing MSME 3,2026-02-01,Manufacturing,Maharashtra,39,1141370.04,739396.89,6272788.17,159544.52,124643.34,222032.39,99691.74,1894142.97
MSME003,Manufacturing MSME 3,2026-03-01,Manufacturing,Maharashtra,39,1205304.83,773669.08,6566510.46,159861.23,130420.75,234469.72,99691.74,1794451.23
MSME003,Manufacturing MSME 3,2026-04-01,Manufacturing,Maharashtra,39,1225335.24,804922.47,6857019.79,160178.57,135689.27,238366.27,99691.74,1694759.5
MSME003,Manufacturing MSME 3,2026-05-01,Manufacturing,Maharashtra,39,1201336.58,783350.77,7124950.97,160496.54,132052.84,233697.77,99691.74,1595067.76
MSME003,Manufacturing MSME 3,2026-06-01,Manufacturing,Maharashtra,39,1178179.69,773123.75,7392728.48,160815.13,130328.82,229193.03,99691.74,1495376.03
MSME003,Manufacturing MSME 3,2026-07-01,Manufacturing,Maharashtra,39,1164201.41,761806.13,7662421.3,161134.37,128420.96,226473.81,99691.74,1395684.29
MSME003,Manufacturing MSME 3,2026-08-01,Manufacturing,Maharashtra,39,1128958.67,758488.56,7900237.37,161454.23,127861.7,219617.99,99691.74,1295992.56
MSME003,Manufacturing MSME 3,2026-09-01,Manufacturing,Maharashtra,39,1122676.16,765536.02,8129110.25,161774.73,129049.72,218395.85,99691.74,1196300.82
MSME004,Manufacturing MSME 4,2023-10-01,Manufacturing,Rajasthan,31,735842.53,507960.39,421993.47,155194.54,83032.68,155830.57,52435.19,2464453.87
MSME004,Manufacturing MSME 4,2023-11-01,Manufacturing,Rajasthan,31,758456.31,502234.27,587540.23,155497.34,82096.68,160619.53,52435.19,2412018.68
MSME004,Manufacturing MSME 4,2023-12-01,Manufacturing,Rajasthan,31,796181.84,527863.3,760707.42,155800.74,86286.07,168608.73,52435.19,2359583.49
MSME004,Manufacturing MSME 4,2024-01-01,Manufacturing,Rajasthan,31,832501.18,581282.78,938568.15,156104.72,95018.18,176300.14,52435.19,2307148.3
MSME004,Manufacturing MSME 4,2024-02-01,Manufacturing,Rajasthan,31,867092.39,584449.6,1126875.93,156409.3,95535.83,183625.57,52435.19,2254713.12
MSME004,Manufacturing MSME 4,2024-03-01,Manufacturing,Rajasthan,31,878785.83,590744.54,1322691.03,156714.48,96564.82,186101.91,52435.19,2202277.93
MSME004,Manufacturing MSME 4,2024-04-01,Manufacturing,Rajasthan,31,897754.49,602808.81,1528052.88,157020.25,98536.88,190118.94,52435.19,2149842.74
MSME004,Manufacturing MSME 4,2024-05-01,Manufacturing,Rajasthan,31,880393.86,597163.29,1712902.14,157326.61,97614.05,186442.45,52435.19,2097407.55
MSME004,Manufacturing MSME 4,2024-06-01,Manufacturing,Rajasthan,31,829025.72,538140.3,1906799.3,157633.58,87965.98,175564.13,52435.19,2044972.36
MSME004,Manufacturing MSME 4,2024-07-01,Manufacturing,Rajasthan,31,791498.24,513709.63,2085935.72,157941.14,83972.47,167616.88,52435.19,1992537.17
MSME004,Manufacturing MSME 4,2024-08-01,Manufacturing,Rajasthan,31,795874.82,535053.2,2263304.04,158249.3,87461.35,168543.71,52435.19,1940101.98
MSME004,Manufacturing MSME 4,2024-09-01,Manufacturing,Rajasthan,31,765833.39,508127.86,2425609.57,158558.07,83060.06,162181.79,52435.19,1887666.79
MSME004,Manufacturing MSME 4,2024-10-01,Manufacturing,Rajasthan,31,778981.11,522852.31,2592345.8,158867.43,85466.96,164966.1,52435.19,1835231.61
MSME004,Manufacturing MSME 4,2024-11-01,Manufacturing,Rajasthan,31,809477.02,555796.43,2755478.16,159177.4,90852.1,171424.27,52435.19,1782796.42
MSME004,Manufacturing MSME 4,2024-12-01,Manufacturing,Rajasthan,31,858742.96,570865.16,2948716.87,159487.98,93315.28,181857.4,52435.19,1730361.23
MSME004,Manufacturing MSME 4,2025-01-01,Manufacturing,Rajasthan,31,917323.59,613361.38,3171423.65,159799.16,100261.84,194263.12,52435.19,1677926.04
MSME004,Manufacturing MSME 4,2025-02-01,Manufacturing,Rajasthan,31,948985.97,622317.51,3398810.02,160110.94,101725.83,200968.31,52435.19,1625490.85
MSME004,Manufacturing MSME 4,2025-03-01,Manufacturing,Rajasthan,31,950367.48,641226.39,3619778.53,160423.34,104816.73,201260.87,52435.19,1573055.66
MSME004,Manufacturing MSME 4,2025-04-01,Manufacturing,Rajasthan,31,921278.5,605856.43,3828736.61,160736.35,99035.06,195100.65,52435.19,1520620.47
MSME004,Manufacturing MSME 4,2025-05-01,Manufacturing,Rajasthan,31,910997.35,605734.69,4034727.68,161049.96,99015.16,192923.4,52435.19,1468185.28
MSME004,Manufacturing MSME 4,2025-06-01,Manufacturing,Rajasthan,31,886788.6,580812.89,4243660.8,161364.19,94941.37,187796.67,52435.19,1415750.1
MSME004,Manufacturing MSME 4,2025-07-01,Manufacturing,Rajasthan,31,860750.79,579924.73,4440866.38,161679.03,94796.19,182282.6,52435.19,1363314.91
MSME004,Manufacturing MSME 4,2025-08-01,Manufacturing,Rajasthan,31,834256.71,553428.8,4617794.03,161994.49,90465.08,176671.91,52435.19,1310879.72
MSME004,Manufacturing MSME 4,2025-09-01,Manufacturing,Rajasthan,31,806647.75,529482.72,4801373.89,162310.56,86550.79,170825.11,52435.19,1258444.53
MSME004,Manufacturing MSME 4,2025-10-01,Manufacturing,Rajasthan,31,811546.44,533898.61,4992144.31,162627.25,87272.62,171862.52,52435.19,1206009.34
MSME004,Manufacturing MSME 4,2025-11-01,Manufacturing,Rajasthan,31,830187.07,547283.81,5184604.62,162944.55,89460.61,175810.07,52435.19,1153574.15
MSME004,Manufacturing MSME 4,2025-12-01,Manufacturing,Rajasthan,31,844845.02,562876.93,5371428.36,163262.48,92009.5,178914.21,52435.19,1101138.96
MSME004,Manufacturing MSME 4,2026-01-01,Manufacturing,Rajasthan,31,885802.74,575423.33,5592192.91,163581.02,94060.37,187587.89,52435.19,1048703.77
MSME004,Manufacturing MSME 4,2026-02-01,Manufacturing,Rajasthan,31,917879.08,616287.84,5794528.32,163900.19,100740.2,194380.75,52435.19,996268.59
MSME004,Manufacturing MSME 4,2026-03-01,Manufacturing,Rajasthan,31,937078.42,613035.68,6032879.56,164219.98,100208.6,198446.63,52435.19,943833.4
MSME004,Manufacturing MSME 4,2026-04-01,Manufacturing,Rajasthan,31,925511.64,608074.98,6259111.67,164540.39,99397.71,195997.11,52435.19,891398.21
MSME004,Manufacturing MSME 4,2026-05-01,Manufacturing,Rajasthan,31,895183.32,599820.21,6446265.64,164861.43,98048.36,189574.44,52435.19,838963.02
MSME004,Manufacturing MSME 4,2026-06-01,Manufacturing,Rajasthan,31,852152.38,564108.87,6639628.03,165183.1,92210.88,180461.7,52435.19,786527.83
MSME004,Manufacturing MSME 4,2026-07-01,Manufacturing,Rajasthan,31,825372.17,532996.42,6829727.99,165505.39,87125.15,174790.41,52435.19,734092.64
MSME004,Manufacturing MSME 4,2026-08-01,Manufacturing,Rajasthan,31,816239.79,538337.44,7016267.9,165828.31,87998.21,172856.43,52435.19,681657.45
MSME004,Manufacturing MSME 4,2026-09-01,Manufacturing,Rajasthan,31,813313.3,546905.77,7196583.85,166151.86,89398.81,172236.69,52435.19,629222.26
MSME005,Manufacturing MSME 5,2023-10-01,Manufacturing,Maharashtra,15,1148293.69,737192.8,810969.38,259849.03,137520.11,299606.73,86742.93,4076917.76
MSME005,Manufacturing MSME 5,2023-11-01,Manufacturing,Maharashtra,15,1166916.53,739618.71,1106488.19,260593.68,137972.66,304465.7,86742.93,3990174.82
MSME005,Manufacturing MSME 5,2023-12-01,Manufacturing,Maharashtra,15,1168828.07,769198.81,1384584.38,261340.46,143490.7,304964.45,86742.93,3903431.89
MSME005,Manufacturing MSME 5,2024-01-01,Manufacturing,Maharashtra,15,1185484.88,752826.77,1694145.8,262089.38,140436.56,309310.46,86742.93,3816688.96
MSME005,Manufacturing MSME 5,2024-02-01,Manufacturing,Maharashtra,15,1211333.41,782179.24,1995715.05,262840.45,145912.14,316054.72,86742.93,3729946.03
MSME005,Manufacturing MSME 5,2024-03-01,Manufacturing,Maharashtra,15,1253823.8,831780.48,2305262.29,263593.67,155165.03,327141.09,86742.93,3643203.1
MSME005,Manufacturing MSME 5,2024-04-01,Manufacturing,Maharashtra,15,1256536.74,811906.05,2607268.47,264349.05,151457.55,327848.93,86742.93,3556460.17
MSME005,Manufacturing MSME 5,2024-05-01,Manufacturing,Maharashtra,15,1204726.0,771910.72,2924155.89,265106.59,143996.59,314330.75,86742.93,3469717.24
MSME005,Manufacturing MSME 5,2024-06-01,Manufacturing,Maharashtra,15,1164948.28,767441.68,3212368.65,265866.3,143162.91,303952.16,86742.93,3382974.31
MSME005,Manufacturing MSME 5,2024-07-01,Manufacturing,Maharashtra,15,1128510.33,709081.68,3510918.87,266628.19,132276.11,294444.96,86742.93,3296231.38
MSME005,Manufacturing MSME 5,2024-08-01,Manufacturing,Maharashtra,15,1088804.14,673381.0,3788996.1,267392.27,125616.3,284085.03,86742.93,3209488.45
MSME005,Manufacturing MSME 5,2024-09-01,Manufacturing,Maharashtra,15,1066130.33,679960.61,4046462.55,268158.53,126843.7,278169.1,86742.93,3122745.52
MSME005,Manufacturing MSME 5,2024-10-01,Manufacturing,Maharashtra,15,1078417.25,682088.33,4328807.24,268926.99,127240.61,281374.94,86742.93,3036002.58
MSME005,Manufacturing MSME 5,2024-11-01,Manufacturing,Maharashtra,15,1109202.74,699015.48,4632893.16,269697.66,130398.3,289407.32,86742.93,2949259.65
MSME005,Manufacturing MSME 5,2024-12-01,Manufacturing,Maharashtra,15,1158568.17,773175.15,4916010.15,270470.53,144232.46,302287.49,86742.93,2862516.72
MSME005,Manufacturing MSME 5,2025-01-01,Manufacturing,Maharashtra,15,1207067.52,782860.69,5233065.7,271245.61,146039.26,314941.69,86742.93,2775773.79
MSME005,Manufacturing MSME 5,2025-02-01,Manufacturing,Maharashtra,15,1244477.94,788423.97,5578314.95,272022.92,147077.06,324702.61,86742.93,2689030.86
MSME005,Manufacturing MSME 5,2025-03-01,Manufacturing,Maharashtra,15,1303347.7,825353.7,5936409.24,272802.45,153966.15,340062.6,86742.93,2602287.93
MSME005,Manufacturing MSME 5,2025-04-01,Manufacturing,Maharashtra,15,1304139.3,847935.01,6261125.14,273584.22,158178.59,340269.14,86742.93,2515545.0
MSME005,Manufacturing MSME 5,2025-05-01,Manufacturing,Maharashtra,15,1268544.63,774977.43,6613536.29,274368.23,144568.67,330981.97,86742.93,2428802.07
MSME005,Manufacturing MSME 5,2025-06-01,Manufacturing,Maharashtra,15,1226165.03,799604.78,6919384.06,275154.49,149162.8,319924.5,86742.93,2342059.14
MSME005,Manufacturing MSME 5,2025-07-01,Manufacturing,Maharashtra,15,1181167.08,769356.6,7195549.53,275942.99,143520.13,308183.88,86742.93,2255316.21
MSME005,Manufacturing MSME 5,2025-08-01,Manufacturing,Maharashtra,15,1154699.52,734509.42,7490170.11,276733.76,137019.54,301278.1,86742.93,2168573.27
MSME005,Manufacturing MSME 5,2025-09-01,Manufacturing,Maharashtra,15,1148374.5,719275.04,7799495.47,277526.8,134177.63,299627.81,86742.93,2081830.34
MSME005,Manufacturing MSME 5,2025-10-01,Manufacturing,Maharashtra,15,1132360.9,702064.97,8103395.82,278322.1,130967.17,295449.63,86742.93,1995087.41
MSME005,Manufacturing MSME 5,2025-11-01,Manufacturing,Maharashtra,15,1142256.34,728312.54,8383178.39,279119.69,135863.54,298031.49,86742.93,1908344.48
MSME005,Manufacturing MSME 5,2025-12-01,Manufacturing,Maharashtra,15,1160368.28,728349.45,8699810.69,279919.56,135870.42,302757.16,86742.93,1821601.55
MSME005,Manufacturing MSME 5,2026-01-01,Manufacturing,Maharashtra,15,1225854.45,766258.18,9047712.83,280721.72,142942.13,319843.47,86742.93,1734858.62
MSME005,Manufacturing MSME 5,2026-02-01,Manufacturing,Maharashtra,15,1274873.84,822736.87,9394009.25,281526.19,153477.99,332633.35,86742.93,1648115.69
MSME005,Manufacturing MSME 5,2026-03-01,Manufacturing,Maharashtra,15,1309039.03,848382.99,9726762.24,282332.95,158262.16,341547.55,86742.93,1561372.76
MSME005,Manufacturing MSME 5,2026-04-01,Manufacturing,Maharashtra,15,1270533.33,826842.45,10034730.51,283142.03,154243.87,331500.85,86742.93,1474629.83
MSME005,Manufacturing MSME 5,2026-05-01,Manufacturing,Maharashtra,15,1215733.1,778009.89,10354866.19,283953.43,145134.36,317202.66,86742.93,1387886.9
MSME005,Manufacturing MSME 5,2026-06-01,Manufacturing,Maharashtra,15,1187747.18,753390.66,10659721.68,284767.15,140541.75,309900.72,86742.93,1301143.96
MSME005,Manufacturing MSME 5,2026-07-01,Manufacturing,Maharashtra,15,1140014.73,714312.71,10973049.17,285583.21,133251.93,297446.62,86742.93,1214401.03
MSME005,Manufacturing MSME 5,2026-08-01,Manufacturing,Maharashtra,15,1124002.59,705550.6,11277666.13,286401.6,131617.4,293268.82,86742.93,1127658.1
MSME005,Manufacturing MSME 5,2026-09-01,Manufacturing,Maharashtra,15,1113564.35,728002.49,11556775.94,287222.34,135805.7,290545.33,86742.93,1040915.17
MSME006,Manufacturing MSME 6,2023-10-01,Manufacturing,Kerala,12,436545.8,282796.91,223461.15,65746.57,32959.63,112968.23,78624.65,3695358.54
MSME006,Manufacturing MSME 6,2023-11-01,Manufacturing,Kerala,12,449434.38,283027.0,300636.74,65987.86,32986.45,116303.51,78624.65,3616733.89
MSME006,Manufacturing MSME 6,2023-12-01,Manufacturing,Kerala,12,481461.99,315888.57,381117.22,66230.04,36816.43,124591.53,78624.65,3538109.24
MSME006,Manufacturing MSME 6,2024-01-01,Manufacturing,Kerala,12,505274.36,324859.72,469034.75,66473.11,37862.0,130753.63,78624.65,3459484.59
MSME006,Manufacturing MSME 6,2024-02-01,Manufacturing,Kerala,12,521334.71,328632.96,570867.52,66717.07,38301.77,134909.69,78624.65,3380859.94
MSME006,Manufacturing MSME 6,2024-03-01,Manufacturing,Kerala,12,521993.41,336111.58,667900.52,66961.93,39173.39,135080.15,78624.65,3302235.29
MSME006,Manufacturing MSME 6,2024-04-01,Manufacturing,Kerala,12,534426.79,345153.78,760697.17,67207.68,40227.25,138297.63,78624.65,3223610.64
MSME006,Manufacturing MSME 6,2024-05-01,Manufacturing,Kerala,12,530861.39,345019.35,856463.66,67454.34,40211.58,137374.98,78624.65,3144985.99
MSME006,Manufacturing MSME 6,2024-06-01,Manufacturing,Kerala,12,515776.26,325166.9,952744.81,67701.9,37897.8,133471.29,78624.65,3066361.34
MSME006,Manufacturing MSME 6,2024-07-01,Manufacturing,Kerala,12,497819.1,317826.4,1037762.53,67950.37,37042.28,128824.38,78624.65,2987736.69
MSME006,Manufacturing MSME 6,2024-08-01,Manufacturing,Kerala,12,480098.61,311636.66,1115547.7,68199.75,36320.87,124238.72,78624.65,2909112.04
MSME006,Manufacturing MSME 6,2024-09-01,Manufacturing,Kerala,12,476391.75,300936.24,1204284.26,68450.05,35073.75,123279.46,78624.65,2830487.39
MSME006,Manufacturing MSME 6,2024-10-01,Manufacturing,Kerala,12,472104.36,292691.67,1289598.93,68701.26,34112.86,122169.99,78624.65,2751862.74
MSME006,Manufacturing MSME 6,2024-11-01,Manufacturing,Kerala,12,485829.92,312855.48,1362677.66,68953.4,36462.92,125721.85,78624.65,2673238.09
MSME006,Manufacturing MSME 6,2024-12-01,Manufacturing,Kerala,12,509883.03,338618.17,1445491.5,69206.46,39465.53,131946.25,78624.65,2594613.44
MSME006,Manufacturing MSME 6,2025-01-01,Manufacturing,Kerala,12,528760.75,335572.77,1551466.12,69460.46,39110.6,136831.38,78624.65,2515988.79
MSME006,Manufacturing MSME 6,2025-02-01,Manufacturing,Kerala,12,566768.12,363491.63,1661270.45,69715.38,42364.5,146666.84,78624.65,2437364.14
MSME006,Manufacturing MSME 6,2025-03-01,Manufacturing,Kerala,12,598184.98,385382.27,1782770.52,69971.24,44915.83,154796.81,78624.65,2358739.49
MSME006,Manufacturing MSME 6,2025-04-01,Manufacturing,Kerala,12,631751.7,414168.63,1911374.69,70228.04,48270.85,163483.13,78624.65,2280114.84
MSME006,Manufacturing MSME 6,2025-05-01,Manufacturing,Kerala,12,620976.49,397111.52,2038503.56,70485.78,46282.86,160694.74,78624.65,2201490.19
MSME006,Manufacturing MSME 6,2025-06-01,Manufacturing,Kerala,12,607024.57,391858.68,2160482.3,70744.47,45670.65,157084.3,78624.65,2122865.54
MSME006,Manufacturing MSME 6,2025-07-01,Manufacturing,Kerala,12,570725.65,372895.66,2258427.21,71004.1,43460.53,147690.96,78624.65,2044240.89
MSME006,Manufacturing MSME 6,2025-08-01,Manufacturing,Kerala,12,555117.77,358817.04,2363220.39,71264.69,41819.69,143651.99,78624.65,1965616.24
MSME006,Manufacturing MSME 6,2025-09-01,Manufacturing,Kerala,12,537649.81,344358.75,2461373.04,71526.24,40134.59,139131.67,78624.65,1886991.59
MSME006,Manufacturing MSME 6,2025-10-01,Manufacturing,Kerala,12,544431.97,344776.54,2565143.84,71788.74,40183.28,140886.74,78624.65,1808366.95
MSME006,Manufacturing MSME 6,2025-11-01,Manufacturing,Kerala,12,544243.23,338448.08,2675858.41,72052.21,39445.71,140837.9,78624.65,1729742.3
MSME006,Manufacturing MSME 6,2025-12-01,Manufacturing,Kerala,12,566970.58,365716.7,2787239.73,72316.65,42623.83,146719.23,78624.65,1651117.65
MSME006,Manufacturing MSME 6,2026-01-01,Manufacturing,Kerala,12,584793.58,369185.21,2910462.11,72582.05,43028.08,151331.42,78624.65,1572493.0
MSME006,Manufacturing MSME 6,2026-02-01,Manufacturing,Kerala,12,621451.76,397851.05,3036612.88,72848.43,46369.05,160817.73,78624.65,1493868.35
MSME006,Manufacturing MSME 6,2026-03-01,Manufacturing,Kerala,12,631304.66,403201.35,3170124.18,73115.79,46992.62,163367.44,78624.65,1415243.7
MSME006,Manufacturing MSME 6,2026-04-01,Manufacturing,Kerala,12,633675.39,416935.81,3289256.67,73384.13,48593.36,163980.93,78624.65,1336619.05
MSME006,Manufacturing MSME 6,2026-05-01,Manufacturing,Kerala,12,630698.59,395413.04,3425634.09,73653.45,46084.91,163210.6,78624.65,1257994.4
MSME006,Manufacturing MSME 6,2026-06-01,Manufacturing,Kerala,12,612637.51,407055.7,3542969.57,73923.77,47441.84,158536.8,78624.65,1179369.75
MSME006,Manufacturing MSME 6,2026-07-01,Manufacturing,Kerala,12,591102.08,372422.72,3659379.96,74195.07,43405.41,152963.92,78624.65,1100745.1
MSME006,Manufacturing MSME 6,2026-08-01,Manufacturing,Kerala,12,569002.36,369929.29,3762136.36,74467.37,43114.81,147245.01,78624.65,1022120.45
MSME006,Manufacturing MSME 6,2026-09-01,Manufacturing,Kerala,12,570582.88,376163.81,3858566.53,74740.67,43841.43,147654.01,78624.65,943495.8
MSME007,Manufacturing MSME 7,2023-10-01,Manufacturing,Andhra Pradesh,55,675685.5,446058.64,340767.61,111843.44,86536.22,191353.0,84685.55,3980221.04
MSME007,Manufacturing MSME 7,2023-11-01,Manufacturing,Andhra Pradesh,55,706143.57,479483.74,473369.5,112133.03,93020.76,199978.68,84685.55,3895535.49
MSME007,Manufacturing MSME 7,2023-12-01,Manufacturing,Andhra Pradesh,55,723184.35,475995.68,620438.19,112423.37,92344.07,204804.6,84685.55,3810849.93
MSME007,Manufacturing MSME 7,2024-01-01,Manufacturing,Andhra Pradesh,55,759843.52,509008.05,775109.45,112714.46,98748.53,215186.41,84685.55,3726164.38
MSME007,Manufacturing MSME 7,2024-02-01,Manufacturing,Andhra Pradesh,55,795164.0,520816.72,927894.1,113006.3,101039.43,225189.11,84685.55,3641478.83
MSME007,Manufacturing MSME 7,2024-03-01,Manufacturing,Andhra Pradesh,55,821488.89,505599.86,1129801.67,113298.9,98087.33,232644.28,84685.55,3556793.27
MSME007,Manufacturing MSME 7,2024-04-01,Manufacturing,Andhra Pradesh,55,833210.64,537670.4,1329377.29,113592.26,104309.08,235963.86,84685.55,3472107.72
MSME007,Manufacturing MSME 7,2024-05-01,Manufacturing,Andhra Pradesh,55,816420.28,560197.94,1481847.66,113886.38,108679.47,231208.86,84685.55,3387422.16
MSME007,Manufacturing MSME 7,2024-06-01,Manufacturing,Andhra Pradesh,55,812853.96,537150.93,1643249.05,114181.26,104208.3,230198.88,84685.55,3302736.61
MSME007,Manufacturing MSME 7,2024-07-01,Manufacturing,Andhra Pradesh,55,785468.04,504955.2,1805043.49,114476.9,97962.27,222443.23,84685.55,3218051.06
MSME007,Manufacturing MSME 7,2024-08-01,Manufacturing,Andhra Pradesh,55,774160.33,510685.68,1962380.58,114773.31,99073.99,219240.91,84685.55,3133365.5
MSME007,Manufacturing MSME 7,2024-09-01,Manufacturing,Andhra Pradesh,55,766607.42,511059.15,2105453.85,115070.48,99146.45,217101.94,84685.55,3048679.95
MSME007,Manufacturing MSME 7,2024-10-01,Manufacturing,Andhra Pradesh,55,784757.74,513467.45,2269220.15,115368.43,99613.66,222242.08,84685.55,2963994.39
MSME007,Manufacturing MSME 7,2024-11-01,Manufacturing,Andhra Pradesh,55,811704.47,520205.2,2456422.4,115667.14,100920.8,229873.35,84685.55,2879308.84
MSME007,Manufacturing MSME 7,2024-12-01,Manufacturing,Andhra Pradesh,55,850506.77,567145.48,2639305.2,115966.63,110027.3,240862.09,84685.55,2794623.28
MSME007,Manufacturing MSME 7,2025-01-01,Manufacturing,Andhra Pradesh,55,886797.33,579482.29,2844941.96,116266.9,112420.67,251139.52,84685.55,2709937.73
MSME007,Manufacturing MSME 7,2025-02-01,Manufacturing,Andhra Pradesh,55,948732.21,640419.22,3053254.68,116567.94,124242.55,268679.37,84685.55,2625252.18
MSME007,Manufacturing MSME 7,2025-03-01,Manufacturing,Andhra Pradesh,55,985714.25,651264.13,3275548.16,116869.76,126346.48,279152.62,84685.55,2540566.62
MSME007,Manufacturing MSME 7,2025-04-01,Manufacturing,Andhra Pradesh,55,991842.17,645190.54,3508237.45,117172.37,125168.19,280888.04,84685.55,2455881.07
MSME007,Manufacturing MSME 7,2025-05-01,Manufacturing,Andhra Pradesh,55,978956.01,649372.02,3720121.51,117475.75,125979.41,277238.7,84685.55,2371195.51
MSME007,Manufacturing MSME 7,2025-06-01,Manufacturing,Andhra Pradesh,55,962479.75,638889.0,3936100.68,117779.92,123945.68,272572.65,84685.55,2286509.96
MSME007,Manufacturing MSME 7,2025-07-01,Manufacturing,Andhra Pradesh,55,923606.16,590542.22,4141271.85,118084.88,114566.31,261563.72,84685.55,2201824.41
MSME007,Manufacturing MSME 7,2025-08-01,Manufacturing,Andhra Pradesh,55,898645.04,589477.38,4342701.64,118390.63,114359.73,254494.77,84685.55,2117138.85
MSME007,Manufacturing MSME 7,2025-09-01,Manufacturing,Andhra Pradesh,55,891419.95,591048.16,4536195.12,118697.18,114664.47,252448.64,84685.55,2032453.3
MSME007,Manufacturing MSME 7,2025-10-01,Manufacturing,Andhra Pradesh,55,869568.28,569458.85,4719522.56,119004.51,110476.1,246260.28,84685.55,1947767.74
MSME007,Manufacturing MSME 7,2025-11-01,Manufacturing,Andhra Pradesh,55,893200.71,600047.79,4904143.8,119312.64,116410.41,252952.94,84685.55,1863082.19
MSME007,Manufacturing MSME 7,2025-12-01,Manufacturing,Andhra Pradesh,55,923772.95,614374.2,5103372.69,119621.57,119189.76,261610.95,84685.55,1778396.64
MSME007,Manufacturing MSME 7,2026-01-01,Manufacturing,Andhra Pradesh,55,981761.81,640653.95,5333398.75,119931.3,124288.08,278033.3,84685.55,1693711.08
MSME007,Manufacturing MSME 7,2026-02-01,Manufacturing,Andhra Pradesh,55,1008441.32,676598.95,5556649.65,120241.83,131261.48,285588.89,84685.55,1609025.53
MSME007,Manufacturing MSME 7,2026-03-01,Manufacturing,Andhra Pradesh,55,1024157.42,664614.83,5796055.42,120553.16,128936.54,290039.66,84685.55,1524339.97
MSME007,Manufacturing MSME 7,2026-04-01,Manufacturing,Andhra Pradesh,55,1016754.39,675632.05,6019954.66,120865.31,131073.9,287943.14,84685.55,1439654.42
MSME007,Manufacturing MSME 7,2026-05-01,Manufacturing,Andhra Pradesh,55,1005138.65,692128.62,6230379.81,121178.25,134274.27,284653.58,84685.55,1354968.87
MSME007,Manufacturing MSME 7,2026-06-01,Manufacturing,Andhra Pradesh,55,979395.62,650497.62,6440775.5,121492.01,126197.78,277363.2,84685.55,1270283.31
MSME007,Manufacturing MSME 7,2026-07-01,Manufacturing,Andhra Pradesh,55,944733.5,639298.55,6635247.49,121806.59,124025.13,267546.94,84685.55,1185597.76
MSME007,Manufacturing MSME 7,2026-08-01,Manufacturing,Andhra Pradesh,55,909672.65,599042.74,6828902.88,122121.97,116215.43,257617.77,84685.55,1100912.2
MSME007,Manufacturing MSME 7,2026-09-01,Manufacturing,Andhra Pradesh,55,917138.52,603770.96,7021513.37,122438.17,117132.71,259732.09,84685.55,1016226.65
MSME008,Manufacturing MSME 8,2023-10-01,Manufacturing,Karnataka,42,1514674.44,949543.35,863087.22,247841.56,135101.06,367990.58,98295.49,4619887.8
MSME008,Manufacturing MSME 8,2023-11-01,Manufacturing,Karnataka,42,1524467.05,965612.96,1271794.7,248192.0,137387.44,370369.69,98295.49,4521592.32
MSME008,Manufacturing MSME 8,2023-12-01,Manufacturing,Karnataka,42,1593068.63,1011774.52,1701174.76,248542.95,143955.31,387036.47,98295.49,4423296.83
MSME008,Manufacturing MSME 8,2024-01-01,Manufacturing,Karnataka,42,1703644.31,1098035.35,2176855.79,248894.38,156228.51,413900.86,98295.49,4325001.35
MSME008,Manufacturing MSME 8,2024-02-01,Manufacturing,Karnataka,42,1812921.36,1158696.85,2694361.99,249246.32,164859.43,440449.75,98295.49,4226705.86
MSME008,Manufacturing MSME 8,2024-03-01,Manufacturing,Karnataka,42,1881872.98,1152465.03,3244015.39,249598.75,163972.76,457201.56,98295.49,4128410.38
MSME008,Manufacturing MSME 8,2024-04-01,Manufacturing,Karnataka,42,1878045.12,1204228.89,3790751.29,249951.68,171337.73,456271.59,98295.49,4030114.89
MSME008,Manufacturing MSME 8,2024-05-01,Manufacturing,Karnataka,42,1851177.09,1132446.97,4337712.71,250305.11,161124.59,449743.99,98295.49,3931819.41
MSME008,Manufacturing MSME 8,2024-06-01,Manufacturing,Karnataka,42,1806832.65,1154883.01,4849162.46,250659.04,164316.79,438970.5,98295.49,3833523.92
MSME008,Manufacturing MSME 8,2024-07-01,Manufacturing,Karnataka,42,1725982.85,1089052.13,5324074.24,251013.47,154950.37,419328.01,98295.49,3735228.43
MSME008,Manufacturing MSME 8,2024-08-01,Manufacturing,Karnataka,42,1676769.19,1045232.75,5817340.43,251368.4,148715.75,407371.54,98295.49,3636932.95
MSME008,Manufacturing MSME 8,2024-09-01,Manufacturing,Karnataka,42,1657050.5,1031753.38,6273741.05,251723.84,146797.9,402580.88,98295.49,3538637.46
MSME008,Manufacturing MSME 8,2024-10-01,Manufacturing,Karnataka,42,1666891.43,1029040.46,6763479.11,252079.77,146411.91,404971.74,98295.49,3440341.98
MSME008,Manufacturing MSME 8,2024-11-01,Manufacturing,Karnataka,42,1749895.66,1095980.14,7268378.39,252436.21,155936.09,425137.64,98295.49,3342046.49
MSME008,Manufacturing MSME 8,2024-12-01,Manufacturing,Karnataka,42,1828513.72,1181579.7,7752088.39,252793.15,168115.2,444237.92,98295.49,3243751.01
MSME008,Manufacturing MSME 8,2025-01-01,Manufacturing,Karnataka,42,1904958.14,1192019.15,8320582.52,253150.6,169600.52,462810.11,98295.49,3145455.52
MSME008,Manufacturing MSME 8,2025-02-01,Manufacturing,Karnataka,42,1979070.57,1262250.76,8886568.58,253508.55,179593.08,480815.75,98295.49,3047160.04
MSME008,Manufacturing MSME 8,2025-03-01,Manufacturing,Karnataka,42,2067755.27,1300293.41,9504049.1,253867.01,185005.79,502361.72,98295.49,2948864.55
MSME008,Manufacturing MSME 8,2025-04-01,Manufacturing,Karnataka,42,2091625.69,1308494.53,10089570.73,254225.98,186172.65,508161.04,98295.49,2850569.07
MSME008,Manufacturing MSME 8,2025-05-01,Manufacturing,Karnataka,42,2026465.84,1238832.08,10700098.69,254585.45,176261.07,492330.44,98295.49,2752273.58
MSME008,Manufacturing MSME 8,2025-06-01,Manufacturing,Karnataka,42,1931373.59,1185379.29,11308169.84,254945.43,168655.81,469227.75,98295.49,2653978.1
MSME008,Manufacturing MSME 8,2025-07-01,Manufacturing,Karnataka,42,1922556.12,1193196.5,11873163.55,255305.93,169768.04,467085.55,98295.49,2555682.61
MSME008,Manufacturing MSME 8,2025-08-01,Manufacturing,Karnataka,42,1821181.71,1136724.6,12395167.66,255666.93,161733.21,442456.6,98295.49,2457387.13
MSME008,Manufacturing MSME 8,2025-09-01,Manufacturing,Karnataka,42,1759560.57,1084641.63,12914795.79,256028.44,154322.85,427485.73,98295.49,2359091.64
MSME008,Manufacturing MSME 8,2025-10-01,Manufacturing,Karnataka,42,1787972.21,1090172.04,13446636.7,256390.46,155109.71,434388.35,98295.49,2260796.16
MSME008,Manufacturing MSME 8,2025-11-01,Manufacturing,Karnataka,42,1859071.55,1162744.38,13997044.92,256752.99,165435.31,451661.95,98295.49,2162500.67
MSME008,Manufacturing MSME 8,2025-12-01,Manufacturing,Karnataka,42,1953026.56,1236122.92,14578669.97,257116.04,175875.61,474488.35,98295.49,2064205.19
MSME008,Manufacturing MSME 8,2026-01-01,Manufacturing,Karnataka,42,2081921.41,1295978.18,15239918.0,257479.6,184391.82,505803.39,98295.49,1965909.7
MSME008,Manufacturing MSME 8,2026-02-01,Manufacturing,Karnataka,42,2238678.3,1367463.62,15967254.28,257843.67,194562.77,543887.52,98295.49,1867614.22
MSME008,Manufacturing MSME 8,2026-03-01,Manufacturing,Karnataka,42,2269775.61,1383883.91,16692031.81,258208.26,196899.05,551442.62,98295.49,1769318.73
MSME008,Manufacturing MSME 8,2026-04-01,Manufacturing,Karnataka,42,2288725.91,1413893.59,17396286.83,258573.37,201168.83,556046.6,98295.49,1671023.25
MSME008,Manufacturing MSME 8,2026-05-01,Manufacturing,Karnataka,42,2235532.35,1459692.74,18030659.61,258938.99,207685.13,543123.21,98295.49,1572727.76
MSME008,Manufacturing MSME 8,2026-06-01,Manufacturing,Karnataka,42,2163591.7,1348652.76,18628244.69,259305.13,191886.36,525645.21,98295.49,1474432.28
MSME008,Manufacturing MSME 8,2026-07-01,Manufacturing,Karnataka,42,2054646.63,1240685.68,19247431.96,259671.78,176524.8,499176.97,98295.49,1376136.79
MSME008,Manufacturing MSME 8,2026-08-01,Manufacturing,Karnataka,42,2042498.23,1276639.05,19857209.21,260038.96,181640.25,496225.52,98295.49,1277841.31
MSME008,Manufacturing MSME 8,2026-09-01,Manufacturing,Karnataka,42,2044930.53,1257142.49,20490110.3,260406.65,178866.27,496816.44,98295.49,1179545.82
MSME009,Manufacturing MSME 9,2023-10-01,Manufacturing,Telangana,95,1045124.35,686965.5,774764.49,172804.66,135925.34,234939.7,59862.97,2813559.75
MSME009,Manufacturing MSME 9,2023-11-01,Manufacturing,Telangana,95,1096920.32,700321.2,1069459.55,173183.54,138567.94,246583.23,59862.97,2753696.77
MSME009,Manufacturing MSME 9,2023-12-01,Manufacturing,Telangana,95,1163857.37,757990.54,1364095.05,173563.26,149978.6,261630.4,59862.97,2693833.8
MSME009,Manufacturing MSME 9,2024-01-01,Manufacturing,Telangana,95,1219189.38,770218.0,1722157.14,173943.81,152397.96,274068.81,59862.97,2633970.83
MSME009,Manufacturing MSME 9,2024-02-01,Manufacturing,Telangana,95,1258738.58,823318.55,2056430.17,174325.2,162904.62,282959.31,59862.97,2574107.85
MSME009,Manufacturing MSME 9,2024-03-01,Manufacturing,Telangana,95,1311443.96,852433.5,2413789.12,174707.42,168665.4,294807.27,59862.97,2514244.88
MSME009,Manufacturing MSME 9,2024-04-01,Manufacturing,Telangana,95,1343987.9,875779.54,2777516.26,175090.48,173284.73,302123.01,59862.97,2454381.91
MSME009,Manufacturing MSME 9,2024-05-01,Manufacturing,Telangana,95,1329070.02,862662.94,3135898.38,175474.38,170689.43,298769.53,59862.97,2394518.93
MSME009,Manufacturing MSME 9,2024-06-01,Manufacturing,Telangana,95,1308150.18,860215.02,3493941.47,175859.12,170205.08,294066.84,59862.97,2334655.96
MSME009,Manufacturing MSME 9,2024-07-01,Manufacturing,Telangana,95,1261100.06,825938.84,3817409.84,176244.7,163423.08,283490.16,59862.97,2274792.99
MSME009,Manufacturing MSME 9,2024-08-01,Manufacturing,Telangana,95,1218423.59,816221.27,4113520.54,176631.13,161500.33,273896.67,59862.97,2214930.01
MSME009,Manufacturing MSME 9,2024-09-01,Manufacturing,Telangana,95,1227165.78,766256.06,4464806.56,177018.41,151614.04,275861.87,59862.97,2155067.04
MSME009,Manufacturing MSME 9,2024-10-01,Manufacturing,Telangana,95,1240336.13,810514.94,4799721.12,177406.53,160371.25,278822.52,59862.97,2095204.07
MSME009,Manufacturing MSME 9,2024-11-01,Manufacturing,Telangana,95,1315594.16,868751.26,5149794.32,177795.51,171894.09,295740.21,59862.97,2035341.09
MSME009,Manufacturing MSME 9,2024-12-01,Manufacturing,Telangana,95,1366485.37,853927.93,5554311.93,178185.34,168961.1,307180.35,59862.97,1975478.12
MSME009,Manufacturing MSME 9,2025-01-01,Manufacturing,Telangana,95,1401520.22,900507.0,5948000.61,178576.03,178177.39,315056.04,59862.97,1915615.15
MSME009,Manufacturing MSME 9,2025-02-01,Manufacturing,Telangana,95,1465480.98,916578.87,6387490.51,178967.57,181357.42,329434.16,59862.97,1855752.17
MSME009,Manufacturing MSME 9,2025-03-01,Manufacturing,Telangana,95,1503847.19,933423.04,6852743.37,179359.97,184690.27,338058.73,59862.97,1795889.2
MSME009,Manufacturing MSME 9,2025-04-01,Manufacturing,Telangana,95,1455957.77,940968.48,7267474.72,179753.23,186183.24,327293.38,59862.97,1736026.23
MSME009,Manufacturing MSME 9,2025-05-01,Manufacturing,Telangana,95,1426408.56,934734.14,7665167.69,180147.35,184949.69,320650.84,59862.97,1676163.25
MSME009,Manufacturing MSME 9,2025-06-01,Manufacturing,Telangana,95,1386333.98,908008.72,8040050.12,180542.34,179661.71,311642.24,59862.97,1616300.28
MSME009,Manufacturing MSME 9,2025-07-01,Manufacturing,Telangana,95,1328774.73,855371.55,8383914.57,180938.19,169246.73,298703.15,59862.97,1556437.31
MSME009,Manufacturing MSME 9,2025-08-01,Manufacturing,Telangana,95,1299749.79,860522.98,8705396.83,181334.91,170266.02,292178.47,59862.97,1496574.33
MSME009,Manufacturing MSME 9,2025-09-01,Manufacturing,Telangana,95,1283904.29,846558.9,9027830.76,181732.5,167503.03,288616.46,59862.97,1436711.36
MSME009,Manufacturing MSME 9,2025-10-01,Manufacturing,Telangana,95,1313400.02,858569.24,9390294.13,182130.96,169879.44,295246.98,59862.97,1376848.39
MSME009,Manufacturing MSME 9,2025-11-01,Manufacturing,Telangana,95,1362246.24,896839.24,9749279.85,182530.3,177451.67,306227.41,59862.97,1316985.41
MSME009,Manufacturing MSME 9,2025-12-01,Manufacturing,Telangana,95,1406415.51,922034.96,10129205.6,182930.51,182436.99,316156.49,59862.97,1257122.44
MSME009,Manufacturing MSME 9,2026-01-01,Manufacturing,Telangana,95,1454392.46,986335.11,10499582.57,183331.6,195159.63,326941.51,59862.97,1197259.47
MSME009,Manufacturing MSME 9,2026-02-01,Manufacturing,Telangana,95,1540232.99,999840.47,10937208.36,183733.57,197831.85,346238.11,59862.97,1137396.49
MSME009,Manufacturing MSME 9,2026-03-01,Manufacturing,Telangana,95,1556029.64,1018717.22,11364036.65,184136.42,201566.87,349789.13,59862.97,1077533.52
MSME009,Manufacturing MSME 9,2026-04-01,Manufacturing,Telangana,95,1562537.15,1006857.26,11798830.26,184540.15,199220.22,351252.0,59862.97,1017670.55
MSME009,Manufacturing MSME 9,2026-05-01,Manufacturing,Telangana,95,1537653.82,1017087.77,12210778.3,184944.77,201244.46,345658.32,59862.97,957807.57
MSME009,Manufacturing MSME 9,2026-06-01,Manufacturing,Telangana,95,1490518.47,976262.71,12611722.67,185350.27,193166.67,335062.49,59862.97,897944.6
MSME009,Manufacturing MSME 9,2026-07-01,Manufacturing,Telangana,95,1471692.39,974221.62,13001644.88,185756.67,192762.82,330830.46,59862.97,838081.63
MSME009,Manufacturing MSME 9,2026-08-01,Manufacturing,Telangana,95,1443298.13,911003.04,13415635.05,186163.95,180254.17,324447.55,59862.97,778218.65
MSME009,Manufacturing MSME 9,2026-09-01,Manufacturing,Telangana,95,1440127.36,939806.56,13818310.48,186572.13,185953.33,323734.77,59862.97,718355.68
MSME010,Manufacturing MSME 10,2023-10-01,Manufacturing,Telangana,71,956026.77,646158.32,619308.94,175662.2,87980.85,199547.67,24520.07,1152443.51
MSME010,Manufacturing MSME 10,2023-11-01,Manufacturing,Telangana,71,1006741.48,694270.48,891485.7,176072.93,94531.8,210133.15,24520.07,1127923.44
MSME010,Manufacturing MSME 10,2023-12-01,Manufacturing,Telangana,71,1024239.08,713464.41,1156885.92,176484.63,97145.25,213785.35,24520.07,1103403.36
MSME010,Manufacturing MSME 10,2024-01-01,Manufacturing,Telangana,71,1062108.66,717371.31,1450940.84,176897.29,97677.21,221689.72,24520.07,1078883.29
MSME010,Manufacturing MSME 10,2024-02-01,Manufacturing,Telangana,71,1114550.45,760440.0,1757251.04,177310.91,103541.44,232635.69,24520.07,1054363.21
MSME010,Manufacturing MSME 10,2024-03-01,Manufacturing,Telangana,71,1179939.8,782977.87,2107690.88,177725.51,106610.19,246284.15,24520.07,1029843.14
MSME010,Manufacturing MSME 10,2024-04-01,Manufacturing,Telangana,71,1170125.33,829783.7,2409651.94,178141.07,112983.27,244235.61,24520.07,1005323.06
MSME010,Manufacturing MSME 10,2024-05-01,Manufacturing,Telangana,71,1152324.51,783330.47,2721376.83,178557.6,106658.2,240520.12,24520.07,980802.99
MSME010,Manufacturing MSME 10,2024-06-01,Manufacturing,Telangana,71,1140753.63,780920.41,3032116.74,178975.11,106330.05,238104.97,24520.07,956282.92
MSME010,Manufacturing MSME 10,2024-07-01,Manufacturing,Telangana,71,1115144.39,769723.4,3324668.68,179393.59,104805.46,232759.66,24520.07,931762.84
MSME010,Manufacturing MSME 10,2024-08-01,Manufacturing,Telangana,71,1066319.83,716536.29,3616663.98,179813.05,97563.51,222568.7,24520.07,907242.77
MSME010,Manufacturing MSME 10,2024-09-01,Manufacturing,Telangana,71,1048350.88,709848.58,3888302.9,180233.49,96652.91,218818.11,24520.07,882722.69
MSME010,Manufacturing MSME 10,2024-10-01,Manufacturing,Telangana,71,1070656.87,722066.07,4179456.3,180654.92,98316.45,223473.95,24520.07,858202.62
MSME010,Manufacturing MSME 10,2024-11-01,Manufacturing,Telangana,71,1120513.19,762689.92,4510799.3,181077.33,103847.78,233880.27,24520.07,833682.54
MSME010,Manufacturing MSME 10,2024-12-01,Manufacturing,Telangana,71,1190875.66,808260.17,4842450.07,181500.73,110052.63,248566.74,24520.07,809162.47
MSME010,Manufacturing MSME 10,2025-01-01,Manufacturing,Telangana,71,1253512.88,853801.34,5200723.09,181925.12,116253.51,261640.76,24520.07,784642.39
MSME010,Manufacturing MSME 10,2025-02-01,Manufacturing,Telangana,71,1300504.31,923338.11,5544587.98,182350.5,125721.63,271449.1,24520.07,760122.32
MSME010,Manufacturing MSME 10,2025-03-01,Manufacturing,Telangana,71,1339546.62,929571.83,5888534.67,182776.87,126570.41,279598.24,24520.07,735602.24
MSME010,Manufacturing MSME 10,2025-04-01,Manufacturing,Telangana,71,1354764.14,940548.02,6238101.68,183204.24,128064.93,282774.54,24520.07,711082.17
MSME010,Manufacturing MSME 10,2025-05-01,Manufacturing,Telangana,71,1306506.8,869171.88,6607064.99,183632.62,118346.36,272701.97,24520.07,686562.09
MSME010,Manufacturing MSME 10,2025-06-01,Manufacturing,Telangana,71,1288163.46,878821.95,6957776.05,184061.99,119660.31,268873.24,24520.07,662042.02
MSME010,Manufacturing MSME 10,2025-07-01,Manufacturing,Telangana,71,1239138.18,876741.78,7259273.9,184492.37,119377.08,258640.39,24520.07,637521.94
MSME010,Manufacturing MSME 10,2025-08-01,Manufacturing,Telangana,71,1232162.26,847468.05,7586044.57,184923.75,115391.17,257184.33,24520.07,613001.87
MSME010,Manufacturing MSME 10,2025-09-01,Manufacturing,Telangana,71,1218886.32,843129.15,7916574.18,185356.14,114800.38,254413.3,24520.07,588481.79
MSME010,Manufacturing MSME 10,2025-10-01,Manufacturing,Telangana,71,1199225.16,823064.21,8233416.65,185789.54,112068.34,250309.5,24520.07,563961.72
MSME010,Manufacturing MSME 10,2025-11-01,Manufacturing,Telangana,71,1228254.6,828972.49,8573335.89,186223.96,112872.81,256368.7,24520.07,539441.64
MSME010,Manufacturing MSME 10,2025-12-01,Manufacturing,Telangana,71,1255431.96,861556.7,8919118.98,186659.39,117309.48,262041.32,24520.07,514921.57
MSME010,Manufacturing MSME 10,2026-01-01,Manufacturing,Telangana,71,1288339.5,870394.5,9293842.89,187095.84,118512.83,268909.98,24520.07,490401.5
MSME010,Manufacturing MSME 10,2026-02-01,Manufacturing,Telangana,71,1345524.08,914752.91,9658243.46,187533.31,124552.67,280845.89,24520.07,465881.42
MSME010,Manufacturing MSME 10,2026-03-01,Manufacturing,Telangana,71,1377673.98,973133.46,10017021.1,187971.81,132501.76,287556.42,24520.07,441361.35
MSME010,Manufacturing MSME 10,2026-04-01,Manufacturing,Telangana,71,1395151.9,967031.2,10375818.0,188411.33,131670.87,291204.51,24520.07,416841.27
MSME010,Manufacturing MSME 10,2026-05-01,Manufacturing,Telangana,71,1377665.91,928286.54,10759457.74,188851.87,126395.41,287554.73,24520.07,392321.2
MSME010,Manufacturing MSME 10,2026-06-01,Manufacturing,Telangana,71,1297287.64,865515.83,11122933.67,189293.45,117848.55,270777.69,24520.07,367801.12
MSME010,Manufacturing MSME 10,2026-07-01,Manufacturing,Telangana,71,1247437.16,844884.24,11476358.14,189736.06,115039.36,260372.6,24520.07,343281.05
MSME010,Manufacturing MSME 10,2026-08-01,Manufacturing,Telangana,71,1206523.28,792412.23,11831490.85,190179.71,107894.77,251832.81,24520.07,318760.97
MSME010,Manufacturing MSME 10,2026-09-01,Manufacturing,Telangana,71,1193159.08,828252.07,12159199.76,190624.39,112774.72,249043.35,24520.07,294240.9
MSME011,Manufacturing MSME 11,2023-10-01,Manufacturing,Gujarat,26,1246476.27,787533.59,1004993.84,317417.85,147498.11,353357.14,44172.11,2076089.25
MSME011,Manufacturing MSME 11,2023-11-01,Manufacturing,Gujarat,26,1249669.97,790734.54,1374042.81,318312.62,148097.62,354262.5,44172.11,2031917.14
MSME011,Manufacturing MSME 11,2023-12-01,Manufacturing,Gujarat,26,1274562.62,807953.35,1774019.7,319209.91,151322.55,361319.2,44172.11,1987745.02
MSME011,Manufacturing MSME 11,2024-01-01,Manufacturing,Gujarat,26,1350129.74,863674.05,2183926.47,320109.73,161758.55,382741.33,44172.11,1943572.91
MSME011,Manufacturing MSME 11,2024-02-01,Manufacturing,Gujarat,26,1388743.58,871693.27,2615016.81,321012.09,163260.48,393687.77,44172.11,1899400.8
MSME011,Manufacturing MSME 11,2024-03-01,Manufacturing,Gujarat,26,1400877.06,901312.43,3021248.84,321916.99,168807.89,397127.43,44172.11,1855228.69
MSME011,Manufacturing MSME 11,2024-04-01,Manufacturing,Gujarat,26,1410384.68,900964.42,3443155.95,322824.44,168742.71,399822.69,44172.11,1811056.58
MSME011,Manufacturing MSME 11,2024-05-01,Manufacturing,Gujarat,26,1360899.73,852328.96,3876091.14,323734.45,159633.72,385794.46,44172.11,1766884.47
MSME011,Manufacturing MSME 11,2024-06-01,Manufacturing,Gujarat,26,1278544.36,825422.52,4245907.47,324647.02,154594.38,362447.96,44172.11,1722712.35
MSME011,Manufacturing MSME 11,2024-07-01,Manufacturing,Gujarat,26,1245400.0,788350.63,4600308.4,325562.17,147651.14,353052.03,44172.11,1678540.24
MSME011,Manufacturing MSME 11,2024-08-01,Manufacturing,Gujarat,26,1167686.93,762219.32,4922357.07,326479.9,142756.97,331021.56,44172.11,1634368.13
MSME011,Manufacturing MSME 11,2024-09-01,Manufacturing,Gujarat,26,1127870.06,704385.5,5247331.24,327400.21,131925.21,319734.07,44172.11,1590196.02
MSME011,Manufacturing MSME 11,2024-10-01,Manufacturing,Gujarat,26,1141494.2,738406.65,5582182.86,328323.12,138297.07,323596.31,44172.11,1546023.91
MSME011,Manufacturing MSME 11,2024-11-01,Manufacturing,Gujarat,26,1199342.87,753949.72,5958328.74,329248.63,141208.15,339995.54,44172.11,1501851.8
MSME011,Manufacturing MSME 11,2024-12-01,Manufacturing,Gujarat,26,1272380.7,794456.24,6379127.36,330176.75,148794.66,360700.65,44172.11,1457679.68
MSME011,Manufacturing MSME 11,2025-01-01,Manufacturing,Gujarat,26,1341843.02,863865.07,6778164.34,331107.48,161794.33,380392.17,44172.11,1413507.57
MSME011,Manufacturing MSME 11,2025-02-01,Manufacturing,Gujarat,26,1403227.08,895845.87,7211348.56,332040.84,167784.05,397793.62,44172.11,1369335.46
MSME011,Manufacturing MSME 11,2025-03-01,Manufacturing,Gujarat,26,1425908.39,923749.6,7620375.42,332976.83,173010.17,404223.43,44172.11,1325163.35
MSME011,Manufacturing MSME 11,2025-04-01,Manufacturing,Gujarat,26,1441978.6,911798.44,8068162.24,333915.46,170771.82,408779.09,44172.11,1280991.24
MSME011,Manufacturing MSME 11,2025-05-01,Manufacturing,Gujarat,26,1438346.31,942912.07,8492200.53,334856.73,176599.14,407749.39,44172.11,1236819.13
MSME011,Manufacturing MSME 11,2025-06-01,Manufacturing,Gujarat,26,1348594.32,890790.02,8876481.05,335800.66,166837.13,382306.06,44172.11,1192647.01
MSME011,Manufacturing MSME 11,2025-07-01,Manufacturing,Gujarat,26,1279259.52,807823.69,9248002.62,336747.24,151298.27,362650.7,44172.11,1148474.9
MSME011,Manufacturing MSME 11,2025-08-01,Manufacturing,Gujarat,26,1248104.24,816835.54,9608355.97,337696.5,152986.11,353818.65,44172.11,1104302.79
MSME011,Manufacturing MSME 11,2025-09-01,Manufacturing,Gujarat,26,1231134.41,786696.64,9969215.41,338648.43,147341.36,349007.96,44172.11,1060130.68
MSME011,Manufacturing MSME 11,2025-10-01,Manufacturing,Gujarat,26,1194444.58,775466.31,10311251.5,339603.05,145238.02,338606.94,44172.11,1015958.57
MSME011,Manufacturing MSME 11,2025-11-01,Manufacturing,Gujarat,26,1223965.14,802286.22,10652956.8,340560.35,150261.15,346975.57,44172.11,971786.46
MSME011,Manufacturing MSME 11,2025-12-01,Manufacturing,Gujarat,26,1264858.74,830659.8,11005547.83,341520.36,155575.27,358568.29,44172.11,927614.34
MSME011,Manufacturing MSME 11,2026-01-01,Manufacturing,Gujarat,26,1319219.59,821399.79,11396799.88,342483.07,153840.95,373978.77,44172.11,883442.23
MSME011,Manufacturing MSME 11,2026-02-01,Manufacturing,Gujarat,26,1389059.9,893152.0,11804876.61,343448.5,167279.51,393777.44,44172.11,839270.12
MSME011,Manufacturing MSME 11,2026-03-01,Manufacturing,Gujarat,26,1423741.17,943977.78,12198093.12,344416.64,176798.73,403609.05,44172.11,795098.01
MSME011,Manufacturing MSME 11,2026-04-01,Manufacturing,Gujarat,26,1437650.38,922210.74,12621061.98,345387.52,172721.96,407552.1,44172.11,750925.9
MSME011,Manufacturing MSME 11,2026-05-01,Manufacturing,Gujarat,26,1416040.71,881159.91,13063034.18,346361.13,165033.5,401426.09,44172.11,706753.79
MSME011,Manufacturing MSME 11,2026-06-01,Manufacturing,Gujarat,26,1371086.78,852906.74,13494158.85,347337.49,159741.93,388682.33,44172.11,662581.67
MSME011,Manufacturing MSME 11,2026-07-01,Manufacturing,Gujarat,26,1310346.2,836105.18,13876598.48,348316.6,156595.14,371463.3,44172.11,618409.56
MSME011,Manufacturing MSME 11,2026-08-01,Manufacturing,Gujarat,26,1262858.19,828672.21,14241936.62,349298.46,155203.01,358001.17,44172.11,574237.45
MSME011,Manufacturing MSME 11,2026-09-01,Manufacturing,Gujarat,26,1235540.71,796209.83,14605732.14,350283.1,149123.1,350257.07,44172.11,530065.34
MSME012,Manufacturing MSME 12,2023-10-01,Manufacturing,Kerala,9,1237219.77,827460.2,714767.83,289832.98,144480.18,349954.76,35560.09,1671324.03
MSME012,Manufacturing MSME 12,2023-11-01,Manufacturing,Kerala,9,1227016.83,840731.7,1006163.57,290336.45,146797.47,347068.8,35560.09,1635763.95
MSME012,Manufacturing MSME 12,2023-12-01,Manufacturing,Kerala,9,1283594.43,891636.88,1301953.93,290840.79,155685.86,363072.1,35560.09,1600203.86
MSME012,Manufacturing MSME 12,2024-01-01,Manufacturing,Kerala,9,1298963.91,896328.59,1604939.94,291346.01,156505.06,367419.44,35560.09,1564643.78
MSME012,Manufacturing MSME 12,2024-02-01,Manufacturing,Kerala,9,1356173.52,915874.74,1956593.65,291852.11,159917.96,383601.51,35560.09,1529083.69
MSME012,Manufacturing MSME 12,2024-03-01,Manufacturing,Kerala,9,1365469.09,948877.27,2279764.12,292359.09,165680.42,386230.82,35560.09,1493523.6
MSME012,Manufacturing MSME 12,2024-04-01,Manufacturing,Kerala,9,1414669.6,984425.92,2612366.8,292866.94,171887.46,400147.47,35560.09,1457963.52
MSME012,Manufacturing MSME 12,2024-05-01,Manufacturing,Kerala,9,1385334.58,946489.54,2943496.98,293375.68,165263.51,391849.89,35560.09,1422403.43
MSME012,Manufacturing MSME 12,2024-06-01,Manufacturing,Kerala,9,1346339.19,915199.77,3263739.64,293885.3,159800.1,380819.82,35560.09,1386843.35
MSME012,Manufacturing MSME 12,2024-07-01,Manufacturing,Kerala,9,1319507.77,878688.71,3595316.04,294395.81,153425.02,373230.39,35560.09,1351283.26
MSME012,Manufacturing MSME 12,2024-08-01,Manufacturing,Kerala,9,1285082.01,870871.8,3920090.53,294907.21,152060.14,363492.87,35560.09,1315723.18
MSME012,Manufacturing MSME 12,2024-09-01,Manufacturing,Kerala,9,1243651.6,858612.5,4200630.96,295419.49,149919.58,351774.04,35560.09,1280163.09
MSME012,Manufacturing MSME 12,2024-10-01,Manufacturing,Kerala,9,1258444.89,851263.25,4507151.42,295932.66,148636.35,355958.4,35560.09,1244603.0
MSME012,Manufacturing MSME 12,2024-11-01,Manufacturing,Kerala,9,1280922.76,863937.76,4839326.67,296446.73,150849.41,362316.4,35560.09,1209042.92
MSME012,Manufacturing MSME 12,2024-12-01,Manufacturing,Kerala,9,1347321.24,946979.45,5146321.62,296961.68,165349.05,381097.59,35560.09,1173482.83
MSME012,Manufacturing MSME 12,2025-01-01,Manufacturing,Kerala,9,1412765.76,944048.5,5503042.91,297477.54,164837.28,399608.95,35560.09,1137922.75
MSME012,Manufacturing MSME 12,2025-02-01,Manufacturing,Kerala,9,1449033.05,970444.89,5870358.89,297994.28,169446.27,409867.37,35560.09,1102362.66
MSME012,Manufacturing MSME 12,2025-03-01,Manufacturing,Kerala,9,1507307.44,1011898.52,6258064.7,298511.93,176684.36,426350.62,35560.09,1066802.57
MSME012,Manufacturing MSME 12,2025-04-01,Manufacturing,Kerala,9,1519769.89,1013378.77,6667639.58,299030.47,176942.82,429875.69,35560.09,1031242.49
MSME012,Manufacturing MSME 12,2025-05-01,Manufacturing,Kerala,9,1506713.04,1003742.04,7050216.76,299549.92,175260.18,426182.48,35560.09,995682.4
MSME012,Manufacturing MSME 12,2025-06-01,Manufacturing,Kerala,9,1496879.05,1035918.04,7389765.22,300070.27,180878.33,423400.88,35560.09,960122.32
MSME012,Manufacturing MSME 12,2025-07-01,Manufacturing,Kerala,9,1426135.13,984881.4,7734738.88,300591.52,171966.99,403390.56,35560.09,924562.23
MSME012,Manufacturing MSME 12,2025-08-01,Manufacturing,Kerala,9,1353751.34,928619.57,8040804.04,301113.68,162143.29,382916.39,35560.09,889002.15
MSME012,Manufacturing MSME 12,2025-09-01,Manufacturing,Kerala,9,1336054.84,916036.21,8340399.59,301636.74,159946.15,377910.83,35560.09,853442.06
MSME012,Manufacturing MSME 12,2025-10-01,Manufacturing,Kerala,9,1339130.82,908485.0,8670196.9,302160.71,158627.66,378780.89,35560.09,817881.97
MSME012,Manufacturing MSME 12,2025-11-01,Manufacturing,Kerala,9,1366654.54,931874.06,9008752.03,302685.6,162711.55,386566.13,35560.09,782321.89
MSME012,Manufacturing MSME 12,2025-12-01,Manufacturing,Kerala,9,1415471.68,967403.9,9369584.57,303211.39,168915.3,400374.34,35560.09,746761.8
MSME012,Manufacturing MSME 12,2026-01-01,Manufacturing,Kerala,9,1482659.14,1012386.22,9719856.41,303738.1,176769.52,419378.7,35560.09,711201.72
MSME012,Manufacturing MSME 12,2026-02-01,Manufacturing,Kerala,9,1499627.61,1028185.54,10094838.7,304265.72,179528.19,424178.33,35560.09,675641.63
MSME012,Manufacturing MSME 12,2026-03-01,Manufacturing,Kerala,9,1530011.52,1056188.12,10467773.35,304794.26,184417.63,432772.59,35560.09,640081.54
MSME012,Manufacturing MSME 12,2026-04-01,Manufacturing,Kerala,9,1535022.81,1008585.7,10883047.62,305323.72,176105.92,434190.07,35560.09,604521.46
MSME012,Manufacturing MSME 12,2026-05-01,Manufacturing,Kerala,9,1529679.41,1027617.04,11291371.43,305854.1,179428.92,432678.66,35560.09,568961.37
MSME012,Manufacturing MSME 12,2026-06-01,Manufacturing,Kerala,9,1521832.17,1022409.88,11685201.16,306385.4,178519.72,430459.02,35560.09,533401.29
MSME012,Manufacturing MSME 12,2026-07-01,Manufacturing,Kerala,9,1472718.0,985150.65,12066536.15,306917.62,172014.0,416566.79,35560.09,497841.2
MSME012,Manufacturing MSME 12,2026-08-01,Manufacturing,Kerala,9,1433796.25,982116.9,12432270.66,307450.77,171484.29,405557.55,35560.09,462281.12
MSME012,Manufacturing MSME 12,2026-09-01,Manufacturing,Kerala,9,1396236.28,942869.63,12791527.63,307984.84,164631.45,394933.5,35560.09,426721.03
MSME013,Manufacturing MSME 13,2023-10-01,Manufacturing,Andhra Pradesh,85,901769.82,598925.42,513505.09,201287.09,93071.88,138127.15,44348.29,2084369.83
MSME013,Manufacturing MSME 13,2023-11-01,Manufacturing,Andhra Pradesh,85,929888.73,609733.88,734709.21,201654.45,94751.49,142434.22,44348.29,2040021.53
MSME013,Manufacturing MSME 13,2023-12-01,Manufacturing,Andhra Pradesh,85,987355.89,676100.84,960541.27,202022.49,105064.8,151236.66,44348.29,1995673.24
MSME013,Manufacturing MSME 13,2024-01-01,Manufacturing,Andhra Pradesh,85,1028828.37,700233.06,1199222.4,202391.2,108814.9,157589.14,44348.29,1951324.94
MSME013,Manufacturing MSME 13,2024-02-01,Manufacturing,Andhra Pradesh,85,1083778.57,721501.91,1454616.22,202760.59,112120.03,166006.05,44348.29,1906976.65
MSME013,Manufacturing MSME 13,2024-03-01,Manufacturing,Andhra Pradesh,85,1093399.08,711287.9,1747994.86,203130.64,110532.8,167479.66,44348.29,1862628.36
MSME013,Manufacturing MSME 13,2024-04-01,Manufacturing,Andhra Pradesh,85,1122310.67,732820.4,2051427.23,203501.38,113878.91,171908.14,44348.29,1818280.06
MSME013,Manufacturing MSME 13,2024-05-01,Manufacturing,Andhra Pradesh,85,1097895.55,739638.17,2314411.87,203872.78,114938.38,168168.4,44348.29,1773931.77
MSME013,Manufacturing MSME 13,2024-06-01,Manufacturing,Andhra Pradesh,85,1048319.95,707474.91,2555953.75,204244.87,109940.27,160574.73,44348.29,1729583.47
MSME013,Manufacturing MSME 13,2024-07-01,Manufacturing,Andhra Pradesh,85,1026947.33,680939.68,2785275.38,204617.64,105816.74,157301.02,44348.29,1685235.18
MSME013,Manufacturing MSME 13,2024-08-01,Manufacturing,Andhra Pradesh,85,992429.45,660452.57,3023302.63,204991.08,102633.08,152013.79,44348.29,1640886.88
MSME013,Manufacturing MSME 13,2024-09-01,Manufacturing,Andhra Pradesh,85,970939.58,640393.88,3260372.88,205365.21,99516.0,148722.12,44348.29,1596538.59
MSME013,Manufacturing MSME 13,2024-10-01,Manufacturing,Andhra Pradesh,85,984635.72,660601.47,3481321.68,205740.02,102656.22,150820.0,44348.29,1552190.3
MSME013,Manufacturing MSME 13,2024-11-01,Manufacturing,Andhra Pradesh,85,1009900.0,680912.65,3717500.73,206115.52,105812.54,154689.82,44348.29,1507842.0
MSME013,Manufacturing MSME 13,2024-12-01,Manufacturing,Andhra Pradesh,85,1037941.24,704334.14,3942102.23,206491.7,109452.2,158984.99,44348.29,1463493.71
MSME013,Manufacturing MSME 13,2025-01-01,Manufacturing,Andhra Pradesh,85,1104196.41,702156.55,4246986.57,206868.56,109113.8,169133.52,44348.29,1419145.41
MSME013,Manufacturing MSME 13,2025-02-01,Manufacturing,Andhra Pradesh,85,1142792.72,748387.07,4554834.8,207246.12,116297.94,175045.45,44348.29,1374797.12
MSME013,Manufacturing MSME 13,2025-03-01,Manufacturing,Andhra Pradesh,85,1137952.12,780655.32,4809349.17,207624.36,121312.36,174304.0,44348.29,1330448.83
MSME013,Manufacturing MSME 13,2025-04-01,Manufacturing,Andhra Pradesh,85,1133759.08,748579.33,5094154.02,208003.29,116327.81,173661.74,44348.29,1286100.53
MSME013,Manufacturing MSME 13,2025-05-01,Manufacturing,Andhra Pradesh,85,1088056.23,726415.42,5359005.48,208382.92,112883.58,166661.27,44348.29,1241752.24
MSME013,Manufacturing MSME 13,2025-06-01,Manufacturing,Andhra Pradesh,85,1034410.37,715522.94,5576265.86,208763.24,111190.91,158444.15,44348.29,1197403.94
MSME013,Manufacturing MSME 13,2025-07-01,Manufacturing,Andhra Pradesh,85,987972.35,654877.87,5803142.89,209144.25,101766.79,151331.09,44348.29,1153055.65
MSME013,Manufacturing MSME 13,2025-08-01,Manufacturing,Andhra Pradesh,85,941009.04,608179.26,6025037.62,209525.96,94509.91,144137.56,44348.29,1108707.35
MSME013,Manufacturing MSME 13,2025-09-01,Manufacturing,Andhra Pradesh,85,916452.47,606288.84,6261300.06,209908.36,94216.14,140376.14,44348.29,1064359.06
MSME013,Manufacturing MSME 13,2025-10-01,Manufacturing,Andhra Pradesh,85,921867.04,622642.16,6469348.46,210291.46,96757.42,141205.51,44348.29,1020010.77
MSME013,Manufacturing MSME 13,2025-11-01,Manufacturing,Andhra Pradesh,85,948100.96,625913.01,6690419.82,210675.27,97265.7,145223.85,44348.29,975662.47
MSME013,Manufacturing MSME 13,2025-12-01,Manufacturing,Andhra Pradesh,85,981696.05,653257.08,6920147.18,211059.77,101514.92,150369.72,44348.29,931314.18
MSME013,Manufacturing MSME 13,2026-01-01,Manufacturing,Andhra Pradesh,85,1021983.43,684357.17,7168025.16,211444.97,106347.81,156540.68,44348.29,886965.88
MSME013,Manufacturing MSME 13,2026-02-01,Manufacturing,Andhra Pradesh,85,1066519.5,716068.08,7431384.01,211830.88,111275.63,163362.42,44348.29,842617.59
MSME013,Manufacturing MSME 13,2026-03-01,Manufacturing,Andhra Pradesh,85,1089508.31,728651.67,7711167.46,212217.49,113231.1,166883.69,44348.29,798269.3
MSME013,Manufacturing MSME 13,2026-04-01,Manufacturing,Andhra Pradesh,85,1073118.47,731553.57,7961912.29,212604.81,113682.04,164373.21,44348.29,753921.0
MSME013,Manufacturing MSME 13,2026-05-01,Manufacturing,Andhra Pradesh,85,1081826.28,733839.38,8209989.17,212992.83,114037.26,165707.01,44348.29,709572.71
MSME013,Manufacturing MSME 13,2026-06-01,Manufacturing,Andhra Pradesh,85,1050123.59,703000.06,8453068.68,213381.56,109244.88,160851.0,44348.29,665224.41
MSME013,Manufacturing MSME 13,2026-07-01,Manufacturing,Andhra Pradesh,85,1016221.63,674022.43,8686083.36,213771.0,104741.81,155658.12,44348.29,620876.12
MSME013,Manufacturing MSME 13,2026-08-01,Manufacturing,Andhra Pradesh,85,991734.23,673401.14,8922559.12,214161.16,104645.27,151907.31,44348.29,576527.82
MSME013,Manufacturing MSME 13,2026-09-01,Manufacturing,Andhra Pradesh,85,978100.29,662344.04,9141088.74,214552.02,102927.01,149818.95,44348.29,532179.53
MSME014,Manufacturing MSME 14,2023-10-01,Manufacturing,Maharashtra,93,1507668.32,913833.85,878494.14,287676.77,141368.98,259336.27,46091.68,2166308.81
MSME014,Manufacturing MSME 14,2023-11-01,Manufacturing,Maharashtra,93,1552850.73,994416.2,1356511.86,288354.98,153834.97,267108.16,46091.68,2120217.13
MSME014,Manufacturing MSME 14,2023-12-01,Manufacturing,Maharashtra,93,1606677.41,1009444.32,1851982.09,289034.78,156159.8,276366.97,46091.68,2074125.46
MSME014,Manufacturing MSME 14,2024-01-01,Manufacturing,Maharashtra,93,1667729.76,1038758.15,2369509.71,289716.19,160694.62,286868.67,46091.68,2028033.78
MSME014,Manufacturing MSME 14,2024-02-01,Manufacturing,Maharashtra,93,1704534.53,1070584.52,2905068.87,290399.2,165618.12,293199.52,46091.68,1981942.1
MSME014,Manufacturing MSME 14,2024-03-01,Manufacturing,Maharashtra,93,1743414.5,1110550.5,3456056.41,291083.82,171800.81,299887.32,46091.68,1935850.43
MSME014,Manufacturing MSME 14,2024-04-01,Manufacturing,Maharashtra,93,1750339.65,1089872.46,4010586.71,291770.06,168601.94,301078.52,46091.68,1889758.75
MSME014,Manufacturing MSME 14,2024-05-01,Manufacturing,Maharashtra,93,1758000.41,1071279.85,4605399.17,292457.92,165725.68,302396.26,46091.68,1843667.07
MSME014,Manufacturing MSME 14,2024-06-01,Manufacturing,Maharashtra,93,1730748.98,1115114.25,5112579.84,293147.39,172506.81,297708.7,46091.68,1797575.4
MSME014,Manufacturing MSME 14,2024-07-01,Manufacturing,Maharashtra,93,1653229.47,1040251.24,5621388.44,293838.49,160925.6,284374.46,46091.68,1751483.72
MSME014,Manufacturing MSME 14,2024-08-01,Manufacturing,Maharashtra,93,1584918.31,999292.34,6117892.22,294531.23,154589.3,272624.15,46091.68,1705392.04
MSME014,Manufacturing MSME 14,2024-09-01,Manufacturing,Maharashtra,93,1635210.49,1023144.42,6624298.15,295225.59,158279.19,281274.98,46091.68,1659300.37
MSME014,Manufacturing MSME 14,2024-10-01,Manufacturing,Maharashtra,93,1607040.2,986828.43,7119707.33,295921.59,152661.15,276429.37,46091.68,1613208.69
MSME014,Manufacturing MSME 14,2024-11-01,Manufacturing,Maharashtra,93,1697800.22,1060399.82,7663396.95,296619.23,164042.56,292041.14,46091.68,1567117.01
MSME014,Manufacturing MSME 14,2024-12-01,Manufacturing,Maharashtra,93,1769494.68,1119865.48,8233877.61,297318.52,173241.82,304373.41,46091.68,1521025.34
MSME014,Manufacturing MSME 14,2025-01-01,Manufacturing,Maharashtra,93,1853130.29,1143738.3,8823972.61,298019.46,176934.92,318759.69,46091.68,1474933.66
MSME014,Manufacturing MSME 14,2025-02-01,Manufacturing,Maharashtra,93,1928833.26,1199688.76,9458898.1,298722.04,185590.39,331781.47,46091.68,1428841.98
MSME014,Manufacturing MSME 14,2025-03-01,Manufacturing,Maharashtra,93,1988524.51,1184019.87,10157107.79,299426.29,183166.43,342049.05,46091.68,1382750.3
MSME014,Manufacturing MSME 14,2025-04-01,Manufacturing,Maharashtra,93,2019807.51,1226940.83,10853848.55,300132.19,189806.25,347430.09,46091.68,1336658.63
MSME014,Manufacturing MSME 14,2025-05-01,Manufacturing,Maharashtra,93,2022130.98,1254034.65,11508938.67,300839.76,193997.63,347829.75,46091.68,1290566.95
MSME014,Manufacturing MSME 14,2025-06-01,Manufacturing,Maharashtra,93,1985156.79,1238022.55,12142598.92,301549.0,191520.58,341469.77,46091.68,1244475.27
MSME014,Manufacturing MSME 14,2025-07-01,Manufacturing,Maharashtra,93,1948072.18,1212545.47,12773349.17,302259.91,187579.3,335090.79,46091.68,1198383.6
MSME014,Manufacturing MSME 14,2025-08-01,Manufacturing,Maharashtra,93,1876560.73,1125187.14,13399913.27,302972.49,174065.08,322790.0,46091.68,1152291.92
MSME014,Manufacturing MSME 14,2025-09-01,Manufacturing,Maharashtra,93,1809988.65,1109039.06,13997512.76,303686.76,171566.99,311338.84,46091.68,1106200.24
MSME014,Manufacturing MSME 14,2025-10-01,Manufacturing,Maharashtra,93,1814052.01,1157562.95,14544616.4,304402.71,179073.57,312037.78,46091.68,1060108.57
MSME014,Manufacturing MSME 14,2025-11-01,Manufacturing,Maharashtra,93,1874566.28,1173448.3,15160969.3,305120.34,181531.02,322446.93,46091.68,1014016.89
MSME014,Manufacturing MSME 14,2025-12-01,Manufacturing,Maharashtra,93,1964531.6,1232097.33,15797058.62,305839.67,190603.95,337922.0,46091.68,967925.21
MSME014,Manufacturing MSME 14,2026-01-01,Manufacturing,Maharashtra,93,2066688.13,1289364.59,16480699.35,306560.7,199463.13,355494.09,46091.68,921833.54
MSME014,Manufacturing MSME 14,2026-02-01,Manufacturing,Maharashtra,93,2160922.86,1321596.49,17214240.52,307283.42,204449.36,371703.55,46091.68,875741.86
MSME014,Manufacturing MSME 14,2026-03-01,Manufacturing,Maharashtra,93,2232406.36,1446100.92,17912347.18,308007.85,223710.05,383999.53,46091.68,829650.18
MSME014,Manufacturing MSME 14,2026-04-01,Manufacturing,Maharashtra,93,2290343.59,1425680.39,18647267.76,308733.98,220551.02,393965.4,46091.68,783558.51
MSME014,Manufacturing MSME 14,2026-05-01,Manufacturing,Maharashtra,93,2277727.19,1393314.8,19418572.25,309461.83,215544.1,391795.24,46091.68,737466.83
MSME014,Manufacturing MSME 14,2026-06-01,Manufacturing,Maharashtra,93,2248562.79,1405638.6,20146965.29,310191.4,217450.58,386778.62,46091.68,691375.15
MSME014,Manufacturing MSME 14,2026-07-01,Manufacturing,Maharashtra,93,2169291.11,1418165.94,20782531.93,310922.68,219388.54,373142.98,46091.68,645283.48
MSME014,Manufacturing MSME 14,2026-08-01,Manufacturing,Maharashtra,93,2093122.57,1276776.04,21457259.38,311655.69,197515.69,360041.12,46091.68,599191.8
MSME014,Manufacturing MSME 14,2026-09-01,Manufacturing,Maharashtra,93,2075539.49,1287947.66,22123725.28,312390.42,199243.93,357016.63,46091.68,553100.12
MSME015,Manufacturing MSME 15,2023-10-01,Manufacturing,Telangana,94,1418052.26,901786.48,830744.52,252376.73,143170.78,365445.33,55399.07,2603756.2
MSME015,Manufacturing MSME 15,2023-11-01,Manufacturing,Telangana,94,1514579.13,920593.61,1287978.22,253386.06,146156.66,390321.2,55399.07,2548357.13
MSME015,Manufacturing MSME 15,2023-12-01,Manufacturing,Telangana,94,1554784.26,956815.98,1751956.86,254399.42,151907.45,400682.44,55399.07,2492958.06
MSME015,Manufacturing MSME 15,2024-01-01,Manufacturing,Telangana,94,1633086.18,1027133.64,2243022.39,255416.84,163071.33,420861.58,55399.07,2437558.99
MSME015,Manufacturing MSME 15,2024-02-01,Manufacturing,Telangana,94,1713284.18,1068834.41,2766534.53,256438.33,169691.89,441529.35,55399.07,2382159.92
MSME015,Manufacturing MSME 15,2024-03-01,Manufacturing,Telangana,94,1707357.05,1052250.32,3283227.53,257463.9,167058.94,440001.88,55399.07,2326760.86
MSME015,Manufacturing MSME 15,2024-04-01,Manufacturing,Telangana,94,1712668.08,1066497.27,3807447.51,258493.57,169320.84,441370.58,55399.07,2271361.79
MSME015,Manufacturing MSME 15,2024-05-01,Manufacturing,Telangana,94,1704982.72,1052245.83,4327813.06,259527.37,167058.23,439389.99,55399.07,2215962.72
MSME015,Manufacturing MSME 15,2024-06-01,Manufacturing,Telangana,94,1658318.86,1005034.73,4845207.94,260565.29,159562.83,427364.28,55399.07,2160563.65
MSME015,Manufacturing MSME 15,2024-07-01,Manufacturing,Telangana,94,1594709.22,986441.57,5320474.66,261607.37,156610.91,410971.48,55399.07,2105164.58
MSME015,Manufacturing MSME 15,2024-08-01,Manufacturing,Telangana,94,1549165.12,984633.27,5751672.25,262653.62,156323.82,399234.34,55399.07,2049765.52
MSME015,Manufacturing MSME 15,2024-09-01,Manufacturing,Telangana,94,1515290.3,960063.67,6182309.51,263704.05,152423.07,390504.48,55399.07,1994366.45
MSME015,Manufacturing MSME 15,2024-10-01,Manufacturing,Telangana,94,1540737.55,986206.3,6638498.99,264758.68,156573.56,397062.47,55399.07,1938967.38
MSME015,Manufacturing MSME 15,2024-11-01,Manufacturing,Telangana,94,1558887.96,979759.36,7087242.8,265817.53,155550.02,401740.0,55399.07,1883568.31
MSME015,Manufacturing MSME 15,2024-12-01,Manufacturing,Telangana,94,1605145.62,979950.03,7572455.34,266880.61,155580.29,413661.04,55399.07,1828169.24
MSME015,Manufacturing MSME 15,2025-01-01,Manufacturing,Telangana,94,1679747.59,1039433.85,8087412.56,267947.94,165024.15,432886.66,55399.07,1772770.18
MSME015,Manufacturing MSME 15,2025-02-01,Manufacturing,Telangana,94,1750451.62,1112033.03,8603130.11,269019.55,176550.25,451107.75,55399.07,1717371.11
MSME015,Manufacturing MSME 15,2025-03-01,Manufacturing,Telangana,94,1807268.22,1112195.36,9180953.95,270095.43,176576.03,465749.92,55399.07,1661972.04
MSME015,Manufacturing MSME 15,2025-04-01,Manufacturing,Telangana,94,1791157.42,1103003.32,9725122.24,271175.63,175116.66,461598.02,55399.07,1606572.97
MSME015,Manufacturing MSME 15,2025-05-01,Manufacturing,Telangana,94,1740238.66,1087079.13,10227900.81,272260.14,172588.48,448475.77,55399.07,1551173.9
MSME015,Manufacturing MSME 15,2025-06-01,Manufacturing,Telangana,94,1653130.61,1057413.83,10688648.6,273348.99,167878.72,426027.22,55399.07,1495774.84
MSME015,Manufacturing MSME 15,2025-07-01,Manufacturing,Telangana,94,1557178.01,964510.82,11161523.28,274442.19,153129.11,401299.33,55399.07,1440375.77
MSME015,Manufacturing MSME 15,2025-08-01,Manufacturing,Telangana,94,1487284.97,933000.46,11563011.07,275539.77,148126.42,383287.24,55399.07,1384976.7
MSME015,Manufacturing MSME 15,2025-09-01,Manufacturing,Telangana,94,1487337.99,913437.79,12012167.95,276641.73,145020.58,383300.91,55399.07,1329577.63
MSME015,Manufacturing MSME 15,2025-10-01,Manufacturing,Telangana,94,1518879.29,964402.1,12435980.93,277748.1,153111.85,391429.4,55399.07,1274178.56
MSME015,Manufacturing MSME 15,2025-11-01,Manufacturing,Telangana,94,1560118.44,976622.23,12906599.27,278858.9,155051.96,402057.11,55399.07,1218779.5
MSME015,Manufacturing MSME 15,2025-12-01,Manufacturing,Telangana,94,1636864.96,1024285.96,13392517.07,279974.14,162619.22,421835.41,55399.07,1163380.43
MSME015,Manufacturing MSME 15,2026-01-01,Manufacturing,Telangana,94,1721377.28,1059071.78,13937522.28,281093.84,168141.94,443615.02,55399.07,1107981.36
MSME015,Manufacturing MSME 15,2026-02-01,Manufacturing,Telangana,94,1793190.97,1060792.18,14554110.73,282218.02,168415.08,462122.08,55399.07,1052582.29
MSME015,Manufacturing MSME 15,2026-03-01,Manufacturing,Telangana,94,1823091.49,1102099.64,15140227.21,283346.69,174973.19,469827.72,55399.07,997183.22
MSME015,Manufacturing MSME 15,2026-04-01,Manufacturing,Telangana,94,1862309.57,1176338.31,15705636.13,284479.88,186759.58,479934.59,55399.07,941784.16
MSME015,Manufacturing MSME 15,2026-05-01,Manufacturing,Telangana,94,1853169.49,1215051.49,16199686.94,285617.6,192905.82,477579.1,55399.07,886385.09
MSME015,Manufacturing MSME 15,2026-06-01,Manufacturing,Telangana,94,1809793.3,1161941.39,16699954.88,286759.87,184473.88,466400.66,55399.07,830986.02
MSME015,Manufacturing MSME 15,2026-07-01,Manufacturing,Telangana,94,1776340.06,1135907.35,17191978.96,287906.7,180340.62,457779.44,55399.07,775586.95
MSME015,Manufacturing MSME 15,2026-08-01,Manufacturing,Telangana,94,1710221.72,1068304.86,17689027.65,289058.13,169607.82,440740.13,55399.07,720187.88
MSME015,Manufacturing MSME 15,2026-09-01,Manufacturing,Telangana,94,1614838.66,1006231.36,18156301.49,290214.16,159752.81,416159.02,55399.07,664788.82
MSME016,Manufacturing MSME 16,2023-10-01,Manufacturing,Rajasthan,51,965361.22,675781.58,719231.28,156882.26,123715.6,152297.76,58460.93,2747663.9
MSME016,Manufacturing MSME 16,2023-11-01,Manufacturing,Rajasthan,51,1012421.02,695432.16,923253.79,157361.64,127313.04,159722.03,58460.93,2689202.96
MSME016,Manufacturing MSME 16,2023-12-01,Manufacturing,Rajasthan,51,1065371.49,688851.55,1191312.73,157842.48,126108.32,168075.63,58460.93,2630742.03
MSME016,Manufacturing MSME 16,2024-01-01,Manufacturing,Rajasthan,51,1134924.96,751764.97,1480498.68,158324.79,137625.91,179048.56,58460.93,2572281.1
MSME016,Manufacturing MSME 16,2024-02-01,Manufacturing,Rajasthan,51,1184589.61,790498.71,1789460.02,158808.57,144716.91,186883.77,58460.93,2513820.16
MSME016,Manufacturing MSME 16,2024-03-01,Manufacturing,Rajasthan,51,1234665.31,846747.17,2092588.2,159293.83,155014.34,194783.84,58460.93,2455359.23
MSME016,Manufacturing MSME 16,2024-04-01,Manufacturing,Rajasthan,51,1242649.8,805932.93,2418407.8,159780.58,147542.46,196043.49,58460.93,2396898.29
MSME016,Manufacturing MSME 16,2024-05-01,Manufacturing,Rajasthan,51,1211428.95,812990.85,2721914.01,160268.81,148834.55,191118.01,58460.93,2338437.36
MSME016,Manufacturing MSME 16,2024-06-01,Manufacturing,Rajasthan,51,1193507.84,812821.33,2991264.86,160758.54,148803.52,188290.73,58460.93,2279976.43
MSME016,Manufacturing MSME 16,2024-07-01,Manufacturing,Rajasthan,51,1159839.1,764328.06,3272459.32,161249.76,139925.84,182979.07,58460.93,2221515.49
MSME016,Manufacturing MSME 16,2024-08-01,Manufacturing,Rajasthan,51,1135535.5,780939.89,3532532.03,161742.48,142966.97,179144.88,58460.93,2163054.56
MSME016,Manufacturing MSME 16,2024-09-01,Manufacturing,Rajasthan,51,1106534.72,740260.59,3804713.19,162236.71,135519.8,174569.64,58460.93,2104593.62
MSME016,Manufacturing MSME 16,2024-10-01,Manufacturing,Rajasthan,51,1141412.14,783750.51,4056967.46,162732.44,143481.51,180071.99,58460.93,2046132.69
MSME016,Manufacturing MSME 16,2024-11-01,Manufacturing,Rajasthan,51,1188865.96,784662.45,4352154.32,163229.7,143648.46,187558.42,58460.93,1987671.76
MSME016,Manufacturing MSME 16,2024-12-01,Manufacturing,Rajasthan,51,1270901.5,850183.22,4671870.01,163728.47,155643.38,200500.55,58460.93,1929210.82
MSME016,Manufacturing MSME 16,2025-01-01,Manufacturing,Rajasthan,51,1320194.68,889453.03,4989937.35,164228.76,162832.52,208277.16,58460.93,1870749.89
MSME016,Manufacturing MSME 16,2025-02-01,Manufacturing,Rajasthan,51,1394848.51,913378.52,5361415.5,164730.59,167212.57,220054.73,58460.93,1812288.95
MSME016,Manufacturing MSME 16,2025-03-01,Manufacturing,Rajasthan,51,1422897.34,930448.84,5741502.37,165233.95,170337.64,224479.79,58460.93,1753828.02
MSME016,Manufacturing MSME 16,2025-04-01,Manufacturing,Rajasthan,51,1435195.55,932427.85,6111834.23,165738.84,170699.93,226419.98,58460.93,1695367.09
MSME016,Manufacturing MSME 16,2025-05-01,Manufacturing,Rajasthan,51,1426112.2,944895.67,6470315.99,166245.28,172982.42,224986.97,58460.93,1636906.15
MSME016,Manufacturing MSME 16,2025-06-01,Manufacturing,Rajasthan,51,1385753.21,922200.21,6807514.88,166753.27,168827.56,218619.84,58460.93,1578445.22
MSME016,Manufacturing MSME 16,2025-07-01,Manufacturing,Rajasthan,51,1362278.6,921705.7,7122992.99,167262.81,168737.03,214916.43,58460.93,1519984.28
MSME016,Manufacturing MSME 16,2025-08-01,Manufacturing,Rajasthan,51,1294842.85,876227.81,7403053.28,167773.9,160411.37,204277.6,58460.93,1461523.35
MSME016,Manufacturing MSME 16,2025-09-01,Manufacturing,Rajasthan,51,1270573.14,841633.63,7698380.62,168286.56,154078.2,200448.75,58460.93,1403062.42
MSME016,Manufacturing MSME 16,2025-10-01,Manufacturing,Rajasthan,51,1254942.23,861563.96,7978564.12,168800.78,157726.85,197982.78,58460.93,1344601.48
MSME016,Manufacturing MSME 16,2025-11-01,Manufacturing,Rajasthan,51,1279832.07,871068.99,8259493.05,169316.58,159466.94,201909.46,58460.93,1286140.55
MSME016,Manufacturing MSME 16,2025-12-01,Manufacturing,Rajasthan,51,1330929.28,920757.91,8570761.39,169833.95,168563.51,209970.68,58460.93,1227679.61
MSME016,Manufacturing MSME 16,2026-01-01,Manufacturing,Rajasthan,51,1420604.43,992291.81,8892037.67,170352.9,181659.25,224118.05,58460.93,1169218.68
MSME016,Manufacturing MSME 16,2026-02-01,Manufacturing,Rajasthan,51,1523682.64,997937.05,9286268.42,170873.44,182692.73,240379.92,58460.93,1110757.75
MSME016,Manufacturing MSME 16,2026-03-01,Manufacturing,Rajasthan,51,1571026.81,1053068.21,9677465.51,171395.57,192785.61,247849.06,58460.93,1052296.81
MSME016,Manufacturing MSME 16,2026-04-01,Manufacturing,Rajasthan,51,1592179.46,1090903.4,10058130.96,171919.29,199712.11,251186.15,58460.93,993835.88
MSME016,Manufacturing MSME 16,2026-05-01,Manufacturing,Rajasthan,51,1588243.45,1050714.67,10470510.52,172444.62,192354.75,250565.2,58460.93,935374.94
MSME016,Manufacturing MSME 16,2026-06-01,Manufacturing,Rajasthan,51,1607390.87,1074868.49,10883960.22,172971.55,196776.6,253585.94,58460.93,876914.01
MSME016,Manufacturing MSME 16,2026-07-01,Manufacturing,Rajasthan,51,1576433.14,1051159.43,11287631.37,173500.08,192436.17,248701.97,58460.93,818453.08
MSME016,Manufacturing MSME 16,2026-08-01,Manufacturing,Rajasthan,51,1517112.7,1013872.32,11667673.74,174030.24,185610.01,239343.43,58460.93,759992.14
MSME016,Manufacturing MSME 16,2026-09-01,Manufacturing,Rajasthan,51,1487140.7,968289.95,12048096.78,174562.01,177265.22,234614.98,58460.93,701531.21
MSME017,Manufacturing MSME 17,2023-10-01,Manufacturing,Maharashtra,84,566650.02,383680.3,281602.63,114807.51,46622.19,98869.66,65956.84,3099971.38
MSME017,Manufacturing MSME 17,2023-11-01,Manufacturing,Maharashtra,84,563957.84,379336.82,375503.85,115236.51,46094.4,98399.93,65956.84,3034014.54
MSME017,Manufacturing MSME 17,2023-12-01,Manufacturing,Maharashtra,84,603015.55,397699.54,490279.03,115667.1,48325.71,105214.76,65956.84,2968057.7
MSME017,Manufacturing MSME 17,2024-01-01,Manufacturing,Maharashtra,84,630086.28,421351.85,614065.5,116099.3,51199.78,109938.09,65956.84,2902100.86
MSME017,Manufacturing MSME 17,2024-02-01,Manufacturing,Maharashtra,84,669433.02,448564.13,739181.12,116533.12,54506.43,116803.34,65956.84,2836144.03
MSME017,Manufacturing MSME 17,2024-03-01,Manufacturing,Maharashtra,84,694906.18,459297.44,890762.62,116968.56,55810.67,121247.93,65956.84,2770187.19
MSME017,Manufacturing MSME 17,2024-04-01,Manufacturing,Maharashtra,84,697947.99,449326.51,1048481.81,117405.63,54599.07,121778.67,65956.84,2704230.35
MSME017,Manufacturing MSME 17,2024-05-01,Manufacturing,Maharashtra,84,693910.1,467056.8,1185928.66,117844.33,56753.53,121074.13,65956.84,2638273.51
MSME017,Manufacturing MSME 17,2024-06-01,Manufacturing,Maharashtra,84,686267.1,467434.24,1312462.06,118284.67,56799.39,119740.57,65956.84,2572316.67
MSME017,Manufacturing MSME 17,2024-07-01,Manufacturing,Maharashtra,84,671852.71,447727.49,1451458.18,118726.65,54404.77,117225.53,65956.84,2506359.84
MSME017,Manufacturing MSME 17,2024-08-01,Manufacturing,Maharashtra,84,654709.18,445039.42,1569597.59,119170.29,54078.13,114234.31,65956.84,2440403.0
MSME017,Manufacturing MSME 17,2024-09-01,Manufacturing,Maharashtra,84,645704.2,443808.43,1673153.06,119615.58,53928.55,112663.12,65956.84,2374446.16
MSME017,Manufacturing MSME 17,2024-10-01,Manufacturing,Maharashtra,84,647628.33,447822.21,1787930.54,120062.54,54416.27,112998.84,65956.84,2308489.32
MSME017,Manufacturing MSME 17,2024-11-01,Manufacturing,Maharashtra,84,662563.7,429663.95,1929883.06,120511.17,52209.81,115604.78,65956.84,2242532.49
MSME017,Manufacturing MSME 17,2024-12-01,Manufacturing,Maharashtra,84,689051.72,458657.45,2067690.28,120961.47,55732.9,120226.44,65956.84,2176575.65
MSME017,Manufacturing MSME 17,2025-01-01,Manufacturing,Maharashtra,84,733405.78,496221.68,2212924.86,121413.46,60297.45,127965.38,65956.84,2110618.81
MSME017,Manufacturing MSME 17,2025-02-01,Manufacturing,Maharashtra,84,761531.31,519852.06,2351841.7,121867.13,63168.85,132872.75,65956.84,2044661.97
MSME017,Manufacturing MSME 17,2025-03-01,Manufacturing,Maharashtra,84,788743.61,534505.99,2509568.0,122322.5,64949.49,137620.78,65956.84,1978705.13
MSME017,Manufacturing MSME 17,2025-04-01,Manufacturing,Maharashtra,84,789848.21,536735.46,2662106.93,122779.57,65220.4,137813.51,65956.84,1912748.3
MSME017,Manufacturing MSME 17,2025-05-01,Manufacturing,Maharashtra,84,775235.69,538277.48,2807940.69,123238.35,65407.78,135263.9,65956.84,1846791.46
MSME017,Manufacturing MSME 17,2025-06-01,Manufacturing,Maharashtra,84,734177.9,491013.73,2939134.65,123698.85,59664.61,128100.1,65956.84,1780834.62
MSME017,Manufacturing MSME 17,2025-07-01,Manufacturing,Maharashtra,84,713299.61,474723.92,3084546.91,124161.06,57685.19,124457.23,65956.84,1714877.78
MSME017,Manufacturing MSME 17,2025-08-01,Manufacturing,Maharashtra,84,707687.31,486870.63,3211740.19,124625.01,59161.17,123477.99,65956.84,1648920.95
MSME017,Manufacturing MSME 17,2025-09-01,Manufacturing,Maharashtra,84,711656.22,491243.02,3333171.68,125090.68,59692.47,124170.49,65956.84,1582964.11
MSME017,Manufacturing MSME 17,2025-10-01,Manufacturing,Maharashtra,84,718223.91,485064.68,3474146.74,125558.1,58941.72,125316.43,65956.84,1517007.27
MSME017,Manufacturing MSME 17,2025-11-01,Manufacturing,Maharashtra,84,762114.22,516539.66,3627671.88,126027.26,62766.35,132974.45,65956.84,1451050.43
MSME017,Manufacturing MSME 17,2025-12-01,Manufacturing,Maharashtra,84,792544.16,534704.18,3785647.04,126498.18,64973.57,138283.9,65956.84,1385093.59
MSME017,Manufacturing MSME 17,2026-01-01,Manufacturing,Maharashtra,84,845019.5,580157.31,3962515.09,126970.85,70496.73,147439.85,65956.84,1319136.76
MSME017,Manufacturing MSME 17,2026-02-01,Manufacturing,Maharashtra,84,878579.51,592312.34,4150792.66,127445.29,71973.72,153295.43,65956.84,1253179.92
MSME017,Manufacturing MSME 17,2026-03-01,Manufacturing,Maharashtra,84,902826.82,620255.29,4336231.33,127921.51,75369.16,157526.13,65956.84,1187223.08
MSME017,Manufacturing MSME 17,2026-04-01,Manufacturing,Maharashtra,84,897147.7,624411.79,4513179.05,128399.5,75874.23,156535.23,65956.84,1121266.24
MSME017,Manufacturing MSME 17,2026-05-01,Manufacturing,Maharashtra,84,863454.47,570070.19,4697088.26,128879.28,69271.01,150656.4,65956.84,1055309.41
MSME017,Manufacturing MSME 17,2026-06-01,Manufacturing,Maharashtra,84,814790.36,556136.97,4864168.67,129360.85,67577.94,142165.44,65956.84,989352.57
MSME017,Manufacturing MSME 17,2026-07-01,Manufacturing,Maharashtra,84,786024.5,528640.16,5018259.46,129844.22,64236.72,137146.34,65956.84,923395.73
MSME017,Manufacturing MSME 17,2026-08-01,Manufacturing,Maharashtra,84,752206.32,502274.31,5165063.16,130329.4,61032.92,131245.71,65956.84,857438.89
MSME017,Manufacturing MSME 17,2026-09-01,Manufacturing,Maharashtra,84,723294.73,491824.06,5299662.07,130816.39,59763.08,126201.19,65956.84,791482.05
MSME018,Manufacturing MSME 18,2023-10-01,Manufacturing,Telangana,49,1046935.86,737596.6,642647.07,205142.28,134082.92,274137.22,46537.28,2187252.39
MSME018,Manufacturing MSME 18,2023-11-01,Manufacturing,Telangana,49,1076595.86,742177.12,889072.61,205441.88,134915.58,281903.61,46537.28,2140715.11
MSME018,Manufacturing MSME 18,2023-12-01,Manufacturing,Telangana,49,1123785.26,788868.67,1149856.46,205741.93,143403.33,294260.02,46537.28,2094177.82
MSME018,Manufacturing MSME 18,2024-01-01,Manufacturing,Telangana,49,1200193.03,821341.95,1453011.07,206042.41,149306.44,314267.18,46537.28,2047640.54
MSME018,Manufacturing MSME 18,2024-02-01,Manufacturing,Telangana,49,1241800.77,863493.29,1743731.13,206343.33,156968.86,325162.05,46537.28,2001103.25
MSME018,Manufacturing MSME 18,2024-03-01,Manufacturing,Telangana,49,1259608.1,888850.97,2041288.51,206644.69,161578.47,329824.85,46537.28,1954565.97
MSME018,Manufacturing MSME 18,2024-04-01,Manufacturing,Telangana,49,1260992.31,872337.48,2324911.58,206946.49,158576.59,330187.3,46537.28,1908028.68
MSME018,Manufacturing MSME 18,2024-05-01,Manufacturing,Telangana,49,1211472.54,852550.94,2597370.6,207248.73,154979.72,317220.69,46537.28,1861491.4
MSME018,Manufacturing MSME 18,2024-06-01,Manufacturing,Telangana,49,1169523.08,808736.91,2862796.96,207551.41,147015.05,306236.34,46537.28,1814954.11
MSME018,Manufacturing MSME 18,2024-07-01,Manufacturing,Telangana,49,1140201.57,770995.58,3136999.84,207854.53,140154.3,298558.59,46537.28,1768416.83
MSME018,Manufacturing MSME 18,2024-08-01,Manufacturing,Telangana,49,1086803.3,742527.18,3392503.03,208158.1,134979.21,284576.4,46537.28,1721879.54
MSME018,Manufacturing MSME 18,2024-09-01,Manufacturing,Telangana,49,1070108.0,736291.27,3649566.16,208462.11,133845.63,280204.78,46537.28,1675342.26
MSME018,Manufacturing MSME 18,2024-10-01,Manufacturing,Telangana,49,1102578.43,752751.78,3915495.2,208766.56,136837.88,288707.07,46537.28,1628804.97
MSME018,Manufacturing MSME 18,2024-11-01,Manufacturing,Telangana,49,1140696.21,806565.08,4159372.8,209071.46,146620.25,298688.11,46537.28,1582267.69
MSME018,Manufacturing MSME 18,2024-12-01,Manufacturing,Telangana,49,1198638.19,842746.23,4441175.0,209376.81,153197.39,313860.05,46537.28,1535730.4
MSME018,Manufacturing MSME 18,2025-01-01,Manufacturing,Telangana,49,1244653.66,834497.45,4748039.52,209682.6,151697.89,325909.08,46537.28,1489193.12
MSME018,Manufacturing MSME 18,2025-02-01,Manufacturing,Telangana,49,1294475.02,910966.29,5043067.85,209988.83,165598.67,338954.66,46537.28,1442655.83
MSME018,Manufacturing MSME 18,2025-03-01,Manufacturing,Telangana,49,1311548.42,901731.79,5369365.98,210295.52,163919.99,343425.28,46537.28,1396118.55
MSME018,Manufacturing MSME 18,2025-04-01,Manufacturing,Telangana,49,1341869.69,931573.35,5697014.2,210602.65,169344.69,351364.82,46537.28,1349581.26
MSME018,Manufacturing MSME 18,2025-05-01,Manufacturing,Telangana,49,1309606.12,914862.78,6008706.38,210910.23,166306.99,342916.69,46537.28,1303043.98
MSME018,Manufacturing MSME 18,2025-06-01,Manufacturing,Telangana,49,1297863.25,896593.05,6318708.07,211218.26,162985.85,339841.86,46537.28,1256506.69
MSME018,Manufacturing MSME 18,2025-07-01,Manufacturing,Telangana,49,1203437.81,832681.67,6588414.46,211526.74,151367.81,315116.82,46537.28,1209969.41
MSME018,Manufacturing MSME 18,2025-08-01,Manufacturing,Telangana,49,1184289.13,814074.22,6868980.2,211835.67,147985.29,310102.79,46537.28,1163432.12
MSME018,Manufacturing MSME 18,2025-09-01,Manufacturing,Telangana,49,1171996.75,808292.48,7157858.92,212145.05,146934.26,306884.07,46537.28,1116894.84
MSME018,Manufacturing MSME 18,2025-10-01,Manufacturing,Telangana,49,1163221.94,803088.96,7418256.29,212454.88,145988.35,304586.41,46537.28,1070357.55
MSME018,Manufacturing MSME 18,2025-11-01,Manufacturing,Telangana,49,1200128.8,817608.76,7707195.41,212765.17,148627.81,314250.36,46537.28,1023820.27
MSME018,Manufacturing MSME 18,2025-12-01,Manufacturing,Telangana,49,1249475.79,887611.51,7989157.09,213075.9,161353.15,327171.73,46537.28,977282.98
MSME018,Manufacturing MSME 18,2026-01-01,Manufacturing,Telangana,49,1285517.44,911458.96,8278844.94,213387.1,165688.23,336609.14,46537.28,930745.7
MSME018,Manufacturing MSME 18,2026-02-01,Manufacturing,Telangana,49,1333722.29,902875.28,8633442.83,213698.74,164127.86,349231.45,46537.28,884208.41
MSME018,Manufacturing MSME 18,2026-03-01,Manufacturing,Telangana,49,1400779.47,949808.05,8989924.33,214010.85,172659.46,366790.18,46537.28,837671.13
MSME018,Manufacturing MSME 18,2026-04-01,Manufacturing,Telangana,49,1375786.69,963774.6,9319795.26,214323.4,175198.35,360245.89,46537.28,791133.84
MSME018,Manufacturing MSME 18,2026-05-01,Manufacturing,Telangana,49,1350637.83,926930.24,9632960.71,214636.42,168500.65,353660.73,46537.28,744596.56
MSME018,Manufacturing MSME 18,2026-06-01,Manufacturing,Telangana,49,1322985.54,904351.12,9956847.31,214949.89,164396.14,346420.06,46537.28,698059.27
MSME018,Manufacturing MSME 18,2026-07-01,Manufacturing,Telangana,49,1301803.3,877312.58,10283334.68,215263.82,159480.98,340873.55,46537.28,651521.99
MSME018,Manufacturing MSME 18,2026-08-01,Manufacturing,Telangana,49,1281911.65,895743.15,10565968.89,215578.21,162831.35,335664.97,46537.28,604984.7
MSME018,Manufacturing MSME 18,2026-09-01,Manufacturing,Telangana,49,1257279.27,878789.91,10851120.43,215893.05,159749.53,329215.06,46537.28,558447.42
MSME019,Manufacturing MSME 19,2023-10-01,Manufacturing,Andhra Pradesh,74,644756.21,417301.41,378782.89,126433.58,76216.37,162850.4,72943.83,3428359.86
MSME019,Manufacturing MSME 19,2023-11-01,Manufacturing,Andhra Pradesh,74,656324.8,425069.17,512318.71,126701.01,77635.08,165772.35,72943.83,3355416.03
MSME019,Manufacturing MSME 19,2023-12-01,Manufacturing,Andhra Pradesh,74,685386.7,439858.72,653240.74,126969.0,80336.26,173112.71,72943.83,3282472.2
MSME019,Manufacturing MSME 19,2024-01-01,Manufacturing,Andhra Pradesh,74,713626.67,470560.21,791031.16,127237.55,85943.61,180245.47,72943.83,3209528.38
MSME019,Manufacturing MSME 19,2024-02-01,Manufacturing,Andhra Pradesh,74,738461.5,483575.64,937324.47,127506.68,88320.77,186518.17,72943.83,3136584.55
MSME019,Manufacturing MSME 19,2024-03-01,Manufacturing,Andhra Pradesh,74,765511.33,488815.23,1103447.85,127776.37,89277.73,193350.33,72943.83,3063640.72
MSME019,Manufacturing MSME 19,2024-04-01,Manufacturing,Andhra Pradesh,74,768577.01,502092.35,1259758.06,128046.64,91702.68,194124.65,72943.83,2990696.9
MSME019,Manufacturing MSME 19,2024-05-01,Manufacturing,Andhra Pradesh,74,749489.21,481878.11,1405632.52,128317.47,88010.73,189303.51,72943.83,2917753.07
MSME019,Manufacturing MSME 19,2024-06-01,Manufacturing,Andhra Pradesh,74,732261.97,457755.32,1567389.1,128588.88,83604.92,184952.31,72943.83,2844809.24
MSME019,Manufacturing MSME 19,2024-07-01,Manufacturing,Andhra Pradesh,74,704090.15,447260.63,1716675.77,128860.86,81688.15,177836.77,72943.83,2771865.42
MSME019,Manufacturing MSME 19,2024-08-01,Manufacturing,Andhra Pradesh,74,670158.2,436270.34,1851269.4,129133.42,79680.87,169266.35,72943.83,2698921.59
MSME019,Manufacturing MSME 19,2024-09-01,Manufacturing,Andhra Pradesh,74,646764.44,417308.35,1967227.98,129406.56,76217.64,163357.63,72943.83,2625977.76
MSME019,Manufacturing MSME 19,2024-10-01,Manufacturing,Andhra Pradesh,74,651962.21,417413.85,2105487.99,129680.27,76236.91,164670.46,72943.83,2553033.94
MSME019,Manufacturing MSME 19,2024-11-01,Manufacturing,Andhra Pradesh,74,653652.28,438969.82,2231006.25,129954.56,80173.91,165097.34,72943.83,2480090.11
MSME019,Manufacturing MSME 19,2024-12-01,Manufacturing,Andhra Pradesh,74,691482.65,435419.24,2380224.13,130229.43,79525.43,174652.41,72943.83,2407146.28
MSME019,Manufacturing MSME 19,2025-01-01,Manufacturing,Andhra Pradesh,74,730802.06,470932.99,2536016.87,130504.88,86011.7,184583.57,72943.83,2334202.46
MSME019,Manufacturing MSME 19,2025-02-01,Manufacturing,Andhra Pradesh,74,760186.34,497762.7,2702070.98,130780.92,90911.91,192005.36,72943.83,2261258.63
MSME019,Manufacturing MSME 19,2025-03-01,Manufacturing,Andhra Pradesh,74,773785.14,486783.94,2875666.31,131057.54,88906.73,195440.1,72943.83,2188314.8
MSME019,Manufacturing MSME 19,2025-04-01,Manufacturing,Andhra Pradesh,74,789022.48,515507.38,3054468.7,131334.74,94152.81,199288.7,72943.83,2115370.98
MSME019,Manufacturing MSME 19,2025-05-01,Manufacturing,Andhra Pradesh,74,795222.21,512567.15,3233315.89,131612.53,93615.81,200854.6,72943.83,2042427.15
MSME019,Manufacturing MSME 19,2025-06-01,Manufacturing,Andhra Pradesh,74,773036.12,497179.41,3391930.29,131890.91,90805.37,195250.92,72943.83,1969483.32
MSME019,Manufacturing MSME 19,2025-07-01,Manufacturing,Andhra Pradesh,74,731628.13,474996.41,3553960.14,132169.88,86753.85,184792.22,72943.83,1896539.49
MSME019,Manufacturing MSME 19,2025-08-01,Manufacturing,Andhra Pradesh,74,700356.56,438807.71,3712571.03,132449.43,80144.3,176893.75,72943.83,1823595.67
MSME019,Manufacturing MSME 19,2025-09-01,Manufacturing,Andhra Pradesh,74,692435.84,449047.77,3849834.64,132729.58,82014.56,174893.16,72943.83,1750651.84
MSME019,Manufacturing MSME 19,2025-10-01,Manufacturing,Andhra Pradesh,74,686754.22,425030.16,3992320.76,133010.32,77627.96,173458.12,72943.83,1677708.01
MSME019,Manufacturing MSME 19,2025-11-01,Manufacturing,Andhra Pradesh,74,692129.68,439634.74,4145533.83,133291.66,80295.35,174815.83,72943.83,1604764.19
MSME019,Manufacturing MSME 19,2025-12-01,Manufacturing,Andhra Pradesh,74,725044.67,472992.45,4301074.82,133573.59,86387.84,183129.39,72943.83,1531820.36
MSME019,Manufacturing MSME 19,2026-01-01,Manufacturing,Andhra Pradesh,74,759980.94,490399.9,4464096.05,133856.11,89567.16,191953.48,72943.83,1458876.53
MSME019,Manufacturing MSME 19,2026-02-01,Manufacturing,Andhra Pradesh,74,787833.72,502360.83,4644126.24,134139.24,91751.71,198988.44,72943.83,1385932.71
MSME019,Manufacturing MSME 19,2026-03-01,Manufacturing,Andhra Pradesh,74,808804.68,512522.96,4820621.8,134422.96,93607.73,204285.22,72943.83,1312988.88
MSME019,Manufacturing MSME 19,2026-04-01,Manufacturing,Andhra Pradesh,74,827068.77,531458.69,5011065.85,134707.28,97066.18,208898.3,72943.83,1240045.05
MSME019,Manufacturing MSME 19,2026-05-01,Manufacturing,Andhra Pradesh,74,810115.83,506127.64,5197142.08,134992.21,92439.69,204616.39,72943.83,1167101.23
MSME019,Manufacturing MSME 19,2026-06-01,Manufacturing,Andhra Pradesh,74,783433.29,503067.41,5364564.42,135277.73,91880.76,197877.0,72943.83,1094157.4
MSME019,Manufacturing MSME 19,2026-07-01,Manufacturing,Andhra Pradesh,74,744508.97,482564.01,5524568.37,135563.86,88136.0,188045.62,72943.83,1021213.57
MSME019,Manufacturing MSME 19,2026-08-01,Manufacturing,Andhra Pradesh,74,724383.49,445363.41,5699630.92,135850.6,81341.64,182962.39,72943.83,948269.75
MSME019,Manufacturing MSME 19,2026-09-01,Manufacturing,Andhra Pradesh,74,732284.35,485950.53,5853818.86,136137.94,88754.52,184957.97,72943.83,875325.92
MSME020,Manufacturing MSME 20,2023-10-01,Manufacturing,Rajasthan,57,588143.3,395214.18,350255.58,132039.04,72003.31,115529.89,64700.19,3040908.85
MSME020,Manufacturing MSME 20,2023-11-01,Manufacturing,Rajasthan,57,579680.37,369040.42,467656.94,132430.58,67234.76,113867.5,64700.19,2976208.66
MSME020,Manufacturing MSME 20,2023-12-01,Manufacturing,Rajasthan,57,597432.33,404786.03,581202.07,132823.28,73747.19,117354.54,64700.19,2911508.47
MSME020,Manufacturing MSME 20,2024-01-01,Manufacturing,Rajasthan,57,623179.33,408958.79,711858.25,133217.15,74507.41,122412.07,64700.19,2846808.28
MSME020,Manufacturing MSME 20,2024-02-01,Manufacturing,Rajasthan,57,653609.92,435659.33,835493.58,133612.18,79371.93,128389.6,64700.19,2782108.1
MSME020,Manufacturing MSME 20,2024-03-01,Manufacturing,Rajasthan,57,679149.74,444365.06,967701.65,134008.39,80958.01,133406.42,64700.19,2717407.91
MSME020,Manufacturing MSME 20,2024-04-01,Manufacturing,Rajasthan,57,673788.74,447534.29,1105727.51,134405.77,81535.41,132353.35,64700.19,2652707.72
MSME020,Manufacturing MSME 20,2024-05-01,Manufacturing,Rajasthan,57,684508.29,439866.33,1257237.68,134804.33,80138.4,134459.01,64700.19,2588007.53
MSME020,Manufacturing MSME 20,2024-06-01,Manufacturing,Rajasthan,57,658373.73,433322.43,1397811.21,135204.07,78946.18,129325.36,64700.19,2523307.34
MSME020,Manufacturing MSME 20,2024-07-01,Manufacturing,Rajasthan,57,630239.9,429954.56,1516853.15,135604.99,78332.59,123798.99,64700.19,2458607.15
MSME020,Manufacturing MSME 20,2024-08-01,Manufacturing,Rajasthan,57,612410.17,402636.45,1630868.31,136007.11,73355.56,120296.67,64700.19,2393906.97
MSME020,Manufacturing MSME 20,2024-09-01,Manufacturing,Rajasthan,57,607452.76,393884.44,1749395.28,136410.42,71761.05,119322.87,64700.19,2329206.78
MSME020,Manufacturing MSME 20,2024-10-01,Manufacturing,Rajasthan,57,632888.65,415652.28,1881011.49,136814.92,75726.89,124319.28,64700.19,2264506.59
MSME020,Manufacturing MSME 20,2024-11-01,Manufacturing,Rajasthan,57,652820.04,419093.89,2029247.51,137220.62,76353.91,128234.44,64700.19,2199806.4
MSME020,Manufacturing MSME 20,2024-12-01,Manufacturing,Rajasthan,57,682550.82,461993.41,2173396.52,137627.53,84169.69,134074.5,64700.19,2135106.21
MSME020,Manufacturing MSME 20,2025-01-01,Manufacturing,Rajasthan,57,721912.55,488994.53,2326896.12,138035.64,89088.97,141806.38,64700.19,2070406.02
MSME020,Manufacturing MSME 20,2025-02-01,Manufacturing,Rajasthan,57,746992.87,484524.55,2504905.8,138444.96,88274.59,146732.95,64700.19,2005705.84
MSME020,Manufacturing MSME 20,2025-03-01,Manufacturing,Rajasthan,57,776919.78,507966.87,2680906.88,138855.5,92545.51,152611.54,64700.19,1941005.65
MSME020,Manufacturing MSME 20,2025-04-01,Manufacturing,Rajasthan,57,805564.79,514962.92,2868179.65,139267.25,93820.1,158238.32,64700.19,1876305.46
MSME020,Manufacturing MSME 20,2025-05-01,Manufacturing,Rajasthan,57,771906.17,517605.47,3032370.91,139680.23,94301.54,151626.71,64700.19,1811605.27
MSME020,Manufacturing MSME 20,2025-06-01,Manufacturing,Rajasthan,57,777040.79,507867.69,3201726.87,140094.43,92527.43,152635.31,64700.19,1746905.08
MSME020,Manufacturing MSME 20,2025-07-01,Manufacturing,Rajasthan,57,762509.59,496416.94,3374340.84,140509.86,90441.24,149780.92,64700.19,1682204.9
MSME020,Manufacturing MSME 20,2025-08-01,Manufacturing,Rajasthan,57,745707.16,472252.05,3550451.35,140926.52,86038.69,146480.4,64700.19,1617504.71
MSME020,Manufacturing MSME 20,2025-09-01,Manufacturing,Rajasthan,57,740590.75,480409.83,3716577.05,141344.41,87524.94,145475.37,64700.19,1552804.52
MSME020,Manufacturing MSME 20,2025-10-01,Manufacturing,Rajasthan,57,754228.04,483861.28,3888744.19,141763.55,88153.75,148154.17,64700.19,1488104.33
MSME020,Manufacturing MSME 20,2025-11-01,Manufacturing,Rajasthan,57,773836.58,514363.98,4059721.23,142183.92,93710.98,152005.9,64700.19,1423404.14
MSME020,Manufacturing MSME 20,2025-12-01,Manufacturing,Rajasthan,57,819659.79,543985.91,4242751.12,142605.55,99107.74,161007.02,64700.19,1358703.95
MSME020,Manufacturing MSME 20,2026-01-01,Manufacturing,Rajasthan,57,848060.6,557147.82,4435472.7,143028.42,101505.69,166585.84,64700.19,1294003.77
MSME020,Manufacturing MSME 20,2026-02-01,Manufacturing,Rajasthan,57,872200.86,568608.68,4638835.13,143452.55,103593.72,171327.75,64700.19,1229303.58
MSME020,Manufacturing MSME 20,2026-03-01,Manufacturing,Rajasthan,57,902684.95,599477.68,4852877.78,143877.94,109217.68,177315.78,64700.19,1164603.39
MSME020,Manufacturing MSME 20,2026-04-01,Manufacturing,Rajasthan,57,922829.22,596719.93,5073404.49,144304.58,108715.25,181272.75,64700.19,1099903.2
MSME020,Manufacturing MSME 20,2026-05-01,Manufacturing,Rajasthan,57,904924.69,582926.29,5287422.12,144732.5,106202.22,177755.74,64700.19,1035203.01
MSME020,Manufacturing MSME 20,2026-06-01,Manufacturing,Rajasthan,57,871218.83,569813.27,5485018.92,145161.68,103813.18,171134.84,64700.19,970502.82
MSME020,Manufacturing MSME 20,2026-07-01,Manufacturing,Rajasthan,57,873551.07,576436.33,5680789.42,145592.13,105019.82,171592.97,64700.19,905802.64
MSME020,Manufacturing MSME 20,2026-08-01,Manufacturing,Rajasthan,57,852756.69,565423.75,5860060.52,146023.86,103013.46,167508.3,64700.19,841102.45
MSME020,Manufacturing MSME 20,2026-09-01,Manufacturing,Rajasthan,57,852636.0,563016.0,6051643.42,146456.87,102574.8,167484.59,64700.19,776402.26
MSME021,Manufacturing MSME 21,2023-10-01,Manufacturing,Tamil Nadu,86,612456.59,374626.15,336629.62,126367.36,50719.08,103240.64,32953.81,1548828.96
MSME021,Manufacturing MSME 21,2023-11-01,Manufacturing,Tamil Nadu,86,637531.96,408324.3,522925.25,126515.3,55281.34,107467.55,32953.81,1515875.15
MSME021,Manufacturing MSME 21,2023-12-01,Manufacturing,Tamil Nadu,86,655809.65,424658.51,711242.18,126663.42,57492.76,110548.59,32953.81,1482921.34
MSME021,Manufacturing MSME 21,2024-01-01,Manufacturing,Tamil Nadu,86,679411.54,441466.42,892431.3,126811.71,59768.31,114527.11,32953.81,1449967.54
MSME021,Manufacturing MSME 21,2024-02-01,Manufacturing,Tamil Nadu,86,701651.45,445543.65,1097386.15,126960.17,60320.31,118276.05,32953.81,1417013.73
MSME021,Manufacturing MSME 21,2024-03-01,Manufacturing,Tamil Nadu,86,720451.21,457284.0,1304720.67,127108.81,61909.79,121445.09,32953.81,1384059.92
MSME021,Manufacturing MSME 21,2024-04-01,Manufacturing,Tamil Nadu,86,715981.44,449951.46,1527399.85,127257.62,60917.07,120691.63,32953.81,1351106.11
MSME021,Manufacturing MSME 21,2024-05-01,Manufacturing,Tamil Nadu,86,714069.61,449197.03,1737579.71,127406.61,60814.93,120369.36,32953.81,1318152.31
MSME021,Manufacturing MSME 21,2024-06-01,Manufacturing,Tamil Nadu,86,691878.55,426009.76,1948177.96,127555.77,57675.7,116628.65,32953.81,1285198.5
MSME021,Manufacturing MSME 21,2024-07-01,Manufacturing,Tamil Nadu,86,670030.6,424712.63,2145426.05,127705.1,57500.09,112945.78,32953.81,1252244.69
MSME021,Manufacturing MSME 21,2024-08-01,Manufacturing,Tamil Nadu,86,656095.29,410129.41,2331933.5,127854.61,55525.72,110596.74,32953.81,1219290.88
MSME021,Manufacturing MSME 21,2024-09-01,Manufacturing,Tamil Nadu,86,650390.78,412113.41,2520108.25,128004.29,55794.33,109635.14,32953.81,1186337.08
MSME021,Manufacturing MSME 21,2024-10-01,Manufacturing,Tamil Nadu,86,648203.16,401432.6,2722448.63,128154.15,54348.3,109266.38,32953.81,1153383.27
MSME021,Manufacturing MSME 21,2024-11-01,Manufacturing,Tamil Nadu,86,675696.89,427086.3,2921164.06,128304.19,57821.45,113900.94,32953.81,1120429.46
MSME021,Manufacturing MSME 21,2024-12-01,Manufacturing,Tamil Nadu,86,735084.44,457875.51,3148322.16,128454.4,61989.87,123911.79,32953.81,1087475.65
MSME021,Manufacturing MSME 21,2025-01-01,Manufacturing,Tamil Nadu,86,773337.05,491568.64,3387732.43,128604.79,66551.45,130359.96,32953.81,1054521.84
MSME021,Manufacturing MSME 21,2025-02-01,Manufacturing,Tamil Nadu,86,807789.63,507990.22,3635874.05,128755.35,68774.69,136167.56,32953.81,1021568.04
MSME021,Manufacturing MSME 21,2025-03-01,Manufacturing,Tamil Nadu,86,827224.8,511489.47,3909660.4,128906.09,69248.44,139443.71,32953.81,988614.23
MSME021,Manufacturing MSME 21,2025-04-01,Manufacturing,Tamil Nadu,86,828910.96,504089.64,4179149.83,129057.0,68246.61,139727.95,32953.81,955660.42
MSME021,Manufacturing MSME 21,2025-05-01,Manufacturing,Tamil Nadu,86,823860.15,520907.19,4427127.04,129208.1,70523.47,138876.54,32953.81,922706.61
MSME021,Manufacturing MSME 21,2025-06-01,Manufacturing,Tamil Nadu,86,804146.56,494635.34,4671075.95,129359.36,66966.63,135553.46,32953.81,889752.81
MSME021,Manufacturing MSME 21,2025-07-01,Manufacturing,Tamil Nadu,86,762844.04,486991.38,4898286.47,129510.81,65931.75,128591.17,32953.81,856799.0
MSME021,Manufacturing MSME 21,2025-08-01,Manufacturing,Tamil Nadu,86,741264.12,470658.51,5115132.86,129662.43,63720.51,124953.48,32953.81,823845.19
MSME021,Manufacturing MSME 21,2025-09-01,Manufacturing,Tamil Nadu,86,732720.57,463917.62,5328216.23,129814.23,62807.89,123513.31,32953.81,790891.38
MSME021,Manufacturing MSME 21,2025-10-01,Manufacturing,Tamil Nadu,86,720645.26,444691.47,5551341.0,129966.21,60204.94,121477.8,32953.81,757937.58
MSME021,Manufacturing MSME 21,2025-11-01,Manufacturing,Tamil Nadu,86,724378.77,444656.63,5778386.65,130118.37,60200.22,122107.15,32953.81,724983.77
MSME021,Manufacturing MSME 21,2025-12-01,Manufacturing,Tamil Nadu,86,738649.41,449508.09,6016356.4,130270.7,60857.04,124512.73,32953.81,692029.96
MSME021,Manufacturing MSME 21,2026-01-01,Manufacturing,Tamil Nadu,86,759193.35,473910.53,6241856.34,130423.22,64160.79,127975.78,32953.81,659076.15
MSME021,Manufacturing MSME 21,2026-02-01,Manufacturing,Tamil Nadu,86,787765.65,502528.12,6472897.31,130575.91,68035.2,132792.16,32953.81,626122.35
MSME021,Manufacturing MSME 21,2026-03-01,Manufacturing,Tamil Nadu,86,822357.85,511460.73,6732709.88,130728.78,69244.55,138623.3,32953.81,593168.54
MSME021,Manufacturing MSME 21,2026-04-01,Manufacturing,Tamil Nadu,86,823055.07,519656.36,6988509.49,130881.83,70354.12,138740.83,32953.81,560214.73
MSME021,Manufacturing MSME 21,2026-05-01,Manufacturing,Tamil Nadu,86,804791.48,503890.52,7235251.91,131035.06,68219.65,135662.17,32953.81,527260.92
MSME021,Manufacturing MSME 21,2026-06-01,Manufacturing,Tamil Nadu,86,769619.66,490880.65,7453401.85,131188.47,66458.3,129733.32,32953.81,494307.11
MSME021,Manufacturing MSME 21,2026-07-01,Manufacturing,Tamil Nadu,86,756651.46,493660.44,7671146.24,131342.05,66834.64,127547.3,32953.81,461353.31
MSME021,Manufacturing MSME 21,2026-08-01,Manufacturing,Tamil Nadu,86,735751.36,445630.34,7902360.14,131495.82,60332.05,124024.21,32953.81,428399.5
MSME021,Manufacturing MSME 21,2026-09-01,Manufacturing,Tamil Nadu,86,718953.13,441900.05,8129997.62,131649.77,59827.02,121192.56,32953.81,395445.69
MSME022,Manufacturing MSME 22,2023-10-01,Manufacturing,Rajasthan,10,438498.21,277621.65,265038.55,67271.09,53675.05,127399.51,64446.4,3028980.68
MSME022,Manufacturing MSME 22,2023-11-01,Manufacturing,Rajasthan,10,453966.76,293895.82,346010.82,67351.27,56821.48,131893.68,64446.4,2964534.29
MSME022,Manufacturing MSME 22,2023-12-01,Manufacturing,Rajasthan,10,479455.22,309527.45,440239.78,67431.55,59843.68,139298.99,64446.4,2900087.89
MSME022,Manufacturing MSME 22,2024-01-01,Manufacturing,Rajasthan,10,491962.89,322208.69,537561.91,67511.92,62295.45,142932.92,64446.4,2835641.49
MSME022,Manufacturing MSME 22,2024-02-01,Manufacturing,Rajasthan,10,507980.84,336833.55,633864.33,67592.39,65123.01,147586.71,64446.4,2771195.09
MSME022,Manufacturing MSME 22,2024-03-01,Manufacturing,Rajasthan,10,522965.16,329596.37,752739.35,67672.95,63723.78,151940.19,64446.4,2706748.7
MSME022,Manufacturing MSME 22,2024-04-01,Manufacturing,Rajasthan,10,523144.48,339046.42,862163.69,67753.61,65550.84,151992.3,64446.4,2642302.3
MSME022,Manufacturing MSME 22,2024-05-01,Manufacturing,Rajasthan,10,514221.79,325774.72,968482.61,67834.37,62984.9,149399.93,64446.4,2577855.9
MSME022,Manufacturing MSME 22,2024-06-01,Manufacturing,Rajasthan,10,498909.37,318715.9,1067554.53,67915.22,61620.16,144951.12,64446.4,2513409.5
MSME022,Manufacturing MSME 22,2024-07-01,Manufacturing,Rajasthan,10,489545.63,302554.94,1172758.99,67996.17,58495.62,142230.62,64446.4,2448963.11
MSME022,Manufacturing MSME 22,2024-08-01,Manufacturing,Rajasthan,10,488586.32,318839.12,1272335.61,68077.22,61643.98,141951.91,64446.4,2384516.71
MSME022,Manufacturing MSME 22,2024-09-01,Manufacturing,Rajasthan,10,477182.84,312774.62,1362498.88,68158.36,60471.48,138638.78,64446.4,2320070.31
MSME022,Manufacturing MSME 22,2024-10-01,Manufacturing,Rajasthan,10,477950.07,301591.03,1459843.57,68239.6,58309.26,138861.69,64446.4,2255623.91
MSME022,Manufacturing MSME 22,2024-11-01,Manufacturing,Rajasthan,10,487644.89,316968.69,1560472.94,68320.94,61282.36,141678.39,64446.4,2191177.52
MSME022,Manufacturing MSME 22,2024-12-01,Manufacturing,Rajasthan,10,511769.02,328873.25,1668503.26,68402.37,63583.97,148687.32,64446.4,2126731.12
MSME022,Manufacturing MSME 22,2025-01-01,Manufacturing,Rajasthan,10,540730.95,361258.64,1777583.75,68483.9,69845.32,157101.8,64446.4,2062284.72
MSME022,Manufacturing MSME 22,2025-02-01,Manufacturing,Rajasthan,10,589688.78,383028.25,1910653.11,68565.53,74054.24,171325.81,64446.4,1997838.32
MSME022,Manufacturing MSME 22,2025-03-01,Manufacturing,Rajasthan,10,597010.74,380907.62,2046325.54,68647.25,73644.24,173453.1,64446.4,1933391.93
MSME022,Manufacturing MSME 22,2025-04-01,Manufacturing,Rajasthan,10,600047.86,387037.01,2182405.48,68729.07,74829.29,174335.49,64446.4,1868945.53
MSME022,Manufacturing MSME 22,2025-05-01,Manufacturing,Rajasthan,10,591148.28,375563.36,2316436.39,68810.99,72610.98,171749.84,64446.4,1804499.13
MSME022,Manufacturing MSME 22,2025-06-01,Manufacturing,Rajasthan,10,561314.72,359013.36,2438501.0,68893.01,69411.23,163082.12,64446.4,1740052.73
MSME022,Manufacturing MSME 22,2025-07-01,Manufacturing,Rajasthan,10,550367.57,355954.86,2552130.87,68975.12,68819.9,159901.58,64446.4,1675606.34
MSME022,Manufacturing MSME 22,2025-08-01,Manufacturing,Rajasthan,10,530022.93,339329.36,2662369.54,69057.34,65605.54,153990.73,64446.4,1611159.94
MSME022,Manufacturing MSME 22,2025-09-01,Manufacturing,Rajasthan,10,508730.8,324866.21,2766345.26,69139.65,62809.25,147804.6,64446.4,1546713.54
MSME022,Manufacturing MSME 22,2025-10-01,Manufacturing,Rajasthan,10,510764.44,331592.08,2864739.23,69222.06,64109.63,148395.45,64446.4,1482267.14
MSME022,Manufacturing MSME 22,2025-11-01,Manufacturing,Rajasthan,10,522270.35,340792.33,2971312.05,69304.56,65888.39,151738.33,64446.4,1417820.75
MSME022,Manufacturing MSME 22,2025-12-01,Manufacturing,Rajasthan,10,532622.11,341178.09,3085362.69,69387.17,65962.98,154745.89,64446.4,1353374.35
MSME022,Manufacturing MSME 22,2026-01-01,Manufacturing,Rajasthan,10,562673.17,355804.67,3214999.17,69469.87,68790.86,163476.8,64446.4,1288927.95
MSME022,Manufacturing MSME 22,2026-02-01,Manufacturing,Rajasthan,10,593857.46,376317.34,3346219.83,69552.67,72756.76,172536.96,64446.4,1224481.55
MSME022,Manufacturing MSME 22,2026-03-01,Manufacturing,Rajasthan,10,604752.05,385262.48,3487980.83,69635.58,74486.2,175702.23,64446.4,1160035.16
MSME022,Manufacturing MSME 22,2026-04-01,Manufacturing,Rajasthan,10,608901.04,375229.78,3635983.73,69718.58,72546.49,176907.66,64446.4,1095588.76
MSME022,Manufacturing MSME 22,2026-05-01,Manufacturing,Rajasthan,10,605665.02,380339.06,3778558.96,69801.67,73534.31,175967.48,64446.4,1031142.36
MSME022,Manufacturing MSME 22,2026-06-01,Manufacturing,Rajasthan,10,591844.42,381649.64,3904545.12,69884.87,73787.7,171952.1,64446.4,966695.96
MSME022,Manufacturing MSME 22,2026-07-01,Manufacturing,Rajasthan,10,559955.87,356325.07,4024288.95,69968.17,68891.47,162687.33,64446.4,902249.57
MSME022,Manufacturing MSME 22,2026-08-01,Manufacturing,Rajasthan,10,549790.09,351866.15,4139609.08,70051.57,68029.39,159733.8,64446.4,837803.17
MSME022,Manufacturing MSME 22,2026-09-01,Manufacturing,Rajasthan,10,544768.3,352601.37,4251282.57,70135.06,68171.54,158274.79,64446.4,773356.77
MSME023,Manufacturing MSME 23,2023-10-01,Manufacturing,Maharashtra,5,730511.35,470661.47,518808.57,164414.0,76233.73,142587.36,43823.39,2059699.49
MSME023,Manufacturing MSME 23,2023-11-01,Manufacturing,Maharashtra,5,746899.06,492897.18,700259.54,164798.96,79835.28,145786.05,43823.39,2015876.1
MSME023,Manufacturing MSME 23,2023-12-01,Manufacturing,Maharashtra,5,792538.69,504806.46,918899.74,165184.81,81764.24,154694.38,43823.39,1972052.7
MSME023,Manufacturing MSME 23,2024-01-01,Manufacturing,Maharashtra,5,852979.35,563868.96,1133226.59,165571.57,91330.68,166491.7,43823.39,1928229.31
MSME023,Manufacturing MSME 23,2024-02-01,Manufacturing,Maharashtra,5,890642.66,560031.44,1384706.1,165959.24,90709.11,173843.14,43823.39,1884405.92
MSME023,Manufacturing MSME 23,2024-03-01,Manufacturing,Maharashtra,5,912479.64,585690.53,1635904.69,166347.81,94865.15,178105.47,43823.39,1840582.52
MSME023,Manufacturing MSME 23,2024-04-01,Manufacturing,Maharashtra,5,934348.88,613658.11,1882652.44,166737.29,99395.1,182374.09,43823.39,1796759.13
MSME023,Manufacturing MSME 23,2024-05-01,Manufacturing,Maharashtra,5,923051.81,616514.35,2129028.06,167127.69,99857.73,180169.03,43823.39,1752935.74
MSME023,Manufacturing MSME 23,2024-06-01,Manufacturing,Maharashtra,5,904825.17,596919.43,2370045.52,167519.0,96683.91,176611.4,43823.39,1709112.34
MSME023,Manufacturing MSME 23,2024-07-01,Manufacturing,Maharashtra,5,887471.23,564321.92,2605261.4,167911.22,91404.05,173224.11,43823.39,1665288.95
MSME023,Manufacturing MSME 23,2024-08-01,Manufacturing,Maharashtra,5,866501.8,554375.66,2837767.78,168304.37,89793.03,169131.12,43823.39,1621465.56
MSME023,Manufacturing MSME 23,2024-09-01,Manufacturing,Maharashtra,5,858770.06,559684.31,3070821.41,168698.43,90652.89,167621.98,43823.39,1577642.16
MSME023,Manufacturing MSME 23,2024-10-01,Manufacturing,Maharashtra,5,867785.67,569184.71,3302149.23,169093.42,92191.68,169381.72,43823.39,1533818.77
MSME023,Manufacturing MSME 23,2024-11-01,Manufacturing,Maharashtra,5,889449.18,578213.95,3535038.83,169489.33,93654.16,173610.19,43823.39,1489995.38
MSME023,Manufacturing MSME 23,2024-12-01,Manufacturing,Maharashtra,5,928758.53,590840.18,3809124.8,169886.17,95699.25,181282.92,43823.39,1446171.98
MSME023,Manufacturing MSME 23,2025-01-01,Manufacturing,Maharashtra,5,985824.91,663143.28,4065322.17,170283.93,107410.29,192421.61,43823.39,1402348.59
MSME023,Manufacturing MSME 23,2025-02-01,Manufacturing,Maharashtra,5,1015541.24,662542.95,4337846.32,170682.63,107313.05,198221.9,43823.39,1358525.2
MSME023,Manufacturing MSME 23,2025-03-01,Manufacturing,Maharashtra,5,1024054.71,654736.17,4626846.09,171082.26,106048.57,199883.63,43823.39,1314701.8
MSME023,Manufacturing MSME 23,2025-04-01,Manufacturing,Maharashtra,5,1065794.16,715666.36,4911151.79,171482.83,115917.53,208030.69,43823.39,1270878.41
MSME023,Manufacturing MSME 23,2025-05-01,Manufacturing,Maharashtra,5,1069385.52,680763.74,5216769.85,171884.34,110264.3,208731.68,43823.39,1227055.02
MSME023,Manufacturing MSME 23,2025-06-01,Manufacturing,Maharashtra,5,1050981.99,672027.14,5496012.12,172286.78,108849.22,205139.52,43823.39,1183231.62
MSME023,Manufacturing MSME 23,2025-07-01,Manufacturing,Maharashtra,5,1015458.72,679131.13,5751412.72,172690.17,109999.86,198205.79,43823.39,1139408.23
MSME023,Manufacturing MSME 23,2025-08-01,Manufacturing,Maharashtra,5,1002966.69,668812.28,6007957.73,173094.5,108328.5,195767.49,43823.39,1095584.84
MSME023,Manufacturing MSME 23,2025-09-01,Manufacturing,Maharashtra,5,1008483.79,669564.53,6269560.46,173499.78,108450.35,196844.37,43823.39,1051761.44
MSME023,Manufacturing MSME 23,2025-10-01,Manufacturing,Maharashtra,5,1014778.43,650055.45,6548422.49,173906.01,105290.43,198073.01,43823.39,1007938.05
MSME023,Manufacturing MSME 23,2025-11-01,Manufacturing,Maharashtra,5,1048967.14,705353.54,6827872.46,174313.19,114247.14,204746.25,43823.39,964114.65
MSME023,Manufacturing MSME 23,2025-12-01,Manufacturing,Maharashtra,5,1113511.84,726410.15,7130676.33,174721.33,117657.71,217344.63,43823.39,920291.26
MSME023,Manufacturing MSME 23,2026-01-01,Manufacturing,Maharashtra,5,1192368.44,790262.56,7455597.57,175130.41,127999.98,232736.52,43823.39,876467.87
MSME023,Manufacturing MSME 23,2026-02-01,Manufacturing,Maharashtra,5,1276262.49,833351.16,7820259.98,175540.46,134979.1,249111.67,43823.39,832644.47
MSME023,Manufacturing MSME 23,2026-03-01,Manufacturing,Maharashtra,5,1294304.07,855878.59,8172601.73,175951.47,138627.91,252633.18,43823.39,788821.08
MSME023,Manufacturing MSME 23,2026-04-01,Manufacturing,Maharashtra,5,1327873.7,875623.88,8540678.14,176363.43,141826.08,259185.58,43823.39,744997.69
MSME023,Manufacturing MSME 23,2026-05-01,Manufacturing,Maharashtra,5,1312896.9,860325.47,8898738.4,176776.37,139348.17,256262.28,43823.39,701174.29
MSME023,Manufacturing MSME 23,2026-06-01,Manufacturing,Maharashtra,5,1280605.09,834173.03,9248351.7,177190.27,135112.22,249959.29,43823.39,657350.9
MSME023,Manufacturing MSME 23,2026-07-01,Manufacturing,Maharashtra,5,1270348.38,838116.98,9585385.14,177605.14,135751.03,247957.3,43823.39,613527.51
MSME023,Manufacturing MSME 23,2026-08-01,Manufacturing,Maharashtra,5,1236297.82,833105.51,9908518.73,178020.98,134939.32,241311.03,43823.39,569704.11
MSME023,Manufacturing MSME 23,2026-09-01,Manufacturing,Maharashtra,5,1229841.81,812669.61,10237991.42,178437.79,131629.28,240050.89,43823.39,525880.72
MSME024,Manufacturing MSME 24,2023-10-01,Manufacturing,Tamil Nadu,31,892820.06,573192.96,658519.56,194294.02,89455.52,252466.69,75505.13,3548741.07
MSME024,Manufacturing MSME 24,2023-11-01,Manufacturing,Tamil Nadu,31,931953.07,572901.61,913114.2,194550.32,89410.05,263532.5,75505.13,3473235.94
MSME024,Manufacturing MSME 24,2023-12-01,Manufacturing,Tamil Nadu,31,968752.57,620097.03,1160670.41,194806.97,96775.62,273938.46,75505.13,3397730.82
MSME024,Manufacturing MSME 24,2024-01-01,Manufacturing,Tamil Nadu,31,1026264.65,653260.45,1438078.99,195063.95,101951.28,290201.4,75505.13,3322225.69
MSME024,Manufacturing MSME 24,2024-02-01,Manufacturing,Tamil Nadu,31,1092157.48,715691.44,1716244.82,195321.27,111694.59,308834.21,75505.13,3246720.56
MSME024,Manufacturing MSME 24,2024-03-01,Manufacturing,Tamil Nadu,31,1130950.68,729906.28,2024528.63,195578.93,113913.03,319803.94,75505.13,3171215.43
MSME024,Manufacturing MSME 24,2024-04-01,Manufacturing,Tamil Nadu,31,1145998.35,726921.08,2330441.5,195836.93,113447.14,324059.03,75505.13,3095710.3
MSME024,Manufacturing MSME 24,2024-05-01,Manufacturing,Tamil Nadu,31,1137623.37,725137.16,2628735.3,196095.28,113168.74,321690.8,75505.13,3020205.17
MSME024,Manufacturing MSME 24,2024-06-01,Manufacturing,Tamil Nadu,31,1117468.44,737345.9,2912544.4,196353.96,115074.1,315991.5,75505.13,2944700.04
MSME024,Manufacturing MSME 24,2024-07-01,Manufacturing,Tamil Nadu,31,1086170.11,716404.67,3179230.94,196612.98,111805.9,307141.14,75505.13,2869194.91
MSME024,Manufacturing MSME 24,2024-08-01,Manufacturing,Tamil Nadu,31,1044204.7,656405.23,3463021.36,196872.35,102442.07,295274.39,75505.13,2793689.78
MSME024,Manufacturing MSME 24,2024-09-01,Manufacturing,Tamil Nadu,31,1059005.06,678355.39,3767751.8,197132.05,105867.73,299459.55,75505.13,2718184.65
MSME024,Manufacturing MSME 24,2024-10-01,Manufacturing,Tamil Nadu,31,1060533.27,666362.56,4068518.87,197392.1,103996.06,299891.69,75505.13,2642679.52
MSME024,Manufacturing MSME 24,2024-11-01,Manufacturing,Tamil Nadu,31,1105953.43,734568.87,4355841.45,197652.5,114640.7,312735.35,75505.13,2567174.39
MSME024,Manufacturing MSME 24,2024-12-01,Manufacturing,Tamil Nadu,31,1154458.36,744457.85,4674324.85,197913.23,116184.03,326451.31,75505.13,2491669.26
MSME024,Manufacturing MSME 24,2025-01-01,Manufacturing,Tamil Nadu,31,1224234.16,777039.21,5016937.78,198174.31,121268.85,346182.12,75505.13,2416164.14
MSME024,Manufacturing MSME 24,2025-02-01,Manufacturing,Tamil Nadu,31,1265584.95,796837.74,5384442.95,198435.74,124358.71,357875.06,75505.13,2340659.01
MSME024,Manufacturing MSME 24,2025-03-01,Manufacturing,Tamil Nadu,31,1265163.22,816691.39,5724507.47,198697.51,127457.17,357755.81,75505.13,2265153.88
MSME024,Manufacturing MSME 24,2025-04-01,Manufacturing,Tamil Nadu,31,1281710.82,810034.79,6083274.85,198959.62,126418.31,362435.05,75505.13,2189648.75
MSME024,Manufacturing MSME 24,2025-05-01,Manufacturing,Tamil Nadu,31,1249300.08,809304.52,6431133.4,199222.08,126304.34,353270.12,75505.13,2114143.62
MSME024,Manufacturing MSME 24,2025-06-01,Manufacturing,Tamil Nadu,31,1216335.79,759076.87,6777384.03,199484.89,118465.55,343948.66,75505.13,2038638.49
MSME024,Manufacturing MSME 24,2025-07-01,Manufacturing,Tamil Nadu,31,1189587.46,772599.77,7092700.54,199748.04,120576.0,336384.92,75505.13,1963133.36
MSME024,Manufacturing MSME 24,2025-08-01,Manufacturing,Tamil Nadu,31,1154447.7,715402.57,7429332.05,200011.55,111649.51,326448.29,75505.13,1887628.23
MSME024,Manufacturing MSME 24,2025-09-01,Manufacturing,Tamil Nadu,31,1144274.85,708338.99,7774414.52,200275.39,110547.13,323571.67,75505.13,1812123.1
MSME024,Manufacturing MSME 24,2025-10-01,Manufacturing,Tamil Nadu,31,1151714.46,722600.08,8087771.89,200539.59,112772.79,325675.4,75505.13,1736617.97
MSME024,Manufacturing MSME 24,2025-11-01,Manufacturing,Tamil Nadu,31,1209054.71,762266.45,8431960.16,200804.14,118963.33,341889.76,75505.13,1661112.84
MSME024,Manufacturing MSME 24,2025-12-01,Manufacturing,Tamil Nadu,31,1287589.26,821819.02,8806619.04,201069.03,128257.42,364097.32,75505.13,1585607.71
MSME024,Manufacturing MSME 24,2026-01-01,Manufacturing,Tamil Nadu,31,1362132.92,870888.76,9211792.86,201334.27,135915.5,385176.36,75505.13,1510102.58
MSME024,Manufacturing MSME 24,2026-02-01,Manufacturing,Tamil Nadu,31,1401218.28,890100.29,9617245.25,201599.87,138913.75,396228.7,75505.13,1434597.46
MSME024,Manufacturing MSME 24,2026-03-01,Manufacturing,Tamil Nadu,31,1431264.0,914518.17,10017838.18,201865.81,142724.54,404724.87,75505.13,1359092.33
MSME024,Manufacturing MSME 24,2026-04-01,Manufacturing,Tamil Nadu,31,1442713.63,897331.33,10453213.22,202132.1,140042.27,407962.53,75505.13,1283587.2
MSME024,Manufacturing MSME 24,2026-05-01,Manufacturing,Tamil Nadu,31,1435314.15,920756.65,10852178.43,202398.75,143698.15,405870.14,75505.13,1208082.07
MSME024,Manufacturing MSME 24,2026-06-01,Manufacturing,Tamil Nadu,31,1368191.92,901452.0,11217053.58,202665.75,140685.36,386889.69,75505.13,1132576.94
MSME024,Manufacturing MSME 24,2026-07-01,Manufacturing,Tamil Nadu,31,1310249.29,833498.74,11583072.8,202933.1,130080.22,370505.0,75505.13,1057071.81
MSME024,Manufacturing MSME 24,2026-08-01,Manufacturing,Tamil Nadu,31,1277393.15,804504.73,11943491.84,203200.8,125555.26,361214.12,75505.13,981566.68
MSME024,Manufacturing MSME 24,2026-09-01,Manufacturing,Tamil Nadu,31,1238908.22,793286.84,12292697.28,203468.86,123804.54,350331.57,75505.13,906061.55
MSME025,Manufacturing MSME 25,2023-10-01,Manufacturing,Andhra Pradesh,12,1226143.78,840321.01,961509.62,195557.86,154292.67,355516.72,36458.19,1713535.14
MSME025,Manufacturing MSME 25,2023-11-01,Manufacturing,Andhra Pradesh,12,1255252.83,868742.65,1252868.8,196316.76,159511.21,363956.8,36458.19,1677076.95
MSME025,Manufacturing MSME 25,2023-12-01,Manufacturing,Andhra Pradesh,12,1302599.88,911655.87,1552111.25,197078.6,167390.57,377684.93,36458.19,1640618.75
MSME025,Manufacturing MSME 25,2024-01-01,Manufacturing,Andhra Pradesh,12,1366026.47,935519.37,1892781.07,197843.4,171772.19,396075.28,36458.19,1604160.56
MSME025,Manufacturing MSME 25,2024-02-01,Manufacturing,Andhra Pradesh,12,1432883.71,1002577.61,2228617.66,198611.17,184084.86,415460.34,36458.19,1567702.36
MSME025,Manufacturing MSME 25,2024-03-01,Manufacturing,Andhra Pradesh,12,1487257.27,1049185.59,2567674.65,199381.91,192642.62,431225.79,36458.19,1531244.17
MSME025,Manufacturing MSME 25,2024-04-01,Manufacturing,Andhra Pradesh,12,1528831.7,1065550.12,2929156.61,200155.65,195647.34,443280.17,36458.19,1494785.98
MSME025,Manufacturing MSME 25,2024-05-01,Manufacturing,Andhra Pradesh,12,1514517.08,1038049.45,3317218.48,200932.39,190597.9,439129.69,36458.19,1458327.78
MSME025,Manufacturing MSME 25,2024-06-01,Manufacturing,Andhra Pradesh,12,1464285.14,1017796.18,3649478.58,201712.14,186879.16,424565.09,36458.19,1421869.59
MSME025,Manufacturing MSME 25,2024-07-01,Manufacturing,Andhra Pradesh,12,1448328.8,993775.16,3980546.61,202494.92,182468.63,419938.6,36458.19,1385411.39
MSME025,Manufacturing MSME 25,2024-08-01,Manufacturing,Andhra Pradesh,12,1392263.55,938006.74,4347099.25,203280.74,172228.9,403682.65,36458.19,1348953.2
MSME025,Manufacturing MSME 25,2024-09-01,Manufacturing,Andhra Pradesh,12,1366667.78,921445.09,4679545.97,204069.61,169187.99,396261.23,36458.19,1312495.0
MSME025,Manufacturing MSME 25,2024-10-01,Manufacturing,Andhra Pradesh,12,1403074.54,969306.06,5011504.48,204861.53,177975.82,406817.26,36458.19,1276036.81
MSME025,Manufacturing MSME 25,2024-11-01,Manufacturing,Andhra Pradesh,12,1457634.26,1007953.52,5357280.59,205656.54,185071.94,422636.69,36458.19,1239578.61
MSME025,Manufacturing MSME 25,2024-12-01,Manufacturing,Andhra Pradesh,12,1490137.79,1041595.94,5703994.52,206454.62,191249.07,432060.99,36458.19,1203120.42
MSME025,Manufacturing MSME 25,2025-01-01,Manufacturing,Andhra Pradesh,12,1578474.99,1101562.82,6081485.49,207255.81,202259.69,457674.09,36458.19,1166662.22
MSME025,Manufacturing MSME 25,2025-02-01,Manufacturing,Andhra Pradesh,12,1673485.83,1180351.47,6480350.67,208060.1,216726.2,485222.2,36458.19,1130204.03
MSME025,Manufacturing MSME 25,2025-03-01,Manufacturing,Andhra Pradesh,12,1738372.43,1197660.55,6909641.83,208867.51,219904.34,504035.88,36458.19,1093745.84
MSME025,Manufacturing MSME 25,2025-04-01,Manufacturing,Andhra Pradesh,12,1765039.43,1248437.66,7304420.5,209678.06,229227.61,511767.89,36458.19,1057287.64
MSME025,Manufacturing MSME 25,2025-05-01,Manufacturing,Andhra Pradesh,12,1754036.92,1216204.74,7721074.08,210491.75,223309.27,508577.75,36458.19,1020829.45
MSME025,Manufacturing MSME 25,2025-06-01,Manufacturing,Andhra Pradesh,12,1658330.37,1132449.89,8139836.37,211308.61,207930.91,480827.92,36458.19,984371.25
MSME025,Manufacturing MSME 25,2025-07-01,Manufacturing,Andhra Pradesh,12,1574348.31,1086734.79,8532527.1,212128.63,199537.09,456477.57,36458.19,947913.06
MSME025,Manufacturing MSME 25,2025-08-01,Manufacturing,Andhra Pradesh,12,1519440.19,1046143.77,8883564.49,212951.83,192084.11,440557.13,36458.19,911454.86
MSME025,Manufacturing MSME 25,2025-09-01,Manufacturing,Andhra Pradesh,12,1515827.35,1025461.66,9259129.65,213778.23,188286.63,439509.6,36458.19,874996.67
MSME025,Manufacturing MSME 25,2025-10-01,Manufacturing,Andhra Pradesh,12,1488928.87,1014799.5,9616219.27,214607.83,186328.94,431710.46,36458.19,838538.47
MSME025,Manufacturing MSME 25,2025-11-01,Manufacturing,Andhra Pradesh,12,1522295.06,1043143.04,9992380.12,215440.66,191533.14,441384.89,36458.19,802080.28
MSME025,Manufacturing MSME 25,2025-12-01,Manufacturing,Andhra Pradesh,12,1609510.4,1066665.83,10423852.7,216276.71,195852.2,466672.72,36458.19,765622.09
MSME025,Manufacturing MSME 25,2026-01-01,Manufacturing,Andhra Pradesh,12,1683374.95,1176795.53,10835243.11,217116.01,216073.29,488089.52,36458.19,729163.89
MSME025,Manufacturing MSME 25,2026-02-01,Manufacturing,Andhra Pradesh,12,1740375.65,1203091.48,11255816.88,217958.57,220901.52,504616.71,36458.19,692705.7
MSME025,Manufacturing MSME 25,2026-03-01,Manufacturing,Andhra Pradesh,12,1768381.99,1226328.66,11697473.08,218804.4,225168.14,512737.06,36458.19,656247.5
MSME025,Manufacturing MSME 25,2026-04-01,Manufacturing,Andhra Pradesh,12,1773058.02,1251307.93,12101925.48,219653.5,229754.62,514092.86,36458.19,619789.31
MSME025,Manufacturing MSME 25,2026-05-01,Manufacturing,Andhra Pradesh,12,1744526.54,1204211.81,12524313.53,220505.91,221107.23,505820.24,36458.19,583331.11
MSME025,Manufacturing MSME 25,2026-06-01,Manufacturing,Andhra Pradesh,12,1701969.38,1186361.39,12915745.68,221361.62,217829.69,493480.92,36458.19,546872.92
MSME025,Manufacturing MSME 25,2026-07-01,Manufacturing,Andhra Pradesh,12,1698103.43,1175248.47,13338299.74,222220.66,215789.23,492360.0,36458.19,510414.72
MSME025,Manufacturing MSME 25,2026-08-01,Manufacturing,Andhra Pradesh,12,1657927.84,1162483.49,13720513.57,223083.02,213445.43,480711.21,36458.19,473956.53
MSME025,Manufacturing MSME 25,2026-09-01,Manufacturing,Andhra Pradesh,12,1632251.46,1106072.02,14123814.13,223948.74,203087.63,473266.42,36458.19,437498.33
MSME026,Manufacturing MSME 26,2023-10-01,Manufacturing,Andhra Pradesh,52,694379.93,425519.46,452818.41,148267.51,63729.93,113866.32,23057.78,1083715.58
MSME026,Manufacturing MSME 26,2023-11-01,Manufacturing,Andhra Pradesh,52,707553.14,452840.05,650907.38,148686.36,67821.72,116026.5,23057.78,1060657.8
MSME026,Manufacturing MSME 26,2023-12-01,Manufacturing,Andhra Pradesh,52,722808.43,473427.68,836044.41,149106.38,70905.13,118528.1,23057.78,1037600.02
MSME026,Manufacturing MSME 26,2024-01-01,Manufacturing,Andhra Pradesh,52,760271.22,498161.34,1043263.67,149527.59,74609.48,124671.35,23057.78,1014542.24
MSME026,Manufacturing MSME 26,2024-02-01,Manufacturing,Andhra Pradesh,52,790837.37,492655.33,1268901.62,149949.99,73784.85,129683.67,23057.78,991484.46
MSME026,Manufacturing MSME 26,2024-03-01,Manufacturing,Andhra Pradesh,52,795307.16,509069.59,1494383.04,150373.59,76243.21,130416.64,23057.78,968426.68
MSME026,Manufacturing MSME 26,2024-04-01,Manufacturing,Andhra Pradesh,52,783844.08,500741.08,1719307.8,150798.38,74995.85,128536.89,23057.78,945368.91
MSME026,Manufacturing MSME 26,2024-05-01,Manufacturing,Andhra Pradesh,52,775825.62,504364.4,1931451.4,151224.37,75538.51,127222.0,23057.78,922311.13
MSME026,Manufacturing MSME 26,2024-06-01,Manufacturing,Andhra Pradesh,52,741758.54,467536.01,2136192.05,151651.56,70022.73,121635.59,23057.78,899253.35
MSME026,Manufacturing MSME 26,2024-07-01,Manufacturing,Andhra Pradesh,52,702746.6,434514.27,2332439.73,152079.96,65077.08,115238.31,23057.78,876195.57
MSME026,Manufacturing MSME 26,2024-08-01,Manufacturing,Andhra Pradesh,52,688257.46,424027.73,2539590.33,152509.57,63506.51,112862.34,23057.78,853137.79
MSME026,Manufacturing MSME 26,2024-09-01,Manufacturing,Andhra Pradesh,52,671501.96,429172.59,2729815.44,152940.4,64277.06,110114.73,23057.78,830080.02
MSME026,Manufacturing MSME 26,2024-10-01,Manufacturing,Andhra Pradesh,52,659602.43,417197.28,2927624.97,153372.44,62483.52,108163.41,23057.78,807022.24
MSME026,Manufacturing MSME 26,2024-11-01,Manufacturing,Andhra Pradesh,52,660139.76,411066.87,3105933.6,153805.7,61565.37,108251.52,23057.78,783964.46
MSME026,Manufacturing MSME 26,2024-12-01,Manufacturing,Andhra Pradesh,52,700358.02,465275.98,3282141.05,154240.19,69684.25,114846.62,23057.78,760906.68
MSME026,Manufacturing MSME 26,2025-01-01,Manufacturing,Andhra Pradesh,52,707657.48,447481.19,3477058.32,154675.9,67019.13,116043.61,23057.78,737848.9
MSME026,Manufacturing MSME 26,2025-02-01,Manufacturing,Andhra Pradesh,52,738347.0,472551.6,3678971.89,155112.85,70773.92,121076.16,23057.78,714791.12
MSME026,Manufacturing MSME 26,2025-03-01,Manufacturing,Andhra Pradesh,52,744520.63,478920.94,3889617.39,155551.02,71727.85,122088.53,23057.78,691733.35
MSME026,Manufacturing MSME 26,2025-04-01,Manufacturing,Andhra Pradesh,52,757151.48,468078.36,4109521.03,155990.44,70103.96,124159.77,23057.78,668675.57
MSME026,Manufacturing MSME 26,2025-05-01,Manufacturing,Andhra Pradesh,52,734046.67,472971.11,4313444.23,156431.1,70836.75,120370.98,23057.78,645617.79
MSME026,Manufacturing MSME 26,2025-06-01,Manufacturing,Andhra Pradesh,52,716456.76,456937.93,4512004.74,156873.0,68435.46,117486.54,23057.78,622560.01
MSME026,Manufacturing MSME 26,2025-07-01,Manufacturing,Andhra Pradesh,52,692018.45,451913.13,4689769.72,157316.15,67682.9,113479.08,23057.78,599502.23
MSME026,Manufacturing MSME 26,2025-08-01,Manufacturing,Andhra Pradesh,52,663067.01,426820.95,4861552.67,157760.55,63924.85,108731.54,23057.78,576444.46
MSME026,Manufacturing MSME 26,2025-09-01,Manufacturing,Andhra Pradesh,52,665877.1,407270.83,5054160.41,158206.21,60996.84,109192.35,23057.78,553386.68
MSME026,Manufacturing MSME 26,2025-10-01,Manufacturing,Andhra Pradesh,52,662021.03,439500.63,5223559.13,158653.13,65823.88,108560.02,23057.78,530328.9
MSME026,Manufacturing MSME 26,2025-11-01,Manufacturing,Andhra Pradesh,52,678977.67,415016.3,5424465.56,159101.31,62156.87,111340.61,23057.78,507271.12
MSME026,Manufacturing MSME 26,2025-12-01,Manufacturing,Andhra Pradesh,52,699463.19,437391.33,5632629.45,159550.75,65507.97,114699.88,23057.78,484213.34
MSME026,Manufacturing MSME 26,2026-01-01,Manufacturing,Andhra Pradesh,52,736803.02,464045.47,5841773.58,160001.47,69499.96,120822.97,23057.78,461155.56
MSME026,Manufacturing MSME 26,2026-02-01,Manufacturing,Andhra Pradesh,52,754849.99,470073.63,6059004.41,160453.46,70402.79,123782.36,23057.78,438097.79
MSME026,Manufacturing MSME 26,2026-03-01,Manufacturing,Andhra Pradesh,52,755824.91,482143.46,6281663.08,160906.72,72210.49,123942.23,23057.78,415040.01
MSME026,Manufacturing MSME 26,2026-04-01,Manufacturing,Andhra Pradesh,52,752112.95,480467.82,6489209.49,161361.27,71959.53,123333.54,23057.78,391982.23
MSME026,Manufacturing MSME 26,2026-05-01,Manufacturing,Andhra Pradesh,52,749069.43,482830.35,6695088.18,161817.1,72313.36,122834.45,23057.78,368924.45
MSME026,Manufacturing MSME 26,2026-06-01,Manufacturing,Andhra Pradesh,52,722940.84,447397.56,6901228.19,162274.22,67006.6,118549.81,23057.78,345866.67
MSME026,Manufacturing MSME 26,2026-07-01,Manufacturing,Andhra Pradesh,52,685871.47,439334.9,7080220.64,162732.63,65799.06,112471.08,23057.78,322808.89
MSME026,Manufacturing MSME 26,2026-08-01,Manufacturing,Andhra Pradesh,52,668313.24,416266.57,7264555.8,163192.33,62344.13,109591.83,23057.78,299751.12
MSME026,Manufacturing MSME 26,2026-09-01,Manufacturing,Andhra Pradesh,52,664209.49,416542.61,7453601.05,163653.33,62385.47,108918.89,23057.78,276693.34
MSME027,Manufacturing MSME 27,2023-10-01,Manufacturing,Andhra Pradesh,84,621393.45,402627.18,320526.71,110322.42,64061.11,151166.03,76757.64,3607608.99
MSME027,Manufacturing MSME 27,2023-11-01,Manufacturing,Andhra Pradesh,84,656178.49,423664.71,465512.47,110650.77,67408.34,159628.17,76757.64,3530851.35
MSME027,Manufacturing MSME 27,2023-12-01,Manufacturing,Andhra Pradesh,84,695165.26,444732.98,620488.33,110980.1,70760.47,169112.45,76757.64,3454093.71
MSME027,Manufacturing MSME 27,2024-01-01,Manufacturing,Andhra Pradesh,84,733714.04,460276.43,788059.8,111310.41,73233.55,178490.19,76757.64,3377336.07
MSME027,Manufacturing MSME 27,2024-02-01,Manufacturing,Andhra Pradesh,84,755304.68,480281.12,961593.47,111641.7,76416.45,183742.54,76757.64,3300578.44
MSME027,Manufacturing MSME 27,2024-03-01,Manufacturing,Andhra Pradesh,84,779946.2,490517.19,1154336.43,111973.98,78045.09,189737.07,76757.64,3223820.8
MSME027,Manufacturing MSME 27,2024-04-01,Manufacturing,Andhra Pradesh,84,794262.46,504283.85,1351311.86,112307.24,80235.47,193219.78,76757.64,3147063.16
MSME027,Manufacturing MSME 27,2024-05-01,Manufacturing,Andhra Pradesh,84,785512.74,499024.44,1534593.79,112641.5,79398.66,191091.24,76757.64,3070305.52
MSME027,Manufacturing MSME 27,2024-06-01,Manufacturing,Andhra Pradesh,84,763733.98,491254.28,1697623.88,112976.75,78162.37,185793.13,76757.64,2993547.88
MSME027,Manufacturing MSME 27,2024-07-01,Manufacturing,Andhra Pradesh,84,738457.04,473808.8,1857944.99,113313.0,75386.66,179644.02,76757.64,2916790.25
MSME027,Manufacturing MSME 27,2024-08-01,Manufacturing,Andhra Pradesh,84,720251.83,471243.61,2010686.14,113650.25,74978.52,175215.25,76757.64,2840032.61
MSME027,Manufacturing MSME 27,2024-09-01,Manufacturing,Andhra Pradesh,84,706769.44,459731.16,2161640.22,113988.51,73146.8,171935.4,76757.64,2763274.97
MSME027,Manufacturing MSME 27,2024-10-01,Manufacturing,Andhra Pradesh,84,720998.87,469130.92,2319454.83,114327.77,74642.37,175396.98,76757.64,2686517.33
MSME027,Manufacturing MSME 27,2024-11-01,Manufacturing,Andhra Pradesh,84,754086.57,479431.89,2496518.6,114668.04,76281.33,183446.21,76757.64,2609759.69
MSME027,Manufacturing MSME 27,2024-12-01,Manufacturing,Andhra Pradesh,84,792427.24,502172.18,2687031.19,115009.32,79899.49,192773.32,76757.64,2533002.06
MSME027,Manufacturing MSME 27,2025-01-01,Manufacturing,Andhra Pradesh,84,804511.78,515666.37,2874564.88,115351.62,82046.52,195713.12,76757.64,2456244.42
MSME027,Manufacturing MSME 27,2025-02-01,Manufacturing,Andhra Pradesh,84,857909.9,539637.02,3076567.53,115694.94,85860.44,208703.25,76757.64,2379486.78
MSME027,Manufacturing MSME 27,2025-03-01,Manufacturing,Andhra Pradesh,84,877008.48,560281.68,3295611.7,116039.28,89145.16,213349.35,76757.64,2302729.14
MSME027,Manufacturing MSME 27,2025-04-01,Manufacturing,Andhra Pradesh,84,896601.22,577893.1,3513541.21,116384.65,91947.28,218115.67,76757.64,2225971.5
MSME027,Manufacturing MSME 27,2025-05-01,Manufacturing,Andhra Pradesh,84,886695.65,561973.49,3727489.19,116731.04,89414.34,215705.94,76757.64,2149213.87
MSME027,Manufacturing MSME 27,2025-06-01,Manufacturing,Andhra Pradesh,84,873741.88,586212.37,3914081.11,117078.46,93270.94,212554.69,76757.64,2072456.23
MSME027,Manufacturing MSME 27,2025-07-01,Manufacturing,Andhra Pradesh,84,831793.9,540854.57,4096529.51,117426.92,86054.16,202350.03,76757.64,1995698.59
MSME027,Manufacturing MSME 27,2025-08-01,Manufacturing,Andhra Pradesh,84,820401.82,532308.34,4283013.32,117776.42,84694.39,199578.68,76757.64,1918940.95
MSME027,Manufacturing MSME 27,2025-09-01,Manufacturing,Andhra Pradesh,84,813637.88,516062.62,4475061.3,118126.95,82109.57,197933.22,76757.64,1842183.31
MSME027,Manufacturing MSME 27,2025-10-01,Manufacturing,Andhra Pradesh,84,830779.15,510580.12,4694870.24,118478.53,81237.26,202103.17,76757.64,1765425.67
MSME027,Manufacturing MSME 27,2025-11-01,Manufacturing,Andhra Pradesh,84,855765.86,556511.78,4896237.32,118831.15,88545.34,208181.67,76757.64,1688668.04
MSME027,Manufacturing MSME 27,2025-12-01,Manufacturing,Andhra Pradesh,84,901027.32,571160.9,5127609.53,119184.83,90876.13,219192.4,76757.64,1611910.4
MSME027,Manufacturing MSME 27,2026-01-01,Manufacturing,Andhra Pradesh,84,959605.87,609471.31,5373209.09,119539.56,96971.62,233442.77,76757.64,1535152.76
MSME027,Manufacturing MSME 27,2026-02-01,Manufacturing,Andhra Pradesh,84,1013122.28,639891.47,5642315.97,119895.34,101811.7,246461.68,76757.64,1458395.12
MSME027,Manufacturing MSME 27,2026-03-01,Manufacturing,Andhra Pradesh,84,1041762.87,683108.89,5898627.22,120252.18,108687.93,253429.06,76757.64,1381637.48
MSME027,Manufacturing MSME 27,2026-04-01,Manufacturing,Andhra Pradesh,84,1036317.01,679626.38,6149012.44,120610.08,108133.83,252104.25,76757.64,1304879.85
MSME027,Manufacturing MSME 27,2026-05-01,Manufacturing,Andhra Pradesh,84,1024082.45,646165.11,6420176.71,120969.05,102809.88,249127.95,76757.64,1228122.21
MSME027,Manufacturing MSME 27,2026-06-01,Manufacturing,Andhra Pradesh,84,1000921.3,632075.2,6677670.76,121329.09,100568.07,243493.55,76757.64,1151364.57
MSME027,Manufacturing MSME 27,2026-07-01,Manufacturing,Andhra Pradesh,84,1019730.79,659791.01,6937004.49,121690.2,104977.87,248069.33,76757.64,1074606.93
MSME027,Manufacturing MSME 27,2026-08-01,Manufacturing,Andhra Pradesh,84,966505.46,623139.95,7164999.9,122052.38,99146.4,235121.23,76757.64,997849.29
MSME027,Manufacturing MSME 27,2026-09-01,Manufacturing,Andhra Pradesh,84,931482.21,595079.45,7393467.59,122415.64,94681.76,226601.14,76757.64,921091.66
MSME028,Manufacturing MSME 28,2023-10-01,Manufacturing,Maharashtra,37,566740.73,396800.57,302143.01,114700.39,73256.59,91017.21,19333.75,908686.07
MSME028,Manufacturing MSME 28,2023-11-01,Manufacturing,Maharashtra,37,581185.12,408305.1,444507.63,114911.1,75380.53,93336.94,19333.75,889352.33
MSME028,Manufacturing MSME 28,2023-12-01,Manufacturing,Maharashtra,37,606065.89,416694.94,596610.28,115122.2,76929.45,97332.73,19333.75,870018.58
MSME028,Manufacturing MSME 28,2024-01-01,Manufacturing,Maharashtra,37,638464.74,447266.56,753105.39,115333.68,82573.53,102535.91,19333.75,850684.83
MSME028,Manufacturing MSME 28,2024-02-01,Manufacturing,Maharashtra,37,677002.96,472172.72,938532.33,115545.55,87171.66,108725.06,19333.75,831351.09
MSME028,Manufacturing MSME 28,2024-03-01,Manufacturing,Maharashtra,37,694932.72,487222.2,1113780.77,115757.81,89950.06,111604.53,19333.75,812017.34
MSME028,Manufacturing MSME 28,2024-04-01,Manufacturing,Maharashtra,37,692067.8,499641.87,1276953.5,115970.46,92242.96,111144.43,19333.75,792683.59
MSME028,Manufacturing MSME 28,2024-05-01,Manufacturing,Maharashtra,37,688695.1,471380.93,1449124.13,116183.5,87025.48,110602.79,19333.75,773349.85
MSME028,Manufacturing MSME 28,2024-06-01,Manufacturing,Maharashtra,37,672178.02,454945.08,1628533.94,116396.94,83991.12,107950.18,19333.75,754016.1
MSME028,Manufacturing MSME 28,2024-07-01,Manufacturing,Maharashtra,37,641841.51,431718.63,1807469.83,116610.76,79703.1,103078.21,19333.75,734682.36
MSME028,Manufacturing MSME 28,2024-08-01,Manufacturing,Maharashtra,37,636729.96,441513.12,1975825.95,116824.98,81511.34,102257.31,19333.75,715348.61
MSME028,Manufacturing MSME 28,2024-09-01,Manufacturing,Maharashtra,37,638735.96,442243.25,2138318.47,117039.59,81646.13,102579.47,19333.75,696014.86
MSME028,Manufacturing MSME 28,2024-10-01,Manufacturing,Maharashtra,37,648380.33,450558.24,2301178.77,117254.59,83181.23,104128.33,19333.75,676681.12
MSME028,Manufacturing MSME 28,2024-11-01,Manufacturing,Maharashtra,37,679527.39,483150.26,2474628.84,117469.99,89198.31,109130.47,19333.75,657347.37
MSME028,Manufacturing MSME 28,2024-12-01,Manufacturing,Maharashtra,37,703765.99,503875.81,2657680.46,117685.79,93024.62,113023.13,19333.75,638013.63
MSME028,Manufacturing MSME 28,2025-01-01,Manufacturing,Maharashtra,37,723795.12,498132.34,2847502.0,117901.98,91964.27,116239.76,19333.75,618679.88
MSME028,Manufacturing MSME 28,2025-02-01,Manufacturing,Maharashtra,37,775859.64,534159.58,3061158.97,118118.57,98615.55,124601.2,19333.75,599346.13
MSME028,Manufacturing MSME 28,2025-03-01,Manufacturing,Maharashtra,37,805115.71,551474.5,3285666.02,118335.56,101812.2,129299.66,19333.75,580012.39
MSME028,Manufacturing MSME 28,2025-04-01,Manufacturing,Maharashtra,37,817824.28,571615.96,3500261.53,118552.95,105530.68,131340.62,19333.75,560678.64
MSME028,Manufacturing MSME 28,2025-05-01,Manufacturing,Maharashtra,37,814614.1,567679.0,3706066.03,118770.73,104803.85,130825.08,19333.75,541344.89
MSME028,Manufacturing MSME 28,2025-06-01,Manufacturing,Maharashtra,37,781726.32,534631.93,3908347.13,118988.92,98702.76,125543.38,19333.75,522011.15
MSME028,Manufacturing MSME 28,2025-07-01,Manufacturing,Maharashtra,37,755250.19,527979.64,4093309.91,119207.5,97474.63,121291.37,19333.75,502677.4
MSME028,Manufacturing MSME 28,2025-08-01,Manufacturing,Maharashtra,37,750067.72,520008.79,4290101.48,119426.49,96003.06,120459.08,19333.75,483343.66
MSME028,Manufacturing MSME 28,2025-09-01,Manufacturing,Maharashtra,37,719808.85,494514.86,4467815.62,119645.88,91296.42,115599.58,19333.75,464009.91
MSME028,Manufacturing MSME 28,2025-10-01,Manufacturing,Maharashtra,37,736763.68,526512.42,4649221.72,119865.67,97203.75,118322.48,19333.75,444676.16
MSME028,Manufacturing MSME 28,2025-11-01,Manufacturing,Maharashtra,37,769217.28,531447.23,4847956.39,120085.87,98114.81,123534.45,19333.75,425342.42
MSME028,Manufacturing MSME 28,2025-12-01,Manufacturing,Maharashtra,37,795566.87,546477.23,5068506.6,120306.47,100889.62,127766.14,19333.75,406008.67
MSME028,Manufacturing MSME 28,2026-01-01,Manufacturing,Maharashtra,37,830723.35,565921.98,5299508.74,120527.48,104479.47,133412.18,19333.75,386674.92
MSME028,Manufacturing MSME 28,2026-02-01,Manufacturing,Maharashtra,37,889112.61,623463.27,5537917.64,120748.89,115102.64,142789.36,19333.75,367341.18
MSME028,Manufacturing MSME 28,2026-03-01,Manufacturing,Maharashtra,37,909795.6,629538.13,5787849.66,120970.71,116224.17,146111.0,19333.75,348007.43
MSME028,Manufacturing MSME 28,2026-04-01,Manufacturing,Maharashtra,37,881321.62,622274.14,6006729.21,121192.94,114883.1,141538.14,19333.75,328673.69
MSME028,Manufacturing MSME 28,2026-05-01,Manufacturing,Maharashtra,37,891485.22,613275.34,6245273.82,121415.57,113221.76,143170.39,19333.75,309339.94
MSME028,Manufacturing MSME 28,2026-06-01,Manufacturing,Maharashtra,37,871790.01,602574.91,6470795.85,121638.61,111246.27,140007.39,19333.75,290006.19
MSME028,Manufacturing MSME 28,2026-07-01,Manufacturing,Maharashtra,37,858687.5,598842.07,6692544.57,121862.07,110557.12,137903.16,19333.75,270672.45
MSME028,Manufacturing MSME 28,2026-08-01,Manufacturing,Maharashtra,37,826370.77,592198.64,6889454.78,122085.93,109330.62,132713.17,19333.75,251338.7
MSME028,Manufacturing MSME 28,2026-09-01,Manufacturing,Maharashtra,37,828658.56,569973.46,7103798.21,122310.21,105227.45,133080.58,19333.75,232004.95
MSME029,Manufacturing MSME 29,2023-10-01,Manufacturing,Maharashtra,88,584330.51,391579.67,332878.5,89997.0,68232.34,100854.23,39155.92,1840328.15
MSME029,Manufacturing MSME 29,2023-11-01,Manufacturing,Maharashtra,88,628206.89,410964.81,475048.86,90090.77,71610.18,108427.2,39155.92,1801172.23
MSME029,Manufacturing MSME 29,2023-12-01,Manufacturing,Maharashtra,88,656727.26,427909.45,640509.78,90184.63,74562.76,113349.76,39155.92,1762016.31
MSME029,Manufacturing MSME 29,2024-01-01,Manufacturing,Maharashtra,88,693740.94,464527.72,810910.31,90278.6,80943.46,119738.24,39155.92,1722860.39
MSME029,Manufacturing MSME 29,2024-02-01,Manufacturing,Maharashtra,88,711150.07,484378.58,971695.39,90372.66,84402.45,122743.02,39155.92,1683704.48
MSME029,Manufacturing MSME 29,2024-03-01,Manufacturing,Maharashtra,88,722345.82,480068.44,1139086.78,90466.82,83651.41,124675.38,39155.92,1644548.56
MSME029,Manufacturing MSME 29,2024-04-01,Manufacturing,Maharashtra,88,725887.71,463344.3,1320527.5,90561.08,80737.25,125286.7,39155.92,1605392.64
MSME029,Manufacturing MSME 29,2024-05-01,Manufacturing,Maharashtra,88,712351.21,467340.44,1488900.23,90655.44,81433.57,122950.33,39155.92,1566236.72
MSME029,Manufacturing MSME 29,2024-06-01,Manufacturing,Maharashtra,88,670361.59,447575.56,1634364.47,90749.9,77989.56,115703.01,39155.92,1527080.8
MSME029,Manufacturing MSME 29,2024-07-01,Manufacturing,Maharashtra,88,638033.76,423555.25,1768739.28,90844.45,73804.05,110123.3,39155.92,1487924.89
MSME029,Manufacturing MSME 29,2024-08-01,Manufacturing,Maharashtra,88,614324.62,413381.86,1897325.81,90939.1,72031.35,106031.15,39155.92,1448768.97
MSME029,Manufacturing MSME 29,2024-09-01,Manufacturing,Maharashtra,88,624898.59,416811.66,2035891.65,91033.85,72628.99,107856.19,39155.92,1409613.05
MSME029,Manufacturing MSME 29,2024-10-01,Manufacturing,Maharashtra,88,624714.76,397656.22,2190547.61,91128.7,69291.17,107824.46,39155.92,1370457.13
MSME029,Manufacturing MSME 29,2024-11-01,Manufacturing,Maharashtra,88,641009.31,423790.88,2335387.0,91223.65,73845.11,110636.87,39155.92,1331301.21
MSME029,Manufacturing MSME 29,2024-12-01,Manufacturing,Maharashtra,88,663083.99,430435.47,2500586.23,91318.7,75002.92,114446.91,39155.92,1292145.3
MSME029,Manufacturing MSME 29,2025-01-01,Manufacturing,Maharashtra,88,672788.52,433687.69,2662208.01,91413.85,75569.62,116121.9,39155.92,1252989.38
MSME029,Manufacturing MSME 29,2025-02-01,Manufacturing,Maharashtra,88,688288.36,472244.62,2815912.35,91509.09,82288.12,118797.14,39155.92,1213833.46
MSME029,Manufacturing MSME 29,2025-03-01,Manufacturing,Maharashtra,88,700840.4,470575.52,2970762.51,91604.44,81997.28,120963.59,39155.92,1174677.54
MSME029,Manufacturing MSME 29,2025-04-01,Manufacturing,Maharashtra,88,713326.88,458832.79,3149352.75,91699.88,79951.12,123118.73,39155.92,1135521.62
MSME029,Manufacturing MSME 29,2025-05-01,Manufacturing,Maharashtra,88,718540.05,466959.27,3319932.56,91795.42,81367.15,124018.51,39155.92,1096365.71
MSME029,Manufacturing MSME 29,2025-06-01,Manufacturing,Maharashtra,88,702254.41,465994.35,3477050.47,91891.07,81199.02,121207.65,39155.92,1057209.79
MSME029,Manufacturing MSME 29,2025-07-01,Manufacturing,Maharashtra,88,667188.29,441809.1,3623334.14,91986.81,76984.76,115155.31,39155.92,1018053.87
MSME029,Manufacturing MSME 29,2025-08-01,Manufacturing,Maharashtra,88,664595.02,439821.96,3773538.75,92082.65,76638.51,114707.71,39155.92,978897.95
MSME029,Manufacturing MSME 29,2025-09-01,Manufacturing,Maharashtra,88,659329.16,436549.5,3932112.2,92178.6,76068.28,113798.84,39155.92,939742.03
MSME029,Manufacturing MSME 29,2025-10-01,Manufacturing,Maharashtra,88,663696.62,445827.82,4079956.72,92274.64,77685.02,114552.65,39155.92,900586.11
MSME029,Manufacturing MSME 29,2025-11-01,Manufacturing,Maharashtra,88,674024.79,456725.48,4229355.67,92370.78,79583.93,116335.27,39155.92,861430.2
MSME029,Manufacturing MSME 29,2025-12-01,Manufacturing,Maharashtra,88,717614.38,485576.23,4384813.55,92467.02,84611.14,123858.74,39155.92,822274.28
MSME029,Manufacturing MSME 29,2026-01-01,Manufacturing,Maharashtra,88,744987.68,484786.34,4567252.14,92563.37,84473.5,128583.32,39155.92,783118.36
MSME029,Manufacturing MSME 29,2026-02-01,Manufacturing,Maharashtra,88,761386.27,502905.08,4750393.04,92659.81,87630.67,131413.68,39155.92,743962.44
MSME029,Manufacturing MSME 29,2026-03-01,Manufacturing,Maharashtra,88,764049.01,511242.97,4926116.63,92756.35,89083.54,131873.26,39155.92,704806.52
MSME029,Manufacturing MSME 29,2026-04-01,Manufacturing,Maharashtra,88,792525.59,533331.54,5117112.19,92853.0,92932.45,136788.26,39155.92,665650.61
MSME029,Manufacturing MSME 29,2026-05-01,Manufacturing,Maharashtra,88,767111.45,499564.2,5291708.1,92949.74,87048.53,132401.84,39155.92,626494.69
MSME029,Manufacturing MSME 29,2026-06-01,Manufacturing,Maharashtra,88,746531.83,485644.47,5468542.09,93046.59,84623.03,128849.84,39155.92,587338.77
MSME029,Manufacturing MSME 29,2026-07-01,Manufacturing,Maharashtra,88,727431.45,482293.8,5636308.35,93143.54,84039.18,125553.15,39155.92,548182.85
MSME029,Manufacturing MSME 29,2026-08-01,Manufacturing,Maharashtra,88,700211.29,462009.71,5797240.75,93240.59,80504.7,120855.01,39155.92,509026.93
MSME029,Manufacturing MSME 29,2026-09-01,Manufacturing,Maharashtra,88,698215.11,483449.51,5944094.34,93337.73,84240.56,120510.47,39155.92,469871.02
MSME030,Manufacturing MSME 30,2023-10-01,Manufacturing,Rajasthan,82,572727.42,397291.14,367384.35,129987.95,41205.47,133482.32,67055.93,3151628.56
MSME030,Manufacturing MSME 30,2023-11-01,Manufacturing,Rajasthan,82,595353.31,406011.54,470809.64,130181.4,42109.92,138755.61,67055.93,3084572.63
MSME030,Manufacturing MSME 30,2023-12-01,Manufacturing,Rajasthan,82,614788.91,429863.82,571551.08,130375.14,44583.78,143285.36,67055.93,3017516.71
MSME030,Manufacturing MSME 30,2024-01-01,Manufacturing,Rajasthan,82,642700.04,446856.63,680780.54,130569.18,46346.21,149790.44,67055.93,2950460.78
MSME030,Manufacturing MSME 30,2024-02-01,Manufacturing,Rajasthan,82,662440.57,470619.49,788270.13,130763.49,48810.8,154391.26,67055.93,2883404.85
MSME030,Manufacturing MSME 30,2024-03-01,Manufacturing,Rajasthan,82,676376.59,481054.0,893976.9,130958.1,49893.03,157639.24,67055.93,2816348.93
MSME030,Manufacturing MSME 30,2024-04-01,Manufacturing,Rajasthan,82,670474.11,465301.76,1006104.42,131153.0,48259.27,156263.59,67055.93,2749293.0
MSME030,Manufacturing MSME 30,2024-05-01,Manufacturing,Rajasthan,82,639675.52,443290.42,1104768.72,131348.19,45976.34,149085.54,67055.93,2682237.07
MSME030,Manufacturing MSME 30,2024-06-01,Manufacturing,Rajasthan,82,631166.59,425668.58,1218964.88,131543.67,44148.67,147102.41,67055.93,2615181.14
MSME030,Manufacturing MSME 30,2024-07-01,Manufacturing,Rajasthan,82,624003.14,436241.96,1315755.68,131739.44,45245.3,145432.86,67055.93,2548125.22
MSME030,Manufacturing MSME 30,2024-08-01,Manufacturing,Rajasthan,82,611364.73,419982.53,1426492.92,131935.5,43558.94,142487.3,67055.93,2481069.29
MSME030,Manufacturing MSME 30,2024-09-01,Manufacturing,Rajasthan,82,595896.3,411885.37,1528853.3,132131.85,42719.13,138882.16,67055.93,2414013.36
MSME030,Manufacturing MSME 30,2024-10-01,Manufacturing,Rajasthan,82,597938.12,410568.65,1626823.27,132328.5,42582.57,139358.04,67055.93,2346957.44
MSME030,Manufacturing MSME 30,2024-11-01,Manufacturing,Rajasthan,82,616359.38,424334.45,1739026.26,132525.44,44010.3,143651.38,67055.93,2279901.51
MSME030,Manufacturing MSME 30,2024-12-01,Manufacturing,Rajasthan,82,630065.06,433026.96,1845001.64,132722.67,44911.85,146845.68,67055.93,2212845.58
MSME030,Manufacturing MSME 30,2025-01-01,Manufacturing,Rajasthan,82,673151.76,471886.53,1971743.12,132920.19,48942.21,156887.65,67055.93,2145789.66
MSME030,Manufacturing MSME 30,2025-02-01,Manufacturing,Rajasthan,82,684865.29,472567.23,2090545.2,133118.01,49012.81,159617.66,67055.93,2078733.73
MSME030,Manufacturing MSME 30,2025-03-01,Manufacturing,Rajasthan,82,705779.71,477691.88,2230284.58,133316.12,49544.32,164492.06,67055.93,2011677.8
MSME030,Manufacturing MSME 30,2025-04-01,Manufacturing,Rajasthan,82,712770.92,476041.17,2375213.6,133514.53,49373.12,166121.47,67055.93,1944621.88
MSME030,Manufacturing MSME 30,2025-05-01,Manufacturing,Rajasthan,82,702803.44,462289.72,2520262.04,133713.23,47946.87,163798.4,67055.93,1877565.95
MSME030,Manufacturing MSME 30,2025-06-01,Manufacturing,Rajasthan,82,674071.07,473229.6,2632727.18,133912.23,49081.51,157101.91,67055.93,1810510.02
MSME030,Manufacturing MSME 30,2025-07-01,Manufacturing,Rajasthan,82,654353.22,465559.25,2738054.01,134111.53,48285.97,152506.38,67055.93,1743454.1
MSME030,Manufacturing MSME 30,2025-08-01,Manufacturing,Rajasthan,82,639743.82,447568.33,2845257.92,134311.12,46420.03,149101.45,67055.93,1676398.17
MSME030,Manufacturing MSME 30,2025-09-01,Manufacturing,Rajasthan,82,623694.8,432800.1,2951304.03,134511.01,44888.32,145361.0,67055.93,1609342.24
MSME030,Manufacturing MSME 30,2025-10-01,Manufacturing,Rajasthan,82,628430.02,410510.1,3082122.1,134711.19,42576.49,146464.61,67055.93,1542286.32
MSME030,Manufacturing MSME 30,2025-11-01,Manufacturing,Rajasthan,82,649017.25,447092.76,3199162.26,134911.68,46370.7,151262.76,67055.93,1475230.39
MSME030,Manufacturing MSME 30,2025-12-01,Manufacturing,Rajasthan,82,679816.9,477667.55,3310321.39,135112.46,49541.8,158441.06,67055.93,1408174.46
MSME030,Manufacturing MSME 30,2026-01-01,Manufacturing,Rajasthan,82,685265.91,468983.74,3432185.55,135313.54,48641.15,159711.03,67055.93,1341118.54
MSME030,Manufacturing MSME 30,2026-02-01,Manufacturing,Rajasthan,82,721651.68,499305.25,3565445.42,135514.92,51785.98,168191.25,67055.93,1274062.61
MSME030,Manufacturing MSME 30,2026-03-01,Manufacturing,Rajasthan,82,745532.27,519023.31,3695107.91,135716.6,53831.06,173756.97,67055.93,1207006.68
MSME030,Manufacturing MSME 30,2026-04-01,Manufacturing,Rajasthan,82,744745.38,521537.57,3831302.68,135918.58,54091.83,173573.57,67055.93,1139950.76
MSME030,Manufacturing MSME 30,2026-05-01,Manufacturing,Rajasthan,82,730894.23,511036.13,3957536.8,136120.86,53002.66,170345.36,67055.93,1072894.83
MSME030,Manufacturing MSME 30,2026-06-01,Manufacturing,Rajasthan,82,713178.07,502272.7,4082617.48,136323.44,52093.75,166216.36,67055.93,1005838.9
MSME030,Manufacturing MSME 30,2026-07-01,Manufacturing,Rajasthan,82,689089.37,475098.64,4204194.13,136526.32,49275.36,160602.14,67055.93,938782.98
MSME030,Manufacturing MSME 30,2026-08-01,Manufacturing,Rajasthan,82,670982.91,454532.58,4326004.8,136729.51,47142.33,156382.17,67055.93,871727.05
MSME030,Manufacturing MSME 30,2026-09-01,Manufacturing,Rajasthan,82,657128.59,454258.99,4437867.31,136933.0,47113.96,153153.22,67055.93,804671.12
MSME031,Manufacturing MSME 31,2023-10-01,Manufacturing,Tamil Nadu,35,1452637.47,922655.79,879536.09,244479.66,176162.79,380433.63,76324.14,3587234.66
MSME031,Manufacturing MSME 31,2023-11-01,Manufacturing,Tamil Nadu,35,1472538.44,910170.63,1266802.99,245192.32,173779.0,385645.53,76324.14,3510910.51
MSME031,Manufacturing MSME 31,2023-12-01,Manufacturing,Tamil Nadu,35,1509609.01,930467.02,1679476.81,245907.06,177654.19,395354.0,76324.14,3434586.37
MSME031,Manufacturing MSME 31,2024-01-01,Manufacturing,Tamil Nadu,35,1502706.93,928626.99,2090535.64,246623.88,177302.87,393546.4,76324.14,3358262.23
MSME031,Manufacturing MSME 31,2024-02-01,Manufacturing,Tamil Nadu,35,1596880.86,995070.58,2538252.71,247342.8,189988.96,418209.77,76324.14,3281938.09
MSME031,Manufacturing MSME 31,2024-03-01,Manufacturing,Tamil Nadu,35,1634784.25,1014337.58,2991931.48,248063.81,193667.61,428136.35,76324.14,3205613.95
MSME031,Manufacturing MSME 31,2024-04-01,Manufacturing,Tamil Nadu,35,1645978.56,1033117.21,3457830.82,248786.92,197253.2,431068.05,76324.14,3129289.81
MSME031,Manufacturing MSME 31,2024-05-01,Manufacturing,Tamil Nadu,35,1630318.43,1019144.07,3907123.64,249512.14,194585.31,426966.79,76324.14,3052965.66
MSME031,Manufacturing MSME 31,2024-06-01,Manufacturing,Tamil Nadu,35,1560123.9,984972.29,4316521.88,250239.47,188060.89,408583.43,76324.14,2976641.52
MSME031,Manufacturing MSME 31,2024-07-01,Manufacturing,Tamil Nadu,35,1467698.21,919062.51,4692193.47,250968.92,175476.73,384377.91,76324.14,2900317.38
MSME031,Manufacturing MSME 31,2024-08-01,Manufacturing,Tamil Nadu,35,1476516.39,946631.01,5084844.36,251700.5,180740.38,386687.32,76324.14,2823993.24
MSME031,Manufacturing MSME 31,2024-09-01,Manufacturing,Tamil Nadu,35,1493420.11,927492.1,5488696.35,252434.21,177086.19,391114.26,76324.14,2747669.1
MSME031,Manufacturing MSME 31,2024-10-01,Manufacturing,Tamil Nadu,35,1489843.85,949321.08,5891802.84,253170.06,181254.0,390177.67,76324.14,2671344.96
MSME031,Manufacturing MSME 31,2024-11-01,Manufacturing,Tamil Nadu,35,1556280.57,988364.36,6305626.92,253908.06,188708.54,407576.89,76324.14,2595020.81
MSME031,Manufacturing MSME 31,2024-12-01,Manufacturing,Tamil Nadu,35,1590654.14,1033711.67,6706386.14,254648.21,197366.7,416579.04,76324.14,2518696.67
MSME031,Manufacturing MSME 31,2025-01-01,Manufacturing,Tamil Nadu,35,1645969.68,1024956.71,7150674.72,255390.51,195695.12,431065.72,76324.14,2442372.53
MSME031,Manufacturing MSME 31,2025-02-01,Manufacturing,Tamil Nadu,35,1671977.88,1050263.51,7626296.7,256134.98,200526.95,437877.05,76324.14,2366048.39
MSME031,Manufacturing MSME 31,2025-03-01,Manufacturing,Tamil Nadu,35,1720243.24,1090084.1,8096639.02,256881.62,208129.9,450517.35,76324.14,2289724.25
MSME031,Manufacturing MSME 31,2025-04-01,Manufacturing,Tamil Nadu,35,1736950.63,1110069.08,8583704.68,257630.43,211945.63,454892.87,76324.14,2213400.11
MSME031,Manufacturing MSME 31,2025-05-01,Manufacturing,Tamil Nadu,35,1709730.37,1094245.5,9014769.54,258381.43,208924.44,447764.11,76324.14,2137075.97
MSME031,Manufacturing MSME 31,2025-06-01,Manufacturing,Tamil Nadu,35,1664240.05,1063782.71,9453343.15,259134.62,203108.17,435850.58,76324.14,2060751.82
MSME031,Manufacturing MSME 31,2025-07-01,Manufacturing,Tamil Nadu,35,1596182.06,990934.47,9893169.72,259890.0,189199.25,418026.76,76324.14,1984427.68
MSME031,Manufacturing MSME 31,2025-08-01,Manufacturing,Tamil Nadu,35,1534545.97,987955.26,10283765.3,260647.59,188630.43,401884.78,76324.14,1908103.54
MSME031,Manufacturing MSME 31,2025-09-01,Manufacturing,Tamil Nadu,35,1547231.63,991650.74,10685685.59,261407.38,189336.01,405207.05,76324.14,1831779.4
MSME031,Manufacturing MSME 31,2025-10-01,Manufacturing,Tamil Nadu,35,1557472.9,930666.42,11144512.22,262169.39,177692.26,407889.15,76324.14,1755455.26
MSME031,Manufacturing MSME 31,2025-11-01,Manufacturing,Tamil Nadu,35,1586951.18,1005272.68,11579687.71,262933.62,191936.85,415609.27,76324.14,1679131.12
MSME031,Manufacturing MSME 31,2025-12-01,Manufacturing,Tamil Nadu,35,1622931.64,1029579.09,12015334.55,263700.07,196577.67,425032.25,76324.14,1602806.97
MSME031,Manufacturing MSME 31,2026-01-01,Manufacturing,Tamil Nadu,35,1687714.89,1109501.16,12443364.66,264468.76,211837.2,441998.44,76324.14,1526482.83
MSME031,Manufacturing MSME 31,2026-02-01,Manufacturing,Tamil Nadu,35,1753586.12,1089192.13,12940244.13,265239.7,207959.6,459249.57,76324.14,1450158.69
MSME031,Manufacturing MSME 31,2026-03-01,Manufacturing,Tamil Nadu,35,1795062.84,1125950.13,13449826.06,266012.87,214977.81,470111.97,76324.14,1373834.55
MSME031,Manufacturing MSME 31,2026-04-01,Manufacturing,Tamil Nadu,35,1800666.33,1131251.35,13957111.92,266788.31,215989.97,471579.48,76324.14,1297510.41
MSME031,Manufacturing MSME 31,2026-05-01,Manufacturing,Tamil Nadu,35,1739671.35,1074922.8,14458922.13,267566.0,205235.15,455605.41,76324.14,1221186.27
MSME031,Manufacturing MSME 31,2026-06-01,Manufacturing,Tamil Nadu,35,1692930.06,1077650.89,14937716.58,268345.96,205756.03,443364.25,76324.14,1144862.12
MSME031,Manufacturing MSME 31,2026-07-01,Manufacturing,Tamil Nadu,35,1617354.05,1023000.48,15353162.91,269128.19,195321.62,423571.53,76324.14,1068537.98
MSME031,Manufacturing MSME 31,2026-08-01,Manufacturing,Tamil Nadu,35,1555241.75,983918.18,15768332.92,269912.71,187859.63,407304.83,76324.14,992213.84
MSME031,Manufacturing MSME 31,2026-09-01,Manufacturing,Tamil Nadu,35,1567411.16,1010924.52,16167363.27,270699.51,193015.95,410491.9,76324.14,915889.7
MSME032,Manufacturing MSME 32,2023-10-01,Manufacturing,Tamil Nadu,85,513232.97,328797.5,350031.1,98471.78,65750.12,94308.38,41212.53,1936989.13
MSME032,Manufacturing MSME 32,2023-11-01,Manufacturing,Tamil Nadu,85,536617.53,338763.81,488974.54,98774.68,67743.1,98605.37,41212.53,1895776.59
MSME032,Manufacturing MSME 32,2023-12-01,Manufacturing,Tamil Nadu,85,545935.61,341574.9,636797.05,99078.51,68305.24,100317.6,41212.53,1854564.06
MSME032,Manufacturing MSME 32,2024-01-01,Manufacturing,Tamil Nadu,85,576483.63,357875.04,798591.01,99383.27,71564.8,105930.91,41212.53,1813351.52
MSME032,Manufacturing MSME 32,2024-02-01,Manufacturing,Tamil Nadu,85,599560.79,392827.68,950418.62,99688.97,78554.33,110171.42,41212.53,1772138.99
MSME032,Manufacturing MSME 32,2024-03-01,Manufacturing,Tamil Nadu,85,623382.63,396550.93,1112899.01,99995.61,79298.88,114548.77,41212.53,1730926.45
MSME032,Manufacturing MSME 32,2024-04-01,Manufacturing,Tamil Nadu,85,632604.19,405705.01,1274042.35,100303.2,81129.43,116243.26,41212.53,1689713.92
MSME032,Manufacturing MSME 32,2024-05-01,Manufacturing,Tamil Nadu,85,611723.3,406931.14,1412204.12,100611.73,81374.62,112406.33,41212.53,1648501.39
MSME032,Manufacturing MSME 32,2024-06-01,Manufacturing,Tamil Nadu,85,593878.3,381450.04,1554349.91,100921.21,76279.13,109127.24,41212.53,1607288.85
MSME032,Manufacturing MSME 32,2024-07-01,Manufacturing,Tamil Nadu,85,573575.95,369150.64,1701774.57,101231.64,73819.6,105396.61,41212.53,1566076.32
MSME032,Manufacturing MSME 32,2024-08-01,Manufacturing,Tamil Nadu,85,556166.99,360654.65,1829522.29,101543.03,72120.65,102197.66,41212.53,1524863.78
MSME032,Manufacturing MSME 32,2024-09-01,Manufacturing,Tamil Nadu,85,543173.01,358023.74,1955827.5,101855.37,71594.54,99809.97,41212.53,1483651.25
MSME032,Manufacturing MSME 32,2024-10-01,Manufacturing,Tamil Nadu,85,541487.18,344421.47,2092405.32,102168.68,68874.47,99500.19,41212.53,1442438.71
MSME032,Manufacturing MSME 32,2024-11-01,Manufacturing,Tamil Nadu,85,540334.32,338092.18,2227245.1,102482.95,67608.8,99288.35,41212.53,1401226.18
MSME032,Manufacturing MSME 32,2024-12-01,Manufacturing,Tamil Nadu,85,555965.32,345879.06,2364579.29,102798.18,69165.95,102160.6,41212.53,1360013.64
MSME032,Manufacturing MSME 32,2025-01-01,Manufacturing,Tamil Nadu,85,573221.44,375977.24,2507185.9,103114.39,75184.73,105331.47,41212.53,1318801.11
MSME032,Manufacturing MSME 32,2025-02-01,Manufacturing,Tamil Nadu,85,588103.05,366425.95,2663254.41,103431.56,73274.74,108066.02,41212.53,1277588.57
MSME032,Manufacturing MSME 32,2025-03-01,Manufacturing,Tamil Nadu,85,611667.64,399006.47,2816966.54,103749.72,79789.92,112396.1,41212.53,1236376.04
MSME032,Manufacturing MSME 32,2025-04-01,Manufacturing,Tamil Nadu,85,615962.08,392762.74,2983224.79,104068.85,78541.35,113185.22,41212.53,1195163.5
MSME032,Manufacturing MSME 32,2025-05-01,Manufacturing,Tamil Nadu,85,591704.38,377910.4,3124147.96,104388.96,75571.3,108727.78,41212.53,1153950.97
MSME032,Manufacturing MSME 32,2025-06-01,Manufacturing,Tamil Nadu,85,569491.47,361711.8,3256569.31,104710.06,72332.05,104646.08,41212.53,1112738.44
MSME032,Manufacturing MSME 32,2025-07-01,Manufacturing,Tamil Nadu,85,555230.64,360618.22,3386033.07,105032.15,72113.36,102025.6,41212.53,1071525.9
MSME032,Manufacturing MSME 32,2025-08-01,Manufacturing,Tamil Nadu,85,540258.22,340742.98,3525921.12,105355.22,68138.88,99274.36,41212.53,1030313.37
MSME032,Manufacturing MSME 32,2025-09-01,Manufacturing,Tamil Nadu,85,533735.31,334783.81,3654341.61,105679.29,66947.22,98075.75,41212.53,989100.83
MSME032,Manufacturing MSME 32,2025-10-01,Manufacturing,Tamil Nadu,85,527686.74,331916.93,3792763.4,106004.36,66373.92,96964.31,41212.53,947888.3
MSME032,Manufacturing MSME 32,2025-11-01,Manufacturing,Tamil Nadu,85,546490.96,354002.17,3926310.94,106330.43,70790.34,100419.65,41212.53,906675.76
MSME032,Manufacturing MSME 32,2025-12-01,Manufacturing,Tamil Nadu,85,571490.44,362300.58,4077374.49,106657.5,72449.78,105013.39,41212.53,865463.23
MSME032,Manufacturing MSME 32,2026-01-01,Manufacturing,Tamil Nadu,85,595194.66,383430.31,4227081.43,106985.58,76675.13,109369.13,41212.53,824250.69
MSME032,Manufacturing MSME 32,2026-02-01,Manufacturing,Tamil Nadu,85,630803.35,408892.82,4385395.02,107314.66,81766.9,115912.35,41212.53,783038.16
MSME032,Manufacturing MSME 32,2026-03-01,Manufacturing,Tamil Nadu,85,639654.58,403775.04,4556331.18,107644.76,80743.49,117538.8,41212.53,741825.62
MSME032,Manufacturing MSME 32,2026-04-01,Manufacturing,Tamil Nadu,85,655952.99,423217.79,4715488.19,107975.87,84631.49,120533.69,41212.53,700613.09
MSME032,Manufacturing MSME 32,2026-05-01,Manufacturing,Tamil Nadu,85,647791.13,415756.53,4888085.16,108308.0,83139.45,119033.92,41212.53,659400.55
MSME032,Manufacturing MSME 32,2026-06-01,Manufacturing,Tamil Nadu,85,641148.34,417334.96,5044249.71,108641.16,83455.09,117813.28,41212.53,618188.02
MSME032,Manufacturing MSME 32,2026-07-01,Manufacturing,Tamil Nadu,85,618721.47,391150.96,5205256.95,108975.34,78219.04,113692.26,41212.53,576975.48
MSME032,Manufacturing MSME 32,2026-08-01,Manufacturing,Tamil Nadu,85,591511.37,387948.06,5335736.81,109310.54,77578.55,108692.31,41212.53,535762.95
MSME032,Manufacturing MSME 32,2026-09-01,Manufacturing,Tamil Nadu,85,583091.11,376018.95,5476994.11,109646.78,75193.07,107145.06,41212.53,494550.42
MSME033,Manufacturing MSME 33,2023-10-01,Manufacturing,Tamil Nadu,35,867781.23,559265.47,522868.31,209343.55,68770.21,238288.58,30589.47,1437705.07
MSME033,Manufacturing MSME 33,2023-11-01,Manufacturing,Tamil Nadu,35,897292.64,554517.13,793661.23,209817.72,68186.33,246392.27,30589.47,1407115.6
MSME033,Manufacturing MSME 33,2023-12-01,Manufacturing,Tamil Nadu,35,942710.44,595587.89,1074063.53,210292.97,73236.6,258863.78,30589.47,1376526.13
MSME033,Manufacturing MSME 33,2024-01-01,Manufacturing,Tamil Nadu,35,987735.75,652611.26,1351040.94,210769.3,80248.5,271227.52,30589.47,1345936.66
MSME033,Manufacturing MSME 33,2024-02-01,Manufacturing,Tamil Nadu,35,1031662.56,668695.08,1640857.77,211246.71,82226.25,283289.61,30589.47,1315347.19
MSME033,Manufacturing MSME 33,2024-03-01,Manufacturing,Tamil Nadu,35,1061471.71,654055.92,1987924.34,211725.19,80426.14,291475.06,30589.47,1284757.72
MSME033,Manufacturing MSME 33,2024-04-01,Manufacturing,Tamil Nadu,35,1073235.69,657401.67,2320581.7,212204.77,80837.55,294705.39,30589.47,1254168.25
MSME033,Manufacturing MSME 33,2024-05-01,Manufacturing,Tamil Nadu,35,1051698.64,678935.41,2624613.08,212685.42,83485.45,288791.42,30589.47,1223578.78
MSME033,Manufacturing MSME 33,2024-06-01,Manufacturing,Tamil Nadu,35,1015406.21,649404.98,2909611.78,213167.17,79854.24,278825.7,30589.47,1192989.31
MSME033,Manufacturing MSME 33,2024-07-01,Manufacturing,Tamil Nadu,35,979559.63,628991.88,3176735.61,213650.01,77344.13,268982.4,30589.47,1162399.84
MSME033,Manufacturing MSME 33,2024-08-01,Manufacturing,Tamil Nadu,35,969000.16,586415.77,3477411.67,214133.94,72108.75,266082.82,30589.47,1131810.37
MSME033,Manufacturing MSME 33,2024-09-01,Manufacturing,Tamil Nadu,35,961114.5,619709.15,3746052.23,214618.97,76202.68,263917.45,30589.47,1101220.9
MSME033,Manufacturing MSME 33,2024-10-01,Manufacturing,Tamil Nadu,35,979068.31,626987.22,4041049.3,215105.09,77097.63,268847.48,30589.47,1070631.43
MSME033,Manufacturing MSME 33,2024-11-01,Manufacturing,Tamil Nadu,35,986965.32,634693.56,4328109.5,215592.32,78045.24,271015.96,30589.47,1040041.96
MSME033,Manufacturing MSME 33,2024-12-01,Manufacturing,Tamil Nadu,35,1023669.72,663306.15,4619824.07,216080.65,81563.6,281094.81,30589.47,1009452.49
MSME033,Manufacturing MSME 33,2025-01-01,Manufacturing,Tamil Nadu,35,1066131.82,671571.68,4945278.25,216570.09,82579.97,292754.71,30589.47,978863.03
MSME033,Manufacturing MSME 33,2025-02-01,Manufacturing,Tamil Nadu,35,1108284.11,717514.27,5261811.05,217060.63,88229.31,304329.52,30589.47,948273.56
MSME033,Manufacturing MSME 33,2025-03-01,Manufacturing,Tamil Nadu,35,1137246.26,721523.67,5604726.94,217552.29,88722.33,312282.39,30589.47,917684.09
MSME033,Manufacturing MSME 33,2025-04-01,Manufacturing,Tamil Nadu,35,1152486.68,713336.34,5970332.31,218045.06,87715.57,316467.34,30589.47,887094.62
MSME033,Manufacturing MSME 33,2025-05-01,Manufacturing,Tamil Nadu,35,1126785.23,723020.19,6294832.86,218538.95,88906.35,309409.84,30589.47,856505.15
MSME033,Manufacturing MSME 33,2025-06-01,Manufacturing,Tamil Nadu,35,1075469.79,707804.37,6590569.48,219033.95,87035.33,295318.87,30589.47,825915.68
MSME033,Manufacturing MSME 33,2025-07-01,Manufacturing,Tamil Nadu,35,1028189.41,649729.94,6895296.93,219530.08,79894.19,282335.9,30589.47,795326.21
MSME033,Manufacturing MSME 33,2025-08-01,Manufacturing,Tamil Nadu,35,990815.23,645183.5,7165767.46,220027.33,79335.14,272073.13,30589.47,764736.74
MSME033,Manufacturing MSME 33,2025-09-01,Manufacturing,Tamil Nadu,35,974384.75,591014.89,7466029.87,220525.7,72674.28,267561.4,30589.47,734147.27
MSME033,Manufacturing MSME 33,2025-10-01,Manufacturing,Tamil Nadu,35,996067.35,612986.04,7784672.25,221025.21,75375.97,273515.34,30589.47,703557.8
MSME033,Manufacturing MSME 33,2025-11-01,Manufacturing,Tamil Nadu,35,1045109.09,666162.17,8088934.25,221525.85,81914.79,286981.96,30589.47,672968.33
MSME033,Manufacturing MSME 33,2025-12-01,Manufacturing,Tamil Nadu,35,1103563.1,693907.15,8414923.59,222027.62,85326.45,303033.16,30589.47,642378.86
MSME033,Manufacturing MSME 33,2026-01-01,Manufacturing,Tamil Nadu,35,1159141.86,728115.29,8759273.78,222530.52,89532.87,318294.82,30589.47,611789.39
MSME033,Manufacturing MSME 33,2026-02-01,Manufacturing,Tamil Nadu,35,1172881.23,767663.11,9090588.89,223034.57,94395.87,322067.58,30589.47,581199.92
MSME033,Manufacturing MSME 33,2026-03-01,Manufacturing,Tamil Nadu,35,1189330.72,758799.99,9443040.4,223539.76,93306.02,326584.53,30589.47,550610.45
MSME033,Manufacturing MSME 33,2026-04-01,Manufacturing,Tamil Nadu,35,1203727.34,783847.66,9792423.61,224046.09,96386.01,330537.78,30589.47,520020.98
MSME033,Manufacturing MSME 33,2026-05-01,Manufacturing,Tamil Nadu,35,1190993.67,756005.54,10145977.89,224553.57,92962.4,327041.17,30589.47,489431.51
MSME033,Manufacturing MSME 33,2026-06-01,Manufacturing,Tamil Nadu,35,1161690.92,726592.07,10497480.98,225062.2,89345.56,318994.78,30589.47,458842.04
MSME033,Manufacturing MSME 33,2026-07-01,Manufacturing,Tamil Nadu,35,1122592.64,712283.36,10813508.96,225571.98,87586.09,308258.58,30589.47,428252.57
MSME033,Manufacturing MSME 33,2026-08-01,Manufacturing,Tamil Nadu,35,1108895.73,698513.37,11147131.28,226082.91,85892.86,304497.47,30589.47,397663.1
MSME033,Manufacturing MSME 33,2026-09-01,Manufacturing,Tamil Nadu,35,1096660.0,724900.27,11459060.21,226595.01,89137.53,301137.6,30589.47,367073.63
MSME034,Manufacturing MSME 34,2023-10-01,Manufacturing,Gujarat,76,986672.31,607158.39,644067.33,166741.18,71051.52,215959.44,31552.55,1482969.95
MSME034,Manufacturing MSME 34,2023-11-01,Manufacturing,Gujarat,76,1015149.77,639467.94,932317.99,167373.07,74832.48,222192.48,31552.55,1451417.4
MSME034,Manufacturing MSME 34,2023-12-01,Manufacturing,Gujarat,76,1062664.19,660056.87,1264176.68,168007.36,77241.85,232592.28,31552.55,1419864.85
MSME034,Manufacturing MSME 34,2024-01-01,Manufacturing,Gujarat,76,1094022.2,669434.43,1608320.13,168644.05,78339.25,239455.81,31552.55,1388312.29
MSME034,Manufacturing MSME 34,2024-02-01,Manufacturing,Gujarat,76,1154279.79,718586.23,1947627.85,169283.15,84091.14,252644.78,31552.55,1356759.74
MSME034,Manufacturing MSME 34,2024-03-01,Manufacturing,Gujarat,76,1197932.45,742248.87,2303799.97,169924.68,86860.21,262199.33,31552.55,1325207.19
MSME034,Manufacturing MSME 34,2024-04-01,Manufacturing,Gujarat,76,1199487.84,745298.78,2660986.07,170568.63,87217.12,262539.77,31552.55,1293654.64
MSME034,Manufacturing MSME 34,2024-05-01,Manufacturing,Gujarat,76,1209370.89,763346.36,3005355.38,171215.03,89329.1,264702.93,31552.55,1262102.09
MSME034,Manufacturing MSME 34,2024-06-01,Manufacturing,Gujarat,76,1159890.02,733067.82,3321684.53,171863.87,85785.82,253872.73,31552.55,1230549.53
MSME034,Manufacturing MSME 34,2024-07-01,Manufacturing,Gujarat,76,1112600.59,693341.91,3654345.27,172515.18,81136.97,243522.18,31552.55,1198996.98
MSME034,Manufacturing MSME 34,2024-08-01,Manufacturing,Gujarat,76,1086212.92,695877.09,3956666.47,173168.95,81433.65,237746.54,31552.55,1167444.43
MSME034,Manufacturing MSME 34,2024-09-01,Manufacturing,Gujarat,76,1053917.59,657971.56,4240069.19,173825.2,76997.83,230677.85,31552.55,1135891.88
MSME034,Manufacturing MSME 34,2024-10-01,Manufacturing,Gujarat,76,1049728.69,651133.81,4550242.46,174483.94,76197.65,229761.0,31552.55,1104339.33
MSME034,Manufacturing MSME 34,2024-11-01,Manufacturing,Gujarat,76,1065796.37,671231.67,4826191.69,175145.17,78549.56,233277.84,31552.55,1072786.77
MSME034,Manufacturing MSME 34,2024-12-01,Manufacturing,Gujarat,76,1099240.64,700342.66,5130706.28,175808.91,81956.22,240598.0,31552.55,1041234.22
MSME034,Manufacturing MSME 34,2025-01-01,Manufacturing,Gujarat,76,1175102.66,722734.84,5469028.95,176475.17,84576.62,257202.42,31552.55,1009681.67
MSME034,Manufacturing MSME 34,2025-02-01,Manufacturing,Gujarat,76,1250492.54,779265.82,5849332.58,177143.95,91192.05,273703.5,31552.55,978129.12
MSME034,Manufacturing MSME 34,2025-03-01,Manufacturing,Gujarat,76,1293411.07,793714.07,6243214.22,177815.26,92882.82,283097.36,31552.55,946576.56
MSME034,Manufacturing MSME 34,2025-04-01,Manufacturing,Gujarat,76,1286629.07,770382.26,6635255.39,178489.12,90152.47,281612.94,31552.55,915024.01
MSME034,Manufacturing MSME 34,2025-05-01,Manufacturing,Gujarat,76,1296658.71,812082.51,7011142.93,179165.53,95032.36,283808.19,31552.55,883471.46
MSME034,Manufacturing MSME 34,2025-06-01,Manufacturing,Gujarat,76,1221420.65,746255.72,7392611.01,179844.51,87329.11,267340.34,31552.55,851918.91
MSME034,Manufacturing MSME 34,2025-07-01,Manufacturing,Gujarat,76,1190169.0,741549.78,7730669.81,180526.06,86778.4,260500.09,31552.55,820366.36
MSME034,Manufacturing MSME 34,2025-08-01,Manufacturing,Gujarat,76,1189170.26,739547.5,8093500.15,181210.19,86544.09,260281.49,31552.55,788813.8
MSME034,Manufacturing MSME 34,2025-09-01,Manufacturing,Gujarat,76,1139755.76,702289.78,8428193.92,181896.91,82184.08,249465.82,31552.55,757261.25
MSME034,Manufacturing MSME 34,2025-10-01,Manufacturing,Gujarat,76,1143418.48,754795.66,8733992.12,182586.24,88328.48,250267.5,31552.55,725708.7
MSME034,Manufacturing MSME 34,2025-11-01,Manufacturing,Gujarat,76,1181875.36,737665.42,9065765.43,183278.18,86323.84,258684.81,31552.55,694156.15
MSME034,Manufacturing MSME 34,2025-12-01,Manufacturing,Gujarat,76,1229805.86,775151.42,9422063.8,183972.74,90710.57,269175.67,31552.55,662603.6
MSME034,Manufacturing MSME 34,2026-01-01,Manufacturing,Gujarat,76,1311366.26,833256.15,9789470.33,184669.93,97510.16,287027.33,31552.55,631051.04
MSME034,Manufacturing MSME 34,2026-02-01,Manufacturing,Gujarat,76,1350169.77,839173.08,10190228.22,185369.76,98202.58,295520.51,31552.55,599498.49
MSME034,Manufacturing MSME 34,2026-03-01,Manufacturing,Gujarat,76,1363514.8,831619.56,10607521.65,186072.25,97318.64,298441.42,31552.55,567945.94
MSME034,Manufacturing MSME 34,2026-04-01,Manufacturing,Gujarat,76,1339071.52,819727.08,11006659.62,186777.4,95926.95,293091.36,31552.55,536393.39
MSME034,Manufacturing MSME 34,2026-05-01,Manufacturing,Gujarat,76,1325169.69,838898.38,11382693.02,187485.22,98170.43,290048.58,31552.55,504840.83
MSME034,Manufacturing MSME 34,2026-06-01,Manufacturing,Gujarat,76,1294845.6,797105.86,11781688.43,188195.73,93279.74,283411.34,31552.55,473288.28
MSME034,Manufacturing MSME 34,2026-07-01,Manufacturing,Gujarat,76,1264657.42,798486.61,12132360.74,188908.92,93441.32,276803.86,31552.55,441735.73
MSME034,Manufacturing MSME 34,2026-08-01,Manufacturing,Gujarat,76,1250668.65,786510.31,12497487.45,189624.82,92039.82,273742.05,31552.55,410183.18
MSME034,Manufacturing MSME 34,2026-09-01,Manufacturing,Gujarat,76,1231602.39,764656.84,12853976.03,190343.43,89482.46,269568.89,31552.55,378630.63
MSME035,Manufacturing MSME 35,2023-10-01,Manufacturing,Maharashtra,93,1049262.13,736034.52,662389.38,196661.43,133890.48,258843.32,23427.44,1101089.88
MSME035,Manufacturing MSME 35,2023-11-01,Manufacturing,Maharashtra,93,1077697.62,787699.94,913714.53,197379.93,143288.83,265858.09,23427.44,1077662.44
MSME035,Manufacturing MSME 35,2023-12-01,Manufacturing,Maharashtra,93,1105791.3,763936.1,1211460.75,198101.05,138966.0,272788.54,23427.44,1054234.99
MSME035,Manufacturing MSME 35,2024-01-01,Manufacturing,Maharashtra,93,1181105.83,828471.54,1524518.21,198824.81,150705.5,291367.94,23427.44,1030807.55
MSME035,Manufacturing MSME 35,2024-02-01,Manufacturing,Maharashtra,93,1205195.85,812501.12,1861030.51,199551.22,147800.36,297310.73,23427.44,1007380.11
MSME035,Manufacturing MSME 35,2024-03-01,Manufacturing,Maharashtra,93,1251923.52,873818.22,2182716.28,200280.28,158954.42,308838.02,23427.44,983952.66
MSME035,Manufacturing MSME 35,2024-04-01,Manufacturing,Maharashtra,93,1256027.91,846474.23,2538366.42,201012.0,153980.34,309850.53,23427.44,960525.22
MSME035,Manufacturing MSME 35,2024-05-01,Manufacturing,Maharashtra,93,1222975.69,859121.9,2847671.38,201746.4,156281.05,301696.85,23427.44,937097.77
MSME035,Manufacturing MSME 35,2024-06-01,Manufacturing,Maharashtra,93,1196794.13,818704.11,3168888.35,202483.48,148928.73,295238.1,23427.44,913670.33
MSME035,Manufacturing MSME 35,2024-07-01,Manufacturing,Maharashtra,93,1146383.25,787260.13,3454223.89,203223.25,143208.82,282802.2,23427.44,890242.88
MSME035,Manufacturing MSME 35,2024-08-01,Manufacturing,Maharashtra,93,1118397.86,760596.87,3753592.5,203965.73,138358.57,275898.46,23427.44,866815.44
MSME035,Manufacturing MSME 35,2024-09-01,Manufacturing,Maharashtra,93,1107585.66,753907.19,4064445.67,204710.91,137141.66,273231.19,23427.44,843388.0
MSME035,Manufacturing MSME 35,2024-10-01,Manufacturing,Maharashtra,93,1142380.55,797128.66,4362809.03,205458.82,145003.99,281814.77,23427.44,819960.55
MSME035,Manufacturing MSME 35,2024-11-01,Manufacturing,Maharashtra,93,1213311.53,841120.87,4682618.49,206209.47,153006.52,299312.79,23427.44,796533.11
MSME035,Manufacturing MSME 35,2024-12-01,Manufacturing,Maharashtra,93,1260641.71,881755.41,5006304.66,206962.85,160398.26,310988.71,23427.44,773105.66
MSME035,Manufacturing MSME 35,2025-01-01,Manufacturing,Maharashtra,93,1301510.16,916099.54,5354782.57,207718.99,166645.73,321070.58,23427.44,749678.22
MSME035,Manufacturing MSME 35,2025-02-01,Manufacturing,Maharashtra,93,1389568.46,963846.8,5744140.06,208477.89,175331.33,342793.76,23427.44,726250.77
MSME035,Manufacturing MSME 35,2025-03-01,Manufacturing,Maharashtra,93,1439398.58,979115.49,6155676.1,209239.56,178108.83,355086.39,23427.44,702823.33
MSME035,Manufacturing MSME 35,2025-04-01,Manufacturing,Maharashtra,93,1442556.61,997813.11,6548953.79,210004.02,181510.07,355865.45,23427.44,679395.89
MSME035,Manufacturing MSME 35,2025-05-01,Manufacturing,Maharashtra,93,1448767.1,968988.22,6972341.82,210771.27,176266.6,357397.52,23427.44,655968.44
MSME035,Manufacturing MSME 35,2025-06-01,Manufacturing,Maharashtra,93,1373342.01,939580.35,7344603.92,211541.32,170917.07,338790.84,23427.44,632541.0
MSME035,Manufacturing MSME 35,2025-07-01,Manufacturing,Maharashtra,93,1356999.36,971999.57,7688526.69,212314.18,176814.38,334759.26,23427.44,609113.55
MSME035,Manufacturing MSME 35,2025-08-01,Manufacturing,Maharashtra,93,1327329.37,924705.75,8028543.89,213089.87,168211.27,327439.95,23427.44,585686.11
MSME035,Manufacturing MSME 35,2025-09-01,Manufacturing,Maharashtra,93,1340023.07,945043.86,8382762.52,213868.39,171910.93,330571.36,23427.44,562258.66
MSME035,Manufacturing MSME 35,2025-10-01,Manufacturing,Maharashtra,93,1364463.37,949386.08,8740718.39,214649.76,172700.81,336600.56,23427.44,538831.22
MSME035,Manufacturing MSME 35,2025-11-01,Manufacturing,Maharashtra,93,1402691.99,972724.48,9121270.44,215433.98,176946.25,346031.21,23427.44,515403.77
MSME035,Manufacturing MSME 35,2025-12-01,Manufacturing,Maharashtra,93,1443778.61,978560.65,9535891.28,216221.07,178007.9,356166.9,23427.44,491976.33
MSME035,Manufacturing MSME 35,2026-01-01,Manufacturing,Maharashtra,93,1508144.97,1033437.08,9969457.47,217011.03,187990.35,372045.49,23427.44,468548.89
MSME035,Manufacturing MSME 35,2026-02-01,Manufacturing,Maharashtra,93,1548605.56,1071568.35,10378692.53,217803.88,194926.73,382026.75,23427.44,445121.44
MSME035,Manufacturing MSME 35,2026-03-01,Manufacturing,Maharashtra,93,1585879.51,1089282.55,10809416.15,218599.63,198149.08,391221.89,23427.44,421694.0
MSME035,Manufacturing MSME 35,2026-04-01,Manufacturing,Maharashtra,93,1596849.81,1141904.74,11219460.0,219398.28,207721.48,393928.16,23427.44,398266.55
MSME035,Manufacturing MSME 35,2026-05-01,Manufacturing,Maharashtra,93,1619331.58,1109913.64,11658241.67,220199.85,201902.04,399474.2,23427.44,374839.11
MSME035,Manufacturing MSME 35,2026-06-01,Manufacturing,Maharashtra,93,1612605.73,1130464.49,12088505.0,221004.35,205640.4,397815.0,23427.44,351411.66
MSME035,Manufacturing MSME 35,2026-07-01,Manufacturing,Maharashtra,93,1541123.42,1067881.98,12495562.21,221811.79,194256.15,380180.97,23427.44,327984.22
MSME035,Manufacturing MSME 35,2026-08-01,Manufacturing,Maharashtra,93,1487891.73,1025165.56,12899442.33,222622.17,186485.7,367049.2,23427.44,304556.78
MSME035,Manufacturing MSME 35,2026-09-01,Manufacturing,Maharashtra,93,1450618.47,992211.16,13306822.77,223435.52,180491.03,357854.23,23427.44,281129.33
MSME036,Manufacturing MSME 36,2023-10-01,Manufacturing,Maharashtra,15,1493732.33,1051434.43,778713.67,250394.44,120450.51,351817.22,55487.75,2607924.46
MSME036,Manufacturing MSME 36,2023-11-01,Manufacturing,Maharashtra,15,1551233.97,1050947.18,1099002.02,251820.21,120394.69,365360.52,55487.75,2552436.7
MSME036,Manufacturing MSME 36,2023-12-01,Manufacturing,Maharashtra,15,1623378.91,1108389.55,1443999.48,253254.1,126975.19,382352.74,55487.75,2496948.95
MSME036,Manufacturing MSME 36,2024-01-01,Manufacturing,Maharashtra,15,1718422.8,1167883.18,1812813.73,254696.15,133790.68,404738.33,55487.75,2441461.2
MSME036,Manufacturing MSME 36,2024-02-01,Manufacturing,Maharashtra,15,1792316.17,1268914.51,2161544.08,256146.41,145364.65,422142.36,55487.75,2385973.44
MSME036,Manufacturing MSME 36,2024-03-01,Manufacturing,Maharashtra,15,1854498.53,1325927.36,2523624.01,257604.93,151895.94,436788.1,55487.75,2330485.69
MSME036,Manufacturing MSME 36,2024-04-01,Manufacturing,Maharashtra,15,1882084.22,1309071.23,2926358.69,259071.76,149964.93,443285.33,55487.75,2274997.93
MSME036,Manufacturing MSME 36,2024-05-01,Manufacturing,Maharashtra,15,1812173.48,1262193.12,3293372.49,260546.93,144594.66,426819.33,55487.75,2219510.18
MSME036,Manufacturing MSME 36,2024-06-01,Manufacturing,Maharashtra,15,1733824.58,1197089.88,3662467.84,262030.51,137136.54,408365.89,55487.75,2164022.42
MSME036,Manufacturing MSME 36,2024-07-01,Manufacturing,Maharashtra,15,1722410.34,1172200.71,4020738.76,263522.53,134285.28,405677.51,55487.75,2108534.67
MSME036,Manufacturing MSME 36,2024-08-01,Manufacturing,Maharashtra,15,1688981.59,1160981.57,4368806.4,265023.06,133000.04,397804.07,55487.75,2053046.91
MSME036,Manufacturing MSME 36,2024-09-01,Manufacturing,Maharashtra,15,1654133.29,1162072.43,4698449.25,266532.12,133125.01,389596.29,55487.75,1997559.16
MSME036,Manufacturing MSME 36,2024-10-01,Manufacturing,Maharashtra,15,1621958.71,1147343.65,5025025.53,268049.78,131437.7,382018.24,55487.75,1942071.41
MSME036,Manufacturing MSME 36,2024-11-01,Manufacturing,Maharashtra,15,1637657.46,1112658.56,5382058.9,269576.08,127464.24,385715.75,55487.75,1886583.65
MSME036,Manufacturing MSME 36,2024-12-01,Manufacturing,Maharashtra,15,1699320.75,1183155.58,5747618.46,271111.07,135540.26,400239.24,55487.75,1831095.9
MSME036,Manufacturing MSME 36,2025-01-01,Manufacturing,Maharashtra,15,1740878.38,1201107.5,6090586.42,272654.8,137596.8,410027.27,55487.75,1775608.14
MSME036,Manufacturing MSME 36,2025-02-01,Manufacturing,Maharashtra,15,1836516.57,1296834.91,6461759.45,274207.32,148563.16,432552.83,55487.75,1720120.39
MSME036,Manufacturing MSME 36,2025-03-01,Manufacturing,Maharashtra,15,1869651.19,1282375.65,6844816.33,275768.68,146906.74,440356.99,55487.75,1664632.63
MSME036,Manufacturing MSME 36,2025-04-01,Manufacturing,Maharashtra,15,1884215.16,1334645.11,7222336.35,277338.93,152894.63,443787.23,55487.75,1609144.88
MSME036,Manufacturing MSME 36,2025-05-01,Manufacturing,Maharashtra,15,1873058.07,1301929.64,7603981.01,278918.12,149146.81,441159.41,55487.75,1553657.12
MSME036,Manufacturing MSME 36,2025-06-01,Manufacturing,Maharashtra,15,1798590.57,1262391.75,7945909.87,280506.3,144617.41,423620.16,55487.75,1498169.37
MSME036,Manufacturing MSME 36,2025-07-01,Manufacturing,Maharashtra,15,1743962.59,1236972.41,8282670.56,282103.53,141705.42,410753.69,55487.75,1442681.62
MSME036,Manufacturing MSME 36,2025-08-01,Manufacturing,Maharashtra,15,1670933.95,1167725.79,8621229.84,283709.85,133772.65,393553.33,55487.75,1387193.86
MSME036,Manufacturing MSME 36,2025-09-01,Manufacturing,Maharashtra,15,1657878.47,1196248.16,8916831.5,285325.32,137040.12,390478.38,55487.75,1331706.11
MSME036,Manufacturing MSME 36,2025-10-01,Manufacturing,Maharashtra,15,1640745.14,1141292.62,9235952.29,286949.99,130744.51,386442.99,55487.75,1276218.35
MSME036,Manufacturing MSME 36,2025-11-01,Manufacturing,Maharashtra,15,1660721.8,1175879.42,9544683.28,288583.91,134706.71,391148.07,55487.75,1220730.6
MSME036,Manufacturing MSME 36,2025-12-01,Manufacturing,Maharashtra,15,1734310.96,1226725.42,9882887.15,290227.13,140531.54,408480.45,55487.75,1165242.84
MSME036,Manufacturing MSME 36,2026-01-01,Manufacturing,Maharashtra,15,1744372.69,1195872.46,10245563.27,291879.71,136997.08,410850.28,55487.75,1109755.09
MSME036,Manufacturing MSME 36,2026-02-01,Manufacturing,Maharashtra,15,1780103.74,1232698.13,10616222.31,293541.7,141215.76,419265.98,55487.75,1054267.33
MSME036,Manufacturing MSME 36,2026-03-01,Manufacturing,Maharashtra,15,1828203.43,1286098.13,10966685.54,295213.15,147333.18,430594.85,55487.75,998779.58
MSME036,Manufacturing MSME 36,2026-04-01,Manufacturing,Maharashtra,15,1812111.65,1257171.35,11341814.36,296894.12,144019.37,426804.77,55487.75,943291.83
MSME036,Manufacturing MSME 36,2026-05-01,Manufacturing,Maharashtra,15,1814726.27,1285539.85,11706244.89,298584.66,147269.22,427420.58,55487.75,887804.07
MSME036,Manufacturing MSME 36,2026-06-01,Manufacturing,Maharashtra,15,1769559.41,1219182.71,12062437.69,300284.83,139667.46,416782.48,55487.75,832316.32
MSME036,Manufacturing MSME 36,2026-07-01,Manufacturing,Maharashtra,15,1663693.96,1171424.44,12385076.84,301994.67,134196.36,391848.1,55487.75,776828.56
MSME036,Manufacturing MSME 36,2026-08-01,Manufacturing,Maharashtra,15,1605958.39,1108141.93,12702805.76,303714.26,126946.82,378249.7,55487.75,721340.81
MSME036,Manufacturing MSME 36,2026-09-01,Manufacturing,Maharashtra,15,1578551.42,1109617.16,12991438.32,305443.63,127115.82,371794.57,55487.75,665853.05
MSME037,Manufacturing MSME 37,2023-10-01,Manufacturing,Andhra Pradesh,87,804705.89,548200.42,472680.81,160838.45,104365.89,140612.14,67246.98,3160608.22
MSME037,Manufacturing MSME 37,2023-11-01,Manufacturing,Andhra Pradesh,87,830595.86,569548.18,618242.76,161879.13,108430.05,145136.09,67246.98,3093361.24
MSME037,Manufacturing MSME 37,2023-12-01,Manufacturing,Andhra Pradesh,87,865573.83,605234.46,757681.06,162926.54,115223.97,151248.04,67246.98,3026114.26
MSME037,Manufacturing MSME 37,2024-01-01,Manufacturing,Andhra Pradesh,87,925310.8,669162.13,895270.54,163980.72,127394.46,161686.32,67246.98,2958867.27
MSME037,Manufacturing MSME 37,2024-02-01,Manufacturing,Andhra Pradesh,87,949637.29,664189.51,1053016.04,165041.73,126447.78,165937.07,67246.98,2891620.29
MSME037,Manufacturing MSME 37,2024-03-01,Manufacturing,Andhra Pradesh,87,970239.51,674952.61,1224116.95,166109.61,128496.85,169537.04,67246.98,2824373.3
MSME037,Manufacturing MSME 37,2024-04-01,Manufacturing,Andhra Pradesh,87,950902.02,666353.01,1383645.12,167184.39,126859.67,166158.06,67246.98,2757126.32
MSME037,Manufacturing MSME 37,2024-05-01,Manufacturing,Andhra Pradesh,87,940834.9,646928.04,1555569.14,168266.13,123161.56,164398.96,67246.98,2689879.34
MSME037,Manufacturing MSME 37,2024-06-01,Manufacturing,Andhra Pradesh,87,916725.54,640964.32,1699165.07,169354.87,122026.19,160186.16,67246.98,2622632.35
MSME037,Manufacturing MSME 37,2024-07-01,Manufacturing,Andhra Pradesh,87,875872.9,608906.56,1850833.99,170450.65,115923.06,153047.67,67246.98,2555385.37
MSME037,Manufacturing MSME 37,2024-08-01,Manufacturing,Andhra Pradesh,87,846136.83,576552.63,1994130.12,171553.52,109763.55,147851.67,67246.98,2488138.39
MSME037,Manufacturing MSME 37,2024-09-01,Manufacturing,Andhra Pradesh,87,843764.16,588966.09,2137979.85,172663.52,112126.82,147437.08,67246.98,2420891.4
MSME037,Manufacturing MSME 37,2024-10-01,Manufacturing,Andhra Pradesh,87,844357.54,578139.92,2278528.19,173780.71,110065.74,147540.77,67246.98,2353644.42
MSME037,Manufacturing MSME 37,2024-11-01,Manufacturing,Andhra Pradesh,87,886112.21,628617.45,2427804.89,174905.13,119675.61,154836.86,67246.98,2286397.44
MSME037,Manufacturing MSME 37,2024-12-01,Manufacturing,Andhra Pradesh,87,918831.61,623124.95,2597737.34,176036.83,118629.95,160554.17,67246.98,2219150.45
MSME037,Manufacturing MSME 37,2025-01-01,Manufacturing,Andhra Pradesh,87,962243.81,672549.64,2770748.6,177175.84,128039.38,168139.9,67246.98,2151903.47
MSME037,Manufacturing MSME 37,2025-02-01,Manufacturing,Andhra Pradesh,87,988887.08,702816.65,2932638.69,178322.23,133801.58,172795.47,67246.98,2084656.49
MSME037,Manufacturing MSME 37,2025-03-01,Manufacturing,Andhra Pradesh,87,1010599.87,699407.78,3116825.43,179476.03,133152.6,176589.5,67246.98,2017409.5
MSME037,Manufacturing MSME 37,2025-04-01,Manufacturing,Andhra Pradesh,87,1052591.79,732163.43,3302289.4,180637.3,139388.59,183927.06,67246.98,1950162.52
MSME037,Manufacturing MSME 37,2025-05-01,Manufacturing,Andhra Pradesh,87,1027674.86,727645.45,3445004.63,181806.08,138528.46,179573.14,67246.98,1882915.54
MSME037,Manufacturing MSME 37,2025-06-01,Manufacturing,Andhra Pradesh,87,1005604.02,720336.74,3615451.3,182982.42,137137.04,175716.54,67246.98,1815668.55
MSME037,Manufacturing MSME 37,2025-07-01,Manufacturing,Andhra Pradesh,87,928644.51,654286.21,3741318.42,184166.38,124562.4,162268.84,67246.98,1748421.57
MSME037,Manufacturing MSME 37,2025-08-01,Manufacturing,Andhra Pradesh,87,905636.09,640388.46,3893259.35,185358.0,121916.56,158248.42,67246.98,1681174.59
MSME037,Manufacturing MSME 37,2025-09-01,Manufacturing,Andhra Pradesh,87,885172.71,593922.39,4068189.89,186557.32,113070.39,154672.7,67246.98,1613927.6
MSME037,Manufacturing MSME 37,2025-10-01,Manufacturing,Andhra Pradesh,87,903292.46,604709.11,4235030.1,187764.41,115123.96,157838.9,67246.98,1546680.62
MSME037,Manufacturing MSME 37,2025-11-01,Manufacturing,Andhra Pradesh,87,902592.05,626249.73,4382269.48,188979.31,119224.84,157716.51,67246.98,1479433.64
MSME037,Manufacturing MSME 37,2025-12-01,Manufacturing,Andhra Pradesh,87,948038.01,664117.43,4547132.33,190202.07,126434.06,165657.61,67246.98,1412186.65
MSME037,Manufacturing MSME 37,2026-01-01,Manufacturing,Andhra Pradesh,87,960600.23,662158.39,4720280.16,191432.73,126061.1,167852.7,67246.98,1344939.67
MSME037,Manufacturing MSME 37,2026-02-01,Manufacturing,Andhra Pradesh,87,1003029.74,698344.79,4906885.38,192671.37,132950.23,175266.72,67246.98,1277692.69
MSME037,Manufacturing MSME 37,2026-03-01,Manufacturing,Andhra Pradesh,87,1042075.89,721281.69,5100077.4,193918.01,137316.94,182089.54,67246.98,1210445.7
MSME037,Manufacturing MSME 37,2026-04-01,Manufacturing,Andhra Pradesh,87,1035641.28,724512.93,5283979.91,195172.73,137932.1,180965.17,67246.98,1143198.72
MSME037,Manufacturing MSME 37,2026-05-01,Manufacturing,Andhra Pradesh,87,1018937.85,702717.89,5468460.58,196435.56,133782.78,178046.46,67246.98,1075951.74
MSME037,Manufacturing MSME 37,2026-06-01,Manufacturing,Andhra Pradesh,87,962826.54,671955.89,5634057.61,197706.56,127926.34,168241.72,67246.98,1008704.75
MSME037,Manufacturing MSME 37,2026-07-01,Manufacturing,Andhra Pradesh,87,920204.66,658911.7,5770581.14,198985.79,125443.0,160794.09,67246.98,941457.77
MSME037,Manufacturing MSME 37,2026-08-01,Manufacturing,Andhra Pradesh,87,878219.83,590600.56,5936056.17,200273.29,112437.99,153457.77,67246.98,874210.78
MSME037,Manufacturing MSME 37,2026-09-01,Manufacturing,Andhra Pradesh,87,871446.13,594806.79,6092213.88,201569.12,113238.76,152274.15,67246.98,806963.8
MSME038,Manufacturing MSME 38,2023-10-01,Manufacturing,Andhra Pradesh,80,1143209.63,793611.53,646664.92,208586.32,131212.9,265704.97,25101.1,1179751.55
MSME038,Manufacturing MSME 38,2023-11-01,Manufacturing,Andhra Pradesh,80,1178556.33,834578.18,885601.95,209607.03,137986.18,273920.25,25101.1,1154650.45
MSME038,Manufacturing MSME 38,2023-12-01,Manufacturing,Andhra Pradesh,80,1167272.86,829615.07,1091448.52,210632.73,137165.59,271297.75,25101.1,1129549.36
MSME038,Manufacturing MSME 38,2024-01-01,Manufacturing,Andhra Pradesh,80,1214720.57,857641.63,1350684.93,211663.45,141799.4,282325.55,25101.1,1104448.26
MSME038,Manufacturing MSME 38,2024-02-01,Manufacturing,Andhra Pradesh,80,1271040.16,899849.15,1607650.29,212699.21,148777.84,295415.36,25101.1,1079347.16
MSME038,Manufacturing MSME 38,2024-03-01,Manufacturing,Andhra Pradesh,80,1363801.64,965505.22,1872003.58,213740.04,159633.18,316975.0,25101.1,1054246.07
MSME038,Manufacturing MSME 38,2024-04-01,Manufacturing,Andhra Pradesh,80,1358472.16,977969.17,2109498.73,214785.97,161693.93,315736.32,25101.1,1029144.97
MSME038,Manufacturing MSME 38,2024-05-01,Manufacturing,Andhra Pradesh,80,1337598.03,966527.1,2355288.48,215837.01,159802.14,310884.75,25101.1,1004043.87
MSME038,Manufacturing MSME 38,2024-06-01,Manufacturing,Andhra Pradesh,80,1260745.39,897098.82,2580013.7,216893.2,148323.11,293022.65,25101.1,978942.78
MSME038,Manufacturing MSME 38,2024-07-01,Manufacturing,Andhra Pradesh,80,1236049.23,884175.11,2818150.16,217954.55,146186.36,287282.76,25101.1,953841.68
MSME038,Manufacturing MSME 38,2024-08-01,Manufacturing,Andhra Pradesh,80,1209995.16,861981.0,3029379.06,219021.1,142516.86,281227.27,25101.1,928740.58
MSME038,Manufacturing MSME 38,2024-09-01,Manufacturing,Andhra Pradesh,80,1164128.48,811750.39,3266454.86,220092.87,134211.91,270566.93,25101.1,903639.49
MSME038,Manufacturing MSME 38,2024-10-01,Manufacturing,Andhra Pradesh,80,1174738.55,845271.92,3476949.04,221169.88,139754.24,273032.92,25101.1,878538.39
MSME038,Manufacturing MSME 38,2024-11-01,Manufacturing,Andhra Pradesh,80,1207606.61,840447.36,3733444.24,222252.16,138956.57,280672.12,25101.1,853437.29
MSME038,Manufacturing MSME 38,2024-12-01,Manufacturing,Andhra Pradesh,80,1190857.2,875363.55,3940709.95,223339.74,144729.48,276779.22,25101.1,828336.2
MSME038,Manufacturing MSME 38,2025-01-01,Manufacturing,Andhra Pradesh,80,1279553.05,898202.76,4203203.36,224432.64,148505.64,297393.93,25101.1,803235.1
MSME038,Manufacturing MSME 38,2025-02-01,Manufacturing,Andhra Pradesh,80,1362302.08,960253.19,4496625.61,225530.89,158764.83,316626.47,25101.1,778134.0
MSME038,Manufacturing MSME 38,2025-03-01,Manufacturing,Andhra Pradesh,80,1407641.48,993067.16,4804485.72,226634.51,164190.18,327164.26,25101.1,753032.9
MSME038,Manufacturing MSME 38,2025-04-01,Manufacturing,Andhra Pradesh,80,1420317.44,1004926.17,5107028.98,227743.54,166150.9,330110.41,25101.1,727931.81
MSME038,Manufacturing MSME 38,2025-05-01,Manufacturing,Andhra Pradesh,80,1385307.84,973587.95,5371546.05,228857.99,160969.56,321973.47,25101.1,702830.71
MSME038,Manufacturing MSME 38,2025-06-01,Manufacturing,Andhra Pradesh,80,1332607.93,940106.85,5637842.26,229977.89,155433.91,309724.95,25101.1,677729.61
MSME038,Manufacturing MSME 38,2025-07-01,Manufacturing,Andhra Pradesh,80,1267230.53,883765.85,5898692.33,231103.27,146118.69,294529.93,25101.1,652628.52
MSME038,Manufacturing MSME 38,2025-08-01,Manufacturing,Andhra Pradesh,80,1229040.69,861342.29,6130346.91,232234.16,142411.26,285653.84,25101.1,627527.42
MSME038,Manufacturing MSME 38,2025-09-01,Manufacturing,Andhra Pradesh,80,1216654.32,892302.91,6342066.35,233370.59,147530.18,282774.99,25101.1,602426.32
MSME038,Manufacturing MSME 38,2025-10-01,Manufacturing,Andhra Pradesh,80,1229306.89,861123.44,6590167.85,234512.57,142375.07,285715.71,25101.1,577325.23
MSME038,Manufacturing MSME 38,2025-11-01,Manufacturing,Andhra Pradesh,80,1280239.16,899245.5,6842278.38,235660.15,148678.04,297553.39,25101.1,552224.13
MSME038,Manufacturing MSME 38,2025-12-01,Manufacturing,Andhra Pradesh,80,1327230.38,928247.37,7134909.47,236813.34,153473.11,308475.1,25101.1,527123.03
MSME038,Manufacturing MSME 38,2026-01-01,Manufacturing,Andhra Pradesh,80,1395836.24,995236.73,7425896.13,237972.17,164548.89,324420.49,25101.1,502021.94
MSME038,Manufacturing MSME 38,2026-02-01,Manufacturing,Andhra Pradesh,80,1441369.36,1022515.82,7720855.77,239136.68,169059.11,335003.3,25101.1,476920.84
MSME038,Manufacturing MSME 38,2026-03-01,Manufacturing,Andhra Pradesh,80,1483971.48,1041070.2,8034557.81,240306.88,172126.83,344904.89,25101.1,451819.74
MSME038,Manufacturing MSME 38,2026-04-01,Manufacturing,Andhra Pradesh,80,1485722.43,1015418.07,8371363.94,241482.81,167885.6,345311.85,25101.1,426718.65
MSME038,Manufacturing MSME 38,2026-05-01,Manufacturing,Andhra Pradesh,80,1517406.81,1064371.08,8685701.54,242664.49,175979.31,352675.94,25101.1,401617.55
MSME038,Manufacturing MSME 38,2026-06-01,Manufacturing,Andhra Pradesh,80,1475643.43,1045586.35,8984619.07,243851.95,172873.51,342969.29,25101.1,376516.45
MSME038,Manufacturing MSME 38,2026-07-01,Manufacturing,Andhra Pradesh,80,1380584.55,990226.64,9247155.07,245045.23,163720.54,320875.69,25101.1,351415.36
MSME038,Manufacturing MSME 38,2026-08-01,Manufacturing,Andhra Pradesh,80,1309894.27,915808.59,9505285.93,246244.34,151416.52,304445.84,25101.1,326314.26
MSME038,Manufacturing MSME 38,2026-09-01,Manufacturing,Andhra Pradesh,80,1298381.79,939254.7,9761380.66,247449.33,155293.02,301770.11,25101.1,301213.16
MSME039,Manufacturing MSME 39,2023-10-01,Manufacturing,Gujarat,39,456755.69,345991.48,196048.39,109515.63,51319.62,75928.58,76851.51,3612021.17
MSME039,Manufacturing MSME 39,2023-11-01,Manufacturing,Gujarat,39,460871.0,344504.16,216630.83,110094.73,51099.01,76612.69,76851.51,3535169.65
MSME039,Manufacturing MSME 39,2023-12-01,Manufacturing,Gujarat,39,477059.3,361425.81,248707.3,110676.9,53608.93,79303.75,76851.51,3458318.14
MSME039,Manufacturing MSME 39,2024-01-01,Manufacturing,Gujarat,39,499832.34,385415.07,276964.56,111262.14,57167.17,83089.41,76851.51,3381466.63
MSME039,Manufacturing MSME 39,2024-02-01,Manufacturing,Gujarat,39,509694.65,384840.78,307649.59,111850.47,57081.99,84728.87,76851.51,3304615.11
MSME039,Manufacturing MSME 39,2024-03-01,Manufacturing,Gujarat,39,532365.21,402262.47,342059.44,112441.92,59666.08,88497.5,76851.51,3227763.6
MSME039,Manufacturing MSME 39,2024-04-01,Manufacturing,Gujarat,39,534503.0,396065.02,387841.41,113036.5,58746.84,88852.87,76851.51,3150912.08
MSME039,Manufacturing MSME 39,2024-05-01,Manufacturing,Gujarat,39,529209.51,405064.24,417136.52,113634.22,60081.66,87972.91,76851.51,3074060.57
MSME039,Manufacturing MSME 39,2024-06-01,Manufacturing,Gujarat,39,519669.83,396085.26,447340.89,114235.1,58749.84,86387.09,76851.51,2997209.06
MSME039,Manufacturing MSME 39,2024-07-01,Manufacturing,Gujarat,39,510149.64,378542.85,482424.27,114839.15,56147.84,84804.5,76851.51,2920357.54
MSME039,Manufacturing MSME 39,2024-08-01,Manufacturing,Gujarat,39,507197.64,378836.21,517196.93,115446.41,56191.35,84313.78,76851.51,2843506.03
MSME039,Manufacturing MSME 39,2024-09-01,Manufacturing,Gujarat,39,496985.05,367654.36,557606.83,116056.87,54532.79,82616.09,76851.51,2766654.51
MSME039,Manufacturing MSME 39,2024-10-01,Manufacturing,Gujarat,39,497573.76,369372.1,594890.66,116670.56,54787.58,82713.96,76851.51,2689803.0
MSME039,Manufacturing MSME 39,2024-11-01,Manufacturing,Gujarat,39,520355.71,396099.47,633279.59,117287.49,58751.95,86501.1,76851.51,2612951.48
MSME039,Manufacturing MSME 39,2024-12-01,Manufacturing,Gujarat,39,539714.94,403734.46,673502.63,117907.69,59884.42,89719.28,76851.51,2536099.97
MSME039,Manufacturing MSME 39,2025-01-01,Manufacturing,Gujarat,39,565146.55,422242.54,722453.41,118531.17,62629.65,93946.89,76851.51,2459248.46
MSME039,Manufacturing MSME 39,2025-02-01,Manufacturing,Gujarat,39,602493.97,466475.91,763803.98,119157.94,69190.62,100155.32,76851.51,2382396.94
MSME039,Manufacturing MSME 39,2025-03-01,Manufacturing,Gujarat,39,608658.35,450696.66,820357.34,119788.03,66850.15,101180.06,76851.51,2305545.43
MSME039,Manufacturing MSME 39,2025-04-01,Manufacturing,Gujarat,39,613138.53,458665.82,874429.26,120421.45,68032.18,101924.82,76851.51,2228693.91
MSME039,Manufacturing MSME 39,2025-05-01,Manufacturing,Gujarat,39,603567.0,436200.57,935435.92,121058.22,64699.99,100333.7,76851.51,2151842.4
MSME039,Manufacturing MSME 39,2025-06-01,Manufacturing,Gujarat,39,592122.31,440929.4,981828.88,121698.36,65401.4,98431.19,76851.51,2074990.88
MSME039,Manufacturing MSME 39,2025-07-01,Manufacturing,Gujarat,39,558504.98,418696.47,1027133.46,122341.88,62103.68,92842.83,76851.51,1998139.37
MSME039,Manufacturing MSME 39,2025-08-01,Manufacturing,Gujarat,39,526989.29,396209.1,1066396.53,122988.81,58768.21,87603.84,76851.51,1921287.86
MSME039,Manufacturing MSME 39,2025-09-01,Manufacturing,Gujarat,39,543771.07,388490.14,1112914.77,123639.15,57623.28,90393.55,76851.51,1844436.34
MSME039,Manufacturing MSME 39,2025-10-01,Manufacturing,Gujarat,39,549851.42,406468.75,1159837.44,124292.94,60289.99,91404.31,76851.51,1767584.83
MSME039,Manufacturing MSME 39,2025-11-01,Manufacturing,Gujarat,39,570095.93,412940.31,1215175.56,124950.18,61249.89,94769.65,76851.51,1690733.31
MSME039,Manufacturing MSME 39,2025-12-01,Manufacturing,Gujarat,39,580253.71,441488.54,1269761.29,125610.89,65484.34,96458.22,76851.51,1613881.8
MSME039,Manufacturing MSME 39,2026-01-01,Manufacturing,Gujarat,39,617404.25,452024.69,1336131.09,126275.11,67047.13,102633.93,76851.51,1537030.28
MSME039,Manufacturing MSME 39,2026-02-01,Manufacturing,Gujarat,39,656470.21,490360.46,1403565.97,126942.83,72733.33,109128.04,76851.51,1460178.77
MSME039,Manufacturing MSME 39,2026-03-01,Manufacturing,Gujarat,39,672292.69,509174.43,1468959.91,127614.08,75523.93,111758.28,76851.51,1383327.26
MSME039,Manufacturing MSME 39,2026-04-01,Manufacturing,Gujarat,39,669813.72,492359.9,1538853.68,128288.89,73029.9,111346.19,76851.51,1306475.74
MSME039,Manufacturing MSME 39,2026-05-01,Manufacturing,Gujarat,39,674309.14,498473.51,1603138.39,128967.26,73936.71,112093.49,76851.51,1229624.23
MSME039,Manufacturing MSME 39,2026-06-01,Manufacturing,Gujarat,39,659611.25,487966.45,1670712.82,129649.22,72378.23,109650.19,76851.51,1152772.71
MSME039,Manufacturing MSME 39,2026-07-01,Manufacturing,Gujarat,39,631544.25,452330.04,1740568.64,130334.78,67092.42,104984.48,76851.51,1075921.2
MSME039,Manufacturing MSME 39,2026-08-01,Manufacturing,Gujarat,39,609710.29,445162.19,1805362.15,131023.97,66029.24,101354.92,76851.51,999069.69
MSME039,Manufacturing MSME 39,2026-09-01,Manufacturing,Gujarat,39,614833.23,457530.03,1864761.5,131716.8,67863.71,102206.53,76851.51,922218.17
MSME040,Manufacturing MSME 40,2023-10-01,Manufacturing,Telangana,78,768214.28,536667.01,533465.52,169498.85,96852.76,198310.16,48031.54,2257482.18
MSME040,Manufacturing MSME 40,2023-11-01,Manufacturing,Telangana,78,796184.13,541319.12,689885.18,170073.13,97692.33,205530.42,48031.54,2209450.64
MSME040,Manufacturing MSME 40,2023-12-01,Manufacturing,Telangana,78,823155.73,557712.28,850611.45,170649.36,100650.81,212492.98,48031.54,2161419.1
MSME040,Manufacturing MSME 40,2024-01-01,Manufacturing,Telangana,78,864558.87,589620.17,1030114.15,171227.54,106409.26,223180.96,48031.54,2113387.57
MSME040,Manufacturing MSME 40,2024-02-01,Manufacturing,Telangana,78,886494.94,627888.95,1194468.46,171807.68,113315.66,228843.64,48031.54,2065356.03
MSME040,Manufacturing MSME 40,2024-03-01,Manufacturing,Telangana,78,926821.16,662960.6,1362958.21,172389.79,119645.07,239253.62,48031.54,2017324.5
MSME040,Manufacturing MSME 40,2024-04-01,Manufacturing,Telangana,78,918629.14,637888.2,1531560.18,172973.86,115120.23,237138.9,48031.54,1969292.96
MSME040,Manufacturing MSME 40,2024-05-01,Manufacturing,Telangana,78,911113.24,659303.83,1683123.12,173559.92,118985.13,235198.71,48031.54,1921261.43
MSME040,Manufacturing MSME 40,2024-06-01,Manufacturing,Telangana,78,862423.87,610031.49,1839176.79,174147.96,110092.91,222629.83,48031.54,1873229.89
MSME040,Manufacturing MSME 40,2024-07-01,Manufacturing,Telangana,78,821877.82,581884.58,1976314.25,174738.0,105013.21,212163.09,48031.54,1825198.35
MSME040,Manufacturing MSME 40,2024-08-01,Manufacturing,Telangana,78,789188.76,539538.28,2118755.89,175330.03,97370.94,203724.6,48031.54,1777166.82
MSME040,Manufacturing MSME 40,2024-09-01,Manufacturing,Telangana,78,781422.03,540419.06,2262040.22,175924.07,97529.89,201719.66,48031.54,1729135.28
MSME040,Manufacturing MSME 40,2024-10-01,Manufacturing,Telangana,78,794875.06,549876.88,2410939.14,176520.12,99236.75,205192.49,48031.54,1681103.75
MSME040,Manufacturing MSME 40,2024-11-01,Manufacturing,Telangana,78,817407.55,586686.68,2560406.61,177118.19,105879.85,211009.12,48031.54,1633072.21
MSME040,Manufacturing MSME 40,2024-12-01,Manufacturing,Telangana,78,855438.47,585282.75,2723854.68,177718.29,105626.48,220826.59,48031.54,1585040.68
MSME040,Manufacturing MSME 40,2025-01-01,Manufacturing,Telangana,78,872499.89,617356.54,2889234.25,178320.42,111414.87,225230.9,48031.54,1537009.14
MSME040,Manufacturing MSME 40,2025-02-01,Manufacturing,Telangana,78,868246.83,627475.27,3050338.98,178924.59,113241.0,224132.99,48031.54,1488977.6
MSME040,Manufacturing MSME 40,2025-03-01,Manufacturing,Telangana,78,866978.12,596721.73,3217906.79,179530.81,107690.88,223805.48,48031.54,1440946.07
MSME040,Manufacturing MSME 40,2025-04-01,Manufacturing,Telangana,78,853261.96,584612.89,3392579.92,180139.08,105505.59,220264.73,48031.54,1392914.53
MSME040,Manufacturing MSME 40,2025-05-01,Manufacturing,Telangana,78,845704.4,608713.45,3539591.44,180749.42,109855.04,218313.79,48031.54,1344883.0
MSME040,Manufacturing MSME 40,2025-06-01,Manufacturing,Telangana,78,801188.99,556030.02,3681727.07,181361.82,100347.22,206822.39,48031.54,1296851.46
MSME040,Manufacturing MSME 40,2025-07-01,Manufacturing,Telangana,78,781411.95,554739.45,3818267.11,181976.29,100114.31,201717.06,48031.54,1248819.93
MSME040,Manufacturing MSME 40,2025-08-01,Manufacturing,Telangana,78,754370.89,523632.5,3950026.81,182592.85,94500.41,194736.56,48031.54,1200788.39
MSME040,Manufacturing MSME 40,2025-09-01,Manufacturing,Telangana,78,759120.6,532686.66,4080571.95,183211.5,96134.42,195962.67,48031.54,1152756.86
MSME040,Manufacturing MSME 40,2025-10-01,Manufacturing,Telangana,78,787502.5,562030.03,4218373.27,183832.24,101430.04,203289.3,48031.54,1104725.32
MSME040,Manufacturing MSME 40,2025-11-01,Manufacturing,Telangana,78,801231.99,560683.72,4364812.67,184455.09,101187.07,206833.49,48031.54,1056693.78
MSME040,Manufacturing MSME 40,2025-12-01,Manufacturing,Telangana,78,847622.72,578301.62,4531244.46,185080.04,104366.59,218808.99,48031.54,1008662.25
MSME040,Manufacturing MSME 40,2026-01-01,Manufacturing,Telangana,78,876367.4,632744.38,4695163.76,185707.12,114191.92,226229.27,48031.54,960630.71
MSME040,Manufacturing MSME 40,2026-02-01,Manufacturing,Telangana,78,903763.12,627745.52,4871971.72,186336.31,113289.77,233301.32,48031.54,912599.18
MSME040,Manufacturing MSME 40,2026-03-01,Manufacturing,Telangana,78,929272.1,662997.08,5040820.31,186967.64,119651.65,239886.32,48031.54,864567.64
MSME040,Manufacturing MSME 40,2026-04-01,Manufacturing,Telangana,78,932291.19,660742.09,5213252.31,187601.11,119244.69,240665.68,48031.54,816536.11
MSME040,Manufacturing MSME 40,2026-05-01,Manufacturing,Telangana,78,914002.38,626386.75,5392611.3,188236.73,113044.56,235944.53,48031.54,768504.57
MSME040,Manufacturing MSME 40,2026-06-01,Manufacturing,Telangana,78,902117.09,647830.81,5561340.27,188874.5,116914.58,232876.41,48031.54,720473.03
MSME040,Manufacturing MSME 40,2026-07-01,Manufacturing,Telangana,78,866079.24,614453.93,5705547.99,189514.43,110891.03,223573.44,48031.54,672441.5
MSME040,Manufacturing MSME 40,2026-08-01,Manufacturing,Telangana,78,828164.37,557603.23,5865556.76,190156.53,100631.13,213785.93,48031.54,624409.96
MSME040,Manufacturing MSME 40,2026-09-01,Manufacturing,Telangana,78,802411.01,548742.31,6029727.55,190800.8,99032.0,207137.85,48031.54,576378.43
MSME041,Manufacturing MSME 41,2023-10-01,Manufacturing,Karnataka,38,1194624.43,807365.34,608350.07,276907.11,157600.27,206555.41,77204.37,3628605.42
MSME041,Manufacturing MSME 41,2023-11-01,Manufacturing,Karnataka,38,1245235.25,853820.28,847856.12,278520.36,166668.43,215306.22,77204.37,3551401.05
MSME041,Manufacturing MSME 41,2023-12-01,Manufacturing,Karnataka,38,1324061.3,941098.12,1100742.21,280143.01,183705.34,228935.57,77204.37,3474196.68
MSME041,Manufacturing MSME 41,2024-01-01,Manufacturing,Karnataka,38,1363966.88,966022.5,1339882.47,281775.11,188570.65,235835.4,77204.37,3396992.31
MSME041,Manufacturing MSME 41,2024-02-01,Manufacturing,Karnataka,38,1414859.34,1015845.01,1592107.68,283416.72,198296.17,244634.92,77204.37,3319787.94
MSME041,Manufacturing MSME 41,2024-03-01,Manufacturing,Karnataka,38,1467950.35,1013498.61,1879093.17,285067.9,197838.14,253814.57,77204.37,3242583.57
MSME041,Manufacturing MSME 41,2024-04-01,Manufacturing,Karnataka,38,1508686.98,1063734.92,2177310.06,286728.69,207644.43,260858.1,77204.37,3165379.2
MSME041,Manufacturing MSME 41,2024-05-01,Manufacturing,Karnataka,38,1452106.64,1024002.86,2434482.58,288399.16,199888.6,251075.12,77204.37,3088174.83
MSME041,Manufacturing MSME 41,2024-06-01,Manufacturing,Karnataka,38,1422496.34,1016352.12,2675676.47,290079.36,198395.16,245955.38,77204.37,3010970.45
MSME041,Manufacturing MSME 41,2024-07-01,Manufacturing,Karnataka,38,1353039.48,959948.14,2900067.37,291769.35,187384.92,233946.01,77204.37,2933766.08
MSME041,Manufacturing MSME 41,2024-08-01,Manufacturing,Karnataka,38,1311671.04,925406.23,3118844.41,293469.19,180642.23,226793.24,77204.37,2856561.71
MSME041,Manufacturing MSME 41,2024-09-01,Manufacturing,Karnataka,38,1315255.18,918761.93,3359144.17,295178.93,179345.24,227412.95,77204.37,2779357.34
MSME041,Manufacturing MSME 41,2024-10-01,Manufacturing,Karnataka,38,1305591.24,943149.21,3578346.17,296898.63,184105.72,225742.02,77204.37,2702152.97
MSME041,Manufacturing MSME 41,2024-11-01,Manufacturing,Karnataka,38,1349617.46,950633.16,3814661.79,298628.35,185566.61,233354.33,77204.37,2624948.6
MSME041,Manufacturing MSME 41,2024-12-01,Manufacturing,Karnataka,38,1418147.3,992013.86,4082078.31,300368.15,193644.25,245203.42,77204.37,2547744.23
MSME041,Manufacturing MSME 41,2025-01-01,Manufacturing,Karnataka,38,1478328.26,1059872.18,4347526.25,302118.08,206890.41,255608.95,77204.37,2470539.86
MSME041,Manufacturing MSME 41,2025-02-01,Manufacturing,Karnataka,38,1531962.81,1100808.36,4628691.35,303878.21,214881.28,264882.58,77204.37,2393335.49
MSME041,Manufacturing MSME 41,2025-03-01,Manufacturing,Karnataka,38,1566023.05,1124733.36,4934532.27,305648.59,219551.52,270771.73,77204.37,2316131.12
MSME041,Manufacturing MSME 41,2025-04-01,Manufacturing,Karnataka,38,1565532.74,1103673.56,5220300.03,307429.28,215440.58,270686.96,77204.37,2238926.75
MSME041,Manufacturing MSME 41,2025-05-01,Manufacturing,Karnataka,38,1513485.67,1061660.16,5505935.22,309220.35,207239.43,261687.81,77204.37,2161722.38
MSME041,Manufacturing MSME 41,2025-06-01,Manufacturing,Karnataka,38,1453408.83,1050165.43,5762538.35,311021.86,204995.62,251300.28,77204.37,2084518.01
MSME041,Manufacturing MSME 41,2025-07-01,Manufacturing,Karnataka,38,1380257.44,968791.6,6011142.87,312833.86,189111.19,238652.11,77204.37,2007313.64
MSME041,Manufacturing MSME 41,2025-08-01,Manufacturing,Karnataka,38,1329806.46,952746.64,6225562.73,314656.42,185979.16,229928.93,77204.37,1930109.27
MSME041,Manufacturing MSME 41,2025-09-01,Manufacturing,Karnataka,38,1310151.99,941938.57,6447825.52,316489.59,183869.39,226530.59,77204.37,1852904.9
MSME041,Manufacturing MSME 41,2025-10-01,Manufacturing,Karnataka,38,1290917.83,898520.09,6685303.31,318333.45,175393.97,223204.93,77204.37,1775700.52
MSME041,Manufacturing MSME 41,2025-11-01,Manufacturing,Karnataka,38,1313055.45,919209.62,6924895.8,320188.04,179432.63,227032.61,77204.37,1698496.15
MSME041,Manufacturing MSME 41,2025-12-01,Manufacturing,Karnataka,38,1370043.84,988365.49,7169823.07,322053.45,192932.08,236886.13,77204.37,1621291.78
MSME041,Manufacturing MSME 41,2026-01-01,Manufacturing,Karnataka,38,1435726.55,981309.49,7484374.97,323929.72,191554.72,248242.94,77204.37,1544087.41
MSME041,Manufacturing MSME 41,2026-02-01,Manufacturing,Karnataka,38,1485751.01,1049542.6,7789383.59,325816.92,204874.04,256892.37,77204.37,1466883.04
MSME041,Manufacturing MSME 41,2026-03-01,Manufacturing,Karnataka,38,1540712.95,1050716.4,8129596.9,327715.11,205103.17,266395.51,77204.37,1389678.67
MSME041,Manufacturing MSME 41,2026-04-01,Manufacturing,Karnataka,38,1558233.32,1081382.32,8436282.46,329624.37,211089.26,269424.86,77204.37,1312474.3
MSME041,Manufacturing MSME 41,2026-05-01,Manufacturing,Karnataka,38,1558414.86,1085224.55,8732456.77,331544.75,211839.27,269456.25,77204.37,1235269.93
MSME041,Manufacturing MSME 41,2026-06-01,Manufacturing,Karnataka,38,1495159.89,1084990.8,8984649.46,333476.31,211793.64,258519.21,77204.37,1158065.56
MSME041,Manufacturing MSME 41,2026-07-01,Manufacturing,Karnataka,38,1413617.31,968857.29,9247708.52,335419.13,189124.01,244420.16,77204.37,1080861.19
MSME041,Manufacturing MSME 41,2026-08-01,Manufacturing,Karnataka,38,1387490.32,972784.34,9497299.66,337373.27,189890.59,239902.7,77204.37,1003656.82
MSME041,Manufacturing MSME 41,2026-09-01,Manufacturing,Karnataka,38,1357653.06,943405.98,9766358.11,339338.79,184155.84,234743.72,77204.37,926452.45
MSME042,Manufacturing MSME 42,2023-10-01,Manufacturing,Kerala,87,844039.19,583854.0,556387.38,209725.34,91573.84,141169.05,20641.86,970167.31
MSME042,Manufacturing MSME 42,2023-11-01,Manufacturing,Kerala,87,846426.61,588347.46,732796.37,210561.57,92278.62,141568.35,20641.86,949525.45
MSME042,Manufacturing MSME 42,2023-12-01,Manufacturing,Kerala,87,882700.41,643400.96,900900.4,211401.13,100913.41,147635.3,20641.86,928883.6
MSME042,Manufacturing MSME 42,2024-01-01,Manufacturing,Kerala,87,935424.76,655734.21,1095127.87,212244.04,102847.81,156453.66,20641.86,908241.74
MSME042,Manufacturing MSME 42,2024-02-01,Manufacturing,Kerala,87,967843.86,654961.09,1304847.27,213090.31,102726.55,161875.89,20641.86,887599.88
MSME042,Manufacturing MSME 42,2024-03-01,Manufacturing,Kerala,87,996511.99,679401.5,1531964.65,213939.95,106559.87,166670.76,20641.86,866958.02
MSME042,Manufacturing MSME 42,2024-04-01,Manufacturing,Kerala,87,996590.8,685654.76,1743157.93,214792.98,107540.66,166683.94,20641.86,846316.17
MSME042,Manufacturing MSME 42,2024-05-01,Manufacturing,Kerala,87,965877.86,688078.59,1932437.49,215649.42,107920.82,161547.07,20641.86,825674.31
MSME042,Manufacturing MSME 42,2024-06-01,Manufacturing,Kerala,87,944879.14,659746.49,2125169.54,216509.27,103477.11,158034.95,20641.86,805032.45
MSME042,Manufacturing MSME 42,2024-07-01,Manufacturing,Kerala,87,938648.56,648766.77,2327605.66,217372.54,101755.01,156992.86,20641.86,784390.59
MSME042,Manufacturing MSME 42,2024-08-01,Manufacturing,Kerala,87,920493.52,650731.14,2512538.65,218239.26,102063.11,153956.35,20641.86,763748.74
MSME042,Manufacturing MSME 42,2024-09-01,Manufacturing,Kerala,87,920013.84,662671.09,2694807.44,219109.44,103935.81,153876.12,20641.86,743106.88
MSME042,Manufacturing MSME 42,2024-10-01,Manufacturing,Kerala,87,916232.76,635837.42,2875560.88,219983.08,99727.12,153243.72,20641.86,722465.02
MSME042,Manufacturing MSME 42,2024-11-01,Manufacturing,Kerala,87,924847.46,663538.62,3075809.57,220860.21,104071.88,154684.57,20641.86,701823.16
MSME042,Manufacturing MSME 42,2024-12-01,Manufacturing,Kerala,87,954000.4,667458.68,3275183.84,221740.83,104686.72,159560.52,20641.86,681181.3
MSME042,Manufacturing MSME 42,2025-01-01,Manufacturing,Kerala,87,969470.14,684781.36,3475295.44,222624.97,107403.67,162147.9,20641.86,660539.45
MSME042,Manufacturing MSME 42,2025-02-01,Manufacturing,Kerala,87,1000933.54,688031.21,3688417.9,223512.63,107913.39,167410.28,20641.86,639897.59
MSME042,Manufacturing MSME 42,2025-03-01,Manufacturing,Kerala,87,1032611.82,746598.96,3887365.41,224403.83,117099.37,172708.6,20641.86,619255.73
MSME042,Manufacturing MSME 42,2025-04-01,Manufacturing,Kerala,87,1028162.11,722987.1,4090869.42,225298.59,113396.0,171964.37,20641.86,598613.87
MSME042,Manufacturing MSME 42,2025-05-01,Manufacturing,Kerala,87,1017192.84,710007.06,4306311.83,226196.91,111360.16,170129.71,20641.86,577972.02
MSME042,Manufacturing MSME 42,2025-06-01,Manufacturing,Kerala,87,1002834.54,684857.26,4529426.57,227098.81,107415.57,167728.23,20641.86,557330.16
MSME042,Manufacturing MSME 42,2025-07-01,Manufacturing,Kerala,87,981973.51,674260.17,4735699.39,228004.32,105753.49,164239.14,20641.86,536688.3
MSME042,Manufacturing MSME 42,2025-08-01,Manufacturing,Kerala,87,948927.27,672001.47,4925689.05,228913.43,105399.22,158712.02,20641.86,516046.44
MSME042,Manufacturing MSME 42,2025-09-01,Manufacturing,Kerala,87,917668.71,633509.15,5123898.22,229826.16,99361.95,153483.89,20641.86,495404.59
MSME042,Manufacturing MSME 42,2025-10-01,Manufacturing,Kerala,87,922106.34,632656.1,5311428.96,230742.54,99228.15,154226.1,20641.86,474762.73
MSME042,Manufacturing MSME 42,2025-11-01,Manufacturing,Kerala,87,929759.9,664267.54,5513890.78,231662.56,104186.21,155506.19,20641.86,454120.87
MSME042,Manufacturing MSME 42,2025-12-01,Manufacturing,Kerala,87,964191.47,672711.38,5696916.26,232586.26,105510.57,161265.02,20641.86,433479.01
MSME042,Manufacturing MSME 42,2026-01-01,Manufacturing,Kerala,87,1009593.92,704230.84,5920773.51,233513.64,110454.2,168858.76,20641.86,412837.15
MSME042,Manufacturing MSME 42,2026-02-01,Manufacturing,Kerala,87,1030712.67,734931.34,6127835.27,234444.72,115269.38,172390.96,20641.86,392195.3
MSME042,Manufacturing MSME 42,2026-03-01,Manufacturing,Kerala,87,1058369.17,736300.36,6361961.52,235379.51,115484.1,177016.63,20641.86,371553.44
MSME042,Manufacturing MSME 42,2026-04-01,Manufacturing,Kerala,87,1065594.41,755436.44,6591822.56,236318.03,118485.48,178225.08,20641.86,350911.58
MSME042,Manufacturing MSME 42,2026-05-01,Manufacturing,Kerala,87,1070424.93,755110.65,6827239.49,237260.29,118434.38,179033.0,20641.86,330269.72
MSME042,Manufacturing MSME 42,2026-06-01,Manufacturing,Kerala,87,1035802.07,723534.17,7058000.86,238206.3,113481.81,173242.19,20641.86,309627.87
MSME042,Manufacturing MSME 42,2026-07-01,Manufacturing,Kerala,87,997968.86,691276.99,7272440.58,239156.09,108422.47,166914.42,20641.86,288986.01
MSME042,Manufacturing MSME 42,2026-08-01,Manufacturing,Kerala,87,971563.59,674521.7,7480418.64,240109.67,105794.51,162498.03,20641.86,268344.15
MSME042,Manufacturing MSME 42,2026-09-01,Manufacturing,Kerala,87,946207.02,662037.45,7670867.11,241067.04,103836.43,158257.04,20641.86,247702.29
MSME043,Manufacturing MSME 43,2023-10-01,Manufacturing,Andhra Pradesh,60,630715.35,433082.15,400037.78,135370.47,45926.78,177941.82,67365.34,3166170.79
MSME043,Manufacturing MSME 43,2023-11-01,Manufacturing,Andhra Pradesh,60,628964.1,423413.32,496359.73,135842.67,44901.44,177447.74,67365.34,3098805.45
MSME043,Manufacturing MSME 43,2023-12-01,Manufacturing,Andhra Pradesh,60,647882.23,441007.54,601674.03,136316.52,46767.24,182785.06,67365.34,3031440.12
MSME043,Manufacturing MSME 43,2024-01-01,Manufacturing,Andhra Pradesh,60,672875.82,473939.41,703629.41,136792.01,50259.55,189836.42,67365.34,2964074.78
MSME043,Manufacturing MSME 43,2024-02-01,Manufacturing,Andhra Pradesh,60,698085.22,477017.34,821200.36,137269.17,50585.95,196948.67,67365.34,2896709.44
MSME043,Manufacturing MSME 43,2024-03-01,Manufacturing,Andhra Pradesh,60,725513.63,492351.58,955499.82,137747.99,52212.09,204686.97,67365.34,2829344.11
MSME043,Manufacturing MSME 43,2024-04-01,Manufacturing,Andhra Pradesh,60,729522.05,481477.12,1105163.75,138228.48,51058.9,205817.85,67365.34,2761978.77
MSME043,Manufacturing MSME 43,2024-05-01,Manufacturing,Andhra Pradesh,60,722455.01,513246.35,1228755.2,138710.65,54427.91,203824.05,67365.34,2694613.44
MSME043,Manufacturing MSME 43,2024-06-01,Manufacturing,Andhra Pradesh,60,729340.03,505257.7,1357122.17,139194.5,53580.74,205766.5,67365.34,2627248.1
MSME043,Manufacturing MSME 43,2024-07-01,Manufacturing,Andhra Pradesh,60,696922.04,477359.89,1477413.68,139680.04,50622.28,196620.51,67365.34,2559882.77
MSME043,Manufacturing MSME 43,2024-08-01,Manufacturing,Andhra Pradesh,60,668727.24,451671.16,1591698.0,140167.27,47898.08,188666.0,67365.34,2492517.43
MSME043,Manufacturing MSME 43,2024-09-01,Manufacturing,Andhra Pradesh,60,638865.32,425609.25,1701711.97,140656.2,45134.31,180241.14,67365.34,2425152.09
MSME043,Manufacturing MSME 43,2024-10-01,Manufacturing,Andhra Pradesh,60,645235.54,442818.4,1812430.11,141146.83,46959.28,182038.35,67365.34,2357786.76
MSME043,Manufacturing MSME 43,2024-11-01,Manufacturing,Andhra Pradesh,60,671193.37,463769.8,1927413.04,141639.18,49181.1,189361.76,67365.34,2290421.42
MSME043,Manufacturing MSME 43,2024-12-01,Manufacturing,Andhra Pradesh,60,706628.91,486284.64,2039868.41,142133.25,51568.71,199359.08,67365.34,2223056.09
MSME043,Manufacturing MSME 43,2025-01-01,Manufacturing,Andhra Pradesh,60,734451.55,499421.75,2184193.78,142629.03,52961.86,207208.6,67365.34,2155690.75
MSME043,Manufacturing MSME 43,2025-02-01,Manufacturing,Andhra Pradesh,60,746217.22,522797.0,2304628.32,143126.55,55440.72,210528.01,67365.34,2088325.41
MSME043,Manufacturing MSME 43,2025-03-01,Manufacturing,Andhra Pradesh,60,761324.63,517581.82,2447843.1,143625.8,54887.67,214790.22,67365.34,2020960.08
MSME043,Manufacturing MSME 43,2025-04-01,Manufacturing,Andhra Pradesh,60,771941.94,537511.48,2583774.01,144126.8,57001.13,217785.65,67365.34,1953594.74
MSME043,Manufacturing MSME 43,2025-05-01,Manufacturing,Andhra Pradesh,60,758998.34,534272.76,2702073.44,144629.54,56657.68,214133.91,67365.34,1886229.41
MSME043,Manufacturing MSME 43,2025-06-01,Manufacturing,Andhra Pradesh,60,735517.93,493264.38,2838224.2,145134.03,52308.89,207509.45,67365.34,1818864.07
MSME043,Manufacturing MSME 43,2025-07-01,Manufacturing,Andhra Pradesh,60,701782.61,480325.21,2958394.19,145640.29,50936.74,197991.81,67365.34,1751498.73
MSME043,Manufacturing MSME 43,2025-08-01,Manufacturing,Andhra Pradesh,60,675410.52,460409.18,3062887.34,146148.31,48824.72,190551.53,67365.34,1684133.4
MSME043,Manufacturing MSME 43,2025-09-01,Manufacturing,Andhra Pradesh,60,668970.18,453729.19,3179745.52,146658.1,48116.33,188734.54,67365.34,1616768.06
MSME043,Manufacturing MSME 43,2025-10-01,Manufacturing,Andhra Pradesh,60,683223.12,458804.97,3301617.06,147169.68,48654.6,192755.68,67365.34,1549402.73
MSME043,Manufacturing MSME 43,2025-11-01,Manufacturing,Andhra Pradesh,60,692132.67,483584.47,3408539.01,147683.03,51282.37,195269.3,67365.34,1482037.39
MSME043,Manufacturing MSME 43,2025-12-01,Manufacturing,Andhra Pradesh,60,713875.05,487396.7,3528983.7,148198.18,51686.64,201403.41,67365.34,1414672.05
MSME043,Manufacturing MSME 43,2026-01-01,Manufacturing,Andhra Pradesh,60,727365.99,501546.33,3654090.0,148715.12,53187.16,205209.57,67365.34,1347306.72
MSME043,Manufacturing MSME 43,2026-02-01,Manufacturing,Andhra Pradesh,60,757218.18,521458.49,3786621.34,149233.87,55298.77,213631.68,67365.34,1279941.38
MSME043,Manufacturing MSME 43,2026-03-01,Manufacturing,Andhra Pradesh,60,785047.33,539394.04,3929308.76,149754.43,57200.77,221483.03,67365.34,1212576.05
MSME043,Manufacturing MSME 43,2026-04-01,Manufacturing,Andhra Pradesh,60,792507.12,558147.79,4072954.6,150276.8,59189.54,223587.64,67365.34,1145210.71
MSME043,Manufacturing MSME 43,2026-05-01,Manufacturing,Andhra Pradesh,60,772459.68,523242.61,4215985.97,150800.99,55487.97,217931.72,67365.34,1077845.37
MSME043,Manufacturing MSME 43,2026-06-01,Manufacturing,Andhra Pradesh,60,737225.57,515212.65,4334253.45,151327.01,54636.42,207991.22,67365.34,1010480.04
MSME043,Manufacturing MSME 43,2026-07-01,Manufacturing,Andhra Pradesh,60,717206.39,492245.32,4450727.63,151854.87,52200.82,202343.27,67365.34,943114.7
MSME043,Manufacturing MSME 43,2026-08-01,Manufacturing,Andhra Pradesh,60,693448.56,473601.65,4567212.36,152384.57,50223.73,195640.55,67365.34,875749.37
MSME043,Manufacturing MSME 43,2026-09-01,Manufacturing,Andhra Pradesh,60,656647.75,440401.74,4682827.36,152916.12,46703.0,185258.05,67365.34,808384.03
MSME044,Manufacturing MSME 44,2023-10-01,Manufacturing,Andhra Pradesh,63,463880.03,321171.43,256694.84,93618.48,46667.05,119629.07,83014.05,3901660.24
MSME044,Manufacturing MSME 44,2023-11-01,Manufacturing,Andhra Pradesh,63,471293.63,323251.34,305602.17,94021.8,46969.26,121540.95,83014.05,3818646.19
MSME044,Manufacturing MSME 44,2023-12-01,Manufacturing,Andhra Pradesh,63,486289.1,329557.9,362108.49,94426.86,47885.62,125408.1,83014.05,3735632.14
MSME044,Manufacturing MSME 44,2024-01-01,Manufacturing,Andhra Pradesh,63,505362.8,351791.9,418522.11,94833.67,51116.28,130326.97,83014.05,3652618.09
MSME044,Manufacturing MSME 44,2024-02-01,Manufacturing,Andhra Pradesh,63,529336.18,365688.85,479114.38,95242.23,53135.54,136509.42,83014.05,3569604.05
MSME044,Manufacturing MSME 44,2024-03-01,Manufacturing,Andhra Pradesh,63,537320.59,372883.34,544242.51,95652.54,54180.92,138568.51,83014.05,3486590.0
MSME044,Manufacturing MSME 44,2024-04-01,Manufacturing,Andhra Pradesh,63,531730.16,358279.98,608621.5,96064.63,52059.02,137126.8,83014.05,3403575.95
MSME044,Manufacturing MSME 44,2024-05-01,Manufacturing,Andhra Pradesh,63,516677.74,351654.03,678046.83,96478.49,51096.25,133244.96,83014.05,3320561.9
MSME044,Manufacturing MSME 44,2024-06-01,Manufacturing,Andhra Pradesh,63,497797.63,344050.6,721918.88,96894.13,49991.45,128376.01,83014.05,3237547.86
MSME044,Manufacturing MSME 44,2024-07-01,Manufacturing,Andhra Pradesh,63,493933.41,357144.22,761364.22,97311.57,51893.99,127379.47,83014.05,3154533.81
MSME044,Manufacturing MSME 44,2024-08-01,Manufacturing,Andhra Pradesh,63,473625.17,327064.24,809332.84,97730.8,47523.29,122142.22,83014.05,3071519.76
MSME044,Manufacturing MSME 44,2024-09-01,Manufacturing,Andhra Pradesh,63,465261.54,317681.23,856217.27,98151.84,46159.91,119985.34,83014.05,2988505.71
MSME044,Manufacturing MSME 44,2024-10-01,Manufacturing,Andhra Pradesh,63,458897.57,309286.63,903239.78,98574.69,44940.15,118344.15,83014.05,2905491.67
MSME044,Manufacturing MSME 44,2024-11-01,Manufacturing,Andhra Pradesh,63,469019.76,323135.26,959500.56,98999.37,46952.4,120954.54,83014.05,2822477.62
MSME044,Manufacturing MSME 44,2024-12-01,Manufacturing,Andhra Pradesh,63,491467.13,331991.89,1016305.6,99425.87,48239.29,126743.45,83014.05,2739463.57
MSME044,Manufacturing MSME 44,2025-01-01,Manufacturing,Andhra Pradesh,63,511153.45,344041.47,1079706.93,99854.21,49990.12,131820.31,83014.05,2656449.52
MSME044,Manufacturing MSME 44,2025-02-01,Manufacturing,Andhra Pradesh,63,542863.0,388461.84,1142015.36,100284.4,56444.52,139997.83,83014.05,2573435.48
MSME044,Manufacturing MSME 44,2025-03-01,Manufacturing,Andhra Pradesh,63,545745.78,382685.89,1198338.93,100716.44,55605.26,140741.26,83014.05,2490421.43
MSME044,Manufacturing MSME 44,2025-04-01,Manufacturing,Andhra Pradesh,63,545602.55,375452.74,1267604.47,101150.34,54554.26,140704.32,83014.05,2407407.38
MSME044,Manufacturing MSME 44,2025-05-01,Manufacturing,Andhra Pradesh,63,530572.28,379121.78,1325668.65,101586.11,55087.38,136828.2,83014.05,2324393.33
MSME044,Manufacturing MSME 44,2025-06-01,Manufacturing,Andhra Pradesh,63,506471.48,351349.46,1377567.08,102023.76,51051.99,130612.89,83014.05,2241379.28
MSME044,Manufacturing MSME 44,2025-07-01,Manufacturing,Andhra Pradesh,63,494039.63,351622.93,1421666.16,102463.3,51091.73,127406.87,83014.05,2158365.24
MSME044,Manufacturing MSME 44,2025-08-01,Manufacturing,Andhra Pradesh,63,480188.43,328615.68,1463859.64,102904.72,47748.72,123834.81,83014.05,2075351.19
MSME044,Manufacturing MSME 44,2025-09-01,Manufacturing,Andhra Pradesh,63,469414.78,327054.21,1506469.83,103348.05,47521.83,121056.41,83014.05,1992337.14
MSME044,Manufacturing MSME 44,2025-10-01,Manufacturing,Andhra Pradesh,63,482003.51,340870.58,1547440.71,103793.29,49529.39,124302.9,83014.05,1909323.09
MSME044,Manufacturing MSME 44,2025-11-01,Manufacturing,Andhra Pradesh,63,497039.38,330990.03,1607208.4,104240.45,48093.72,128180.47,83014.05,1826309.05
MSME044,Manufacturing MSME 44,2025-12-01,Manufacturing,Andhra Pradesh,63,530480.64,357018.09,1680867.26,104689.53,51875.66,136804.57,83014.05,1743295.0
MSME044,Manufacturing MSME 44,2026-01-01,Manufacturing,Andhra Pradesh,63,551209.85,373331.21,1759451.77,105140.55,54246.0,142150.38,83014.05,1660280.95
MSME044,Manufacturing MSME 44,2026-02-01,Manufacturing,Andhra Pradesh,63,587900.77,414957.34,1828301.58,105593.51,60294.39,151612.52,83014.05,1577266.9
MSME044,Manufacturing MSME 44,2026-03-01,Manufacturing,Andhra Pradesh,63,589794.51,419586.29,1900974.2,106048.42,60966.98,152100.9,83014.05,1494252.86
MSME044,Manufacturing MSME 44,2026-04-01,Manufacturing,Andhra Pradesh,63,596844.71,416413.25,1980178.69,106505.3,60505.93,153919.06,83014.05,1411238.81
MSME044,Manufacturing MSME 44,2026-05-01,Manufacturing,Andhra Pradesh,63,587157.08,404728.39,2056374.68,106964.14,58808.09,151420.73,83014.05,1328224.76
MSME044,Manufacturing MSME 44,2026-06-01,Manufacturing,Andhra Pradesh,63,562340.95,394161.75,2123603.61,107424.96,57272.73,145020.95,83014.05,1245210.71
MSME044,Manufacturing MSME 44,2026-07-01,Manufacturing,Andhra Pradesh,63,538373.34,365675.46,2196512.11,107887.76,53133.6,138840.0,83014.05,1162196.67
MSME044,Manufacturing MSME 44,2026-08-01,Manufacturing,Andhra Pradesh,63,528732.61,364338.3,2263189.83,108352.56,52939.31,136353.77,83014.05,1079182.62
MSME044,Manufacturing MSME 44,2026-09-01,Manufacturing,Andhra Pradesh,63,517520.68,355092.47,2324543.91,108819.35,51595.86,133462.35,83014.05,996168.57
MSME045,Manufacturing MSME 45,2023-10-01,Manufacturing,Maharashtra,72,968615.71,715067.51,533375.01,197808.61,98867.33,257733.46,79975.97,3758870.54
MSME045,Manufacturing MSME 45,2023-11-01,Manufacturing,Maharashtra,72,1013996.22,730063.83,677283.82,199106.52,100940.76,269808.5,79975.97,3678894.57
MSME045,Manufacturing MSME 45,2023-12-01,Manufacturing,Maharashtra,72,1042403.84,736898.48,860795.39,200412.94,101885.74,277367.33,79975.97,3598918.61
MSME045,Manufacturing MSME 45,2024-01-01,Manufacturing,Maharashtra,72,1081557.55,788072.84,1030557.92,201727.94,108961.26,287785.52,79975.97,3518942.64
MSME045,Manufacturing MSME 45,2024-02-01,Manufacturing,Maharashtra,72,1154943.7,831785.93,1210074.25,203051.56,115005.16,307312.42,79975.97,3438966.67
MSME045,Manufacturing MSME 45,2024-03-01,Manufacturing,Maharashtra,72,1208774.63,868687.62,1415892.26,204383.87,120107.29,321635.99,79975.97,3358990.7
MSME045,Manufacturing MSME 45,2024-04-01,Manufacturing,Maharashtra,72,1223835.34,896373.8,1617087.02,205724.92,123935.26,325643.4,79975.97,3279014.73
MSME045,Manufacturing MSME 45,2024-05-01,Manufacturing,Maharashtra,72,1189645.05,872858.19,1802597.28,207074.77,120683.93,316545.91,79975.97,3199038.76
MSME045,Manufacturing MSME 45,2024-06-01,Manufacturing,Maharashtra,72,1144249.53,829555.31,1980227.01,208433.48,114696.75,304466.87,79975.97,3119062.79
MSME045,Manufacturing MSME 45,2024-07-01,Manufacturing,Maharashtra,72,1102817.02,791708.01,2159048.69,209801.1,109463.87,293442.33,79975.97,3039086.82
MSME045,Manufacturing MSME 45,2024-08-01,Manufacturing,Maharashtra,72,1058269.69,764952.05,2334599.86,211177.7,105764.51,281588.98,79975.97,2959110.85
MSME045,Manufacturing MSME 45,2024-09-01,Manufacturing,Maharashtra,72,1056988.26,769122.84,2475880.07,212563.33,106341.17,281248.01,79975.97,2879134.88
MSME045,Manufacturing MSME 45,2024-10-01,Manufacturing,Maharashtra,72,1019909.74,733913.2,2626669.49,213958.05,101472.99,271382.0,79975.97,2799158.92
MSME045,Manufacturing MSME 45,2024-11-01,Manufacturing,Maharashtra,72,1046935.37,769940.24,2780956.42,215361.92,106454.19,278573.1,79975.97,2719182.95
MSME045,Manufacturing MSME 45,2024-12-01,Manufacturing,Maharashtra,72,1086995.26,791928.25,2963160.22,216775.0,109494.32,289232.4,79975.97,2639206.98
MSME045,Manufacturing MSME 45,2025-01-01,Manufacturing,Maharashtra,72,1132434.37,844420.19,3136541.83,218197.35,116752.01,301323.04,79975.97,2559231.01
MSME045,Manufacturing MSME 45,2025-02-01,Manufacturing,Maharashtra,72,1174464.23,846136.89,3332035.87,219629.04,116989.36,312506.53,79975.97,2479255.04
MSME045,Manufacturing MSME 45,2025-03-01,Manufacturing,Maharashtra,72,1154056.08,793556.08,3556839.8,221070.12,109719.39,307076.24,79975.97,2399279.07
MSME045,Manufacturing MSME 45,2025-04-01,Manufacturing,Maharashtra,72,1190519.54,862135.65,3753694.71,222520.66,119201.4,316778.59,79975.97,2319303.1
MSME045,Manufacturing MSME 45,2025-05-01,Manufacturing,Maharashtra,72,1170742.65,833912.33,3970262.31,223980.71,115299.16,311516.27,79975.97,2239327.13
MSME045,Manufacturing MSME 45,2025-06-01,Manufacturing,Maharashtra,72,1142008.7,827097.0,4166690.13,225450.35,114356.85,303870.62,79975.97,2159351.16
MSME045,Manufacturing MSME 45,2025-07-01,Manufacturing,Maharashtra,72,1101185.52,793853.39,4332328.52,226929.62,109760.49,293008.21,79975.97,2079375.19
MSME045,Manufacturing MSME 45,2025-08-01,Manufacturing,Maharashtra,72,1068874.28,755767.13,4503025.69,228418.61,104494.58,284410.69,79975.97,1999399.23
MSME045,Manufacturing MSME 45,2025-09-01,Manufacturing,Maharashtra,72,1069146.26,771885.41,4664670.12,229917.36,106723.14,284483.06,79975.97,1919423.26
MSME045,Manufacturing MSME 45,2025-10-01,Manufacturing,Maharashtra,72,1084843.62,774434.97,4843626.06,231425.95,107075.65,288659.89,79975.97,1839447.29
MSME045,Manufacturing MSME 45,2025-11-01,Manufacturing,Maharashtra,72,1112188.46,782874.74,5047845.56,232944.43,108242.55,295935.92,79975.97,1759471.32
MSME045,Manufacturing MSME 45,2025-12-01,Manufacturing,Maharashtra,72,1147966.42,828465.71,5242386.64,234472.88,114546.09,305455.87,79975.97,1679495.35
MSME045,Manufacturing MSME 45,2026-01-01,Manufacturing,Maharashtra,72,1179353.18,853783.02,5425149.61,236011.36,118046.54,313807.4,79975.97,1599519.38
MSME045,Manufacturing MSME 45,2026-02-01,Manufacturing,Maharashtra,72,1217362.34,861647.05,5639383.03,237559.93,119133.84,323921.04,79975.97,1519543.41
MSME045,Manufacturing MSME 45,2026-03-01,Manufacturing,Maharashtra,72,1229954.08,892313.36,5833141.96,239118.67,123373.86,327271.51,79975.97,1439567.44
MSME045,Manufacturing MSME 45,2026-04-01,Manufacturing,Maharashtra,72,1207057.0,858913.47,6036965.88,240687.63,118755.89,321178.95,79975.97,1359591.47
MSME045,Manufacturing MSME 45,2026-05-01,Manufacturing,Maharashtra,72,1195075.26,853692.81,6229755.91,242266.88,118034.07,317990.8,79975.97,1279615.5
MSME045,Manufacturing MSME 45,2026-06-01,Manufacturing,Maharashtra,72,1158146.23,839670.07,6415257.92,243856.5,116095.24,308164.56,79975.97,1199639.54
MSME045,Manufacturing MSME 45,2026-07-01,Manufacturing,Maharashtra,72,1105585.55,809950.32,6565208.56,245456.55,111986.1,294178.99,79975.97,1119663.57
MSME045,Manufacturing MSME 45,2026-08-01,Manufacturing,Maharashtra,72,1057306.28,762883.64,6720056.18,247067.09,105478.53,281332.63,79975.97,1039687.6
MSME045,Manufacturing MSME 45,2026-09-01,Manufacturing,Maharashtra,72,1019293.87,755526.49,6858937.06,248688.21,104461.3,271218.12,79975.97,959711.63
MSME046,Manufacturing MSME 46,2023-10-01,Manufacturing,Kerala,37,698106.6,478286.56,416354.48,106506.47,60767.24,109404.07,72790.73,3421164.47
MSME046,Manufacturing MSME 46,2023-11-01,Manufacturing,Kerala,37,711727.83,490580.91,527438.01,106888.76,62329.27,111538.73,72790.73,3348373.73
MSME046,Manufacturing MSME 46,2023-12-01,Manufacturing,Kerala,37,731960.97,508486.78,663470.9,107272.42,64604.24,114709.57,72790.73,3275583.0
MSME046,Manufacturing MSME 46,2024-01-01,Manufacturing,Kerala,37,785402.24,549377.25,804212.77,107657.45,69799.46,123084.64,72790.73,3202792.27
MSME046,Manufacturing MSME 46,2024-02-01,Manufacturing,Kerala,37,835409.26,595298.81,953571.88,108043.87,75633.88,130921.52,72790.73,3130001.53
MSME046,Manufacturing MSME 46,2024-03-01,Manufacturing,Kerala,37,851547.09,587462.88,1116983.89,108431.68,74638.31,133450.56,72790.73,3057210.8
MSME046,Manufacturing MSME 46,2024-04-01,Manufacturing,Kerala,37,844397.43,581012.92,1287228.63,108820.88,73818.83,132330.1,72790.73,2984420.07
MSME046,Manufacturing MSME 46,2024-05-01,Manufacturing,Kerala,37,826766.39,575297.26,1435873.87,109211.47,73092.64,129567.05,72790.73,2911629.33
MSME046,Manufacturing MSME 46,2024-06-01,Manufacturing,Kerala,37,817340.69,552091.04,1599062.93,109603.47,70144.25,128089.89,72790.73,2838838.6
MSME046,Manufacturing MSME 46,2024-07-01,Manufacturing,Kerala,37,788999.64,558196.85,1728130.33,109996.87,70920.0,123648.41,72790.73,2766047.87
MSME046,Manufacturing MSME 46,2024-08-01,Manufacturing,Kerala,37,780003.44,521017.71,1882097.18,110391.69,66196.32,122238.57,72790.73,2693257.13
MSME046,Manufacturing MSME 46,2024-09-01,Manufacturing,Kerala,37,788824.16,529598.98,2032955.85,110787.92,67286.59,123620.91,72790.73,2620466.4
MSME046,Manufacturing MSME 46,2024-10-01,Manufacturing,Kerala,37,785435.37,530725.87,2187627.54,111185.58,67429.76,123089.84,72790.73,2547675.67
MSME046,Manufacturing MSME 46,2024-11-01,Manufacturing,Kerala,37,789707.07,552207.89,2320629.42,111584.66,70159.1,123759.28,72790.73,2474884.93
MSME046,Manufacturing MSME 46,2024-12-01,Manufacturing,Kerala,37,812562.94,564254.83,2471717.77,111985.18,71689.68,127341.15,72790.73,2402094.2
MSME046,Manufacturing MSME 46,2025-01-01,Manufacturing,Kerala,37,855926.45,602026.37,2620562.57,112387.13,76488.63,134136.88,72790.73,2329303.47
MSME046,Manufacturing MSME 46,2025-02-01,Manufacturing,Kerala,37,888720.9,618568.41,2780152.03,112790.52,78590.33,139276.27,72790.73,2256512.73
MSME046,Manufacturing MSME 46,2025-03-01,Manufacturing,Kerala,37,898900.1,618334.8,2959512.95,113195.37,78560.65,140871.51,72790.73,2183722.0
MSME046,Manufacturing MSME 46,2025-04-01,Manufacturing,Kerala,37,879422.86,590459.09,3138654.73,113601.66,75018.98,137819.13,72790.73,2110931.27
MSME046,Manufacturing MSME 46,2025-05-01,Manufacturing,Kerala,37,845105.75,577285.16,3297636.58,114009.42,73345.21,132441.11,72790.73,2038140.53
MSME046,Manufacturing MSME 46,2025-06-01,Manufacturing,Kerala,37,819654.52,559360.32,3455291.56,114418.64,71067.82,128452.5,72790.73,1965349.8
MSME046,Manufacturing MSME 46,2025-07-01,Manufacturing,Kerala,37,779237.63,538848.54,3596157.87,114829.32,68461.76,122118.55,72790.73,1892559.07
MSME046,Manufacturing MSME 46,2025-08-01,Manufacturing,Kerala,37,747281.79,522784.34,3730823.01,115241.49,66420.78,117110.58,72790.73,1819768.33
MSME046,Manufacturing MSME 46,2025-09-01,Manufacturing,Kerala,37,748280.95,518361.87,3862613.55,115655.13,65858.89,117267.17,72790.73,1746977.6
MSME046,Manufacturing MSME 46,2025-10-01,Manufacturing,Kerala,37,748058.25,531522.98,3979664.25,116070.25,67531.04,117232.27,72790.73,1674186.87
MSME046,Manufacturing MSME 46,2025-11-01,Manufacturing,Kerala,37,759597.21,513348.54,4115398.21,116486.87,65221.94,119040.6,72790.73,1601396.13
MSME046,Manufacturing MSME 46,2025-12-01,Manufacturing,Kerala,37,800749.49,540392.18,4283301.18,116904.98,68657.89,125489.8,72790.73,1528605.4
MSME046,Manufacturing MSME 46,2026-01-01,Manufacturing,Kerala,37,807900.54,577319.58,4418515.78,117324.59,73349.58,126610.48,72790.73,1455814.67
MSME046,Manufacturing MSME 46,2026-02-01,Manufacturing,Kerala,37,845065.81,590774.31,4580311.17,117745.71,75059.03,132434.85,72790.73,1383023.93
MSME046,Manufacturing MSME 46,2026-03-01,Manufacturing,Kerala,37,870755.05,619545.5,4744482.92,118168.34,78714.47,136460.75,72790.73,1310233.2
MSME046,Manufacturing MSME 46,2026-04-01,Manufacturing,Kerala,37,884622.1,591550.51,4923707.64,118592.48,75157.65,138633.93,72790.73,1237442.47
MSME046,Manufacturing MSME 46,2026-05-01,Manufacturing,Kerala,37,888466.18,613658.91,5092518.82,119018.15,77966.57,139236.35,72790.73,1164651.73
MSME046,Manufacturing MSME 46,2026-06-01,Manufacturing,Kerala,37,867805.51,596473.03,5258398.63,119445.35,75783.07,135998.51,72790.73,1091861.0
MSME046,Manufacturing MSME 46,2026-07-01,Manufacturing,Kerala,37,846796.24,562615.05,5432516.95,119874.08,71481.34,132706.03,72790.73,1019070.27
MSME046,Manufacturing MSME 46,2026-08-01,Manufacturing,Kerala,37,822173.69,577089.54,5577555.32,120304.35,73320.36,128847.3,72790.73,946279.53
MSME046,Manufacturing MSME 46,2026-09-01,Manufacturing,Kerala,37,821947.58,544975.03,5743693.89,120736.16,69240.15,128811.86,72790.73,873488.8
MSME047,Manufacturing MSME 47,2023-10-01,Manufacturing,Maharashtra,47,1396750.57,975021.96,930016.26,216954.53,183693.38,382709.77,64501.54,3031572.15
MSME047,Manufacturing MSME 47,2023-11-01,Manufacturing,Maharashtra,47,1411767.61,1008825.58,1172650.71,217652.77,190061.96,386824.44,64501.54,2967070.62
MSME047,Manufacturing MSME 47,2023-12-01,Manufacturing,Maharashtra,47,1458419.4,1033392.72,1454196.7,218353.25,194690.39,399607.04,64501.54,2902569.08
MSME047,Manufacturing MSME 47,2024-01-01,Manufacturing,Maharashtra,47,1485196.51,1065563.5,1724612.6,219055.99,200751.34,406943.97,64501.54,2838067.55
MSME047,Manufacturing MSME 47,2024-02-01,Manufacturing,Maharashtra,47,1532147.05,1096465.8,2004668.2,219760.99,206573.31,419808.42,64501.54,2773566.01
MSME047,Manufacturing MSME 47,2024-03-01,Manufacturing,Maharashtra,47,1574594.74,1100381.91,2328115.13,220468.26,207311.1,431439.09,64501.54,2709064.48
MSME047,Manufacturing MSME 47,2024-04-01,Manufacturing,Maharashtra,47,1577626.9,1092804.49,2648015.98,221177.81,205883.52,432269.9,64501.54,2644562.94
MSME047,Manufacturing MSME 47,2024-05-01,Manufacturing,Maharashtra,47,1518191.57,1072294.17,2940438.94,221889.64,202019.39,415984.62,64501.54,2580061.41
MSME047,Manufacturing MSME 47,2024-06-01,Manufacturing,Maharashtra,47,1467979.66,1014182.03,3217963.18,222603.76,191071.11,402226.55,64501.54,2515559.87
MSME047,Manufacturing MSME 47,2024-07-01,Manufacturing,Maharashtra,47,1418957.1,1001670.59,3468108.92,223320.17,188713.97,388794.36,64501.54,2451058.34
MSME047,Manufacturing MSME 47,2024-08-01,Manufacturing,Maharashtra,47,1357559.52,965013.81,3702179.59,224038.9,181807.86,371971.42,64501.54,2386556.8
MSME047,Manufacturing MSME 47,2024-09-01,Manufacturing,Maharashtra,47,1320808.95,933021.86,3923535.87,224759.94,175780.6,361901.76,64501.54,2322055.27
MSME047,Manufacturing MSME 47,2024-10-01,Manufacturing,Maharashtra,47,1308611.09,981647.95,4096717.01,225483.29,184941.72,358559.55,64501.54,2257553.73
MSME047,Manufacturing MSME 47,2024-11-01,Manufacturing,Maharashtra,47,1350500.04,944942.44,4345936.41,226208.98,178026.43,370037.12,64501.54,2193052.2
MSME047,Manufacturing MSME 47,2024-12-01,Manufacturing,Maharashtra,47,1386855.5,1012305.56,4594934.23,226937.0,190717.59,379998.52,64501.54,2128550.66
MSME047,Manufacturing MSME 47,2025-01-01,Manufacturing,Maharashtra,47,1450490.75,1023009.85,4879218.52,227667.36,192734.27,397434.59,64501.54,2064049.13
MSME047,Manufacturing MSME 47,2025-02-01,Manufacturing,Maharashtra,47,1502471.33,1100167.17,5139000.14,228400.08,207270.65,411677.27,64501.54,1999547.59
MSME047,Manufacturing MSME 47,2025-03-01,Manufacturing,Maharashtra,47,1536975.38,1094734.56,5417227.8,229135.15,206247.15,421131.38,64501.54,1935046.06
MSME047,Manufacturing MSME 47,2025-04-01,Manufacturing,Maharashtra,47,1540744.4,1087188.76,5708254.58,229872.59,204825.52,422164.09,64501.54,1870544.52
MSME047,Manufacturing MSME 47,2025-05-01,Manufacturing,Maharashtra,47,1526145.87,1096651.82,5963573.73,230612.4,206608.36,418164.1,64501.54,1806042.99
MSME047,Manufacturing MSME 47,2025-06-01,Manufacturing,Maharashtra,47,1511576.91,1071581.02,6239236.59,231354.59,201885.04,414172.2,64501.54,1741541.45
MSME047,Manufacturing MSME 47,2025-07-01,Manufacturing,Maharashtra,47,1439226.68,1049408.34,6477865.59,232099.18,197707.72,394348.23,64501.54,1677039.91
MSME047,Manufacturing MSME 47,2025-08-01,Manufacturing,Maharashtra,47,1385927.45,995162.55,6711396.94,232846.15,187487.86,379744.24,64501.54,1612538.38
MSME047,Manufacturing MSME 47,2025-09-01,Manufacturing,Maharashtra,47,1363921.56,962007.66,6952612.71,233595.54,181241.5,373714.62,64501.54,1548036.84
MSME047,Manufacturing MSME 47,2025-10-01,Manufacturing,Maharashtra,47,1375076.35,966938.6,7201585.06,234347.33,182170.49,376771.04,64501.54,1483535.31
MSME047,Manufacturing MSME 47,2025-11-01,Manufacturing,Maharashtra,47,1389317.82,978457.03,7463561.33,235101.54,184340.55,380673.2,64501.54,1419033.77
MSME047,Manufacturing MSME 47,2025-12-01,Manufacturing,Maharashtra,47,1415306.59,993873.11,7718244.03,235858.18,187244.93,387794.12,64501.54,1354532.24
MSME047,Manufacturing MSME 47,2026-01-01,Manufacturing,Maharashtra,47,1466490.85,1024306.2,8005723.71,236617.26,192978.5,401818.62,64501.54,1290030.7
MSME047,Manufacturing MSME 47,2026-02-01,Manufacturing,Maharashtra,47,1532796.21,1099120.68,8285829.07,237378.78,207073.49,419986.29,64501.54,1225529.17
MSME047,Manufacturing MSME 47,2026-03-01,Manufacturing,Maharashtra,47,1542986.38,1120358.6,8541424.6,238142.75,211074.7,422778.4,64501.54,1161027.63
MSME047,Manufacturing MSME 47,2026-04-01,Manufacturing,Maharashtra,47,1542572.72,1090625.58,8830409.01,238909.17,205473.02,422665.05,64501.54,1096526.1
MSME047,Manufacturing MSME 47,2026-05-01,Manufacturing,Maharashtra,47,1500991.13,1049475.33,9090651.15,239678.07,197720.34,411271.7,64501.54,1032024.56
MSME047,Manufacturing MSME 47,2026-06-01,Manufacturing,Maharashtra,47,1439668.15,1021584.96,9356846.11,240449.44,192465.82,394469.19,64501.54,967523.03
MSME047,Manufacturing MSME 47,2026-07-01,Manufacturing,Maharashtra,47,1379526.28,989867.07,9580947.9,241223.29,186490.19,377990.32,64501.54,903021.49
MSME047,Manufacturing MSME 47,2026-08-01,Manufacturing,Maharashtra,47,1332865.0,926963.05,9810799.73,241999.63,174639.12,365205.12,64501.54,838519.96
MSME047,Manufacturing MSME 47,2026-09-01,Manufacturing,Maharashtra,47,1323068.13,934823.31,10032860.86,242778.47,176119.99,362520.78,64501.54,774018.42
MSME048,Manufacturing MSME 48,2023-10-01,Manufacturing,Tamil Nadu,61,1104691.18,754948.74,810914.51,191766.89,141751.8,242172.79,25112.48,1180286.72
MSME048,Manufacturing MSME 48,2023-11-01,Manufacturing,Tamil Nadu,61,1141693.04,766974.04,1075498.28,192559.08,144009.71,250284.42,25112.48,1155174.23
MSME048,Manufacturing MSME 48,2023-12-01,Manufacturing,Tamil Nadu,61,1163696.92,787343.18,1353479.91,193354.54,147834.3,255108.15,25112.48,1130061.75
MSME048,Manufacturing MSME 48,2024-01-01,Manufacturing,Tamil Nadu,61,1240197.28,829902.26,1653859.64,194153.29,155825.34,271878.73,25112.48,1104949.27
MSME048,Manufacturing MSME 48,2024-02-01,Manufacturing,Tamil Nadu,61,1284089.77,888589.69,1944609.53,194955.33,166844.69,281500.93,25112.48,1079836.78
MSME048,Manufacturing MSME 48,2024-03-01,Manufacturing,Tamil Nadu,61,1320197.05,901505.2,2257515.18,195760.7,169269.75,289416.45,25112.48,1054724.3
MSME048,Manufacturing MSME 48,2024-04-01,Manufacturing,Tamil Nadu,61,1356596.35,927183.15,2584254.81,196569.38,174091.13,297395.98,25112.48,1029611.82
MSME048,Manufacturing MSME 48,2024-05-01,Manufacturing,Tamil Nadu,61,1299842.73,888215.16,2871456.67,197381.41,166774.37,284954.33,25112.48,1004499.33
MSME048,Manufacturing MSME 48,2024-06-01,Manufacturing,Tamil Nadu,61,1295047.8,873850.68,3188822.06,198196.8,164077.24,283903.18,25112.48,979386.85
MSME048,Manufacturing MSME 48,2024-07-01,Manufacturing,Tamil Nadu,61,1225117.59,823809.95,3468993.75,199015.55,154681.42,268572.92,25112.48,954274.37
MSME048,Manufacturing MSME 48,2024-08-01,Manufacturing,Tamil Nadu,61,1154542.08,790088.1,3736693.86,199837.68,148349.69,253101.21,25112.48,929161.88
MSME048,Manufacturing MSME 48,2024-09-01,Manufacturing,Tamil Nadu,61,1120748.76,773784.12,3975978.83,200663.21,145288.4,245692.96,25112.48,904049.4
MSME048,Manufacturing MSME 48,2024-10-01,Manufacturing,Tamil Nadu,61,1117090.11,762375.91,4231066.61,201492.15,143146.35,244890.91,25112.48,878936.92
MSME048,Manufacturing MSME 48,2024-11-01,Manufacturing,Tamil Nadu,61,1135170.35,766082.87,4498296.22,202324.52,143842.38,248854.5,25112.48,853824.43
MSME048,Manufacturing MSME 48,2024-12-01,Manufacturing,Tamil Nadu,61,1176950.77,789282.59,4778920.69,203160.32,148198.45,258013.69,25112.48,828711.95
MSME048,Manufacturing MSME 48,2025-01-01,Manufacturing,Tamil Nadu,61,1222758.7,822349.5,5064963.05,203999.57,154407.2,268055.81,25112.48,803599.47
MSME048,Manufacturing MSME 48,2025-02-01,Manufacturing,Tamil Nadu,61,1250791.06,843587.61,5377624.7,204842.3,158394.94,274201.12,25112.48,778486.98
MSME048,Manufacturing MSME 48,2025-03-01,Manufacturing,Tamil Nadu,61,1275700.55,867378.96,5684898.59,205688.5,162862.09,279661.83,25112.48,753374.5
MSME048,Manufacturing MSME 48,2025-04-01,Manufacturing,Tamil Nadu,61,1251978.8,846042.95,5976146.28,206538.2,158855.97,274461.5,25112.48,728262.02
MSME048,Manufacturing MSME 48,2025-05-01,Manufacturing,Tamil Nadu,61,1179376.9,783420.4,6258187.19,207391.41,147097.74,258545.55,25112.48,703149.53
MSME048,Manufacturing MSME 48,2025-06-01,Manufacturing,Tamil Nadu,61,1160631.41,806006.35,6511207.2,208248.15,151338.56,254436.12,25112.48,678037.05
MSME048,Manufacturing MSME 48,2025-07-01,Manufacturing,Tamil Nadu,61,1096462.38,758273.18,6766654.21,209108.42,142376.01,240368.85,25112.48,652924.57
MSME048,Manufacturing MSME 48,2025-08-01,Manufacturing,Tamil Nadu,61,1052295.38,738161.17,7001668.1,209972.25,138599.71,230686.47,25112.48,627812.08
MSME048,Manufacturing MSME 48,2025-09-01,Manufacturing,Tamil Nadu,61,1057117.44,703540.2,7243995.41,210839.64,132099.16,231743.57,25112.48,602699.6
MSME048,Manufacturing MSME 48,2025-10-01,Manufacturing,Tamil Nadu,61,1037227.31,711337.96,7473024.58,211710.62,133563.29,227383.21,25112.48,577587.12
MSME048,Manufacturing MSME 48,2025-11-01,Manufacturing,Tamil Nadu,61,1066411.63,699047.5,7737215.44,212585.2,131255.59,233781.06,25112.48,552474.63
MSME048,Manufacturing MSME 48,2025-12-01,Manufacturing,Tamil Nadu,61,1111760.49,761834.94,7991016.02,213463.39,143044.78,243722.54,25112.48,527362.15
MSME048,Manufacturing MSME 48,2026-01-01,Manufacturing,Tamil Nadu,61,1118976.18,759211.84,8242236.74,214345.21,142552.26,245304.38,25112.48,502249.67
MSME048,Manufacturing MSME 48,2026-02-01,Manufacturing,Tamil Nadu,61,1159875.94,781141.86,8520274.87,215230.67,146669.91,254270.51,25112.48,477137.18
MSME048,Manufacturing MSME 48,2026-03-01,Manufacturing,Tamil Nadu,61,1172636.21,789097.22,8815537.27,216119.79,148163.64,257067.84,25112.48,452024.7
MSME048,Manufacturing MSME 48,2026-04-01,Manufacturing,Tamil Nadu,61,1171487.01,795148.68,9090686.69,217012.58,149299.88,256815.91,25112.48,426912.22
MSME048,Manufacturing MSME 48,2026-05-01,Manufacturing,Tamil Nadu,61,1170873.18,802723.41,9357816.49,217909.06,150722.14,256681.35,25112.48,401799.73
MSME048,Manufacturing MSME 48,2026-06-01,Manufacturing,Tamil Nadu,61,1106497.35,738353.48,9602116.74,218809.24,138635.82,242568.74,25112.48,376687.25
MSME048,Manufacturing MSME 48,2026-07-01,Manufacturing,Tamil Nadu,61,1044886.52,684752.06,9850793.86,219713.14,128571.43,229062.28,25112.48,351574.77
MSME048,Manufacturing MSME 48,2026-08-01,Manufacturing,Tamil Nadu,61,1007270.69,673144.65,10080752.15,220620.78,126391.98,220816.06,25112.48,326462.28
MSME048,Manufacturing MSME 48,2026-09-01,Manufacturing,Tamil Nadu,61,1002911.71,677830.81,10307948.34,221532.16,127271.87,219860.47,25112.48,301349.8
MSME049,Manufacturing MSME 49,2023-10-01,Manufacturing,Tamil Nadu,39,405117.05,298343.15,284259.18,98412.35,30671.24,61869.44,48776.5,2292495.38
MSME049,Manufacturing MSME 49,2023-11-01,Manufacturing,Tamil Nadu,39,404265.46,293209.97,331074.06,98770.76,30143.53,61739.38,48776.5,2243718.88
MSME049,Manufacturing MSME 49,2023-12-01,Manufacturing,Tamil Nadu,39,406636.01,296532.52,378496.46,99130.48,30485.1,62101.41,48776.5,2194942.38
MSME049,Manufacturing MSME 49,2024-01-01,Manufacturing,Tamil Nadu,39,428271.45,310618.41,436540.79,99491.51,31933.21,65405.57,48776.5,2146165.89
MSME049,Manufacturing MSME 49,2024-02-01,Manufacturing,Tamil Nadu,39,431718.47,310994.89,490092.07,99853.85,31971.91,65932.0,48776.5,2097389.39
MSME049,Manufacturing MSME 49,2024-03-01,Manufacturing,Tamil Nadu,39,438654.49,316295.73,546388.99,100217.51,32516.86,66991.27,48776.5,2048612.89
MSME049,Manufacturing MSME 49,2024-04-01,Manufacturing,Tamil Nadu,39,442509.86,326850.49,593126.74,100582.5,33601.95,67580.06,48776.5,1999836.39
MSME049,Manufacturing MSME 49,2024-05-01,Manufacturing,Tamil Nadu,39,437102.97,320070.18,649177.69,100948.81,32904.9,66754.32,48776.5,1951059.9
MSME049,Manufacturing MSME 49,2024-06-01,Manufacturing,Tamil Nadu,39,417640.26,314248.45,691173.54,101316.46,32306.39,63781.98,48776.5,1902283.4
MSME049,Manufacturing MSME 49,2024-07-01,Manufacturing,Tamil Nadu,39,395258.19,280628.72,740883.58,101685.45,28850.11,60363.79,48776.5,1853506.9
MSME049,Manufacturing MSME 49,2024-08-01,Manufacturing,Tamil Nadu,39,377511.24,283249.2,770937.21,102055.78,29119.51,57653.48,48776.5,1804730.4
MSME049,Manufacturing MSME 49,2024-09-01,Manufacturing,Tamil Nadu,39,373077.78,269683.26,814232.68,102427.46,27724.86,56976.4,48776.5,1755953.91
MSME049,Manufacturing MSME 49,2024-10-01,Manufacturing,Tamil Nadu,39,374464.85,281295.38,848958.24,102800.5,28918.64,57188.23,48776.5,1707177.41
MSME049,Manufacturing MSME 49,2024-11-01,Manufacturing,Tamil Nadu,39,368776.77,266608.87,882176.29,103174.89,27408.79,56319.55,48776.5,1658400.91
MSME049,Manufacturing MSME 49,2024-12-01,Manufacturing,Tamil Nadu,39,379892.14,281228.71,919167.06,103550.65,28911.79,58017.09,48776.5,1609624.41
MSME049,Manufacturing MSME 49,2025-01-01,Manufacturing,Tamil Nadu,39,391492.1,287979.45,962123.47,103927.77,29605.8,59788.63,48776.5,1560847.92
MSME049,Manufacturing MSME 49,2025-02-01,Manufacturing,Tamil Nadu,39,411652.21,299120.56,1005490.98,104306.27,30751.17,62867.48,48776.5,1512071.42
MSME049,Manufacturing MSME 49,2025-03-01,Manufacturing,Tamil Nadu,39,422920.78,309333.19,1057882.39,104686.15,31801.08,64588.42,48776.5,1463294.92
MSME049,Manufacturing MSME 49,2025-04-01,Manufacturing,Tamil Nadu,39,428158.19,316217.58,1106278.95,105067.41,32508.83,65388.28,48776.5,1414518.42
MSME049,Manufacturing MSME 49,2025-05-01,Manufacturing,Tamil Nadu,39,415856.29,312273.42,1143072.28,105450.06,32103.35,63509.53,48776.5,1365741.93
MSME049,Manufacturing MSME 49,2025-06-01,Manufacturing,Tamil Nadu,39,402761.01,285049.51,1196077.2,105834.1,29304.59,61509.62,48776.5,1316965.43
MSME049,Manufacturing MSME 49,2025-07-01,Manufacturing,Tamil Nadu,39,386137.89,284830.31,1231907.23,106219.54,29282.05,58970.94,48776.5,1268188.93
MSME049,Manufacturing MSME 49,2025-08-01,Manufacturing,Tamil Nadu,39,374858.58,278072.86,1265966.84,106606.39,28587.35,57248.36,48776.5,1219412.44
MSME049,Manufacturing MSME 49,2025-09-01,Manufacturing,Tamil Nadu,39,366651.08,264076.22,1299145.9,106994.64,27148.42,55994.91,48776.5,1170635.94
MSME049,Manufacturing MSME 49,2025-10-01,Manufacturing,Tamil Nadu,39,356690.33,257959.07,1334819.32,107384.31,26519.55,54473.71,48776.5,1121859.44
MSME049,Manufacturing MSME 49,2025-11-01,Manufacturing,Tamil Nadu,39,365224.64,266636.61,1375455.34,107775.39,27411.65,55777.07,48776.5,1073082.94
MSME049,Manufacturing MSME 49,2025-12-01,Manufacturing,Tamil Nadu,39,365772.35,266855.22,1412461.77,108167.91,27434.12,55860.72,48776.5,1024306.45
MSME049,Manufacturing MSME 49,2026-01-01,Manufacturing,Tamil Nadu,39,381928.12,277855.1,1453398.46,108561.85,28564.96,58328.02,48776.5,975529.95
MSME049,Manufacturing MSME 49,2026-02-01,Manufacturing,Tamil Nadu,39,390938.15,284191.23,1495445.11,108957.22,29216.35,59704.03,48776.5,926753.45
MSME049,Manufacturing MSME 49,2026-03-01,Manufacturing,Tamil Nadu,39,400776.98,295822.9,1538139.56,109354.04,30412.15,61206.62,48776.5,877976.95
MSME049,Manufacturing MSME 49,2026-04-01,Manufacturing,Tamil Nadu,39,405753.91,297887.18,1579541.9,109752.3,30624.37,61966.7,48776.5,829200.46
MSME049,Manufacturing MSME 49,2026-05-01,Manufacturing,Tamil Nadu,39,382121.79,283058.42,1617230.85,110152.01,29099.89,58357.6,48776.5,780423.96
MSME049,Manufacturing MSME 49,2026-06-01,Manufacturing,Tamil Nadu,39,366183.45,276139.15,1648271.87,110553.18,28388.56,55923.5,48776.5,731647.46
MSME049,Manufacturing MSME 49,2026-07-01,Manufacturing,Tamil Nadu,39,354865.43,268579.47,1670441.38,110955.8,27611.38,54195.01,48776.5,682870.96
MSME049,Manufacturing MSME 49,2026-08-01,Manufacturing,Tamil Nadu,39,335063.01,252923.09,1694827.82,111359.9,26001.82,51170.79,48776.5,634094.47
MSME049,Manufacturing MSME 49,2026-09-01,Manufacturing,Tamil Nadu,39,343893.85,254524.25,1724657.02,111765.46,26166.43,52519.43,48776.5,585317.97
MSME050,Manufacturing MSME 50,2023-10-01,Manufacturing,Rajasthan,62,573850.68,417803.67,312973.47,109940.2,55751.28,106815.89,88708.04,4169277.9
MSME050,Manufacturing MSME 50,2023-11-01,Manufacturing,Rajasthan,62,587564.13,425289.73,358378.3,110463.67,56750.21,109368.5,88708.04,4080569.86
MSME050,Manufacturing MSME 50,2023-12-01,Manufacturing,Rajasthan,62,612325.2,447873.04,404186.73,110989.64,59763.71,113977.49,88708.04,3991861.82
MSME050,Manufacturing MSME 50,2024-01-01,Manufacturing,Rajasthan,62,634316.96,457061.23,458907.33,111518.1,60989.77,118071.01,88708.04,3903153.78
MSME050,Manufacturing MSME 50,2024-02-01,Manufacturing,Rajasthan,62,659816.84,489356.1,506606.67,112049.09,65299.16,122817.53,88708.04,3814445.74
MSME050,Manufacturing MSME 50,2024-03-01,Manufacturing,Rajasthan,62,680416.05,489739.87,573039.21,112582.6,65350.37,126651.84,88708.04,3725737.7
MSME050,Manufacturing MSME 50,2024-04-01,Manufacturing,Rajasthan,62,679388.44,492717.16,648162.08,113118.65,65747.66,126460.56,88708.04,3637029.66
MSME050,Manufacturing MSME 50,2024-05-01,Manufacturing,Rajasthan,62,666523.16,492886.92,706067.08,113657.26,65770.31,124065.84,88708.04,3548321.62
MSME050,Manufacturing MSME 50,2024-06-01,Manufacturing,Rajasthan,62,627078.52,463952.02,751715.96,114198.43,61909.27,116723.66,88708.04,3459613.58
MSME050,Manufacturing MSME 50,2024-07-01,Manufacturing,Rajasthan,62,594044.25,423103.41,794974.48,114742.18,56458.47,110574.7,88708.04,3370905.54
MSME050,Manufacturing MSME 50,2024-08-01,Manufacturing,Rajasthan,62,584116.16,425168.91,840867.79,115288.51,56734.09,108726.69,88708.04,3282197.5
MSME050,Manufacturing MSME 50,2024-09-01,Manufacturing,Rajasthan,62,562051.96,408217.26,875521.78,115837.45,54472.08,104619.69,88708.04,3193489.46
MSME050,Manufacturing MSME 50,2024-10-01,Manufacturing,Rajasthan,62,570628.62,416281.23,922892.06,116389.0,55548.13,106216.14,88708.04,3104781.42
MSME050,Manufacturing MSME 50,2024-11-01,Manufacturing,Rajasthan,62,582782.44,419578.25,970932.87,116943.18,55988.08,108478.44,88708.04,3016073.37
MSME050,Manufacturing MSME 50,2024-12-01,Manufacturing,Rajasthan,62,593259.85,444136.19,1008144.01,117499.99,59265.07,110428.69,88708.04,2927365.33
MSME050,Manufacturing MSME 50,2025-01-01,Manufacturing,Rajasthan,62,614092.53,454810.88,1045462.4,118059.46,60689.49,114306.46,88708.04,2838657.29
MSME050,Manufacturing MSME 50,2025-02-01,Manufacturing,Rajasthan,62,629774.03,467534.43,1091770.34,118621.59,62387.3,117225.4,88708.04,2749949.25
MSME050,Manufacturing MSME 50,2025-03-01,Manufacturing,Rajasthan,62,656488.07,482806.56,1151197.58,119186.4,64425.2,122197.92,88708.04,2661241.21
MSME050,Manufacturing MSME 50,2025-04-01,Manufacturing,Rajasthan,62,660636.95,473333.48,1219409.52,119753.9,63161.12,122970.18,88708.04,2572533.17
MSME050,Manufacturing MSME 50,2025-05-01,Manufacturing,Rajasthan,62,631934.94,457641.78,1277995.88,120324.09,61067.24,117627.63,88708.04,2483825.13
MSME050,Manufacturing MSME 50,2025-06-01,Manufacturing,Rajasthan,62,594007.59,428805.21,1328449.65,120897.01,57219.32,110567.87,88708.04,2395117.09
MSME050,Manufacturing MSME 50,2025-07-01,Manufacturing,Rajasthan,62,570661.77,426864.29,1361181.09,121472.65,56960.32,106222.31,88708.04,2306409.05
MSME050,Manufacturing MSME 50,2025-08-01,Manufacturing,Rajasthan,62,553634.12,399842.48,1394923.56,122051.03,53354.56,103052.8,88708.04,2217701.01
MSME050,Manufacturing MSME 50,2025-09-01,Manufacturing,Rajasthan,62,536606.61,392759.23,1416275.39,122632.17,52409.38,99883.32,88708.04,2128992.97
MSME050,Manufacturing MSME 50,2025-10-01,Manufacturing,Rajasthan,62,548410.41,397477.72,1440465.18,123216.07,53039.01,102080.47,88708.04,2040284.93
MSME050,Manufacturing MSME 50,2025-11-01,Manufacturing,Rajasthan,62,547317.99,397476.93,1482385.31,123802.75,53038.9,101877.13,88708.04,1951576.89
MSME050,Manufacturing MSME 50,2025-12-01,Manufacturing,Rajasthan,62,562391.7,401079.0,1530666.97,124392.23,53519.56,104682.93,88708.04,1862868.85
MSME050,Manufacturing MSME 50,2026-01-01,Manufacturing,Rajasthan,62,587719.18,421390.63,1579088.72,124984.52,56229.92,109397.36,88708.04,1774160.81
MSME050,Manufacturing MSME 50,2026-02-01,Manufacturing,Rajasthan,62,600984.7,432681.6,1631560.75,125579.62,57736.58,111866.58,88708.04,1685452.77
MSME050,Manufacturing MSME 50,2026-03-01,Manufacturing,Rajasthan,62,607464.27,448051.32,1680578.62,126177.56,59787.5,113072.68,88708.04,1596744.73
MSME050,Manufacturing MSME 50,2026-04-01,Manufacturing,Rajasthan,62,619545.32,457779.6,1731138.93,126778.34,61085.63,115321.44,88708.04,1508036.69
MSME050,Manufacturing MSME 50,2026-05-01,Manufacturing,Rajasthan,62,596311.77,431732.01,1777426.56,127381.99,57609.87,110996.77,88708.04,1419328.65
MSME050,Manufacturing MSME 50,2026-06-01,Manufacturing,Rajasthan,62,569974.15,412101.55,1821328.69,127988.51,54990.4,106094.32,88708.04,1330620.61
MSME050,Manufacturing MSME 50,2026-07-01,Manufacturing,Rajasthan,62,532628.22,382165.91,1859712.39,128597.91,50995.82,99142.79,88708.04,1241912.57
MSME050,Manufacturing MSME 50,2026-08-01,Manufacturing,Rajasthan,62,518768.95,378463.59,1888344.46,129210.22,50501.78,96563.04,88708.04,1153204.53
MSME050,Manufacturing MSME 50,2026-09-01,Manufacturing,Rajasthan,62,505510.13,360329.86,1923179.74,129825.45,48082.04,94095.06,88708.04,1064496.49
MSME051,Manufacturing MSME 51,2023-10-01,Manufacturing,Gujarat,39,746733.88,492487.75,347544.44,160570.58,81708.49,171990.82,96359.45,4528894.04
MSME051,Manufacturing MSME 51,2023-11-01,Manufacturing,Gujarat,39,754937.07,517772.82,451703.96,161298.57,85903.53,173880.21,96359.45,4432534.59
MSME051,Manufacturing MSME 51,2023-12-01,Manufacturing,Gujarat,39,772320.13,509411.92,585948.69,162029.87,84516.38,177883.95,96359.45,4336175.14
MSME051,Manufacturing MSME 51,2024-01-01,Manufacturing,Gujarat,39,801629.89,526445.45,725982.67,162764.48,87342.41,184634.69,96359.45,4239815.7
MSME051,Manufacturing MSME 51,2024-02-01,Manufacturing,Gujarat,39,835917.33,542241.43,890570.2,163502.42,89963.11,192531.92,96359.45,4143456.25
MSME051,Manufacturing MSME 51,2024-03-01,Manufacturing,Gujarat,39,849528.84,587319.8,1016631.15,164243.71,97442.05,195666.98,96359.45,4047096.8
MSME051,Manufacturing MSME 51,2024-04-01,Manufacturing,Gujarat,39,845475.54,568098.43,1148018.26,164988.36,94253.04,194733.4,96359.45,3950737.35
MSME051,Manufacturing MSME 51,2024-05-01,Manufacturing,Gujarat,39,846977.06,560481.74,1296453.2,165736.38,92989.36,195079.24,96359.45,3854377.91
MSME051,Manufacturing MSME 51,2024-06-01,Manufacturing,Gujarat,39,817010.81,555742.32,1428928.09,166487.8,92203.04,188177.29,96359.45,3758018.46
MSME051,Manufacturing MSME 51,2024-07-01,Manufacturing,Gujarat,39,759955.26,515818.51,1534907.25,167242.62,85579.29,175036.02,96359.45,3661659.01
MSME051,Manufacturing MSME 51,2024-08-01,Manufacturing,Gujarat,39,742750.47,505768.19,1636498.73,168000.86,83911.85,171073.34,96359.45,3565299.56
MSME051,Manufacturing MSME 51,2024-09-01,Manufacturing,Gujarat,39,720098.79,486575.52,1737815.82,168762.55,80727.6,165856.12,96359.45,3468940.11
MSME051,Manufacturing MSME 51,2024-10-01,Manufacturing,Gujarat,39,723188.21,484590.76,1849495.2,169527.68,80398.31,166567.68,96359.45,3372580.67
MSME051,Manufacturing MSME 51,2024-11-01,Manufacturing,Gujarat,39,731377.52,475569.28,1963565.0,170296.29,78901.56,168453.88,96359.45,3276221.22
MSME051,Manufacturing MSME 51,2024-12-01,Manufacturing,Gujarat,39,749860.16,509321.16,2079859.94,171068.37,84501.32,172710.88,96359.45,3179861.77
MSME051,Manufacturing MSME 51,2025-01-01,Manufacturing,Gujarat,39,786038.66,515750.05,2219005.18,171843.96,85567.94,181043.66,96359.45,3083502.32
MSME051,Manufacturing MSME 51,2025-02-01,Manufacturing,Gujarat,39,827953.22,552233.64,2373362.05,172623.07,91620.92,190697.59,96359.45,2987142.88
MSME051,Manufacturing MSME 51,2025-03-01,Manufacturing,Gujarat,39,843024.52,556536.07,2520411.74,173405.71,92334.73,194168.88,96359.45,2890783.43
MSME051,Manufacturing MSME 51,2025-04-01,Manufacturing,Gujarat,39,841885.04,570488.48,2658003.03,174191.89,94649.57,193906.42,96359.45,2794423.98
MSME051,Manufacturing MSME 51,2025-05-01,Manufacturing,Gujarat,39,822446.31,551575.96,2801858.95,174981.65,91511.8,189429.22,96359.45,2698064.53
MSME051,Manufacturing MSME 51,2025-06-01,Manufacturing,Gujarat,39,791033.36,538405.15,2919664.31,175774.98,89326.64,182194.06,96359.45,2601705.09
MSME051,Manufacturing MSME 51,2025-07-01,Manufacturing,Gujarat,39,753914.67,493719.02,3036453.78,176571.91,81912.78,173644.73,96359.45,2505345.64
MSME051,Manufacturing MSME 51,2025-08-01,Manufacturing,Gujarat,39,740310.39,487947.19,3149954.93,177372.45,80955.17,170511.33,96359.45,2408986.19
MSME051,Manufacturing MSME 51,2025-09-01,Manufacturing,Gujarat,39,740926.07,491262.98,3277766.11,178176.62,81505.29,170653.14,96359.45,2312626.74
MSME051,Manufacturing MSME 51,2025-10-01,Manufacturing,Gujarat,39,739019.66,485499.19,3405639.52,178984.43,80549.02,170214.05,96359.45,2216267.3
MSME051,Manufacturing MSME 51,2025-11-01,Manufacturing,Gujarat,39,739259.19,501348.1,3520165.53,179795.91,83178.51,170269.22,96359.45,2119907.85
MSME051,Manufacturing MSME 51,2025-12-01,Manufacturing,Gujarat,39,769986.84,509937.63,3652468.62,180611.07,84603.6,177346.54,96359.45,2023548.4
MSME051,Manufacturing MSME 51,2026-01-01,Manufacturing,Gujarat,39,792921.52,507842.64,3791242.65,181429.93,84256.02,182628.95,96359.45,1927188.95
MSME051,Manufacturing MSME 51,2026-02-01,Manufacturing,Gujarat,39,825824.92,569972.71,3933103.98,182252.49,94564.0,190207.39,96359.45,1830829.51
MSME051,Manufacturing MSME 51,2026-03-01,Manufacturing,Gujarat,39,843963.6,584462.67,4063113.32,183078.79,96968.03,194385.17,96359.45,1734470.06
MSME051,Manufacturing MSME 51,2026-04-01,Manufacturing,Gujarat,39,852163.77,571961.32,4199929.04,183908.83,94893.93,196273.86,96359.45,1638110.61
MSME051,Manufacturing MSME 51,2026-05-01,Manufacturing,Gujarat,39,860724.78,601593.6,4334607.6,184742.64,99810.21,198245.67,96359.45,1541751.16
MSME051,Manufacturing MSME 51,2026-06-01,Manufacturing,Gujarat,39,845444.24,557338.54,4486076.8,185580.22,92467.87,194726.19,96359.45,1445391.71
MSME051,Manufacturing MSME 51,2026-07-01,Manufacturing,Gujarat,39,814652.75,546431.56,4608452.7,186421.61,90658.3,187634.17,96359.45,1349032.27
MSME051,Manufacturing MSME 51,2026-08-01,Manufacturing,Gujarat,39,783884.62,520840.74,4743453.37,187266.81,86412.53,180547.53,96359.45,1252672.82
MSME051,Manufacturing MSME 51,2026-09-01,Manufacturing,Gujarat,39,774559.26,525319.67,4863109.29,188115.84,87155.63,178399.67,96359.45,1156313.37
MSME052,Manufacturing MSME 52,2023-10-01,Manufacturing,Telangana,93,622614.22,454202.03,390075.46,156174.8,70383.77,158036.66,51074.0,2400477.97
MSME052,Manufacturing MSME 52,2023-11-01,Manufacturing,Telangana,93,636831.64,471136.19,490295.77,157082.52,73007.91,161645.44,51074.0,2349403.97
MSME052,Manufacturing MSME 52,2023-12-01,Manufacturing,Telangana,93,660615.47,498467.69,584741.46,157995.52,77243.23,167682.43,51074.0,2298329.97
MSME052,Manufacturing MSME 52,2024-01-01,Manufacturing,Telangana,93,683650.44,507073.17,682302.42,158913.83,78576.75,173529.34,51074.0,2247255.97
MSME052,Manufacturing MSME 52,2024-02-01,Manufacturing,Telangana,93,715314.47,523642.88,796895.91,159837.47,81144.42,181566.54,51074.0,2196181.97
MSME052,Manufacturing MSME 52,2024-03-01,Manufacturing,Telangana,93,741501.33,550587.27,910648.76,160766.48,85319.75,188213.49,51074.0,2145107.97
MSME052,Manufacturing MSME 52,2024-04-01,Manufacturing,Telangana,93,727683.73,534413.89,1017043.06,161700.89,82813.5,184706.2,51074.0,2094033.97
MSME052,Manufacturing MSME 52,2024-05-01,Manufacturing,Telangana,93,722280.43,535750.44,1123586.12,162640.73,83020.62,183334.7,51074.0,2042959.98
MSME052,Manufacturing MSME 52,2024-06-01,Manufacturing,Telangana,93,693459.46,528140.87,1209804.93,163586.04,81841.43,176019.14,51074.0,1991885.98
MSME052,Manufacturing MSME 52,2024-07-01,Manufacturing,Telangana,93,676005.66,499709.88,1301335.28,164536.83,77435.72,171588.89,51074.0,1940811.98
MSME052,Manufacturing MSME 52,2024-08-01,Manufacturing,Telangana,93,663158.62,500542.2,1386532.58,165493.16,77564.7,168327.95,51074.0,1889737.98
MSME052,Manufacturing MSME 52,2024-09-01,Manufacturing,Telangana,93,659402.46,493692.89,1473676.95,166455.04,76503.32,167374.53,51074.0,1838663.98
MSME052,Manufacturing MSME 52,2024-10-01,Manufacturing,Telangana,93,636627.74,476798.08,1560034.64,167422.52,73885.28,161593.68,51074.0,1787589.98
MSME052,Manufacturing MSME 52,2024-11-01,Manufacturing,Telangana,93,635162.92,462793.32,1651748.58,168395.61,71715.08,161221.87,51074.0,1736515.98
MSME052,Manufacturing MSME 52,2024-12-01,Manufacturing,Telangana,93,660632.52,494681.82,1746571.92,169374.36,76656.57,167686.76,51074.0,1685441.98
MSME052,Manufacturing MSME 52,2025-01-01,Manufacturing,Telangana,93,700963.23,512992.23,1859933.66,170358.81,79493.97,177923.8,51074.0,1634367.98
MSME052,Manufacturing MSME 52,2025-02-01,Manufacturing,Telangana,93,710408.39,527105.08,1958931.48,171348.97,81680.92,180321.25,51074.0,1583293.98
MSME052,Manufacturing MSME 52,2025-03-01,Manufacturing,Telangana,93,746027.82,548590.01,2087311.23,172344.89,85010.26,189362.44,51074.0,1532219.98
MSME052,Manufacturing MSME 52,2025-04-01,Manufacturing,Telangana,93,740491.4,558982.63,2192187.49,173346.59,86620.71,187957.14,51074.0,1481145.98
MSME052,Manufacturing MSME 52,2025-05-01,Manufacturing,Telangana,93,731980.85,548193.12,2296018.81,174354.12,84948.75,185796.93,51074.0,1430071.98
MSME052,Manufacturing MSME 52,2025-06-01,Manufacturing,Telangana,93,714706.15,536562.93,2399352.64,175367.51,83146.52,181412.13,51074.0,1378997.98
MSME052,Manufacturing MSME 52,2025-07-01,Manufacturing,Telangana,93,673650.18,504556.41,2489090.43,176386.78,78186.75,170991.0,51074.0,1327923.98
MSME052,Manufacturing MSME 52,2025-08-01,Manufacturing,Telangana,93,665059.81,481945.35,2592532.59,177411.98,74682.91,168810.53,51074.0,1276849.98
MSME052,Manufacturing MSME 52,2025-09-01,Manufacturing,Telangana,93,657149.18,484357.15,2692732.91,178443.14,75056.64,166802.59,51074.0,1225775.99
MSME052,Manufacturing MSME 52,2025-10-01,Manufacturing,Telangana,93,662754.14,497008.19,2772718.72,179480.29,77017.07,168225.28,51074.0,1174701.99
MSME052,Manufacturing MSME 52,2025-11-01,Manufacturing,Telangana,93,662748.02,507945.26,2865197.2,180523.47,78711.89,168223.73,51074.0,1123627.99
MSME052,Manufacturing MSME 52,2025-12-01,Manufacturing,Telangana,93,678504.12,501827.88,2961330.72,181572.71,77763.93,172223.06,51074.0,1072553.99
MSME052,Manufacturing MSME 52,2026-01-01,Manufacturing,Telangana,93,724972.76,538442.64,3074164.58,182628.05,83437.81,184018.09,51074.0,1021479.99
MSME052,Manufacturing MSME 52,2026-02-01,Manufacturing,Telangana,93,760129.34,578263.97,3195111.79,183689.53,89608.57,192941.79,51074.0,970405.99
MSME052,Manufacturing MSME 52,2026-03-01,Manufacturing,Telangana,93,770938.96,578950.35,3304633.43,184757.17,89714.94,195685.57,51074.0,919331.99
MSME052,Manufacturing MSME 52,2026-04-01,Manufacturing,Telangana,93,776115.94,575790.37,3428032.96,185831.02,89225.26,196999.64,51074.0,868257.99
MSME052,Manufacturing MSME 52,2026-05-01,Manufacturing,Telangana,93,764930.81,566758.37,3545283.27,186911.11,87825.65,194160.54,51074.0,817183.99
MSME052,Manufacturing MSME 52,2026-06-01,Manufacturing,Telangana,93,736950.45,547905.47,3665803.22,187997.48,84904.18,187058.35,51074.0,766109.99
MSME052,Manufacturing MSME 52,2026-07-01,Manufacturing,Telangana,93,694998.29,510672.12,3778112.0,189090.17,79134.45,176409.74,51074.0,715035.99
MSME052,Manufacturing MSME 52,2026-08-01,Manufacturing,Telangana,93,659990.83,492953.58,3867623.77,190189.2,76388.76,167523.88,51074.0,663961.99
MSME052,Manufacturing MSME 52,2026-09-01,Manufacturing,Telangana,93,661054.81,500014.33,3958924.95,191294.62,77482.9,167793.95,51074.0,612887.99
MSME053,Manufacturing MSME 53,2023-10-01,Manufacturing,Tamil Nadu,98,693037.45,526898.84,402938.09,123328.16,72217.89,145305.17,45983.26,2161213.02
MSME053,Manufacturing MSME 53,2023-11-01,Manufacturing,Tamil Nadu,98,724789.07,528297.44,525050.9,123909.6,72409.59,151962.34,45983.26,2115229.76
MSME053,Manufacturing MSME 53,2023-12-01,Manufacturing,Tamil Nadu,98,741550.07,559023.38,646562.39,124493.77,76620.95,155476.53,45983.26,2069246.5
MSME053,Manufacturing MSME 53,2024-01-01,Manufacturing,Tamil Nadu,98,775875.82,580407.68,772632.73,125080.71,79551.93,162673.41,45983.26,2023263.25
MSME053,Manufacturing MSME 53,2024-02-01,Manufacturing,Tamil Nadu,98,811538.87,607787.64,899476.74,125670.4,83304.69,170150.67,45983.26,1977279.99
MSME053,Manufacturing MSME 53,2024-03-01,Manufacturing,Tamil Nadu,98,828477.63,604687.69,1053905.13,126262.88,82879.8,173702.13,45983.26,1931296.74
MSME053,Manufacturing MSME 53,2024-04-01,Manufacturing,Tamil Nadu,98,824926.05,617054.0,1177180.8,126858.15,84574.76,172957.49,45983.26,1885313.48
MSME053,Manufacturing MSME 53,2024-05-01,Manufacturing,Tamil Nadu,98,804379.53,603975.17,1294382.3,127456.23,82782.14,168649.62,45983.26,1839330.23
MSME053,Manufacturing MSME 53,2024-06-01,Manufacturing,Tamil Nadu,98,791530.68,600392.03,1420387.53,128057.13,82291.03,165955.67,45983.26,1793346.97
MSME053,Manufacturing MSME 53,2024-07-01,Manufacturing,Tamil Nadu,98,764467.4,575757.86,1535784.38,128660.86,78914.62,160281.47,45983.26,1747363.71
MSME053,Manufacturing MSME 53,2024-08-01,Manufacturing,Tamil Nadu,98,733069.63,558339.6,1644458.81,129267.43,76527.23,153698.48,45983.26,1701380.46
MSME053,Manufacturing MSME 53,2024-09-01,Manufacturing,Tamil Nadu,98,716039.48,526316.93,1762388.46,129876.87,72138.14,150127.87,45983.26,1655397.2
MSME053,Manufacturing MSME 53,2024-10-01,Manufacturing,Tamil Nadu,98,721591.05,533169.69,1872945.4,130489.18,73077.39,151291.83,45983.26,1609413.95
MSME053,Manufacturing MSME 53,2024-11-01,Manufacturing,Tamil Nadu,98,745101.96,568535.82,1985762.74,131104.38,77924.75,156221.23,45983.26,1563430.69
MSME053,Manufacturing MSME 53,2024-12-01,Manufacturing,Tamil Nadu,98,757109.14,566962.86,2095896.81,131722.47,77709.16,158738.71,45983.26,1517447.44
MSME053,Manufacturing MSME 53,2025-01-01,Manufacturing,Tamil Nadu,98,788918.43,602297.06,2229538.9,132343.48,82552.14,165407.98,45983.26,1471464.18
MSME053,Manufacturing MSME 53,2025-02-01,Manufacturing,Tamil Nadu,98,809579.73,594723.1,2362718.56,132967.42,81514.03,169739.91,45983.26,1425480.93
MSME053,Manufacturing MSME 53,2025-03-01,Manufacturing,Tamil Nadu,98,825666.35,615696.51,2507456.11,133594.3,84388.7,173112.7,45983.26,1379497.67
MSME053,Manufacturing MSME 53,2025-04-01,Manufacturing,Tamil Nadu,98,833659.11,618287.53,2671801.3,134224.14,84743.83,174788.5,45983.26,1333514.41
MSME053,Manufacturing MSME 53,2025-05-01,Manufacturing,Tamil Nadu,98,827764.94,618903.56,2802190.03,134856.94,84828.26,173552.7,45983.26,1287531.16
MSME053,Manufacturing MSME 53,2025-06-01,Manufacturing,Tamil Nadu,98,798785.66,591156.56,2945924.64,135492.73,81025.2,167476.78,45983.26,1241547.9
MSME053,Manufacturing MSME 53,2025-07-01,Manufacturing,Tamil Nadu,98,783345.64,583262.14,3081433.79,136131.52,79943.17,164239.56,45983.26,1195564.65
MSME053,Manufacturing MSME 53,2025-08-01,Manufacturing,Tamil Nadu,98,757789.16,549977.8,3215800.72,136773.31,75381.15,158881.28,45983.26,1149581.39
MSME053,Manufacturing MSME 53,2025-09-01,Manufacturing,Tamil Nadu,98,717707.46,528655.86,3331839.15,137418.14,72458.71,150477.58,45983.26,1103598.14
MSME053,Manufacturing MSME 53,2025-10-01,Manufacturing,Tamil Nadu,98,714182.22,525994.18,3447527.42,138066.0,72093.9,149738.47,45983.26,1057614.88
MSME053,Manufacturing MSME 53,2025-11-01,Manufacturing,Tamil Nadu,98,736446.37,539922.77,3578732.25,138716.92,74002.98,154406.46,45983.26,1011631.62
MSME053,Manufacturing MSME 53,2025-12-01,Manufacturing,Tamil Nadu,98,766995.83,581040.56,3696968.36,139370.9,79638.67,160811.59,45983.26,965648.37
MSME053,Manufacturing MSME 53,2026-01-01,Manufacturing,Tamil Nadu,98,816209.81,594371.13,3851178.3,140027.97,81465.79,171130.0,45983.26,919665.11
MSME053,Manufacturing MSME 53,2026-02-01,Manufacturing,Tamil Nadu,98,857764.28,633227.82,4006026.61,140688.14,86791.57,179842.49,45983.26,873681.86
MSME053,Manufacturing MSME 53,2026-03-01,Manufacturing,Tamil Nadu,98,860394.86,632341.98,4163708.7,141351.42,86670.16,180394.03,45983.26,827698.6
MSME053,Manufacturing MSME 53,2026-04-01,Manufacturing,Tamil Nadu,98,849279.22,640864.17,4308379.14,142017.83,87838.23,178063.48,45983.26,781715.35
MSME053,Manufacturing MSME 53,2026-05-01,Manufacturing,Tamil Nadu,98,841749.7,639045.63,4441894.96,142687.38,87588.98,176484.81,45983.26,735732.09
MSME053,Manufacturing MSME 53,2026-06-01,Manufacturing,Tamil Nadu,98,799197.22,595420.58,4564835.67,143360.08,81609.63,167563.07,45983.26,689748.83
MSME053,Manufacturing MSME 53,2026-07-01,Manufacturing,Tamil Nadu,98,774504.74,584051.56,4678266.04,144035.96,80051.37,162385.94,45983.26,643765.58
MSME053,Manufacturing MSME 53,2026-08-01,Manufacturing,Tamil Nadu,98,741535.53,563307.84,4777568.17,144715.02,77208.19,155473.48,45983.26,597782.32
MSME053,Manufacturing MSME 53,2026-09-01,Manufacturing,Tamil Nadu,98,726646.02,527228.68,4899796.44,145397.29,72263.1,152351.68,45983.26,551799.07
MSME054,Manufacturing MSME 54,2023-10-01,Manufacturing,Kerala,21,1381700.98,941566.71,877978.36,260539.76,146287.15,410654.79,27134.33,1275313.58
MSME054,Manufacturing MSME 54,2023-11-01,Manufacturing,Kerala,21,1424583.82,961929.96,1206696.83,261443.36,149450.9,423399.99,27134.33,1248179.25
MSME054,Manufacturing MSME 54,2023-12-01,Manufacturing,Kerala,21,1474831.09,1050266.17,1500600.51,262350.1,163175.31,438333.96,27134.33,1221044.92
MSME054,Manufacturing MSME 54,2024-01-01,Manufacturing,Kerala,21,1548877.92,1079006.12,1830783.5,263259.98,167640.51,460341.39,27134.33,1193910.59
MSME054,Manufacturing MSME 54,2024-02-01,Manufacturing,Kerala,21,1650468.4,1117780.91,2226544.19,264173.02,173664.79,490535.05,27134.33,1166776.25
MSME054,Manufacturing MSME 54,2024-03-01,Manufacturing,Kerala,21,1704611.9,1211248.84,2586902.91,265089.22,188186.49,506627.02,27134.33,1139641.92
MSME054,Manufacturing MSME 54,2024-04-01,Manufacturing,Kerala,21,1738928.43,1186846.71,2971177.35,266008.61,184395.24,516826.22,27134.33,1112507.59
MSME054,Manufacturing MSME 54,2024-05-01,Manufacturing,Kerala,21,1683772.44,1162991.67,3333676.42,266931.18,180688.99,500433.33,27134.33,1085373.26
MSME054,Manufacturing MSME 54,2024-06-01,Manufacturing,Kerala,21,1643326.38,1117882.92,3703184.47,267856.95,173680.63,488412.38,27134.33,1058238.93
MSME054,Manufacturing MSME 54,2024-07-01,Manufacturing,Kerala,21,1556591.39,1075603.07,4056938.63,268785.93,167111.8,462633.9,27134.33,1031104.6
MSME054,Manufacturing MSME 54,2024-08-01,Manufacturing,Kerala,21,1508003.43,1037912.33,4382480.1,269718.13,161255.95,448193.1,27134.33,1003970.27
MSME054,Manufacturing MSME 54,2024-09-01,Manufacturing,Kerala,21,1454499.92,1010862.24,4678967.04,270653.56,157053.29,432291.34,27134.33,976835.93
MSME054,Manufacturing MSME 54,2024-10-01,Manufacturing,Kerala,21,1477907.24,1029199.96,4990855.64,271592.24,159902.35,439248.22,27134.33,949701.6
MSME054,Manufacturing MSME 54,2024-11-01,Manufacturing,Kerala,21,1492369.2,1061679.15,5296135.19,272534.18,164948.5,443546.45,27134.33,922567.27
MSME054,Manufacturing MSME 54,2024-12-01,Manufacturing,Kerala,21,1562880.24,1053092.29,5665833.82,273479.38,163614.39,464503.01,27134.33,895432.94
MSME054,Manufacturing MSME 54,2025-01-01,Manufacturing,Kerala,21,1642177.91,1131328.9,6046332.64,274427.86,175769.68,488071.04,27134.33,868298.61
MSME054,Manufacturing MSME 54,2025-02-01,Manufacturing,Kerala,21,1700913.25,1167737.47,6439278.07,275379.63,181426.32,505527.75,27134.33,841164.28
MSME054,Manufacturing MSME 54,2025-03-01,Manufacturing,Kerala,21,1751767.17,1213045.58,6830985.38,276334.7,188465.64,520642.02,27134.33,814029.95
MSME054,Manufacturing MSME 54,2025-04-01,Manufacturing,Kerala,21,1768452.61,1251621.29,7214546.6,277293.09,194458.98,525601.09,27134.33,786895.61
MSME054,Manufacturing MSME 54,2025-05-01,Manufacturing,Kerala,21,1745053.62,1180437.11,7628799.18,278254.79,183399.41,518646.69,27134.33,759761.28
MSME054,Manufacturing MSME 54,2025-06-01,Manufacturing,Kerala,21,1673652.99,1151620.17,8026457.26,279219.84,178922.24,497425.74,27134.33,732626.95
MSME054,Manufacturing MSME 54,2025-07-01,Manufacturing,Kerala,21,1607523.22,1112331.67,8371545.54,280188.23,172818.16,477771.33,27134.33,705492.62
MSME054,Manufacturing MSME 54,2025-08-01,Manufacturing,Kerala,21,1561842.2,1082954.13,8711614.5,281159.97,168253.9,464194.5,27134.33,678358.29
MSME054,Manufacturing MSME 54,2025-09-01,Manufacturing,Kerala,21,1534975.63,1061664.24,9052976.69,282135.09,164946.18,456209.49,27134.33,651223.96
MSME054,Manufacturing MSME 54,2025-10-01,Manufacturing,Kerala,21,1571203.89,1062032.07,9426616.33,283113.59,165003.33,466976.88,27134.33,624089.62
MSME054,Manufacturing MSME 54,2025-11-01,Manufacturing,Kerala,21,1619865.16,1126781.76,9802650.84,284095.49,175063.21,481439.48,27134.33,596955.29
MSME054,Manufacturing MSME 54,2025-12-01,Manufacturing,Kerala,21,1710346.16,1173989.23,10193273.28,285080.78,182397.63,508331.3,27134.33,569820.96
MSME054,Manufacturing MSME 54,2026-01-01,Manufacturing,Kerala,21,1804055.92,1253767.02,10604069.38,286069.5,194792.36,536182.74,27134.33,542686.63
MSME054,Manufacturing MSME 54,2026-02-01,Manufacturing,Kerala,21,1862695.18,1281405.83,11052006.53,287061.65,199086.48,553610.89,27134.33,515552.3
MSME054,Manufacturing MSME 54,2026-03-01,Manufacturing,Kerala,21,1878001.0,1313168.61,11470861.22,288057.23,204021.33,558159.93,27134.33,488417.97
MSME054,Manufacturing MSME 54,2026-04-01,Manufacturing,Kerala,21,1879244.62,1332156.65,11876070.1,289056.27,206971.42,558529.54,27134.33,461283.64
MSME054,Manufacturing MSME 54,2026-05-01,Manufacturing,Kerala,21,1864939.4,1267416.21,12314003.26,290058.78,196912.97,554277.89,27134.33,434149.3
MSME054,Manufacturing MSME 54,2026-06-01,Manufacturing,Kerala,21,1792836.69,1227757.24,12716777.88,291064.76,190751.33,532848.27,27134.33,407014.97
MSME054,Manufacturing MSME 54,2026-07-01,Manufacturing,Kerala,21,1741841.77,1208602.12,13113671.32,292074.23,187775.28,517692.1,27134.33,379880.64
MSME054,Manufacturing MSME 54,2026-08-01,Manufacturing,Kerala,21,1651805.58,1152343.23,13468704.05,293087.2,179034.58,490932.48,27134.33,352746.31
MSME054,Manufacturing MSME 54,2026-09-01,Manufacturing,Kerala,21,1593075.54,1101704.0,13808325.28,294103.68,171166.98,473477.34,27134.33,325611.98
MSME055,Manufacturing MSME 55,2023-10-01,Manufacturing,Tamil Nadu,20,1013554.41,742362.1,472537.22,212921.75,101383.14,299145.93,53014.97,2491703.59
MSME055,Manufacturing MSME 55,2023-11-01,Manufacturing,Tamil Nadu,20,1047040.84,754706.46,682895.87,214259.64,103068.99,309029.3,53014.97,2438688.62
MSME055,Manufacturing MSME 55,2023-12-01,Manufacturing,Tamil Nadu,20,1109644.12,832638.94,878920.15,215605.93,113712.1,327506.37,53014.97,2385673.65
MSME055,Manufacturing MSME 55,2024-01-01,Manufacturing,Tamil Nadu,20,1152153.99,825423.61,1099966.29,216960.68,112726.72,340052.96,53014.97,2332658.68
MSME055,Manufacturing MSME 55,2024-02-01,Manufacturing,Tamil Nadu,20,1191287.4,858153.15,1311659.56,218323.95,117196.53,351603.01,53014.97,2279643.71
MSME055,Manufacturing MSME 55,2024-03-01,Manufacturing,Tamil Nadu,20,1232116.64,881974.09,1543706.97,219695.78,120449.72,363653.57,53014.97,2226628.74
MSME055,Manufacturing MSME 55,2024-04-01,Manufacturing,Tamil Nadu,20,1205523.34,889580.09,1763239.26,221076.23,121488.46,355804.68,53014.97,2173613.77
MSME055,Manufacturing MSME 55,2024-05-01,Manufacturing,Tamil Nadu,20,1158733.35,841208.22,1977281.72,222465.36,114882.39,341994.83,53014.97,2120598.8
MSME055,Manufacturing MSME 55,2024-06-01,Manufacturing,Tamil Nadu,20,1081738.14,818484.51,2141235.32,223863.21,111779.06,319270.05,53014.97,2067583.83
MSME055,Manufacturing MSME 55,2024-07-01,Manufacturing,Tamil Nadu,20,1025445.9,750091.74,2303212.78,225269.85,102438.77,302655.65,53014.97,2014568.86
MSME055,Manufacturing MSME 55,2024-08-01,Manufacturing,Tamil Nadu,20,993270.97,729961.71,2455517.37,226685.32,99689.65,293159.37,53014.97,1961553.89
MSME055,Manufacturing MSME 55,2024-09-01,Manufacturing,Tamil Nadu,20,977510.34,707069.73,2618237.69,228109.69,96563.33,288507.69,53014.97,1908538.92
MSME055,Manufacturing MSME 55,2024-10-01,Manufacturing,Tamil Nadu,20,979199.12,736032.2,2778592.37,229543.01,100518.68,289006.13,53014.97,1855523.95
MSME055,Manufacturing MSME 55,2024-11-01,Manufacturing,Tamil Nadu,20,971752.67,708811.6,2958907.28,230985.34,96801.21,286808.34,53014.97,1802508.98
MSME055,Manufacturing MSME 55,2024-12-01,Manufacturing,Tamil Nadu,20,975672.82,716051.63,3114227.45,232436.73,97789.97,287965.36,53014.97,1749494.01
MSME055,Manufacturing MSME 55,2025-01-01,Manufacturing,Tamil Nadu,20,1011274.66,747373.3,3298881.61,233897.24,102067.52,298473.08,53014.97,1696479.04
MSME055,Manufacturing MSME 55,2025-02-01,Manufacturing,Tamil Nadu,20,1053153.52,790911.2,3457649.99,235366.92,108013.41,310833.43,53014.97,1643464.07
MSME055,Manufacturing MSME 55,2025-03-01,Manufacturing,Tamil Nadu,20,1070383.01,771907.52,3646562.01,236845.84,105418.11,315918.63,53014.97,1590449.1
MSME055,Manufacturing MSME 55,2025-04-01,Manufacturing,Tamil Nadu,20,1059401.19,785062.79,3822095.49,238334.05,107214.71,312677.4,53014.97,1537434.13
MSME055,Manufacturing MSME 55,2025-05-01,Manufacturing,Tamil Nadu,20,1030574.06,771868.18,3978616.82,239831.62,105412.74,304169.2,53014.97,1484419.16
MSME055,Manufacturing MSME 55,2025-06-01,Manufacturing,Tamil Nadu,20,1004122.05,740253.58,4137254.61,241338.59,101095.19,296362.01,53014.97,1431404.19
MSME055,Manufacturing MSME 55,2025-07-01,Manufacturing,Tamil Nadu,20,939729.23,702133.27,4279108.7,242855.04,95889.16,277356.77,53014.97,1378389.22
MSME055,Manufacturing MSME 55,2025-08-01,Manufacturing,Tamil Nadu,20,916402.78,665107.21,4430773.14,244381.01,90832.57,270472.07,53014.97,1325374.25
MSME055,Manufacturing MSME 55,2025-09-01,Manufacturing,Tamil Nadu,20,893825.38,667059.33,4569456.55,245916.57,91099.17,263808.46,53014.97,1272359.28
MSME055,Manufacturing MSME 55,2025-10-01,Manufacturing,Tamil Nadu,20,899337.33,664174.73,4706104.25,247461.78,90705.23,265435.29,53014.97,1219344.31
MSME055,Manufacturing MSME 55,2025-11-01,Manufacturing,Tamil Nadu,20,933569.81,685622.45,4858914.18,249016.69,93634.31,275538.85,53014.97,1166329.34
MSME055,Manufacturing MSME 55,2025-12-01,Manufacturing,Tamil Nadu,20,967538.32,731208.31,5005258.1,250581.38,99859.89,285564.5,53014.97,1113314.37
MSME055,Manufacturing MSME 55,2026-01-01,Manufacturing,Tamil Nadu,20,1009292.72,733389.99,5186852.89,252155.9,100157.84,297888.12,53014.97,1060299.4
MSME055,Manufacturing MSME 55,2026-02-01,Manufacturing,Tamil Nadu,20,1057388.55,786750.64,5372216.5,253740.31,107445.21,312083.38,53014.97,1007284.43
MSME055,Manufacturing MSME 55,2026-03-01,Manufacturing,Tamil Nadu,20,1076902.9,778833.52,5578488.03,255334.68,106363.99,317842.95,53014.97,954269.46
MSME055,Manufacturing MSME 55,2026-04-01,Manufacturing,Tamil Nadu,20,1080966.41,803769.35,5763161.77,256939.07,109769.43,319042.28,53014.97,901254.49
MSME055,Manufacturing MSME 55,2026-05-01,Manufacturing,Tamil Nadu,20,1070722.51,769986.26,5965878.05,258553.54,105155.73,316018.84,53014.97,848239.52
MSME055,Manufacturing MSME 55,2026-06-01,Manufacturing,Tamil Nadu,20,1025542.67,741164.3,6142191.36,260178.15,101219.56,302684.21,53014.97,795224.55
MSME055,Manufacturing MSME 55,2026-07-01,Manufacturing,Tamil Nadu,20,989214.23,735956.47,6282918.98,261812.97,100508.34,291962.04,53014.97,742209.58
MSME055,Manufacturing MSME 55,2026-08-01,Manufacturing,Tamil Nadu,20,960298.75,699730.66,6426797.77,263458.07,95561.04,283427.77,53014.97,689194.61
MSME055,Manufacturing MSME 55,2026-09-01,Manufacturing,Tamil Nadu,20,937360.76,697058.41,6565145.77,265113.5,95196.1,276657.73,53014.97,636179.64
MSME056,Manufacturing MSME 56,2023-10-01,Manufacturing,Telangana,22,529537.51,378670.51,311843.92,122996.71,63324.07,141084.35,77367.3,3636263.3
MSME056,Manufacturing MSME 56,2023-11-01,Manufacturing,Telangana,22,541601.95,394513.5,372241.66,123747.91,65973.45,144298.67,77367.3,3558895.99
MSME056,Manufacturing MSME 56,2023-12-01,Manufacturing,Telangana,22,559270.77,397383.32,428829.93,124503.7,66453.36,149006.16,77367.3,3481528.69
MSME056,Manufacturing MSME 56,2024-01-01,Manufacturing,Telangana,22,583939.86,431758.11,495716.01,125264.11,72201.77,155578.73,77367.3,3404161.39
MSME056,Manufacturing MSME 56,2024-02-01,Manufacturing,Telangana,22,600313.03,427307.6,580676.92,126029.16,71457.52,159941.03,77367.3,3326794.08
MSME056,Manufacturing MSME 56,2024-03-01,Manufacturing,Telangana,22,625872.27,453383.69,662337.37,126798.89,75818.16,166750.76,77367.3,3249426.78
MSME056,Manufacturing MSME 56,2024-04-01,Manufacturing,Telangana,22,618682.26,431445.47,746026.89,127573.31,72149.49,164835.13,77367.3,3172059.47
MSME056,Manufacturing MSME 56,2024-05-01,Manufacturing,Telangana,22,603540.66,420732.22,829737.37,128352.47,70357.94,160800.96,77367.3,3094692.17
MSME056,Manufacturing MSME 56,2024-06-01,Manufacturing,Telangana,22,572275.28,406485.88,893813.29,129136.38,67975.56,152470.94,77367.3,3017324.86
MSME056,Manufacturing MSME 56,2024-07-01,Manufacturing,Telangana,22,556918.89,385335.05,963583.81,129925.08,64438.56,148379.55,77367.3,2939957.56
MSME056,Manufacturing MSME 56,2024-08-01,Manufacturing,Telangana,22,538302.2,387357.18,1013204.31,130718.6,64776.72,143419.52,77367.3,2862590.26
MSME056,Manufacturing MSME 56,2024-09-01,Manufacturing,Telangana,22,527380.47,374145.35,1069300.85,131516.96,62567.34,140509.65,77367.3,2785222.95
MSME056,Manufacturing MSME 56,2024-10-01,Manufacturing,Telangana,22,526861.98,392219.76,1114525.99,132320.2,65589.87,140371.51,77367.3,2707855.65
MSME056,Manufacturing MSME 56,2024-11-01,Manufacturing,Telangana,22,542509.49,392514.72,1168955.51,133128.35,65639.2,144540.46,77367.3,2630488.34
MSME056,Manufacturing MSME 56,2024-12-01,Manufacturing,Telangana,22,562043.28,397830.0,1247876.84,133941.43,66528.06,149744.84,77367.3,2553121.04
MSME056,Manufacturing MSME 56,2025-01-01,Manufacturing,Telangana,22,595031.77,427463.08,1317974.32,134759.48,71483.52,158533.94,77367.3,2475753.74
MSME056,Manufacturing MSME 56,2025-02-01,Manufacturing,Telangana,22,613124.4,445198.32,1386901.44,135582.53,74449.34,163354.35,77367.3,2398386.43
MSME056,Manufacturing MSME 56,2025-03-01,Manufacturing,Telangana,22,620734.51,459912.43,1463499.35,136410.6,76909.94,165381.91,77367.3,2321019.13
MSME056,Manufacturing MSME 56,2025-04-01,Manufacturing,Telangana,22,622545.5,446797.25,1543946.66,137243.72,74716.72,165864.41,77367.3,2243651.82
MSME056,Manufacturing MSME 56,2025-05-01,Manufacturing,Telangana,22,622407.08,437128.91,1633824.83,138081.94,73099.91,165827.53,77367.3,2166284.52
MSME056,Manufacturing MSME 56,2025-06-01,Manufacturing,Telangana,22,599567.3,424984.9,1711886.1,138925.28,71069.1,159742.34,77367.3,2088917.21
MSME056,Manufacturing MSME 56,2025-07-01,Manufacturing,Telangana,22,571595.8,409999.02,1773216.73,139773.77,68563.05,152289.91,77367.3,2011549.91
MSME056,Manufacturing MSME 56,2025-08-01,Manufacturing,Telangana,22,552720.56,395259.79,1828621.85,140627.43,66098.25,147260.99,77367.3,1934182.61
MSME056,Manufacturing MSME 56,2025-09-01,Manufacturing,Telangana,22,532912.26,383803.78,1874850.34,141486.32,64182.49,141983.48,77367.3,1856815.3
MSME056,Manufacturing MSME 56,2025-10-01,Manufacturing,Telangana,22,517921.71,372783.58,1921656.36,142350.45,62339.61,137989.56,77367.3,1779448.0
MSME056,Manufacturing MSME 56,2025-11-01,Manufacturing,Telangana,22,541174.13,397666.21,1975306.29,143219.85,66500.67,144184.68,77367.3,1702080.69
MSME056,Manufacturing MSME 56,2025-12-01,Manufacturing,Telangana,22,551510.97,386290.6,2045283.14,144094.57,64598.36,146938.72,77367.3,1624713.39
MSME056,Manufacturing MSME 56,2026-01-01,Manufacturing,Telangana,22,578624.29,408600.33,2111196.85,144974.63,68329.15,154162.51,77367.3,1547346.08
MSME056,Manufacturing MSME 56,2026-02-01,Manufacturing,Telangana,22,591795.97,417129.33,2190269.73,145860.06,69755.43,157671.83,77367.3,1469978.78
MSME056,Manufacturing MSME 56,2026-03-01,Manufacturing,Telangana,22,602239.05,429181.64,2271692.69,146750.9,71770.91,160454.17,77367.3,1392611.48
MSME056,Manufacturing MSME 56,2026-04-01,Manufacturing,Telangana,22,603476.4,429269.51,2354160.12,147647.18,71785.6,160783.84,77367.3,1315244.17
MSME056,Manufacturing MSME 56,2026-05-01,Manufacturing,Telangana,22,586364.68,418680.29,2416662.15,148548.94,70014.8,156224.77,77367.3,1237876.87
MSME056,Manufacturing MSME 56,2026-06-01,Manufacturing,Telangana,22,581270.82,406116.55,2485420.66,149456.2,67913.8,154867.62,77367.3,1160509.56
MSME056,Manufacturing MSME 56,2026-07-01,Manufacturing,Telangana,22,576230.14,408374.17,2553371.81,150369.01,68291.33,153524.64,77367.3,1083142.26
MSME056,Manufacturing MSME 56,2026-08-01,Manufacturing,Telangana,22,556963.54,395888.94,2600269.35,151287.39,66203.46,148391.45,77367.3,1005774.95
MSME056,Manufacturing MSME 56,2026-09-01,Manufacturing,Telangana,22,546191.08,390501.3,2663933.43,152211.38,65302.5,145521.35,77367.3,928407.65
MSME057,Manufacturing MSME 57,2023-10-01,Manufacturing,Andhra Pradesh,21,1467354.24,1042561.93,703693.87,297114.21,113659.78,345121.93,50801.27,2387659.53
MSME057,Manufacturing MSME 57,2023-11-01,Manufacturing,Andhra Pradesh,21,1510788.33,1089791.15,980741.08,298874.55,118808.7,355337.64,50801.27,2336858.26
MSME057,Manufacturing MSME 57,2023-12-01,Manufacturing,Andhra Pradesh,21,1602927.74,1140202.37,1280543.44,300645.32,124304.52,377008.84,50801.27,2286056.99
MSME057,Manufacturing MSME 57,2024-01-01,Manufacturing,Andhra Pradesh,21,1657912.7,1188320.99,1579900.54,302426.58,129550.39,389941.31,50801.27,2235255.73
MSME057,Manufacturing MSME 57,2024-02-01,Manufacturing,Andhra Pradesh,21,1707551.46,1224534.8,1889093.78,304218.39,133498.41,401616.35,50801.27,2184454.46
MSME057,Manufacturing MSME 57,2024-03-01,Manufacturing,Andhra Pradesh,21,1708530.98,1202771.59,2205846.07,306020.82,131125.79,401846.74,50801.27,2133653.19
MSME057,Manufacturing MSME 57,2024-04-01,Manufacturing,Andhra Pradesh,21,1667620.39,1210620.6,2494818.15,307833.93,131981.49,392224.56,50801.27,2082851.93
MSME057,Manufacturing MSME 57,2024-05-01,Manufacturing,Andhra Pradesh,21,1640632.71,1182220.2,2790525.85,309657.78,128885.29,385877.05,50801.27,2032050.66
MSME057,Manufacturing MSME 57,2024-06-01,Manufacturing,Andhra Pradesh,21,1521085.54,1088252.32,3058129.27,311492.44,118640.94,357759.54,50801.27,1981249.39
MSME057,Manufacturing MSME 57,2024-07-01,Manufacturing,Andhra Pradesh,21,1460289.87,1062125.64,3292138.1,313337.97,115792.61,343460.39,50801.27,1930448.13
MSME057,Manufacturing MSME 57,2024-08-01,Manufacturing,Andhra Pradesh,21,1440870.31,1054507.2,3524579.45,315194.43,114962.05,338892.91,50801.27,1879646.86
MSME057,Manufacturing MSME 57,2024-09-01,Manufacturing,Andhra Pradesh,21,1350960.14,965142.79,3755037.57,317061.89,105219.57,317746.02,50801.27,1828845.59
MSME057,Manufacturing MSME 57,2024-10-01,Manufacturing,Andhra Pradesh,21,1353368.52,983466.9,3977825.29,318940.42,107217.26,318312.47,50801.27,1778044.33
MSME057,Manufacturing MSME 57,2024-11-01,Manufacturing,Andhra Pradesh,21,1426950.93,1029002.75,4226958.16,320830.08,112181.57,335619.07,50801.27,1727243.06
MSME057,Manufacturing MSME 57,2024-12-01,Manufacturing,Andhra Pradesh,21,1467373.75,1064485.8,4481320.25,322730.93,116049.92,345126.52,50801.27,1676441.79
MSME057,Manufacturing MSME 57,2025-01-01,Manufacturing,Andhra Pradesh,21,1521603.5,1084831.88,4769102.94,324643.04,118268.04,357881.37,50801.27,1625640.53
MSME057,Manufacturing MSME 57,2025-02-01,Manufacturing,Andhra Pradesh,21,1601058.08,1143728.99,5046127.03,326566.48,124688.99,376569.1,50801.27,1574839.26
MSME057,Manufacturing MSME 57,2025-03-01,Manufacturing,Andhra Pradesh,21,1598235.69,1124782.17,5363266.42,328501.32,122623.41,375905.27,50801.27,1524038.0
MSME057,Manufacturing MSME 57,2025-04-01,Manufacturing,Andhra Pradesh,21,1582984.57,1128050.94,5664045.69,330447.62,122979.77,372318.2,50801.27,1473236.73
MSME057,Manufacturing MSME 57,2025-05-01,Manufacturing,Andhra Pradesh,21,1539418.89,1095957.73,5932698.12,332405.46,119480.98,362071.55,50801.27,1422435.46
MSME057,Manufacturing MSME 57,2025-06-01,Manufacturing,Andhra Pradesh,21,1511580.68,1087463.83,6215052.13,334374.89,118554.98,355524.0,50801.27,1371634.2
MSME057,Manufacturing MSME 57,2025-07-01,Manufacturing,Andhra Pradesh,21,1437638.68,1057196.33,6439074.88,336355.99,115255.22,338132.83,50801.27,1320832.93
MSME057,Manufacturing MSME 57,2025-08-01,Manufacturing,Andhra Pradesh,21,1355933.0,1011260.96,6639458.71,338348.83,110247.36,318915.64,50801.27,1270031.66
MSME057,Manufacturing MSME 57,2025-09-01,Manufacturing,Andhra Pradesh,21,1347193.93,979084.16,6845485.86,340353.48,106739.46,316860.21,50801.27,1219230.4
MSME057,Manufacturing MSME 57,2025-10-01,Manufacturing,Andhra Pradesh,21,1352942.08,952606.61,7084750.45,342370.0,103852.88,318212.18,50801.27,1168429.13
MSME057,Manufacturing MSME 57,2025-11-01,Manufacturing,Andhra Pradesh,21,1385113.55,992536.79,7315963.52,344398.47,108206.06,325778.91,50801.27,1117627.86
MSME057,Manufacturing MSME 57,2025-12-01,Manufacturing,Andhra Pradesh,21,1449355.34,1067025.49,7563453.6,346438.96,116326.79,340888.59,50801.27,1066826.6
MSME057,Manufacturing MSME 57,2026-01-01,Manufacturing,Andhra Pradesh,21,1516331.95,1089374.85,7821427.8,348491.54,118763.31,356641.5,50801.27,1016025.33
MSME057,Manufacturing MSME 57,2026-02-01,Manufacturing,Andhra Pradesh,21,1549679.81,1073405.02,8128764.12,350556.28,117022.29,364484.92,50801.27,965224.06
MSME057,Manufacturing MSME 57,2026-03-01,Manufacturing,Andhra Pradesh,21,1579156.34,1092851.49,8448799.82,352633.25,119142.34,371417.8,50801.27,914422.8
MSME057,Manufacturing MSME 57,2026-04-01,Manufacturing,Andhra Pradesh,21,1625026.1,1153682.05,8753389.0,354722.53,125774.07,382206.38,50801.27,863621.53
MSME057,Manufacturing MSME 57,2026-05-01,Manufacturing,Andhra Pradesh,21,1593032.4,1167544.15,9008107.12,356824.19,127285.31,374681.45,50801.27,812820.26
MSME057,Manufacturing MSME 57,2026-06-01,Manufacturing,Andhra Pradesh,21,1569774.96,1128475.44,9271900.3,358938.3,123026.05,369211.3,50801.27,762019.0
MSME057,Manufacturing MSME 57,2026-07-01,Manufacturing,Andhra Pradesh,21,1538012.42,1109851.35,9548164.18,361064.93,120995.66,361740.75,50801.27,711217.73
MSME057,Manufacturing MSME 57,2026-08-01,Manufacturing,Andhra Pradesh,21,1472718.94,1057869.21,9813598.59,363204.17,115328.58,346383.71,50801.27,660416.46
MSME057,Manufacturing MSME 57,2026-09-01,Manufacturing,Andhra Pradesh,21,1438132.02,1007228.01,10059604.79,365356.08,109807.69,338248.86,50801.27,609615.2
MSME058,Manufacturing MSME 58,2023-10-01,Manufacturing,Andhra Pradesh,31,1513494.96,1032475.56,736612.53,278164.01,194317.02,268007.33,29033.75,1364586.24
MSME058,Manufacturing MSME 58,2023-11-01,Manufacturing,Andhra Pradesh,31,1580801.11,1123462.38,1111686.13,280037.04,211441.19,279925.8,29033.75,1335552.49
MSME058,Manufacturing MSME 58,2023-12-01,Manufacturing,Andhra Pradesh,31,1671383.82,1191819.38,1498265.7,281922.69,224306.31,295966.05,29033.75,1306518.74
MSME058,Manufacturing MSME 58,2024-01-01,Manufacturing,Andhra Pradesh,31,1731206.53,1225249.34,1892538.6,283821.04,230598.0,306559.36,29033.75,1277484.99
MSME058,Manufacturing MSME 58,2024-02-01,Manufacturing,Andhra Pradesh,31,1783876.18,1270364.74,2286383.02,285732.17,239088.94,315886.02,29033.75,1248451.24
MSME058,Manufacturing MSME 58,2024-03-01,Manufacturing,Andhra Pradesh,31,1814535.26,1275162.33,2699309.01,287656.17,239991.87,321315.08,29033.75,1219417.49
MSME058,Manufacturing MSME 58,2024-04-01,Manufacturing,Andhra Pradesh,31,1867964.96,1314305.13,3162173.66,289593.13,247358.74,330776.33,29033.75,1190383.74
MSME058,Manufacturing MSME 58,2024-05-01,Manufacturing,Andhra Pradesh,31,1820457.99,1269726.38,3580854.88,291543.12,238968.8,322363.87,29033.75,1161349.99
MSME058,Manufacturing MSME 58,2024-06-01,Manufacturing,Andhra Pradesh,31,1720241.8,1217091.23,3953972.44,293506.25,229062.6,304617.74,29033.75,1132316.24
MSME058,Manufacturing MSME 58,2024-07-01,Manufacturing,Andhra Pradesh,31,1650913.96,1168310.73,4324673.11,295482.6,219881.87,292341.28,29033.75,1103282.49
MSME058,Manufacturing MSME 58,2024-08-01,Manufacturing,Andhra Pradesh,31,1612347.66,1091801.6,4705458.99,297472.25,205482.47,285512.02,29033.75,1074248.74
MSME058,Manufacturing MSME 58,2024-09-01,Manufacturing,Andhra Pradesh,31,1579197.95,1081082.32,5075234.13,299475.31,203465.05,279641.92,29033.75,1045214.99
MSME058,Manufacturing MSME 58,2024-10-01,Manufacturing,Andhra Pradesh,31,1541991.63,1079606.55,5414071.48,301491.85,203187.3,273053.48,29033.75,1016181.24
MSME058,Manufacturing MSME 58,2024-11-01,Manufacturing,Andhra Pradesh,31,1587112.48,1070728.82,5807368.9,303521.96,201516.47,281043.41,29033.75,987147.49
MSME058,Manufacturing MSME 58,2024-12-01,Manufacturing,Andhra Pradesh,31,1663809.84,1188098.56,6185708.33,305565.75,223606.04,294624.86,29033.75,958113.74
MSME058,Manufacturing MSME 58,2025-01-01,Manufacturing,Andhra Pradesh,31,1669424.0,1173985.3,6577380.7,307623.3,220949.85,295619.0,29033.75,929079.99
MSME058,Manufacturing MSME 58,2025-02-01,Manufacturing,Andhra Pradesh,31,1741308.9,1191514.1,7030789.89,309694.71,224248.86,308348.27,29033.75,900046.24
MSME058,Manufacturing MSME 58,2025-03-01,Manufacturing,Andhra Pradesh,31,1740508.72,1191836.72,7455297.8,311780.06,224309.58,308206.58,29033.75,871012.49
MSME058,Manufacturing MSME 58,2025-04-01,Manufacturing,Andhra Pradesh,31,1711731.6,1227094.47,7834121.31,313879.46,230945.26,303110.77,29033.75,841978.74
MSME058,Manufacturing MSME 58,2025-05-01,Manufacturing,Andhra Pradesh,31,1650667.02,1193607.89,8201327.11,315992.99,224642.92,292297.55,29033.75,812944.99
MSME058,Manufacturing MSME 58,2025-06-01,Manufacturing,Andhra Pradesh,31,1616746.49,1119252.1,8594680.01,318120.75,210648.79,286290.95,29033.75,783911.24
MSME058,Manufacturing MSME 58,2025-07-01,Manufacturing,Andhra Pradesh,31,1587976.7,1073495.33,8991004.19,320262.84,202037.14,281196.44,29033.75,754877.49
MSME058,Manufacturing MSME 58,2025-08-01,Manufacturing,Andhra Pradesh,31,1511035.01,1060260.74,9323798.64,322419.35,199546.33,267571.73,29033.75,725843.74
MSME058,Manufacturing MSME 58,2025-09-01,Manufacturing,Andhra Pradesh,31,1464844.43,1014463.4,9662599.14,324590.39,190927.04,259392.37,29033.75,696810.0
MSME058,Manufacturing MSME 58,2025-10-01,Manufacturing,Andhra Pradesh,31,1444276.68,1036146.72,9993703.37,326776.04,195007.95,255750.27,29033.75,667776.25
MSME058,Manufacturing MSME 58,2025-11-01,Manufacturing,Andhra Pradesh,31,1471381.72,1018125.59,10324313.24,328976.42,191616.28,260549.99,29033.75,638742.5
MSME058,Manufacturing MSME 58,2025-12-01,Manufacturing,Andhra Pradesh,31,1520096.07,1074978.64,10679067.37,331191.6,202316.31,269176.25,29033.75,609708.75
MSME058,Manufacturing MSME 58,2026-01-01,Manufacturing,Andhra Pradesh,31,1596618.47,1139617.45,11056383.0,333421.71,214481.65,282726.71,29033.75,580675.0
MSME058,Manufacturing MSME 58,2026-02-01,Manufacturing,Andhra Pradesh,31,1651160.88,1136304.94,11441038.2,335666.83,213858.22,292385.0,29033.75,551641.25
MSME058,Manufacturing MSME 58,2026-03-01,Manufacturing,Andhra Pradesh,31,1650154.97,1163885.75,11818898.99,337927.07,219049.07,292206.88,29033.75,522607.5
MSME058,Manufacturing MSME 58,2026-04-01,Manufacturing,Andhra Pradesh,31,1676858.01,1131188.11,12214393.1,340202.52,212895.21,296935.41,29033.75,493573.75
MSME058,Manufacturing MSME 58,2026-05-01,Manufacturing,Andhra Pradesh,31,1664517.63,1131823.3,12639582.73,342493.3,213014.75,294750.19,29033.75,464540.0
MSME058,Manufacturing MSME 58,2026-06-01,Manufacturing,Andhra Pradesh,31,1634366.36,1138548.49,13029905.01,344799.51,214280.47,289411.05,29033.75,435506.25
MSME058,Manufacturing MSME 58,2026-07-01,Manufacturing,Andhra Pradesh,31,1565792.82,1073196.05,13404578.81,347121.24,201980.82,277268.16,29033.75,406472.5
MSME058,Manufacturing MSME 58,2026-08-01,Manufacturing,Andhra Pradesh,31,1533625.29,1077037.92,13760598.39,349458.61,202703.87,271571.98,29033.75,377438.75
MSME058,Manufacturing MSME 58,2026-09-01,Manufacturing,Andhra Pradesh,31,1504714.04,1042382.64,14107108.9,351811.71,196181.58,266452.42,29033.75,348405.0
MSME059,Manufacturing MSME 59,2023-10-01,Manufacturing,Karnataka,94,650653.58,444802.87,404727.3,100828.7,76421.57,120869.04,56174.41,2640197.24
MSME059,Manufacturing MSME 59,2023-11-01,Manufacturing,Karnataka,94,681908.33,438753.76,543419.26,101270.57,75382.27,126675.09,56174.41,2584022.83
MSME059,Manufacturing MSME 59,2023-12-01,Manufacturing,Karnataka,94,718576.69,492753.37,668705.16,101714.37,84659.95,133486.81,56174.41,2527848.42
MSME059,Manufacturing MSME 59,2024-01-01,Manufacturing,Karnataka,94,757891.2,512534.63,801650.67,102160.11,88058.56,140790.1,56174.41,2471674.02
MSME059,Manufacturing MSME 59,2024-02-01,Manufacturing,Karnataka,94,797300.42,532592.25,959414.99,102607.81,91504.66,148110.97,56174.41,2415499.61
MSME059,Manufacturing MSME 59,2024-03-01,Manufacturing,Karnataka,94,818668.45,547821.34,1130250.85,103057.47,94121.17,152080.42,56174.41,2359325.2
MSME059,Manufacturing MSME 59,2024-04-01,Manufacturing,Karnataka,94,831988.01,554213.09,1303738.08,103509.11,95219.34,154554.73,56174.41,2303150.79
MSME059,Manufacturing MSME 59,2024-05-01,Manufacturing,Karnataka,94,802516.46,540918.36,1453124.0,103962.72,92935.17,149079.93,56174.41,2246976.38
MSME059,Manufacturing MSME 59,2024-06-01,Manufacturing,Karnataka,94,762071.51,500481.8,1601878.9,104418.32,85987.77,141566.66,56174.41,2190801.97
MSME059,Manufacturing MSME 59,2024-07-01,Manufacturing,Karnataka,94,734747.37,474660.82,1755586.23,104875.91,81551.46,136490.77,56174.41,2134627.56
MSME059,Manufacturing MSME 59,2024-08-01,Manufacturing,Karnataka,94,712216.25,458886.11,1905714.87,105335.51,78841.21,132305.26,56174.41,2078453.15
MSME059,Manufacturing MSME 59,2024-09-01,Manufacturing,Karnataka,94,712254.49,471721.06,2040125.62,105797.13,81046.39,132312.37,56174.41,2022278.74
MSME059,Manufacturing MSME 59,2024-10-01,Manufacturing,Karnataka,94,701393.0,476243.14,2164851.93,106260.76,81823.32,130294.68,56174.41,1966104.33
MSME059,Manufacturing MSME 59,2024-11-01,Manufacturing,Karnataka,94,731584.68,490338.91,2297185.36,106726.43,84245.12,135903.25,56174.41,1909929.92
MSME059,Manufacturing MSME 59,2024-12-01,Manufacturing,Karnataka,94,739651.92,508438.61,2431331.93,107194.14,87354.83,137401.87,56174.41,1853755.51
MSME059,Manufacturing MSME 59,2025-01-01,Manufacturing,Karnataka,94,757264.21,508400.69,2580417.79,107663.9,87348.31,140673.62,56174.41,1797581.1
MSME059,Manufacturing MSME 59,2025-02-01,Manufacturing,Karnataka,94,816500.61,551924.14,2732539.24,108135.72,94826.07,151677.71,56174.41,1741406.69
MSME059,Manufacturing MSME 59,2025-03-01,Manufacturing,Karnataka,94,812792.34,559862.72,2878245.85,108609.61,96190.0,150988.84,56174.41,1685232.28
MSME059,Manufacturing MSME 59,2025-04-01,Manufacturing,Karnataka,94,821762.65,565325.95,3025677.14,109085.57,97128.64,152655.21,56174.41,1629057.87
MSME059,Manufacturing MSME 59,2025-05-01,Manufacturing,Karnataka,94,807164.22,534846.36,3185031.17,109563.62,91891.94,149943.33,56174.41,1572883.46
MSME059,Manufacturing MSME 59,2025-06-01,Manufacturing,Karnataka,94,782309.05,544279.7,3329388.97,110043.76,93512.68,145326.09,56174.41,1516709.05
MSME059,Manufacturing MSME 59,2025-07-01,Manufacturing,Karnataka,94,739854.51,500480.14,3459284.53,110526.01,85987.48,137439.5,56174.41,1460534.65
MSME059,Manufacturing MSME 59,2025-08-01,Manufacturing,Karnataka,94,722463.24,484595.15,3601011.31,111010.37,83258.28,134208.8,56174.41,1404360.24
MSME059,Manufacturing MSME 59,2025-09-01,Manufacturing,Karnataka,94,721370.8,490046.71,3723888.81,111496.86,84194.91,134005.86,56174.41,1348185.83
MSME059,Manufacturing MSME 59,2025-10-01,Manufacturing,Karnataka,94,737068.38,485183.15,3871717.74,111985.47,83359.31,136921.93,56174.41,1292011.42
MSME059,Manufacturing MSME 59,2025-11-01,Manufacturing,Karnataka,94,766624.02,503145.09,4030659.82,112476.23,86445.35,142412.35,56174.41,1235837.01
MSME059,Manufacturing MSME 59,2025-12-01,Manufacturing,Karnataka,94,791920.31,538825.76,4182485.69,112969.14,92575.64,147111.54,56174.41,1179662.6
MSME059,Manufacturing MSME 59,2026-01-01,Manufacturing,Karnataka,94,815508.23,533829.67,4349990.46,113464.2,91717.26,151493.36,56174.41,1123488.19
MSME059,Manufacturing MSME 59,2026-02-01,Manufacturing,Karnataka,94,850693.76,574711.59,4529549.59,113961.44,98741.19,158029.62,56174.41,1067313.78
MSME059,Manufacturing MSME 59,2026-03-01,Manufacturing,Karnataka,94,859182.24,574554.46,4704607.07,114460.86,98714.19,159606.49,56174.41,1011139.37
MSME059,Manufacturing MSME 59,2026-04-01,Manufacturing,Karnataka,94,876683.92,592022.54,4874441.64,114962.46,101715.38,162857.7,56174.41,954964.96
MSME059,Manufacturing MSME 59,2026-05-01,Manufacturing,Karnataka,94,872018.38,593855.31,5031072.05,115466.27,102030.27,161991.0,56174.41,898790.55
MSME059,Manufacturing MSME 59,2026-06-01,Manufacturing,Karnataka,94,831371.29,565360.18,5188015.44,115972.28,97134.52,154440.17,56174.41,842616.14
MSME059,Manufacturing MSME 59,2026-07-01,Manufacturing,Karnataka,94,811767.09,538395.7,5343466.56,116480.51,92501.75,150798.38,56174.41,786441.73
MSME059,Manufacturing MSME 59,2026-08-01,Manufacturing,Karnataka,94,778461.51,517089.02,5489873.22,116990.96,88841.05,144611.35,56174.41,730267.32
MSME059,Manufacturing MSME 59,2026-09-01,Manufacturing,Karnataka,94,760711.51,507210.77,5637241.01,117503.65,87143.87,141314.01,56174.41,674092.91
MSME060,Manufacturing MSME 60,2023-10-01,Manufacturing,Tamil Nadu,66,503210.07,376829.71,336725.96,94224.7,46910.42,118504.83,17836.73,838326.23
MSME060,Manufacturing MSME 60,2023-11-01,Manufacturing,Tamil Nadu,66,525398.22,389549.82,422912.07,94857.16,48493.91,123730.09,17836.73,820489.5
MSME060,Manufacturing MSME 60,2023-12-01,Manufacturing,Tamil Nadu,66,537825.07,398522.05,509597.55,95493.86,49610.84,126656.59,17836.73,802652.77
MSME060,Manufacturing MSME 60,2024-01-01,Manufacturing,Tamil Nadu,66,561810.14,412667.29,610612.38,96134.84,51371.74,132305.02,17836.73,784816.05
MSME060,Manufacturing MSME 60,2024-02-01,Manufacturing,Tamil Nadu,66,586476.6,429479.23,714428.27,96780.12,53464.61,138113.91,17836.73,766979.32
MSME060,Manufacturing MSME 60,2024-03-01,Manufacturing,Tamil Nadu,66,587429.18,409790.02,829740.42,97429.73,51013.56,138338.25,17836.73,749142.59
MSME060,Manufacturing MSME 60,2024-04-01,Manufacturing,Tamil Nadu,66,591986.87,421664.98,947332.5,98083.7,52491.84,139411.57,17836.73,731305.86
MSME060,Manufacturing MSME 60,2024-05-01,Manufacturing,Tamil Nadu,66,572225.13,423935.01,1046127.67,98742.06,52774.42,134757.73,17836.73,713469.13
MSME060,Manufacturing MSME 60,2024-06-01,Manufacturing,Tamil Nadu,66,558324.29,417278.19,1132164.82,99404.84,51945.74,131484.11,17836.73,695632.4
MSME060,Manufacturing MSME 60,2024-07-01,Manufacturing,Tamil Nadu,66,533269.45,396531.65,1215562.2,100072.07,49363.06,125583.75,17836.73,677795.68
MSME060,Manufacturing MSME 60,2024-08-01,Manufacturing,Tamil Nadu,66,512739.4,376710.71,1293498.92,100743.77,46895.61,120748.97,17836.73,659958.95
MSME060,Manufacturing MSME 60,2024-09-01,Manufacturing,Tamil Nadu,66,507310.23,379220.5,1373050.14,101419.99,47208.05,119470.41,17836.73,642122.22
MSME060,Manufacturing MSME 60,2024-10-01,Manufacturing,Tamil Nadu,66,516462.17,383779.62,1454736.78,102100.74,47775.6,121625.68,17836.73,624285.49
MSME060,Manufacturing MSME 60,2024-11-01,Manufacturing,Tamil Nadu,66,528375.51,390425.05,1541489.85,102786.07,48602.87,124431.24,17836.73,606448.76
MSME060,Manufacturing MSME 60,2024-12-01,Manufacturing,Tamil Nadu,66,538780.89,399244.56,1631253.79,103475.99,49700.78,126881.68,17836.73,588612.03
MSME060,Manufacturing MSME 60,2025-01-01,Manufacturing,Tamil Nadu,66,562269.36,425128.17,1725498.81,104170.55,52922.96,132413.16,17836.73,570775.31
MSME060,Manufacturing MSME 60,2025-02-01,Manufacturing,Tamil Nadu,66,576384.41,431855.93,1815876.16,104869.76,53760.48,135737.23,17836.73,552938.58
MSME060,Manufacturing MSME 60,2025-03-01,Manufacturing,Tamil Nadu,66,603613.36,447622.09,1918704.52,105573.67,55723.16,142149.58,17836.73,535101.85
MSME060,Manufacturing MSME 60,2025-04-01,Manufacturing,Tamil Nadu,66,614951.53,459380.61,2021670.45,106282.31,57186.94,144819.7,17836.73,517265.12
MSME060,Manufacturing MSME 60,2025-05-01,Manufacturing,Tamil Nadu,66,605572.49,441977.8,2130861.32,106995.7,55020.52,142610.95,17836.73,499428.39
MSME060,Manufacturing MSME 60,2025-06-01,Manufacturing,Tamil Nadu,66,585100.63,438961.61,2229037.49,107713.88,54645.04,137789.88,17836.73,481591.66
MSME060,Manufacturing MSME 60,2025-07-01,Manufacturing,Tamil Nadu,66,548651.99,400789.51,2327292.75,108436.88,49893.11,129206.3,17836.73,463754.94
MSME060,Manufacturing MSME 60,2025-08-01,Manufacturing,Tamil Nadu,66,524451.86,380366.37,2414936.6,109164.73,47350.69,123507.23,17836.73,445918.21
MSME060,Manufacturing MSME 60,2025-09-01,Manufacturing,Tamil Nadu,66,512813.46,382794.38,2487941.66,109897.47,47652.95,120766.41,17836.73,428081.48
MSME060,Manufacturing MSME 60,2025-10-01,Manufacturing,Tamil Nadu,66,503724.42,370772.36,2568620.87,110635.13,46156.36,118625.96,17836.73,410244.75
MSME060,Manufacturing MSME 60,2025-11-01,Manufacturing,Tamil Nadu,66,503990.96,380826.52,2642880.12,111377.74,47407.98,118688.73,17836.73,392408.02
MSME060,Manufacturing MSME 60,2025-12-01,Manufacturing,Tamil Nadu,66,524392.66,379879.28,2743274.64,112125.33,47290.06,123493.29,17836.73,374571.29
MSME060,Manufacturing MSME 60,2026-01-01,Manufacturing,Tamil Nadu,66,542528.12,397407.28,2843137.14,112877.94,49472.07,127764.15,17836.73,356734.57
MSME060,Manufacturing MSME 60,2026-02-01,Manufacturing,Tamil Nadu,66,534851.81,390778.18,2934626.14,113635.6,48646.83,125956.39,17836.73,338897.84
MSME060,Manufacturing MSME 60,2026-03-01,Manufacturing,Tamil Nadu,66,553593.28,415398.0,3033824.23,114398.35,51711.68,130369.97,17836.73,321061.11
MSME060,Manufacturing MSME 60,2026-04-01,Manufacturing,Tamil Nadu,66,542766.93,407838.34,3115322.09,115166.22,50770.6,127820.39,17836.73,303224.38
MSME060,Manufacturing MSME 60,2026-05-01,Manufacturing,Tamil Nadu,66,529598.78,389541.24,3199456.57,115939.24,48492.85,124719.32,17836.73,285387.65
MSME060,Manufacturing MSME 60,2026-06-01,Manufacturing,Tamil Nadu,66,510375.26,370886.83,3282563.15,116717.45,46170.61,120192.22,17836.73,267550.92
MSME060,Manufacturing MSME 60,2026-07-01,Manufacturing,Tamil Nadu,66,482386.82,352576.81,3362549.32,117500.89,43891.25,113601.01,17836.73,249714.2
MSME060,Manufacturing MSME 60,2026-08-01,Manufacturing,Tamil Nadu,66,480302.21,340734.56,3448520.37,118289.58,42417.05,113110.09,17836.73,231877.47
MSME060,Manufacturing MSME 60,2026-09-01,Manufacturing,Tamil Nadu,66,477298.83,355368.09,3525730.56,119083.57,44238.73,112402.8,17836.73,214040.74
MSME061,Manufacturing MSME 61,2023-10-01,Manufacturing,Andhra Pradesh,24,591780.25,447012.1,331709.69,147630.16,83914.87,91008.57,40617.75,1909034.08
MSME061,Manufacturing MSME 61,2023-11-01,Manufacturing,Andhra Pradesh,24,592166.2,442378.73,401593.82,148212.18,83045.07,91067.93,40617.75,1868416.33
MSME061,Manufacturing MSME 61,2023-12-01,Manufacturing,Andhra Pradesh,24,606019.67,457352.63,483919.95,148796.5,85856.03,93198.42,40617.75,1827798.58
MSME061,Manufacturing MSME 61,2024-01-01,Manufacturing,Andhra Pradesh,24,616881.93,478723.2,544900.02,149383.12,89867.8,94868.9,40617.75,1787180.84
MSME061,Manufacturing MSME 61,2024-02-01,Manufacturing,Andhra Pradesh,24,637651.3,468161.99,635613.01,149972.05,87885.21,98062.98,40617.75,1746563.09
MSME061,Manufacturing MSME 61,2024-03-01,Manufacturing,Andhra Pradesh,24,648457.62,478368.53,724775.91,150563.31,89801.22,99724.86,40617.75,1705945.34
MSME061,Manufacturing MSME 61,2024-04-01,Manufacturing,Andhra Pradesh,24,659156.21,491497.55,807801.2,151156.89,92265.85,101370.17,40617.75,1665327.6
MSME061,Manufacturing MSME 61,2024-05-01,Manufacturing,Andhra Pradesh,24,644268.95,471978.9,903113.13,151752.82,88601.73,99080.69,40617.75,1624709.85
MSME061,Manufacturing MSME 61,2024-06-01,Manufacturing,Andhra Pradesh,24,605331.35,462931.59,970753.91,152351.1,86903.34,93092.57,40617.75,1584092.11
MSME061,Manufacturing MSME 61,2024-07-01,Manufacturing,Andhra Pradesh,24,572065.47,433044.11,1029703.58,152951.73,81292.74,87976.68,40617.75,1543474.36
MSME061,Manufacturing MSME 61,2024-08-01,Manufacturing,Andhra Pradesh,24,553872.66,403007.49,1099093.8,153554.74,75654.15,85178.85,40617.75,1502856.61
MSME061,Manufacturing MSME 61,2024-09-01,Manufacturing,Andhra Pradesh,24,545610.39,407992.12,1159850.24,154160.12,76589.88,83908.21,40617.75,1462238.87
MSME061,Manufacturing MSME 61,2024-10-01,Manufacturing,Andhra Pradesh,24,550282.76,410755.57,1230668.48,154767.88,77108.65,84626.77,40617.75,1421621.12
MSME061,Manufacturing MSME 61,2024-11-01,Manufacturing,Andhra Pradesh,24,560700.95,415065.37,1302425.41,155378.05,77917.7,86228.96,40617.75,1381003.37
MSME061,Manufacturing MSME 61,2024-12-01,Manufacturing,Andhra Pradesh,24,578754.08,429933.19,1379508.49,155990.62,80708.75,89005.31,40617.75,1340385.63
MSME061,Manufacturing MSME 61,2025-01-01,Manufacturing,Andhra Pradesh,24,594622.9,437385.02,1467077.29,156605.6,82107.63,91445.74,40617.75,1299767.88
MSME061,Manufacturing MSME 61,2025-02-01,Manufacturing,Andhra Pradesh,24,616899.41,457392.23,1556402.87,157223.01,85863.47,94871.59,40617.75,1259150.14
MSME061,Manufacturing MSME 61,2025-03-01,Manufacturing,Andhra Pradesh,24,606580.14,459411.29,1625210.91,157842.85,86242.49,93284.61,40617.75,1218532.39
MSME061,Manufacturing MSME 61,2025-04-01,Manufacturing,Andhra Pradesh,24,601866.74,465756.08,1691868.87,158465.14,87433.56,92559.75,40617.75,1177914.64
MSME061,Manufacturing MSME 61,2025-05-01,Manufacturing,Andhra Pradesh,24,592950.6,430164.12,1771251.35,159089.88,80752.1,91188.56,40617.75,1137296.9
MSME061,Manufacturing MSME 61,2025-06-01,Manufacturing,Andhra Pradesh,24,565365.82,423837.03,1845866.15,159717.08,79564.35,86946.36,40617.75,1096679.15
MSME061,Manufacturing MSME 61,2025-07-01,Manufacturing,Andhra Pradesh,24,526959.42,394540.39,1904167.05,160346.75,74064.67,81039.92,40617.75,1056061.4
MSME061,Manufacturing MSME 61,2025-08-01,Manufacturing,Andhra Pradesh,24,511000.77,375280.66,1964251.43,160978.91,70449.16,78585.68,40617.75,1015443.66
MSME061,Manufacturing MSME 61,2025-09-01,Manufacturing,Andhra Pradesh,24,495790.34,367957.81,2020256.64,161613.56,69074.49,76246.5,40617.75,974825.91
MSME061,Manufacturing MSME 61,2025-10-01,Manufacturing,Andhra Pradesh,24,495815.11,369120.91,2085386.4,162250.71,69292.83,76250.31,40617.75,934208.17
MSME061,Manufacturing MSME 61,2025-11-01,Manufacturing,Andhra Pradesh,24,508852.86,378188.84,2141823.33,162890.38,70995.09,78255.35,40617.75,893590.42
MSME061,Manufacturing MSME 61,2025-12-01,Manufacturing,Andhra Pradesh,24,523001.05,389097.13,2207296.22,163532.56,73042.84,80431.17,40617.75,852972.67
MSME061,Manufacturing MSME 61,2026-01-01,Manufacturing,Andhra Pradesh,24,539765.18,401339.92,2288983.38,164177.28,75341.11,83009.29,40617.75,812354.93
MSME061,Manufacturing MSME 61,2026-02-01,Manufacturing,Andhra Pradesh,24,552880.98,399725.69,2373321.13,164824.54,75038.08,85026.34,40617.75,771737.18
MSME061,Manufacturing MSME 61,2026-03-01,Manufacturing,Andhra Pradesh,24,575211.92,425443.67,2454214.01,165474.35,79865.96,88460.57,40617.75,731119.43
MSME061,Manufacturing MSME 61,2026-04-01,Manufacturing,Andhra Pradesh,24,573544.57,427110.41,2533910.26,166126.72,80178.84,88204.15,40617.75,690501.69
MSME061,Manufacturing MSME 61,2026-05-01,Manufacturing,Andhra Pradesh,24,565391.58,418214.11,2614921.72,166781.67,78508.79,86950.32,40617.75,649883.94
MSME061,Manufacturing MSME 61,2026-06-01,Manufacturing,Andhra Pradesh,24,547831.74,415389.53,2676632.71,167439.19,77978.55,84249.83,40617.75,609266.19
MSME061,Manufacturing MSME 61,2026-07-01,Manufacturing,Andhra Pradesh,24,526746.28,399579.03,2732498.45,168099.31,75010.54,81007.14,40617.75,568648.45
MSME061,Manufacturing MSME 61,2026-08-01,Manufacturing,Andhra Pradesh,24,503178.88,378610.77,2783942.54,168762.04,71074.3,77382.76,40617.75,528030.7
MSME061,Manufacturing MSME 61,2026-09-01,Manufacturing,Andhra Pradesh,24,512901.65,374080.91,2843661.0,169427.37,70223.94,78878.01,40617.75,487412.96
MSME062,Manufacturing MSME 62,2023-10-01,Manufacturing,Rajasthan,65,642232.24,431816.11,310420.19,127479.07,43620.81,103174.85,68757.76,3231614.62
MSME062,Manufacturing MSME 62,2023-11-01,Manufacturing,Rajasthan,65,642237.24,425586.92,427157.57,128235.02,42991.56,103175.65,68757.76,3162856.86
MSME062,Manufacturing MSME 62,2023-12-01,Manufacturing,Rajasthan,65,651574.71,455838.36,532801.63,128995.46,46047.47,104675.72,68757.76,3094099.1
MSME062,Manufacturing MSME 62,2024-01-01,Manufacturing,Rajasthan,65,677779.29,463356.4,649923.64,129760.4,46806.92,108885.5,68757.76,3025341.34
MSME062,Manufacturing MSME 62,2024-02-01,Manufacturing,Rajasthan,65,700177.91,470794.22,779868.28,130529.88,47558.27,112483.85,68757.76,2956583.58
MSME062,Manufacturing MSME 62,2024-03-01,Manufacturing,Rajasthan,65,738191.17,491639.12,923753.67,131303.92,49663.96,118590.69,68757.76,2887825.83
MSME062,Manufacturing MSME 62,2024-04-01,Manufacturing,Rajasthan,65,726287.43,482706.76,1064247.8,132082.56,48761.63,116678.35,68757.76,2819068.07
MSME062,Manufacturing MSME 62,2024-05-01,Manufacturing,Rajasthan,65,703691.98,480946.71,1189218.6,132865.81,48583.84,113048.38,68757.76,2750310.31
MSME062,Manufacturing MSME 62,2024-06-01,Manufacturing,Rajasthan,65,677584.68,465520.61,1302919.91,133653.7,47025.54,108854.23,68757.76,2681552.55
MSME062,Manufacturing MSME 62,2024-07-01,Manufacturing,Rajasthan,65,638675.81,422422.0,1425387.6,134446.27,42671.84,102603.51,68757.76,2612794.8
MSME062,Manufacturing MSME 62,2024-08-01,Manufacturing,Rajasthan,65,623521.72,414502.22,1536383.27,135243.53,41871.81,100169.0,68757.76,2544037.04
MSME062,Manufacturing MSME 62,2024-09-01,Manufacturing,Rajasthan,65,604976.77,411770.76,1648215.44,136045.53,41595.89,97189.75,68757.76,2475279.28
MSME062,Manufacturing MSME 62,2024-10-01,Manufacturing,Rajasthan,65,618348.11,427172.87,1746675.83,136852.28,43151.76,99337.86,68757.76,2406521.52
MSME062,Manufacturing MSME 62,2024-11-01,Manufacturing,Rajasthan,65,638481.5,428375.98,1861454.75,137663.81,43273.3,102572.29,68757.76,2337763.76
MSME062,Manufacturing MSME 62,2024-12-01,Manufacturing,Rajasthan,65,665409.79,450243.03,1973600.2,138480.16,45482.24,106898.33,68757.76,2269006.01
MSME062,Manufacturing MSME 62,2025-01-01,Manufacturing,Rajasthan,65,713424.42,480050.1,2108984.09,139301.35,48493.27,114611.9,68757.76,2200248.25
MSME062,Manufacturing MSME 62,2025-02-01,Manufacturing,Rajasthan,65,722330.74,493322.44,2243153.19,140127.4,49834.0,116042.7,68757.76,2131490.49
MSME062,Manufacturing MSME 62,2025-03-01,Manufacturing,Rajasthan,65,751778.2,501474.51,2390723.17,140958.36,50657.5,120773.45,68757.76,2062732.73
MSME062,Manufacturing MSME 62,2025-04-01,Manufacturing,Rajasthan,65,749914.9,529442.64,2513492.53,141794.24,53482.76,120474.11,68757.76,1993974.98
MSME062,Manufacturing MSME 62,2025-05-01,Manufacturing,Rajasthan,65,730633.15,492887.86,2646508.95,142635.08,49790.1,117376.49,68757.76,1925217.22
MSME062,Manufacturing MSME 62,2025-06-01,Manufacturing,Rajasthan,65,713291.82,473393.22,2786752.5,143480.91,47820.81,114590.6,68757.76,1856459.46
MSME062,Manufacturing MSME 62,2025-07-01,Manufacturing,Rajasthan,65,675048.33,461640.95,2897817.47,144331.75,46633.63,108446.77,68757.76,1787701.7
MSME062,Manufacturing MSME 62,2025-08-01,Manufacturing,Rajasthan,65,654915.33,428899.85,3020993.6,145187.64,43326.22,105212.39,68757.76,1718943.94
MSME062,Manufacturing MSME 62,2025-09-01,Manufacturing,Rajasthan,65,661785.94,455289.6,3125145.84,146048.6,45992.03,106316.16,68757.76,1650186.19
MSME062,Manufacturing MSME 62,2025-10-01,Manufacturing,Rajasthan,65,656505.09,433595.52,3251777.87,146914.67,43800.56,105467.79,68757.76,1581428.43
MSME062,Manufacturing MSME 62,2025-11-01,Manufacturing,Rajasthan,65,681252.1,457593.62,3382692.76,147785.87,46224.78,109443.41,68757.76,1512670.67
MSME062,Manufacturing MSME 62,2025-12-01,Manufacturing,Rajasthan,65,718909.57,488035.25,3530791.59,148662.24,49299.9,115493.09,68757.76,1443912.91
MSME062,Manufacturing MSME 62,2026-01-01,Manufacturing,Rajasthan,65,746884.34,500150.43,3682600.35,149543.81,50523.74,119987.25,68757.76,1375155.16
MSME062,Manufacturing MSME 62,2026-02-01,Manufacturing,Rajasthan,65,776514.34,525167.87,3833620.77,150430.61,53050.93,124747.32,68757.76,1306397.4
MSME062,Manufacturing MSME 62,2026-03-01,Manufacturing,Rajasthan,65,790304.6,537939.22,3985670.32,151322.66,54341.06,126962.73,68757.76,1237639.64
MSME062,Manufacturing MSME 62,2026-04-01,Manufacturing,Rajasthan,65,804198.86,542164.86,4145913.56,152220.0,54767.92,129194.85,68757.76,1168881.88
MSME062,Manufacturing MSME 62,2026-05-01,Manufacturing,Rajasthan,65,774682.28,525163.29,4288936.45,153122.67,53050.47,124453.0,68757.76,1100124.12
MSME062,Manufacturing MSME 62,2026-06-01,Manufacturing,Rajasthan,65,727704.35,489755.17,4427125.83,154030.69,49473.65,116905.98,68757.76,1031366.37
MSME062,Manufacturing MSME 62,2026-07-01,Manufacturing,Rajasthan,65,707678.35,497740.7,4540501.43,154944.09,50280.32,113688.79,68757.76,962608.61
MSME062,Manufacturing MSME 62,2026-08-01,Manufacturing,Rajasthan,65,679019.11,458421.58,4657842.67,155862.91,46308.42,109084.68,68757.76,893850.85
MSME062,Manufacturing MSME 62,2026-09-01,Manufacturing,Rajasthan,65,677500.23,465733.46,4769525.17,156787.18,47047.04,108840.67,68757.76,825093.09
MSME063,Manufacturing MSME 63,2023-10-01,Manufacturing,Maharashtra,56,1257871.19,885945.24,576516.2,203157.08,146844.48,319499.38,87937.77,4133075.03
MSME063,Manufacturing MSME 63,2023-11-01,Manufacturing,Maharashtra,56,1258991.08,885589.77,771558.88,204303.56,146785.56,319783.84,87937.77,4045137.26
MSME063,Manufacturing MSME 63,2023-12-01,Manufacturing,Maharashtra,56,1315133.31,925250.68,977682.53,205456.51,153359.31,334043.97,87937.77,3957199.49
MSME063,Manufacturing MSME 63,2024-01-01,Manufacturing,Maharashtra,56,1362882.21,955112.35,1224730.53,206615.97,158308.85,346172.19,87937.77,3869261.73
MSME063,Manufacturing MSME 63,2024-02-01,Manufacturing,Maharashtra,56,1423799.96,1032264.04,1463934.43,207781.97,171096.66,361645.3,87937.77,3781323.96
MSME063,Manufacturing MSME 63,2024-03-01,Manufacturing,Maharashtra,56,1429654.04,991520.71,1695788.12,208954.55,164343.5,363132.24,87937.77,3693386.19
MSME063,Manufacturing MSME 63,2024-04-01,Manufacturing,Maharashtra,56,1442060.16,1020582.32,1942930.9,210133.75,169160.43,366283.4,87937.77,3605448.43
MSME063,Manufacturing MSME 63,2024-05-01,Manufacturing,Maharashtra,56,1414528.95,1008022.51,2158200.05,211319.61,167078.65,359290.47,87937.77,3517510.66
MSME063,Manufacturing MSME 63,2024-06-01,Manufacturing,Maharashtra,56,1375363.66,971224.05,2381845.96,212512.15,160979.35,349342.48,87937.77,3429572.89
MSME063,Manufacturing MSME 63,2024-07-01,Manufacturing,Maharashtra,56,1352043.59,948043.81,2589143.18,213711.43,157137.25,343419.18,87937.77,3341635.13
MSME063,Manufacturing MSME 63,2024-08-01,Manufacturing,Maharashtra,56,1304490.77,931917.84,2786245.09,214917.47,154464.38,331340.76,87937.77,3253697.36
MSME063,Manufacturing MSME 63,2024-09-01,Manufacturing,Maharashtra,56,1296840.26,927609.37,2993562.88,216130.32,153750.26,329397.53,87937.77,3165759.59
MSME063,Manufacturing MSME 63,2024-10-01,Manufacturing,Maharashtra,56,1327492.24,935182.61,3224055.27,217350.01,155005.52,337183.13,87937.77,3077821.83
MSME063,Manufacturing MSME 63,2024-11-01,Manufacturing,Maharashtra,56,1370012.36,993737.63,3456143.53,218576.59,164710.95,347983.25,87937.77,2989884.06
MSME063,Manufacturing MSME 63,2024-12-01,Manufacturing,Maharashtra,56,1430772.57,1014782.85,3702859.62,219810.09,168199.17,363416.35,87937.77,2901946.29
MSME063,Manufacturing MSME 63,2025-01-01,Manufacturing,Maharashtra,56,1475799.87,1046412.31,3960972.1,221050.55,173441.72,374853.28,87937.77,2814008.53
MSME063,Manufacturing MSME 63,2025-02-01,Manufacturing,Maharashtra,56,1524825.48,1094412.52,4219406.0,222298.01,181397.7,387305.79,87937.77,2726070.76
MSME063,Manufacturing MSME 63,2025-03-01,Manufacturing,Maharashtra,56,1583509.97,1154299.64,4489699.3,223552.51,191323.93,402211.66,87937.77,2638133.0
MSME063,Manufacturing MSME 63,2025-04-01,Manufacturing,Maharashtra,56,1587659.18,1121750.75,4766135.28,224814.09,185928.99,403265.56,87937.77,2550195.23
MSME063,Manufacturing MSME 63,2025-05-01,Manufacturing,Maharashtra,56,1537781.03,1076948.91,5043529.68,226082.79,178503.13,390596.51,87937.77,2462257.46
MSME063,Manufacturing MSME 63,2025-06-01,Manufacturing,Maharashtra,56,1484892.4,1042670.68,5295419.17,227358.64,172821.55,377162.79,87937.77,2374319.7
MSME063,Manufacturing MSME 63,2025-07-01,Manufacturing,Maharashtra,56,1413502.52,1007219.67,5507098.05,228641.7,166945.58,359029.75,87937.77,2286381.93
MSME063,Manufacturing MSME 63,2025-08-01,Manufacturing,Maharashtra,56,1338298.6,960849.64,5709035.64,229932.0,159259.8,339927.95,87937.77,2198444.16
MSME063,Manufacturing MSME 63,2025-09-01,Manufacturing,Maharashtra,56,1343455.15,975268.19,5917871.8,231229.58,161649.66,341237.72,87937.77,2110506.4
MSME063,Manufacturing MSME 63,2025-10-01,Manufacturing,Maharashtra,56,1358440.47,971305.53,6103899.99,232534.49,160992.85,345043.99,87937.77,2022568.63
MSME063,Manufacturing MSME 63,2025-11-01,Manufacturing,Maharashtra,56,1376077.93,986223.15,6329786.13,233846.76,163465.43,349523.9,87937.77,1934630.86
MSME063,Manufacturing MSME 63,2025-12-01,Manufacturing,Maharashtra,56,1423028.97,1007633.12,6559042.17,235166.43,167014.11,361449.47,87937.77,1846693.1
MSME063,Manufacturing MSME 63,2026-01-01,Manufacturing,Maharashtra,56,1467932.3,1041884.69,6814395.4,236493.55,172691.27,372854.92,87937.77,1758755.33
MSME063,Manufacturing MSME 63,2026-02-01,Manufacturing,Maharashtra,56,1533795.54,1103876.41,7057201.5,237828.16,182966.33,389584.19,87937.77,1670817.56
MSME063,Manufacturing MSME 63,2026-03-01,Manufacturing,Maharashtra,56,1564508.12,1159762.13,7284626.2,239170.3,192229.33,397385.19,87937.77,1582879.8
MSME063,Manufacturing MSME 63,2026-04-01,Manufacturing,Maharashtra,56,1574605.3,1126221.47,7552059.21,240520.02,186670.0,399949.87,87937.77,1494942.03
MSME063,Manufacturing MSME 63,2026-05-01,Manufacturing,Maharashtra,56,1539370.93,1085905.01,7827939.4,241877.35,179987.59,391000.34,87937.77,1407004.26
MSME063,Manufacturing MSME 63,2026-06-01,Manufacturing,Maharashtra,56,1469340.16,1008005.27,8071066.56,243242.34,167075.8,373212.52,87937.77,1319066.5
MSME063,Manufacturing MSME 63,2026-07-01,Manufacturing,Maharashtra,56,1404317.27,1012164.4,8300109.84,244615.04,167765.17,356696.7,87937.77,1231128.73
MSME063,Manufacturing MSME 63,2026-08-01,Manufacturing,Maharashtra,56,1368402.06,1006368.67,8492289.69,245995.48,166804.53,347574.23,87937.77,1143190.96
MSME063,Manufacturing MSME 63,2026-09-01,Manufacturing,Maharashtra,56,1332336.63,956605.8,8708565.14,247383.71,158556.39,338413.61,87937.77,1055253.2
MSME064,Manufacturing MSME 64,2023-10-01,Manufacturing,Kerala,69,964697.67,683708.94,497353.37,225712.18,88292.8,185881.32,40534.36,1905114.69
MSME064,Manufacturing MSME 64,2023-11-01,Manufacturing,Kerala,69,999928.05,702204.33,687797.21,227204.72,90681.25,192669.63,40534.36,1864580.33
MSME064,Manufacturing MSME 64,2023-12-01,Manufacturing,Kerala,69,1039103.12,768603.36,840945.52,228707.13,99255.89,200218.02,40534.36,1824045.98
MSME064,Manufacturing MSME 64,2024-01-01,Manufacturing,Kerala,69,1097698.15,787165.54,1035661.46,230219.48,101652.97,211508.32,40534.36,1783511.62
MSME064,Manufacturing MSME 64,2024-02-01,Manufacturing,Kerala,69,1160781.12,822287.65,1251525.01,231741.82,106188.57,223663.36,40534.36,1742977.27
MSME064,Manufacturing MSME 64,2024-03-01,Manufacturing,Kerala,69,1189810.05,843481.44,1481679.46,233274.24,108925.49,229256.76,40534.36,1702442.91
MSME064,Manufacturing MSME 64,2024-04-01,Manufacturing,Kerala,69,1167515.77,884347.2,1659978.12,234816.78,114202.82,224961.02,40534.36,1661908.56
MSME064,Manufacturing MSME 64,2024-05-01,Manufacturing,Kerala,69,1164920.93,868240.89,1830089.56,236369.53,112122.88,224461.04,40534.36,1621374.2
MSME064,Manufacturing MSME 64,2024-06-01,Manufacturing,Kerala,69,1132228.98,793663.31,2026439.11,237932.54,102492.08,218161.84,40534.36,1580839.85
MSME064,Manufacturing MSME 64,2024-07-01,Manufacturing,Kerala,69,1077762.47,779774.37,2211602.6,239505.89,100698.49,207667.04,40534.36,1540305.49
MSME064,Manufacturing MSME 64,2024-08-01,Manufacturing,Kerala,69,1067885.6,781937.4,2378485.18,241089.64,100977.82,205763.93,40534.36,1499771.14
MSME064,Manufacturing MSME 64,2024-09-01,Manufacturing,Kerala,69,1076976.89,768868.77,2588437.39,242683.87,99290.16,207515.67,40534.36,1459236.78
MSME064,Manufacturing MSME 64,2024-10-01,Manufacturing,Kerala,69,1089140.89,801536.72,2769808.04,244288.63,103508.84,209859.47,40534.36,1418702.43
MSME064,Manufacturing MSME 64,2024-11-01,Manufacturing,Kerala,69,1133294.62,832569.0,2961118.56,245904.01,107516.28,218367.17,40534.36,1378168.07
MSME064,Manufacturing MSME 64,2024-12-01,Manufacturing,Kerala,69,1132169.49,824792.94,3160617.18,247530.07,106512.1,218150.38,40534.36,1337633.72
MSME064,Manufacturing MSME 64,2025-01-01,Manufacturing,Kerala,69,1202589.79,863289.04,3383559.88,249166.88,111483.41,231719.2,40534.36,1297099.36
MSME064,Manufacturing MSME 64,2025-02-01,Manufacturing,Kerala,69,1253248.82,889535.42,3614752.65,250814.52,114872.81,241480.36,40534.36,1256565.01
MSME064,Manufacturing MSME 64,2025-03-01,Manufacturing,Kerala,69,1247833.41,901044.96,3847001.62,252473.05,116359.13,240436.9,40534.36,1216030.65
MSME064,Manufacturing MSME 64,2025-04-01,Manufacturing,Kerala,69,1240174.36,925392.04,4049525.52,254142.55,119503.26,238961.13,40534.36,1175496.3
MSME064,Manufacturing MSME 64,2025-05-01,Manufacturing,Kerala,69,1223347.65,899876.91,4259809.42,255823.09,116208.29,235718.9,40534.36,1134961.94
MSME064,Manufacturing MSME 64,2025-06-01,Manufacturing,Kerala,69,1198264.35,840768.54,4489012.51,257514.74,108575.16,230885.76,40534.36,1094427.59
MSME064,Manufacturing MSME 64,2025-07-01,Manufacturing,Kerala,69,1151069.56,840865.98,4685794.54,259217.58,108587.74,221792.11,40534.36,1053893.23
MSME064,Manufacturing MSME 64,2025-08-01,Manufacturing,Kerala,69,1094439.41,791741.27,4871668.6,260931.68,102243.87,210880.41,40534.36,1013358.88
MSME064,Manufacturing MSME 64,2025-09-01,Manufacturing,Kerala,69,1046198.54,761350.49,5040563.79,262657.11,98319.27,201585.19,40534.36,972824.52
MSME064,Manufacturing MSME 64,2025-10-01,Manufacturing,Kerala,69,1064013.89,772771.2,5211377.94,264393.95,99794.12,205017.92,40534.36,932290.17
MSME064,Manufacturing MSME 64,2025-11-01,Manufacturing,Kerala,69,1061616.69,769632.44,5396713.5,266142.28,99388.78,204556.02,40534.36,891755.81
MSME064,Manufacturing MSME 64,2025-12-01,Manufacturing,Kerala,69,1112280.4,804632.26,5590539.61,267902.17,103908.59,214318.07,40534.36,851221.46
MSME064,Manufacturing MSME 64,2026-01-01,Manufacturing,Kerala,69,1153305.39,816187.88,5812500.7,269673.69,105400.86,222222.91,40534.36,810687.1
MSME064,Manufacturing MSME 64,2026-02-01,Manufacturing,Kerala,69,1195449.84,908933.29,5993777.92,271456.93,117377.81,230343.45,40534.36,770152.75
MSME064,Manufacturing MSME 64,2026-03-01,Manufacturing,Kerala,69,1197713.7,861033.08,6216070.95,273251.96,111192.08,230779.66,40534.36,729618.39
MSME064,Manufacturing MSME 64,2026-04-01,Manufacturing,Kerala,69,1193952.56,861144.07,6414677.97,275058.86,111206.41,230054.95,40534.36,689084.04
MSME064,Manufacturing MSME 64,2026-05-01,Manufacturing,Kerala,69,1162846.2,836048.56,6621393.93,276877.71,107965.63,224061.27,40534.36,648549.68
MSME064,Manufacturing MSME 64,2026-06-01,Manufacturing,Kerala,69,1122660.33,808904.34,6819051.91,278708.59,104460.28,216318.12,40534.36,608015.33
MSME064,Manufacturing MSME 64,2026-07-01,Manufacturing,Kerala,69,1070388.83,784077.12,6990183.8,280551.57,101254.14,206246.26,40534.36,567480.97
MSME064,Manufacturing MSME 64,2026-08-01,Manufacturing,Kerala,69,1021173.32,738666.03,7152956.32,282406.74,95389.84,196763.25,40534.36,526946.62
MSME064,Manufacturing MSME 64,2026-09-01,Manufacturing,Kerala,69,995890.37,727311.75,7309222.7,284274.18,93923.57,191891.64,40534.36,486412.26
MSME065,Manufacturing MSME 65,2023-10-01,Manufacturing,Tamil Nadu,52,1154669.74,868624.83,478278.14,187078.26,141931.79,323660.71,74453.08,3499294.87
MSME065,Manufacturing MSME 65,2023-11-01,Manufacturing,Tamil Nadu,52,1180926.13,892185.41,641411.74,187743.89,145781.54,331020.53,74453.08,3424841.79
MSME065,Manufacturing MSME 65,2023-12-01,Manufacturing,Tamil Nadu,52,1188021.23,872992.99,803538.99,188411.89,142645.53,333009.32,74453.08,3350388.7
MSME065,Manufacturing MSME 65,2024-01-01,Manufacturing,Tamil Nadu,52,1262524.32,974709.92,966273.35,189082.27,159265.9,353892.98,74453.08,3275935.62
MSME065,Manufacturing MSME 65,2024-02-01,Manufacturing,Tamil Nadu,52,1300894.16,979598.07,1138476.75,189755.03,160064.62,364648.27,74453.08,3201482.54
MSME065,Manufacturing MSME 65,2024-03-01,Manufacturing,Tamil Nadu,52,1354433.02,995224.44,1351206.68,190430.18,162617.94,379655.53,74453.08,3127029.46
MSME065,Manufacturing MSME 65,2024-04-01,Manufacturing,Tamil Nadu,52,1359125.27,1005533.76,1565139.57,191107.74,164302.47,380970.79,74453.08,3052576.38
MSME065,Manufacturing MSME 65,2024-05-01,Manufacturing,Tamil Nadu,52,1370088.28,1021844.76,1774135.83,191787.7,166967.66,384043.79,74453.08,2978123.29
MSME065,Manufacturing MSME 65,2024-06-01,Manufacturing,Tamil Nadu,52,1310696.59,958704.73,1975446.69,192470.09,156650.68,367395.95,74453.08,2903670.21
MSME065,Manufacturing MSME 65,2024-07-01,Manufacturing,Tamil Nadu,52,1264098.21,943238.2,2153933.83,193154.9,154123.48,354334.15,74453.08,2829217.13
MSME065,Manufacturing MSME 65,2024-08-01,Manufacturing,Tamil Nadu,52,1241925.78,909747.34,2334968.64,193842.15,148651.13,348119.09,74453.08,2754764.05
MSME065,Manufacturing MSME 65,2024-09-01,Manufacturing,Tamil Nadu,52,1203397.06,902925.7,2502901.73,194531.85,147536.49,337319.26,74453.08,2680310.96
MSME065,Manufacturing MSME 65,2024-10-01,Manufacturing,Tamil Nadu,52,1184822.72,862061.8,2665906.52,195224.0,140859.4,332112.76,74453.08,2605857.88
MSME065,Manufacturing MSME 65,2024-11-01,Manufacturing,Tamil Nadu,52,1240897.72,955433.02,2819233.46,195918.61,156116.09,347830.92,74453.08,2531404.8
MSME065,Manufacturing MSME 65,2024-12-01,Manufacturing,Tamil Nadu,52,1293843.74,980462.36,2986433.15,196615.69,160205.84,362672.0,74453.08,2456951.72
MSME065,Manufacturing MSME 65,2025-01-01,Manufacturing,Tamil Nadu,52,1370362.82,1024133.34,3173396.49,197315.26,167341.6,384120.74,74453.08,2382498.63
MSME065,Manufacturing MSME 65,2025-02-01,Manufacturing,Tamil Nadu,52,1430436.28,1064550.74,3388194.0,198017.31,173945.74,400959.69,74453.08,2308045.55
MSME065,Manufacturing MSME 65,2025-03-01,Manufacturing,Tamil Nadu,52,1461862.82,1091705.12,3606470.41,198721.86,178382.72,409768.73,74453.08,2233592.47
MSME065,Manufacturing MSME 65,2025-04-01,Manufacturing,Tamil Nadu,52,1428809.04,1077559.81,3790217.71,199428.92,176071.4,400503.56,74453.08,2159139.39
MSME065,Manufacturing MSME 65,2025-05-01,Manufacturing,Tamil Nadu,52,1377666.11,1034267.61,3957022.43,200138.49,168997.53,386167.9,74453.08,2084686.31
MSME065,Manufacturing MSME 65,2025-06-01,Manufacturing,Tamil Nadu,52,1321247.71,1005958.02,4128464.9,200850.59,164371.79,370353.49,74453.08,2010233.22
MSME065,Manufacturing MSME 65,2025-07-01,Manufacturing,Tamil Nadu,52,1287248.86,974299.14,4270600.47,201565.22,159198.78,360823.41,74453.08,1935780.14
MSME065,Manufacturing MSME 65,2025-08-01,Manufacturing,Tamil Nadu,52,1273997.16,961836.98,4435230.09,202282.4,157162.49,357108.88,74453.08,1861327.06
MSME065,Manufacturing MSME 65,2025-09-01,Manufacturing,Tamil Nadu,52,1214514.44,907759.16,4594208.83,203002.13,148326.27,340435.53,74453.08,1786873.98
MSME065,Manufacturing MSME 65,2025-10-01,Manufacturing,Tamil Nadu,52,1233146.49,920286.66,4766599.87,203724.41,150373.24,345658.2,74453.08,1712420.89
MSME065,Manufacturing MSME 65,2025-11-01,Manufacturing,Tamil Nadu,52,1251988.65,930552.06,4955748.54,204449.27,152050.59,350939.77,74453.08,1637967.81
MSME065,Manufacturing MSME 65,2025-12-01,Manufacturing,Tamil Nadu,52,1315406.72,980399.21,5151062.11,205176.71,160195.52,368716.23,74453.08,1563514.73
MSME065,Manufacturing MSME 65,2026-01-01,Manufacturing,Tamil Nadu,52,1351398.13,1007848.76,5348960.24,205906.73,164680.73,378804.83,74453.08,1489061.65
MSME065,Manufacturing MSME 65,2026-02-01,Manufacturing,Tamil Nadu,52,1375320.54,1006693.86,5552621.65,206639.35,164492.02,385510.42,74453.08,1414608.56
MSME065,Manufacturing MSME 65,2026-03-01,Manufacturing,Tamil Nadu,52,1401735.84,1063627.54,5754237.13,207374.58,173794.89,392914.78,74453.08,1340155.48
MSME065,Manufacturing MSME 65,2026-04-01,Manufacturing,Tamil Nadu,52,1407006.68,1063735.04,5949159.58,208112.43,173812.45,394392.23,74453.08,1265702.4
MSME065,Manufacturing MSME 65,2026-05-01,Manufacturing,Tamil Nadu,52,1339788.36,992778.57,6135537.98,208852.9,162218.29,375550.54,74453.08,1191249.32
MSME065,Manufacturing MSME 65,2026-06-01,Manufacturing,Tamil Nadu,52,1323795.42,988320.25,6329472.08,209596.0,161489.81,371067.63,74453.08,1116796.23
MSME065,Manufacturing MSME 65,2026-07-01,Manufacturing,Tamil Nadu,52,1266363.22,949081.35,6491071.3,210341.75,155078.24,354969.05,74453.08,1042343.15
MSME065,Manufacturing MSME 65,2026-08-01,Manufacturing,Tamil Nadu,52,1238025.79,903352.4,6680497.13,211090.15,147606.21,347025.9,74453.08,967890.07
MSME065,Manufacturing MSME 65,2026-09-01,Manufacturing,Tamil Nadu,52,1213509.42,928270.35,6818049.64,211841.21,151677.76,340153.82,74453.08,893436.99
MSME066,Manufacturing MSME 66,2023-10-01,Manufacturing,Andhra Pradesh,79,448807.6,345471.86,161830.89,69511.77,66698.44,120518.94,102605.81,4822472.91
MSME066,Manufacturing MSME 66,2023-11-01,Manufacturing,Andhra Pradesh,79,464696.11,352364.34,152472.66,70686.0,68029.13,124785.5,102605.81,4719867.1
MSME066,Manufacturing MSME 66,2023-12-01,Manufacturing,Andhra Pradesh,79,473902.31,365346.61,145761.03,71878.91,70535.55,127257.66,102605.81,4617261.3
MSME066,Manufacturing MSME 66,2024-01-01,Manufacturing,Andhra Pradesh,79,495143.23,391060.14,127760.78,73090.81,75499.93,132961.51,102605.81,4514655.49
MSME066,Manufacturing MSME 66,2024-02-01,Manufacturing,Andhra Pradesh,79,502363.53,379935.32,127410.56,74321.99,73352.12,134900.39,102605.81,4412049.68
MSME066,Manufacturing MSME 66,2024-03-01,Manufacturing,Andhra Pradesh,79,520179.43,407412.5,134384.22,75572.72,78656.99,139684.52,102605.81,4309443.88
MSME066,Manufacturing MSME 66,2024-04-01,Manufacturing,Andhra Pradesh,79,515511.1,384132.67,128794.83,76843.33,74162.48,138430.92,102605.81,4206838.07
MSME066,Manufacturing MSME 66,2024-05-01,Manufacturing,Andhra Pradesh,79,497646.14,383675.6,117115.98,78134.1,74074.24,133633.62,102605.81,4104232.26
MSME066,Manufacturing MSME 66,2024-06-01,Manufacturing,Andhra Pradesh,79,470154.93,359485.06,106659.35,79445.36,69403.9,126251.37,102605.81,4001626.46
MSME066,Manufacturing MSME 66,2024-07-01,Manufacturing,Andhra Pradesh,79,444090.03,332964.91,99746.27,80777.4,64283.79,119252.12,102605.81,3899020.65
MSME066,Manufacturing MSME 66,2024-08-01,Manufacturing,Andhra Pradesh,79,429360.14,324224.15,82983.31,82130.56,62596.26,115296.69,102605.81,3796414.84
MSME066,Manufacturing MSME 66,2024-09-01,Manufacturing,Andhra Pradesh,79,413580.04,319700.75,55800.63,83505.15,61722.95,111059.23,102605.81,3693809.04
MSME066,Manufacturing MSME 66,2024-10-01,Manufacturing,Andhra Pradesh,79,413029.44,327545.48,30498.22,84901.5,63237.49,110911.38,102605.81,3591203.23
MSME066,Manufacturing MSME 66,2024-11-01,Manufacturing,Andhra Pradesh,79,422028.93,313873.9,8110.05,86319.94,60597.99,113328.03,102605.81,3488597.42
MSME066,Manufacturing MSME 66,2024-12-01,Manufacturing,Andhra Pradesh,79,446394.1,349556.95,5000.0,87760.81,67487.13,119870.84,102605.81,3385991.62
MSME066,Manufacturing MSME 66,2025-01-01,Manufacturing,Andhra Pradesh,79,451760.28,344290.03,5000.0,89224.45,66470.27,121311.83,102605.81,3283385.81
MSME066,Manufacturing MSME 66,2025-02-01,Manufacturing,Andhra Pradesh,79,461754.72,343380.46,5000.0,90711.2,66294.67,123995.65,102605.81,3180780.0
MSME066,Manufacturing MSME 66,2025-03-01,Manufacturing,Andhra Pradesh,79,456869.6,344318.96,5000.0,92221.43,66475.86,122683.84,102605.81,3078174.2
MSME066,Manufacturing MSME 66,2025-04-01,Manufacturing,Andhra Pradesh,79,456632.58,346447.5,5000.0,93755.49,66886.8,122620.19,102605.81,2975568.39
MSME066,Manufacturing MSME 66,2025-05-01,Manufacturing,Andhra Pradesh,79,453006.77,344490.39,5000.0,95313.74,66508.95,121646.55,102605.81,2872962.58
MSME066,Manufacturing MSME 66,2025-06-01,Manufacturing,Andhra Pradesh,79,429801.61,323392.96,5000.0,96896.55,62435.78,115415.24,102605.81,2770356.78
MSME066,Manufacturing MSME 66,2025-07-01,Manufacturing,Andhra Pradesh,79,412935.33,306346.71,5000.0,98504.29,59144.75,110886.11,102605.81,2667750.97
MSME066,Manufacturing MSME 66,2025-08-01,Manufacturing,Andhra Pradesh,79,394904.32,304863.72,5000.0,100137.34,58858.44,106044.22,102605.81,2565145.16
MSME066,Manufacturing MSME 66,2025-09-01,Manufacturing,Andhra Pradesh,79,384729.23,290876.19,5000.0,101796.09,56157.94,103311.88,102605.81,2462539.36
MSME066,Manufacturing MSME 66,2025-10-01,Manufacturing,Andhra Pradesh,79,388088.73,294513.84,5000.0,103480.93,56860.24,104214.02,102605.81,2359933.55
MSME066,Manufacturing MSME 66,2025-11-01,Manufacturing,Andhra Pradesh,79,388416.82,295328.43,5000.0,105192.26,57017.51,104302.12,102605.81,2257327.75
MSME066,Manufacturing MSME 66,2025-12-01,Manufacturing,Andhra Pradesh,79,390534.93,292373.19,5000.0,106930.47,56446.96,104870.9,102605.81,2154721.94
MSME066,Manufacturing MSME 66,2026-01-01,Manufacturing,Andhra Pradesh,79,412194.67,322050.13,5000.0,108695.98,62176.53,110687.22,102605.81,2052116.13
MSME066,Manufacturing MSME 66,2026-02-01,Manufacturing,Andhra Pradesh,79,430009.19,322939.22,5000.0,110489.19,62348.18,115470.98,102605.81,1949510.33
MSME066,Manufacturing MSME 66,2026-03-01,Manufacturing,Andhra Pradesh,79,430401.22,328807.47,5000.0,112310.54,63481.13,115576.25,102605.81,1846904.52
MSME066,Manufacturing MSME 66,2026-04-01,Manufacturing,Andhra Pradesh,79,434893.74,336922.75,5000.0,114160.45,65047.91,116782.63,102605.81,1744298.71
MSME066,Manufacturing MSME 66,2026-05-01,Manufacturing,Andhra Pradesh,79,425338.17,322229.77,5000.0,116039.34,62211.21,114216.66,102605.81,1641692.91
MSME066,Manufacturing MSME 66,2026-06-01,Manufacturing,Andhra Pradesh,79,410236.11,315940.2,5000.0,117947.67,60996.92,110161.28,102605.81,1539087.1
MSME066,Manufacturing MSME 66,2026-07-01,Manufacturing,Andhra Pradesh,79,396888.75,307171.11,5000.0,119885.87,59303.92,106577.1,102605.81,1436481.29
MSME066,Manufacturing MSME 66,2026-08-01,Manufacturing,Andhra Pradesh,79,389058.26,298849.89,5000.0,121854.4,57697.38,104474.37,102605.81,1333875.49
MSME066,Manufacturing MSME 66,2026-09-01,Manufacturing,Andhra Pradesh,79,374722.65,283336.75,5000.0,123853.71,54702.34,100624.8,102605.81,1231269.68
MSME067,Manufacturing MSME 67,2023-10-01,Manufacturing,Karnataka,24,607753.8,460234.79,354274.29,134886.61,75809.3,115502.47,61008.99,2867422.59
MSME067,Manufacturing MSME 67,2023-11-01,Manufacturing,Karnataka,24,609449.77,456672.64,391540.11,137000.86,75222.55,115824.78,61008.99,2806413.6
MSME067,Manufacturing MSME 67,2023-12-01,Manufacturing,Karnataka,24,623389.78,471990.19,422749.98,139146.04,77745.64,118474.06,61008.99,2745404.61
MSME067,Manufacturing MSME 67,2024-01-01,Manufacturing,Karnataka,24,637206.16,481043.94,460158.74,141322.58,79236.96,121099.83,61008.99,2684395.62
MSME067,Manufacturing MSME 67,2024-02-01,Manufacturing,Karnataka,24,652703.11,482781.43,505017.17,143530.93,79523.16,124045.0,61008.99,2623386.63
MSME067,Manufacturing MSME 67,2024-03-01,Manufacturing,Karnataka,24,663698.63,487883.83,554916.82,145771.53,80363.62,126134.68,61008.99,2562377.63
MSME067,Manufacturing MSME 67,2024-04-01,Manufacturing,Karnataka,24,651315.36,484342.62,587615.36,148044.82,79780.31,123781.26,61008.99,2501368.64
MSME067,Manufacturing MSME 67,2024-05-01,Manufacturing,Karnataka,24,641935.87,473521.46,636656.83,150351.28,77997.86,121998.7,61008.99,2440359.65
MSME067,Manufacturing MSME 67,2024-06-01,Manufacturing,Karnataka,24,606145.78,449358.65,672363.73,152691.35,74017.8,115196.87,61008.99,2379350.66
MSME067,Manufacturing MSME 67,2024-07-01,Manufacturing,Karnataka,24,574749.24,419311.75,707796.54,155065.52,69068.51,109230.01,61008.99,2318341.67
MSME067,Manufacturing MSME 67,2024-08-01,Manufacturing,Karnataka,24,552400.07,413173.36,736327.71,157474.25,68057.4,104982.59,61008.99,2257332.68
MSME067,Manufacturing MSME 67,2024-09-01,Manufacturing,Karnataka,24,521107.31,390734.63,772200.24,159918.04,64361.32,99035.46,61008.99,2196323.69
MSME067,Manufacturing MSME 67,2024-10-01,Manufacturing,Karnataka,24,516038.85,378247.21,797591.85,162397.36,62304.41,98072.21,61008.99,2135314.7
MSME067,Manufacturing MSME 67,2024-11-01,Manufacturing,Karnataka,24,524613.23,390635.81,818475.42,164912.72,64345.04,99701.76,61008.99,2074305.7
MSME067,Manufacturing MSME 67,2024-12-01,Manufacturing,Karnataka,24,539586.7,410566.9,847220.94,167464.62,67628.07,102547.44,61008.99,2013296.71
MSME067,Manufacturing MSME 67,2025-01-01,Manufacturing,Karnataka,24,564174.46,421717.91,882703.54,170053.57,69464.85,107220.29,61008.99,1952287.72
MSME067,Manufacturing MSME 67,2025-02-01,Manufacturing,Karnataka,24,588543.97,441792.15,910984.93,172680.09,72771.45,111851.68,61008.99,1891278.73
MSME067,Manufacturing MSME 67,2025-03-01,Manufacturing,Karnataka,24,592586.51,440214.35,956887.38,175344.69,72511.56,112619.95,61008.99,1830269.74
MSME067,Manufacturing MSME 67,2025-04-01,Manufacturing,Karnataka,24,565892.79,421398.02,982043.31,178047.91,69412.16,107546.86,61008.99,1769260.75
MSME067,Manufacturing MSME 67,2025-05-01,Manufacturing,Karnataka,24,554706.92,408042.45,1017014.16,180790.3,67212.24,105421.01,61008.99,1708251.76
MSME067,Manufacturing MSME 67,2025-06-01,Manufacturing,Karnataka,24,538335.35,404391.01,1038131.46,183572.38,66610.78,102309.62,61008.99,1647242.76
MSME067,Manufacturing MSME 67,2025-07-01,Manufacturing,Karnataka,24,527216.61,397479.19,1056262.64,186394.72,65472.28,100196.52,61008.99,1586233.77
MSME067,Manufacturing MSME 67,2025-08-01,Manufacturing,Karnataka,24,508273.36,377964.08,1077408.73,189257.87,62257.77,96596.4,61008.99,1525224.78
MSME067,Manufacturing MSME 67,2025-09-01,Manufacturing,Karnataka,24,491197.18,368723.08,1090044.98,192162.41,60735.61,93351.1,61008.99,1464215.79
MSME067,Manufacturing MSME 67,2025-10-01,Manufacturing,Karnataka,24,491027.31,362534.89,1102430.32,195108.9,59716.3,93318.82,61008.99,1403206.8
MSME067,Manufacturing MSME 67,2025-11-01,Manufacturing,Karnataka,24,504416.95,373736.24,1133419.85,198097.93,61561.37,95863.49,61008.99,1342197.81
MSME067,Manufacturing MSME 67,2025-12-01,Manufacturing,Karnataka,24,510972.88,362403.49,1163915.78,201130.1,59694.65,97109.44,61008.99,1281188.82
MSME067,Manufacturing MSME 67,2026-01-01,Manufacturing,Karnataka,24,519278.97,382827.75,1196176.97,204206.0,63058.91,98687.99,61008.99,1220179.83
MSME067,Manufacturing MSME 67,2026-02-01,Manufacturing,Karnataka,24,533270.14,405123.86,1222828.85,207326.23,66731.5,101346.99,61008.99,1159170.83
MSME067,Manufacturing MSME 67,2026-03-01,Manufacturing,Karnataka,24,535399.09,402102.58,1253027.06,210491.42,66233.84,101751.59,61008.99,1098161.84
MSME067,Manufacturing MSME 67,2026-04-01,Manufacturing,Karnataka,24,528031.15,394120.62,1268654.13,213702.19,64919.06,100351.33,61008.99,1037152.85
MSME067,Manufacturing MSME 67,2026-05-01,Manufacturing,Karnataka,24,503569.92,369931.94,1289935.12,216959.16,60934.73,95702.52,61008.99,976143.86
MSME067,Manufacturing MSME 67,2026-06-01,Manufacturing,Karnataka,24,490523.31,357111.52,1311832.34,220262.98,58822.96,93223.03,61008.99,915134.87
MSME067,Manufacturing MSME 67,2026-07-01,Manufacturing,Karnataka,24,471882.91,348229.18,1325121.16,223614.3,57359.88,89680.46,61008.99,854125.88
MSME067,Manufacturing MSME 67,2026-08-01,Manufacturing,Karnataka,24,454357.75,337295.79,1331105.33,227013.78,55558.94,86349.84,61008.99,793116.89
MSME067,Manufacturing MSME 67,2026-09-01,Manufacturing,Karnataka,24,448417.07,328346.86,1347565.77,230462.08,54084.89,85220.82,61008.99,732107.9
MSME068,Manufacturing MSME 68,2023-10-01,Manufacturing,Rajasthan,54,1265830.1,1051594.61,479316.53,274726.43,150444.35,222991.62,89417.68,4202631.19
MSME068,Manufacturing MSME 68,2023-11-01,Manufacturing,Rajasthan,54,1276223.58,1075650.84,512790.97,279130.43,153885.91,224822.56,89417.68,4113213.5
MSME068,Manufacturing MSME 68,2023-12-01,Manufacturing,Rajasthan,54,1296206.27,1085844.55,536638.88,283600.52,155344.25,228342.76,89417.68,4023795.82
MSME068,Manufacturing MSME 68,2024-01-01,Manufacturing,Rajasthan,54,1354768.09,1120425.14,575526.36,288137.65,160291.46,238659.15,89417.68,3934378.13
MSME068,Manufacturing MSME 68,2024-02-01,Manufacturing,Rajasthan,54,1387067.89,1143480.93,642864.88,292742.8,163589.89,244349.16,89417.68,3844960.45
MSME068,Manufacturing MSME 68,2024-03-01,Manufacturing,Rajasthan,54,1441451.92,1202902.17,677341.85,297416.95,172090.87,253929.58,89417.68,3755542.76
MSME068,Manufacturing MSME 68,2024-04-01,Manufacturing,Rajasthan,54,1393094.56,1151182.74,739027.9,302161.07,164691.73,245410.83,89417.68,3666125.08
MSME068,Manufacturing MSME 68,2024-05-01,Manufacturing,Rajasthan,54,1308152.3,1087972.86,762676.19,306976.19,155648.73,230447.2,89417.68,3576707.39
MSME068,Manufacturing MSME 68,2024-06-01,Manufacturing,Rajasthan,54,1272546.17,1084541.43,779815.27,311863.31,155157.82,224174.74,89417.68,3487289.71
MSME068,Manufacturing MSME 68,2024-07-01,Manufacturing,Rajasthan,54,1196550.84,998564.19,825713.08,316823.49,142857.65,210787.22,89417.68,3397872.02
MSME068,Manufacturing MSME 68,2024-08-01,Manufacturing,Rajasthan,54,1146929.46,953452.91,845103.17,321857.75,136403.9,202045.8,89417.68,3308454.34
MSME068,Manufacturing MSME 68,2024-09-01,Manufacturing,Rajasthan,54,1122054.59,924323.09,852890.47,326967.17,132236.5,197663.79,89417.68,3219036.65
MSME068,Manufacturing MSME 68,2024-10-01,Manufacturing,Rajasthan,54,1150192.8,966602.62,855626.3,332152.82,138285.13,202620.68,89417.68,3129618.97
MSME068,Manufacturing MSME 68,2024-11-01,Manufacturing,Rajasthan,54,1180167.24,963600.12,897227.31,337415.81,137855.59,207901.05,89417.68,3040201.28
MSME068,Manufacturing MSME 68,2024-12-01,Manufacturing,Rajasthan,54,1247412.05,1067237.85,925651.9,342757.23,152682.32,219747.05,89417.68,2950783.6
MSME068,Manufacturing MSME 68,2025-01-01,Manufacturing,Rajasthan,54,1255363.09,1046625.38,964017.02,348178.21,149733.44,221147.73,89417.68,2861365.91
MSME068,Manufacturing MSME 68,2025-02-01,Manufacturing,Rajasthan,54,1306556.71,1084987.96,1003111.37,353679.89,155221.7,230166.12,89417.68,2771948.23
MSME068,Manufacturing MSME 68,2025-03-01,Manufacturing,Rajasthan,54,1333125.5,1102094.97,1051333.68,359263.43,157669.09,234846.54,89417.68,2682530.54
MSME068,Manufacturing MSME 68,2025-04-01,Manufacturing,Rajasthan,54,1324199.99,1115401.92,1077168.14,364930.0,159572.82,233274.2,89417.68,2593112.86
MSME068,Manufacturing MSME 68,2025-05-01,Manufacturing,Rajasthan,54,1282431.32,1045781.34,1114656.2,370680.78,149612.68,225916.13,89417.68,2503695.17
MSME068,Manufacturing MSME 68,2025-06-01,Manufacturing,Rajasthan,54,1252761.19,1045425.8,1156443.43,376516.98,149561.82,220689.37,89417.68,2414277.49
MSME068,Manufacturing MSME 68,2025-07-01,Manufacturing,Rajasthan,54,1183694.27,987664.41,1191531.31,382439.83,141298.3,208522.38,89417.68,2324859.8
MSME068,Manufacturing MSME 68,2025-08-01,Manufacturing,Rajasthan,54,1131592.22,920003.43,1206264.68,388450.55,131618.51,199343.96,89417.68,2235442.12
MSME068,Manufacturing MSME 68,2025-09-01,Manufacturing,Rajasthan,54,1061501.58,906870.66,1203650.38,394550.42,129739.7,186996.63,89417.68,2146024.44
MSME068,Manufacturing MSME 68,2025-10-01,Manufacturing,Rajasthan,54,1035630.72,875236.69,1201618.03,400740.69,125214.04,182439.15,89417.68,2056606.75
MSME068,Manufacturing MSME 68,2025-11-01,Manufacturing,Rajasthan,54,1036044.19,864222.4,1212305.0,407022.66,123638.31,182511.99,89417.68,1967189.07
MSME068,Manufacturing MSME 68,2025-12-01,Manufacturing,Rajasthan,54,1080452.83,899796.97,1235794.23,413397.64,128727.71,190335.12,89417.68,1877771.38
MSME068,Manufacturing MSME 68,2026-01-01,Manufacturing,Rajasthan,54,1084297.27,894256.06,1243404.03,419866.96,127935.01,191012.37,89417.68,1788353.7
MSME068,Manufacturing MSME 68,2026-02-01,Manufacturing,Rajasthan,54,1097045.32,907534.65,1276241.61,426431.96,129834.69,193258.1,89417.68,1698936.01
MSME068,Manufacturing MSME 68,2026-03-01,Manufacturing,Rajasthan,54,1081379.98,883848.68,1293965.91,433094.01,126446.1,190498.45,89417.68,1609518.33
MSME068,Manufacturing MSME 68,2026-04-01,Manufacturing,Rajasthan,54,1060186.09,892651.0,1288056.11,439854.48,127705.39,186764.89,89417.68,1520100.64
MSME068,Manufacturing MSME 68,2026-05-01,Manufacturing,Rajasthan,54,1042124.0,879827.31,1273058.96,446714.78,125870.79,183583.03,89417.68,1430682.96
MSME068,Manufacturing MSME 68,2026-06-01,Manufacturing,Rajasthan,54,1002328.6,831920.36,1282148.62,453676.34,119017.08,176572.57,89417.68,1341265.27
MSME068,Manufacturing MSME 68,2026-07-01,Manufacturing,Rajasthan,54,968150.81,809166.35,1283508.64,460740.59,115761.82,170551.73,89417.68,1251847.59
MSME068,Manufacturing MSME 68,2026-08-01,Manufacturing,Rajasthan,54,933825.65,772002.21,1280198.84,467909.0,110445.0,164504.93,89417.68,1162429.9
MSME068,Manufacturing MSME 68,2026-09-01,Manufacturing,Rajasthan,54,943814.61,789508.58,1280776.5,475183.05,112949.52,166264.61,89417.68,1073012.22
MSME069,Manufacturing MSME 69,2023-10-01,Manufacturing,Karnataka,53,1250296.55,1052559.45,439216.21,256588.64,123512.06,239941.29,19704.08,926091.7
MSME069,Manufacturing MSME 69,2023-11-01,Manufacturing,Karnataka,53,1248992.04,1032800.02,522359.48,261476.56,121193.4,239690.94,19704.08,906387.62
MSME069,Manufacturing MSME 69,2023-12-01,Manufacturing,Karnataka,53,1302680.79,1113985.02,612431.12,266453.36,130720.02,249994.21,19704.08,886683.54
MSME069,Manufacturing MSME 69,2024-01-01,Manufacturing,Karnataka,53,1343761.94,1108123.43,719633.84,271520.61,130032.19,257878.0,19704.08,866979.46
MSME069,Manufacturing MSME 69,2024-02-01,Manufacturing,Karnataka,53,1367650.26,1141483.46,845343.07,276679.9,133946.81,262462.34,19704.08,847275.38
MSME069,Manufacturing MSME 69,2024-03-01,Manufacturing,Karnataka,53,1344330.48,1135352.9,937347.56,281932.86,133227.42,257987.1,19704.08,827571.3
MSME069,Manufacturing MSME 69,2024-04-01,Manufacturing,Karnataka,53,1326878.52,1123252.75,1032824.99,287281.13,131807.53,254637.94,19704.08,807867.23
MSME069,Manufacturing MSME 69,2024-05-01,Manufacturing,Karnataka,53,1310194.1,1118585.06,1105607.19,292726.38,131259.81,251436.08,19704.08,788163.15
MSME069,Manufacturing MSME 69,2024-06-01,Manufacturing,Karnataka,53,1263040.54,1066662.54,1162603.49,298270.34,125166.98,242386.95,19704.08,768459.07
MSME069,Manufacturing MSME 69,2024-07-01,Manufacturing,Karnataka,53,1165042.26,977898.61,1223725.15,303914.73,114751.02,223580.35,19704.08,748754.99
MSME069,Manufacturing MSME 69,2024-08-01,Manufacturing,Karnataka,53,1132418.15,951634.22,1288407.92,309661.31,111669.04,217319.54,19704.08,729050.91
MSME069,Manufacturing MSME 69,2024-09-01,Manufacturing,Karnataka,53,1082237.77,913439.64,1339833.4,315511.89,107187.12,207689.55,19704.08,709346.83
MSME069,Manufacturing MSME 69,2024-10-01,Manufacturing,Karnataka,53,1049288.87,881122.27,1410531.36,321468.28,103394.85,201366.41,19704.08,689642.75
MSME069,Manufacturing MSME 69,2024-11-01,Manufacturing,Karnataka,53,1054304.64,905884.32,1458677.36,327532.35,106300.54,202328.97,19704.08,669938.67
MSME069,Manufacturing MSME 69,2024-12-01,Manufacturing,Karnataka,53,1104600.84,914438.92,1541099.5,333705.99,107304.38,211981.19,19704.08,650234.6
MSME069,Manufacturing MSME 69,2025-01-01,Manufacturing,Karnataka,53,1126877.23,948227.41,1603528.47,339991.11,111269.27,216256.19,19704.08,630530.52
MSME069,Manufacturing MSME 69,2025-02-01,Manufacturing,Karnataka,53,1164661.39,973596.48,1691551.95,346389.68,114246.19,223507.26,19704.08,610826.44
MSME069,Manufacturing MSME 69,2025-03-01,Manufacturing,Karnataka,53,1190496.95,983392.13,1761958.63,352903.68,115395.66,228465.29,19704.08,591122.36
MSME069,Manufacturing MSME 69,2025-04-01,Manufacturing,Karnataka,53,1189741.38,1001567.26,1833108.75,359535.13,117528.41,228320.3,19704.08,571418.28
MSME069,Manufacturing MSME 69,2025-05-01,Manufacturing,Karnataka,53,1139497.32,968066.09,1884715.89,366286.1,113597.23,218678.08,19704.08,551714.2
MSME069,Manufacturing MSME 69,2025-06-01,Manufacturing,Karnataka,53,1064754.31,885547.12,1934457.7,373158.67,103914.09,204334.34,19704.08,532010.12
MSME069,Manufacturing MSME 69,2025-07-01,Manufacturing,Karnataka,53,1025643.38,831342.42,2001716.77,380154.98,97553.46,196828.66,19704.08,512306.05
MSME069,Manufacturing MSME 69,2025-08-01,Manufacturing,Karnataka,53,1007267.13,830492.23,2088760.88,387277.19,97453.7,193302.12,19704.08,492601.97
MSME069,Manufacturing MSME 69,2025-09-01,Manufacturing,Karnataka,53,967738.56,807139.39,2123868.81,394527.5,94713.37,185716.29,19704.08,472897.89
MSME069,Manufacturing MSME 69,2025-10-01,Manufacturing,Karnataka,53,952602.83,813372.85,2165001.86,401908.15,95444.83,182811.63,19704.08,453193.81
MSME069,Manufacturing MSME 69,2025-11-01,Manufacturing,Karnataka,53,964738.96,815686.88,2202323.86,409421.42,95716.37,185140.64,19704.08,433489.73
MSME069,Manufacturing MSME 69,2025-12-01,Manufacturing,Karnataka,53,1012339.39,864867.26,2238749.43,417069.63,101487.42,194275.52,19704.08,413785.65
MSME069,Manufacturing MSME 69,2026-01-01,Manufacturing,Karnataka,53,1027441.67,857513.08,2278749.45,424855.13,100624.44,197173.76,19704.08,394081.57
MSME069,Manufacturing MSME 69,2026-02-01,Manufacturing,Karnataka,53,1061552.1,906542.96,2317029.23,432780.33,106377.83,203719.81,19704.08,374377.49
MSME069,Manufacturing MSME 69,2026-03-01,Manufacturing,Karnataka,53,1060337.25,892939.11,2379768.13,440847.66,104781.5,203486.67,19704.08,354673.42
MSME069,Manufacturing MSME 69,2026-04-01,Manufacturing,Karnataka,53,1060562.1,903208.54,2429753.91,449059.6,105986.56,203529.82,19704.08,334969.34
MSME069,Manufacturing MSME 69,2026-05-01,Manufacturing,Karnataka,53,1024523.6,857880.34,2489981.82,457418.67,100667.54,196613.76,19704.08,315265.26
MSME069,Manufacturing MSME 69,2026-06-01,Manufacturing,Karnataka,53,1001062.57,844532.74,2531607.66,465927.45,99101.27,192111.42,19704.08,295561.18
MSME069,Manufacturing MSME 69,2026-07-01,Manufacturing,Karnataka,53,927542.85,792683.73,2574802.27,474588.53,93017.08,178002.43,19704.08,275857.1
MSME069,Manufacturing MSME 69,2026-08-01,Manufacturing,Karnataka,53,896639.6,738459.32,2626692.18,483404.58,86654.14,172071.86,19704.08,256153.02
MSME069,Manufacturing MSME 69,2026-09-01,Manufacturing,Karnataka,53,874790.21,727442.48,2687587.09,492378.3,85361.37,167878.8,19704.08,236448.94
MSME070,Manufacturing MSME 70,2023-10-01,Manufacturing,Tamil Nadu,58,650576.61,560968.85,261118.69,120381.89,99822.84,107912.69,91654.4,4307757.01
MSME070,Manufacturing MSME 70,2023-11-01,Manufacturing,Tamil Nadu,58,650478.24,550314.48,246599.28,122587.53,97926.92,107896.37,91654.4,4216102.6
MSME070,Manufacturing MSME 70,2023-12-01,Manufacturing,Tamil Nadu,58,672401.81,564681.86,240170.41,124831.6,100483.56,111532.89,91654.4,4124448.2
MSME070,Manufacturing MSME 70,2024-01-01,Manufacturing,Tamil Nadu,58,699072.12,588156.9,234254.43,127114.74,104660.87,115956.76,91654.4,4032793.79
MSME070,Manufacturing MSME 70,2024-02-01,Manufacturing,Tamil Nadu,58,720636.0,579847.55,249296.64,129437.63,103182.25,119533.61,91654.4,3941139.39
MSME070,Manufacturing MSME 70,2024-03-01,Manufacturing,Tamil Nadu,58,727514.62,597735.48,256099.73,131800.91,106365.35,120674.58,91654.4,3849484.99
MSME070,Manufacturing MSME 70,2024-04-01,Manufacturing,Tamil Nadu,58,729979.93,618940.42,248317.38,134205.29,110138.71,121083.51,91654.4,3757830.58
MSME070,Manufacturing MSME 70,2024-05-01,Manufacturing,Tamil Nadu,58,714648.63,578382.34,237597.91,136651.44,102921.52,118540.47,91654.4,3666176.18
MSME070,Manufacturing MSME 70,2024-06-01,Manufacturing,Tamil Nadu,58,680632.44,561538.91,228279.37,139140.07,99924.28,112898.13,91654.4,3574521.77
MSME070,Manufacturing MSME 70,2024-07-01,Manufacturing,Tamil Nadu,58,668410.67,560127.01,217071.04,141671.89,99673.03,110870.87,91654.4,3482867.37
MSME070,Manufacturing MSME 70,2024-08-01,Manufacturing,Tamil Nadu,58,629909.67,524847.0,184595.69,144247.63,93395.05,104484.62,91654.4,3391212.96
MSME070,Manufacturing MSME 70,2024-09-01,Manufacturing,Tamil Nadu,58,615387.38,510782.46,166247.41,146868.03,90892.31,102075.77,91654.4,3299558.56
MSME070,Manufacturing MSME 70,2024-10-01,Manufacturing,Tamil Nadu,58,609098.92,516872.33,151359.37,149533.84,91975.98,101032.69,91654.4,3207904.15
MSME070,Manufacturing MSME 70,2024-11-01,Manufacturing,Tamil Nadu,58,613377.13,510960.89,133764.06,152245.81,90924.06,101742.33,91654.4,3116249.75
MSME070,Manufacturing MSME 70,2024-12-01,Manufacturing,Tamil Nadu,58,620185.66,506995.79,115599.4,155004.73,90218.48,102871.67,91654.4,3024595.35
MSME070,Manufacturing MSME 70,2025-01-01,Manufacturing,Tamil Nadu,58,648956.7,547042.72,111354.53,157811.38,97344.72,107643.99,91654.4,2932940.94
MSME070,Manufacturing MSME 70,2025-02-01,Manufacturing,Tamil Nadu,58,673678.24,556557.43,110267.49,160666.56,99037.84,111744.62,91654.4,2841286.54
MSME070,Manufacturing MSME 70,2025-03-01,Manufacturing,Tamil Nadu,58,677402.72,550890.72,114356.72,163571.09,98029.46,112362.4,91654.4,2749632.13
MSME070,Manufacturing MSME 70,2025-04-01,Manufacturing,Tamil Nadu,58,685742.82,561147.17,104021.63,166525.79,99854.57,113745.79,91654.4,2657977.73
MSME070,Manufacturing MSME 70,2025-05-01,Manufacturing,Tamil Nadu,58,674439.98,555704.38,95195.71,169531.5,98886.04,111870.97,91654.4,2566323.32
MSME070,Manufacturing MSME 70,2025-06-01,Manufacturing,Tamil Nadu,58,657966.84,545367.87,85246.8,172589.08,97046.68,109138.53,91654.4,2474668.92
MSME070,Manufacturing MSME 70,2025-07-01,Manufacturing,Tamil Nadu,58,633692.74,526125.22,71699.16,175699.39,93622.51,105112.12,91654.4,2383014.51
MSME070,Manufacturing MSME 70,2025-08-01,Manufacturing,Tamil Nadu,58,616172.42,516729.41,48304.29,178863.32,91950.55,102205.99,91654.4,2291360.11
MSME070,Manufacturing MSME 70,2025-09-01,Manufacturing,Tamil Nadu,58,593705.27,486558.24,36679.1,182081.77,86581.68,98479.31,91654.4,2199705.71
MSME070,Manufacturing MSME 70,2025-10-01,Manufacturing,Tamil Nadu,58,580949.74,471262.58,12818.72,185355.64,83859.86,96363.52,91654.4,2108051.3
MSME070,Manufacturing MSME 70,2025-11-01,Manufacturing,Tamil Nadu,58,588654.6,501882.66,5000.0,188685.86,89308.61,97641.54,91654.4,2016396.9
MSME070,Manufacturing MSME 70,2025-12-01,Manufacturing,Tamil Nadu,58,607596.6,490436.83,5000.0,192073.37,87271.86,100783.5,91654.4,1924742.49
MSME070,Manufacturing MSME 70,2026-01-01,Manufacturing,Tamil Nadu,58,626838.24,515612.38,5000.0,195519.13,91751.78,103975.15,91654.4,1833088.09
MSME070,Manufacturing MSME 70,2026-02-01,Manufacturing,Tamil Nadu,58,642273.36,529993.98,5000.0,199024.12,94310.94,106535.41,91654.4,1741433.68
MSME070,Manufacturing MSME 70,2026-03-01,Manufacturing,Tamil Nadu,58,637356.44,530625.36,5000.0,202589.32,94423.3,105719.83,91654.4,1649779.28
MSME070,Manufacturing MSME 70,2026-04-01,Manufacturing,Tamil Nadu,58,633803.19,513231.11,5000.0,206215.73,91328.04,105130.45,91654.4,1558124.87
MSME070,Manufacturing MSME 70,2026-05-01,Manufacturing,Tamil Nadu,58,624601.68,523302.27,5000.0,209904.38,93120.17,103604.17,91654.4,1466470.47
MSME070,Manufacturing MSME 70,2026-06-01,Manufacturing,Tamil Nadu,58,605179.76,499961.13,5000.0,213656.3,88966.68,100382.61,91654.4,1374816.07
MSME070,Manufacturing MSME 70,2026-07-01,Manufacturing,Tamil Nadu,58,583111.66,477519.49,5000.0,217472.55,84973.26,96722.12,91654.4,1283161.66
MSME070,Manufacturing MSME 70,2026-08-01,Manufacturing,Tamil Nadu,58,565953.76,469138.69,5000.0,221354.2,83481.92,93876.1,91654.4,1191507.26
MSME070,Manufacturing MSME 70,2026-09-01,Manufacturing,Tamil Nadu,58,564509.33,465348.42,5000.0,225302.35,82807.45,93636.51,91654.4,1099852.85
MSME071,Manufacturing MSME 71,2023-10-01,Manufacturing,Kerala,55,1382375.12,1053612.51,849297.6,272392.51,153375.84,322000.64,90843.87,4269662.04
MSME071,Manufacturing MSME 71,2023-11-01,Manufacturing,Kerala,55,1369139.75,1050103.59,974183.94,277083.96,152865.04,318917.68,90843.87,4178818.17
MSME071,Manufacturing MSME 71,2023-12-01,Manufacturing,Kerala,55,1385710.34,1055269.64,1070478.03,281851.72,153617.07,322777.52,90843.87,4087974.29
MSME071,Manufacturing MSME 71,2024-01-01,Manufacturing,Kerala,55,1460829.99,1119631.6,1167367.48,286697.02,162986.33,340275.36,90843.87,3997130.42
MSME071,Manufacturing MSME 71,2024-02-01,Manufacturing,Kerala,55,1493757.21,1135897.49,1291916.3,291621.05,165354.18,347945.19,90843.87,3906286.55
MSME071,Manufacturing MSME 71,2024-03-01,Manufacturing,Kerala,55,1510475.06,1143462.66,1408551.18,296625.06,166455.45,351839.33,90843.87,3815442.67
MSME071,Manufacturing MSME 71,2024-04-01,Manufacturing,Kerala,55,1492957.95,1141195.89,1533541.32,301710.29,166125.48,347759.02,90843.87,3724598.8
MSME071,Manufacturing MSME 71,2024-05-01,Manufacturing,Kerala,55,1435213.99,1083790.45,1642128.11,306878.01,157768.88,334308.55,90843.87,3633754.93
MSME071,Manufacturing MSME 71,2024-06-01,Manufacturing,Kerala,55,1372715.07,1055606.25,1740556.01,312129.53,153666.07,319750.49,90843.87,3542911.05
MSME071,Manufacturing MSME 71,2024-07-01,Manufacturing,Kerala,55,1327487.54,1025298.91,1842162.45,317466.14,149254.19,309215.51,90843.87,3452067.18
MSME071,Manufacturing MSME 71,2024-08-01,Manufacturing,Kerala,55,1261007.1,986352.17,1895114.92,322889.18,143584.66,293730.03,90843.87,3361223.31
MSME071,Manufacturing MSME 71,2024-09-01,Manufacturing,Kerala,55,1211596.8,914785.05,1942325.19,328400.0,133166.53,282220.75,90843.87,3270379.43
MSME071,Manufacturing MSME 71,2024-10-01,Manufacturing,Kerala,55,1203421.72,914624.26,2014634.99,333999.98,133143.13,280316.5,90843.87,3179535.56
MSME071,Manufacturing MSME 71,2024-11-01,Manufacturing,Kerala,55,1210474.76,920702.62,2109859.26,339690.49,134027.96,281959.39,90843.87,3088691.69
MSME071,Manufacturing MSME 71,2024-12-01,Manufacturing,Kerala,55,1232891.89,933888.86,2174357.66,345472.97,135947.5,287181.08,90843.87,2997847.81
MSME071,Manufacturing MSME 71,2025-01-01,Manufacturing,Kerala,55,1283948.39,986778.89,2272823.98,351348.83,143646.78,299073.81,90843.87,2907003.94
MSME071,Manufacturing MSME 71,2025-02-01,Manufacturing,Kerala,55,1371877.64,1049800.5,2360083.62,357319.55,152820.92,319555.43,90843.87,2816160.07
MSME071,Manufacturing MSME 71,2025-03-01,Manufacturing,Kerala,55,1409392.07,1081761.75,2465177.3,363386.59,157473.56,328293.77,90843.87,2725316.2
MSME071,Manufacturing MSME 71,2025-04-01,Manufacturing,Kerala,55,1380733.15,1063626.63,2553648.54,369551.47,154833.61,321618.17,90843.87,2634472.32
MSME071,Manufacturing MSME 71,2025-05-01,Manufacturing,Kerala,55,1334856.31,1041704.95,2629663.56,375815.7,151642.44,310931.94,90843.87,2543628.45
MSME071,Manufacturing MSME 71,2025-06-01,Manufacturing,Kerala,55,1298356.53,949853.27,2720906.06,382180.83,138271.46,302429.94,90843.87,2452784.58
MSME071,Manufacturing MSME 71,2025-07-01,Manufacturing,Kerala,55,1232559.7,924862.43,2820853.34,388648.43,134633.51,287103.7,90843.87,2361940.7
MSME071,Manufacturing MSME 71,2025-08-01,Manufacturing,Kerala,55,1152849.44,878242.63,2889282.77,395220.11,127847.0,268536.55,90843.87,2271096.83
MSME071,Manufacturing MSME 71,2025-09-01,Manufacturing,Kerala,55,1133440.59,852334.66,2983649.65,401897.47,124075.54,264015.6,90843.87,2180252.96
MSME071,Manufacturing MSME 71,2025-10-01,Manufacturing,Kerala,55,1141905.24,862248.8,3064809.18,408682.17,125518.76,265987.29,90843.87,2089409.08
MSME071,Manufacturing MSME 71,2025-11-01,Manufacturing,Kerala,55,1151561.82,858596.3,3169708.78,415575.87,124987.06,268236.63,90843.87,1998565.21
MSME071,Manufacturing MSME 71,2025-12-01,Manufacturing,Kerala,55,1180772.25,903144.82,3275793.37,422580.26,131472.05,275040.7,90843.87,1907721.34
MSME071,Manufacturing MSME 71,2026-01-01,Manufacturing,Kerala,55,1224178.83,953932.51,3354126.63,429697.07,138865.28,285151.52,90843.87,1816877.46
MSME071,Manufacturing MSME 71,2026-02-01,Manufacturing,Kerala,55,1262711.03,955652.33,3456583.25,436928.04,139115.64,294126.93,90843.87,1726033.59
MSME071,Manufacturing MSME 71,2026-03-01,Manufacturing,Kerala,55,1268320.11,971680.97,3517441.96,444274.95,141448.95,295433.47,90843.87,1635189.72
MSME071,Manufacturing MSME 71,2026-04-01,Manufacturing,Kerala,55,1285041.43,985613.97,3568247.28,451739.59,143477.2,299328.42,90843.87,1544345.84
MSME071,Manufacturing MSME 71,2026-05-01,Manufacturing,Kerala,55,1248193.46,961826.1,3640255.17,459323.79,140014.37,290745.31,90843.87,1453501.97
MSME071,Manufacturing MSME 71,2026-06-01,Manufacturing,Kerala,55,1221397.42,918009.85,3733212.18,467029.41,133635.97,284503.64,90843.87,1362658.1
MSME071,Manufacturing MSME 71,2026-07-01,Manufacturing,Kerala,55,1153120.27,896779.45,3786840.8,474858.32,130545.43,268599.64,90843.87,1271814.22
MSME071,Manufacturing MSME 71,2026-08-01,Manufacturing,Kerala,55,1104071.56,832778.98,3842398.11,482812.44,121228.8,257174.58,90843.87,1180970.35
MSME071,Manufacturing MSME 71,2026-09-01,Manufacturing,Kerala,55,1084004.65,825102.32,3900085.83,490893.72,120111.29,252500.34,90843.87,1090126.48
MSME072,Manufacturing MSME 72,2023-10-01,Manufacturing,Karnataka,43,542420.63,404329.02,314427.08,110679.36,66622.22,131058.99,18125.47,851897.21
MSME072,Manufacturing MSME 72,2023-11-01,Manufacturing,Karnataka,43,556685.1,416796.03,374149.33,112087.24,68676.44,134505.55,18125.47,833771.74
MSME072,Manufacturing MSME 72,2023-12-01,Manufacturing,Karnataka,43,571550.51,433442.68,444909.37,113511.24,71419.34,138097.31,18125.47,815646.27
MSME072,Manufacturing MSME 72,2024-01-01,Manufacturing,Karnataka,43,599295.43,443790.12,529503.31,114951.51,73124.31,144801.0,18125.47,797520.8
MSME072,Manufacturing MSME 72,2024-02-01,Manufacturing,Karnataka,43,615074.99,460937.62,595426.17,116408.24,75949.75,148613.64,18125.47,779395.32
MSME072,Manufacturing MSME 72,2024-03-01,Manufacturing,Karnataka,43,620123.16,453834.39,687911.14,117881.6,74779.33,149833.37,18125.47,761269.85
MSME072,Manufacturing MSME 72,2024-04-01,Manufacturing,Karnataka,43,622603.85,464058.6,764977.01,119371.78,76464.0,150432.76,18125.47,743144.38
MSME072,Manufacturing MSME 72,2024-05-01,Manufacturing,Karnataka,43,622574.99,460647.32,847041.83,120878.95,75901.91,150425.78,18125.47,725018.91
MSME072,Manufacturing MSME 72,2024-06-01,Manufacturing,Karnataka,43,609259.48,467986.53,920911.31,122403.29,77111.21,147208.5,18125.47,706893.43
MSME072,Manufacturing MSME 72,2024-07-01,Manufacturing,Karnataka,43,580218.91,419670.81,1004167.89,123945.0,69150.12,140191.76,18125.47,688767.96
MSME072,Manufacturing MSME 72,2024-08-01,Manufacturing,Karnataka,43,554065.87,413356.9,1064294.43,125504.25,68109.76,133872.69,18125.47,670642.49
MSME072,Manufacturing MSME 72,2024-09-01,Manufacturing,Karnataka,43,553189.11,426345.66,1128437.6,127081.24,70249.95,133660.85,18125.47,652517.02
MSME072,Manufacturing MSME 72,2024-10-01,Manufacturing,Karnataka,43,540193.8,408345.36,1184941.43,128676.15,67284.0,130520.94,18125.47,634391.54
MSME072,Manufacturing MSME 72,2024-11-01,Manufacturing,Karnataka,43,549994.58,415070.56,1259954.93,130289.19,68392.13,132888.99,18125.47,616266.07
MSME072,Manufacturing MSME 72,2024-12-01,Manufacturing,Karnataka,43,581430.27,433404.59,1335320.8,131920.53,71413.07,140484.45,18125.47,598140.6
MSME072,Manufacturing MSME 72,2025-01-01,Manufacturing,Karnataka,43,593645.59,446102.51,1415527.51,133570.39,73505.33,143435.9,18125.47,580015.12
MSME072,Manufacturing MSME 72,2025-02-01,Manufacturing,Karnataka,43,600699.62,446109.69,1494822.68,135238.95,73506.51,145140.28,18125.47,561889.65
MSME072,Manufacturing MSME 72,2025-03-01,Manufacturing,Karnataka,43,610216.4,459633.46,1563184.92,136926.43,75734.86,147439.71,18125.47,543764.18
MSME072,Manufacturing MSME 72,2025-04-01,Manufacturing,Karnataka,43,599573.65,459793.7,1634943.12,138633.01,75761.26,144868.23,18125.47,525638.71
MSME072,Manufacturing MSME 72,2025-05-01,Manufacturing,Karnataka,43,580880.62,442520.25,1708731.5,140358.91,72915.07,140351.64,18125.47,507513.23
MSME072,Manufacturing MSME 72,2025-06-01,Manufacturing,Karnataka,43,556059.03,410229.04,1776743.44,142104.33,67594.38,134354.28,18125.47,489387.76
MSME072,Manufacturing MSME 72,2025-07-01,Manufacturing,Karnataka,43,525473.84,402144.47,1838718.51,143869.49,66262.26,126964.32,18125.47,471262.29
MSME072,Manufacturing MSME 72,2025-08-01,Manufacturing,Karnataka,43,514066.04,378946.42,1907365.16,145654.58,62439.87,124207.99,18125.47,453136.82
MSME072,Manufacturing MSME 72,2025-09-01,Manufacturing,Karnataka,43,519122.38,383789.93,1970144.46,147459.83,63237.95,125429.69,18125.47,435011.34
MSME072,Manufacturing MSME 72,2025-10-01,Manufacturing,Karnataka,43,504898.83,377044.85,2024234.47,149285.46,62126.54,121993.02,18125.47,416885.87
MSME072,Manufacturing MSME 72,2025-11-01,Manufacturing,Karnataka,43,512887.3,389643.89,2076595.15,151131.67,64202.51,123923.18,18125.47,398760.4
MSME072,Manufacturing MSME 72,2025-12-01,Manufacturing,Karnataka,43,524813.95,392643.96,2149140.29,152998.69,64696.84,126804.88,18125.47,380634.93
MSME072,Manufacturing MSME 72,2026-01-01,Manufacturing,Karnataka,43,543241.4,397316.2,2221637.31,154886.74,65466.7,131257.3,18125.47,362509.45
MSME072,Manufacturing MSME 72,2026-02-01,Manufacturing,Karnataka,43,566603.02,432764.06,2291324.21,156796.05,71307.52,136901.91,18125.47,344383.98
MSME072,Manufacturing MSME 72,2026-03-01,Manufacturing,Karnataka,43,579478.67,423459.48,2366185.53,158726.84,69774.39,140012.9,18125.47,326258.51
MSME072,Manufacturing MSME 72,2026-04-01,Manufacturing,Karnataka,43,573847.97,450224.46,2425624.14,160679.35,74184.51,138652.42,18125.47,308133.03
MSME072,Manufacturing MSME 72,2026-05-01,Manufacturing,Karnataka,43,560874.02,416173.02,2498110.68,162653.79,68573.78,135517.67,18125.47,290007.56
MSME072,Manufacturing MSME 72,2026-06-01,Manufacturing,Karnataka,43,545355.86,410303.58,2561287.76,164650.41,67606.66,131768.19,18125.47,271882.09
MSME072,Manufacturing MSME 72,2026-07-01,Manufacturing,Karnataka,43,531058.88,399298.84,2634908.83,166669.45,65793.38,128313.77,18125.47,253756.62
MSME072,Manufacturing MSME 72,2026-08-01,Manufacturing,Karnataka,43,509569.66,383366.25,2691901.71,168711.14,63168.13,123121.58,18125.47,235631.14
MSME072,Manufacturing MSME 72,2026-09-01,Manufacturing,Karnataka,43,500589.19,372001.96,2749394.19,170775.72,61295.61,120951.73,18125.47,217505.67
MSME073,Manufacturing MSME 73,2023-10-01,Manufacturing,Karnataka,74,460368.83,365889.1,235193.49,114213.52,38550.79,97946.6,20201.51,949471.01
MSME073,Manufacturing MSME 73,2023-11-01,Manufacturing,Karnataka,74,471804.98,367580.0,277231.56,115714.17,38728.95,100379.72,20201.51,929269.5
MSME073,Manufacturing MSME 73,2023-12-01,Manufacturing,Karnataka,74,488056.16,385926.1,313940.82,117232.68,40661.93,103837.27,20201.51,909067.99
MSME073,Manufacturing MSME 73,2024-01-01,Manufacturing,Karnataka,74,509014.61,405179.89,355540.36,118769.24,42690.54,108296.32,20201.51,888866.48
MSME073,Manufacturing MSME 73,2024-02-01,Manufacturing,Karnataka,74,515334.39,397110.04,409136.93,120324.07,41840.29,109640.9,20201.51,868664.97
MSME073,Manufacturing MSME 73,2024-03-01,Manufacturing,Karnataka,74,525022.73,401066.72,465190.3,121897.36,42257.17,111702.16,20201.51,848463.45
MSME073,Manufacturing MSME 73,2024-04-01,Manufacturing,Karnataka,74,513226.19,403439.29,506000.83,123489.32,42507.15,109192.36,20201.51,828261.94
MSME073,Manufacturing MSME 73,2024-05-01,Manufacturing,Karnataka,74,498849.79,391889.05,544174.53,125100.16,41290.19,106133.69,20201.51,808060.43
MSME073,Manufacturing MSME 73,2024-06-01,Manufacturing,Karnataka,74,480626.09,370914.93,581023.49,126730.1,39080.32,102256.47,20201.51,787858.92
MSME073,Manufacturing MSME 73,2024-07-01,Manufacturing,Karnataka,74,454367.36,347616.88,625534.68,128379.35,36625.59,96669.75,20201.51,767657.41
MSME073,Manufacturing MSME 73,2024-08-01,Manufacturing,Karnataka,74,425621.25,330914.84,655198.02,130048.12,34865.83,90553.82,20201.51,747455.9
MSME073,Manufacturing MSME 73,2024-09-01,Manufacturing,Karnataka,74,411065.22,320217.88,694964.51,131736.63,33738.78,87456.92,20201.51,727254.39
MSME073,Manufacturing MSME 73,2024-10-01,Manufacturing,Karnataka,74,404103.32,311881.53,728030.62,133445.11,32860.45,85975.73,20201.51,707052.88
MSME073,Manufacturing MSME 73,2024-11-01,Manufacturing,Karnataka,74,399795.62,309966.55,766306.13,135173.77,32658.68,85059.24,20201.51,686851.37
MSME073,Manufacturing MSME 73,2024-12-01,Manufacturing,Karnataka,74,406778.7,319582.05,793667.07,136922.85,33671.79,86544.94,20201.51,666649.86
MSME073,Manufacturing MSME 73,2025-01-01,Manufacturing,Karnataka,74,420088.15,321972.36,833818.66,138692.58,33923.64,89376.61,20201.51,646448.35
MSME073,Manufacturing MSME 73,2025-02-01,Manufacturing,Karnataka,74,436817.63,340428.12,869963.07,140483.17,35868.17,92935.92,20201.51,626246.84
MSME073,Manufacturing MSME 73,2025-03-01,Manufacturing,Karnataka,74,449343.33,342617.92,909772.43,142294.87,36098.89,95600.85,20201.51,606045.32
MSME073,Manufacturing MSME 73,2025-04-01,Manufacturing,Karnataka,74,447045.26,349388.03,954137.58,144127.91,36812.2,95111.92,20201.51,585843.81
MSME073,Manufacturing MSME 73,2025-05-01,Manufacturing,Karnataka,74,430446.33,337814.34,979727.02,145982.54,35592.78,91580.39,20201.51,565642.3
MSME073,Manufacturing MSME 73,2025-06-01,Manufacturing,Karnataka,74,407141.57,318191.01,1010233.97,147858.98,33525.23,86622.14,20201.51,545440.79
MSME073,Manufacturing MSME 73,2025-07-01,Manufacturing,Karnataka,74,386082.92,300017.42,1042293.92,149757.49,31610.42,82141.77,20201.51,525239.28
MSME073,Manufacturing MSME 73,2025-08-01,Manufacturing,Karnataka,74,367703.07,285922.06,1070738.86,151678.32,30125.31,78231.33,20201.51,505037.77
MSME073,Manufacturing MSME 73,2025-09-01,Manufacturing,Karnataka,74,354068.35,273203.39,1078892.42,153621.7,28785.24,75330.45,20201.51,484836.26
MSME073,Manufacturing MSME 73,2025-10-01,Manufacturing,Karnataka,74,347684.99,266696.01,1103941.56,155587.89,28099.61,73972.35,20201.51,464634.75
MSME073,Manufacturing MSME 73,2025-11-01,Manufacturing,Karnataka,74,348473.59,271912.01,1124532.51,157577.16,28649.18,74140.13,20201.51,444433.24
MSME073,Manufacturing MSME 73,2025-12-01,Manufacturing,Karnataka,74,357834.94,277613.15,1149579.15,159589.74,29249.86,76131.82,20201.51,424231.73
MSME073,Manufacturing MSME 73,2026-01-01,Manufacturing,Karnataka,74,366412.9,281682.12,1174124.8,161625.91,29678.58,77956.84,20201.51,404030.22
MSME073,Manufacturing MSME 73,2026-02-01,Manufacturing,Karnataka,74,377447.45,288271.73,1211534.25,163685.92,30372.87,80304.51,20201.51,383828.71
MSME073,Manufacturing MSME 73,2026-03-01,Manufacturing,Karnataka,74,387170.44,303726.14,1249999.19,165770.05,32001.18,82373.14,20201.51,363627.19
MSME073,Manufacturing MSME 73,2026-04-01,Manufacturing,Karnataka,74,381945.09,293459.72,1284021.36,167878.55,30919.49,81261.42,20201.51,343425.68
MSME073,Manufacturing MSME 73,2026-05-01,Manufacturing,Karnataka,74,380878.4,293193.61,1313673.4,170011.7,30891.45,81034.47,20201.51,323224.17
MSME073,Manufacturing MSME 73,2026-06-01,Manufacturing,Karnataka,74,371137.1,284079.57,1351951.27,172169.78,29931.18,78961.94,20201.51,303022.66
MSME073,Manufacturing MSME 73,2026-07-01,Manufacturing,Karnataka,74,354763.89,278961.8,1378725.2,174353.06,29391.96,75478.43,20201.51,282821.15
MSME073,Manufacturing MSME 73,2026-08-01,Manufacturing,Karnataka,74,331622.69,255610.41,1394341.15,176561.82,26931.61,70554.98,20201.51,262619.64
MSME073,Manufacturing MSME 73,2026-09-01,Manufacturing,Karnataka,74,320599.23,248947.85,1409952.0,178796.35,26229.63,68209.67,20201.51,242418.13
MSME074,Manufacturing MSME 74,2023-10-01,Manufacturing,Rajasthan,49,1045932.7,795538.4,653331.19,193547.98,118294.06,157461.61,91900.42,4319319.57
MSME074,Manufacturing MSME 74,2023-11-01,Manufacturing,Rajasthan,49,1076907.19,825150.07,729528.53,197233.65,122697.23,162124.72,91900.42,4227419.15
MSME074,Manufacturing MSME 74,2023-12-01,Manufacturing,Rajasthan,49,1112076.94,821234.34,835553.17,200986.32,122114.97,167419.4,91900.42,4135518.73
MSME074,Manufacturing MSME 74,2024-01-01,Manufacturing,Rajasthan,49,1168699.62,880928.27,934455.25,204807.16,130991.27,175943.75,91900.42,4043618.32
MSME074,Manufacturing MSME 74,2024-02-01,Manufacturing,Rajasthan,49,1220679.62,925565.35,1034391.58,208697.38,137628.66,183769.17,91900.42,3951717.9
MSME074,Manufacturing MSME 74,2024-03-01,Manufacturing,Rajasthan,49,1205164.37,882713.63,1145455.51,212658.2,131256.75,181433.4,91900.42,3859817.48
MSME074,Manufacturing MSME 74,2024-04-01,Manufacturing,Rajasthan,49,1207871.56,930791.37,1226604.85,216690.86,138405.76,181840.96,91900.42,3767917.07
MSME074,Manufacturing MSME 74,2024-05-01,Manufacturing,Rajasthan,49,1172262.42,911043.73,1312356.66,220796.61,135469.34,176480.12,91900.42,3676016.65
MSME074,Manufacturing MSME 74,2024-06-01,Manufacturing,Rajasthan,49,1128379.76,875472.9,1382630.33,224976.76,130180.07,169873.74,91900.42,3584116.23
MSME074,Manufacturing MSME 74,2024-07-01,Manufacturing,Rajasthan,49,1072635.27,802436.39,1447980.48,229232.6,119319.77,161481.59,91900.42,3492215.82
MSME074,Manufacturing MSME 74,2024-08-01,Manufacturing,Rajasthan,49,1043261.21,799520.86,1506189.15,233565.47,118886.24,157059.43,91900.42,3400315.4
MSME074,Manufacturing MSME 74,2024-09-01,Manufacturing,Rajasthan,49,1043525.62,773224.26,1574553.52,237976.71,114976.02,157099.23,91900.42,3308414.99
MSME074,Manufacturing MSME 74,2024-10-01,Manufacturing,Rajasthan,49,1055794.49,805095.6,1649026.07,242467.71,119715.19,158946.27,91900.42,3216514.57
MSME074,Manufacturing MSME 74,2024-11-01,Manufacturing,Rajasthan,49,1046220.91,809183.02,1723811.27,247039.86,120322.98,157505.0,91900.42,3124614.15
MSME074,Manufacturing MSME 74,2024-12-01,Manufacturing,Rajasthan,49,1080399.46,786679.28,1828645.66,251694.58,116976.74,162650.46,91900.42,3032713.74
MSME074,Manufacturing MSME 74,2025-01-01,Manufacturing,Rajasthan,49,1108554.01,834892.55,1930958.3,256433.34,124145.9,166889.04,91900.42,2940813.32
MSME074,Manufacturing MSME 74,2025-02-01,Manufacturing,Rajasthan,49,1145790.39,877511.54,2018988.65,261257.59,130483.21,172494.85,91900.42,2848912.9
MSME074,Manufacturing MSME 74,2025-03-01,Manufacturing,Rajasthan,49,1136069.91,861464.46,2082405.02,266168.83,128097.06,171031.46,91900.42,2757012.49
MSME074,Manufacturing MSME 74,2025-04-01,Manufacturing,Rajasthan,49,1121649.38,884245.64,2143770.42,271168.6,131484.55,168860.5,91900.42,2665112.07
MSME074,Manufacturing MSME 74,2025-05-01,Manufacturing,Rajasthan,49,1094152.24,854615.77,2201083.8,276258.44,127078.68,164720.9,91900.42,2573211.66
MSME074,Manufacturing MSME 74,2025-06-01,Manufacturing,Rajasthan,49,1042600.07,785823.52,2265438.48,281439.92,116849.49,156959.89,91900.42,2481311.24
MSME074,Manufacturing MSME 74,2025-07-01,Manufacturing,Rajasthan,49,1003904.13,743458.66,2330734.85,286714.66,110549.97,151134.35,91900.42,2389410.82
MSME074,Manufacturing MSME 74,2025-08-01,Manufacturing,Rajasthan,49,958390.43,709330.48,2413305.71,292084.27,105475.22,144282.42,91900.42,2297510.41
MSME074,Manufacturing MSME 74,2025-09-01,Manufacturing,Rajasthan,49,928902.76,708923.21,2471325.66,297550.43,105414.66,139843.15,91900.42,2205609.99
MSME074,Manufacturing MSME 74,2025-10-01,Manufacturing,Rajasthan,49,902483.88,686827.46,2524263.81,303114.81,102129.09,135865.88,91900.42,2113709.57
MSME074,Manufacturing MSME 74,2025-11-01,Manufacturing,Rajasthan,49,900822.69,680785.98,2574795.86,308779.14,101230.74,135615.79,91900.42,2021809.16
MSME074,Manufacturing MSME 74,2025-12-01,Manufacturing,Rajasthan,49,920686.94,720607.19,2617936.38,314545.16,107152.03,138606.29,91900.42,1929908.74
MSME074,Manufacturing MSME 74,2026-01-01,Manufacturing,Rajasthan,49,933405.28,716575.26,2653398.19,320414.65,106552.49,140520.99,91900.42,1838008.33
MSME074,Manufacturing MSME 74,2026-02-01,Manufacturing,Rajasthan,49,940513.48,692403.63,2727348.64,326389.41,102958.25,141591.11,91900.42,1746107.91
MSME074,Manufacturing MSME 74,2026-03-01,Manufacturing,Rajasthan,49,936277.82,712513.08,2784821.31,332471.28,105948.46,140953.44,91900.42,1654207.49
MSME074,Manufacturing MSME 74,2026-04-01,Manufacturing,Rajasthan,49,912810.64,692738.29,2815876.46,338662.12,103008.01,137420.54,91900.42,1562307.08
MSME074,Manufacturing MSME 74,2026-05-01,Manufacturing,Rajasthan,49,878683.45,657811.23,2866401.44,344963.85,97814.47,132282.8,91900.42,1470406.66
MSME074,Manufacturing MSME 74,2026-06-01,Manufacturing,Rajasthan,49,836996.13,613866.32,2918975.94,351378.38,91280.0,126006.92,91900.42,1378506.24
MSME074,Manufacturing MSME 74,2026-07-01,Manufacturing,Rajasthan,49,788025.25,612938.32,2945564.55,357907.69,91142.01,118634.52,91900.42,1286605.83
MSME074,Manufacturing MSME 74,2026-08-01,Manufacturing,Rajasthan,49,766577.94,586619.93,2955568.69,364553.77,87228.54,115405.7,91900.42,1194705.41
MSME074,Manufacturing MSME 74,2026-09-01,Manufacturing,Rajasthan,49,758527.76,569037.91,2982022.08,371318.67,84614.15,114193.77,91900.42,1102805.0
MSME075,Manufacturing MSME 75,2023-10-01,Manufacturing,Gujarat,18,1509603.77,1216523.11,869116.59,286346.71,158312.46,314254.68,79772.39,3749302.36
MSME075,Manufacturing MSME 75,2023-11-01,Manufacturing,Gujarat,18,1529698.46,1204382.93,996116.09,291581.09,156732.6,318437.79,79772.39,3669529.96
MSME075,Manufacturing MSME 75,2023-12-01,Manufacturing,Gujarat,18,1576114.47,1240483.04,1111155.93,296906.45,161430.49,328100.23,79772.39,3589757.57
MSME075,Manufacturing MSME 75,2024-01-01,Manufacturing,Gujarat,18,1608786.01,1276558.35,1194011.0,302324.31,166125.16,334901.48,79772.39,3509985.18
MSME075,Manufacturing MSME 75,2024-02-01,Manufacturing,Gujarat,18,1634596.11,1321851.61,1302594.41,307836.22,172019.4,340274.37,79772.39,3430212.79
MSME075,Manufacturing MSME 75,2024-03-01,Manufacturing,Gujarat,18,1637105.92,1351565.87,1400755.3,313443.76,175886.27,340796.84,79772.39,3350440.4
MSME075,Manufacturing MSME 75,2024-04-01,Manufacturing,Gujarat,18,1640224.0,1306695.58,1498197.6,319148.54,170047.07,341445.93,79772.39,3270668.01
MSME075,Manufacturing MSME 75,2024-05-01,Manufacturing,Gujarat,18,1615480.71,1268402.81,1616253.48,324952.2,165063.83,336295.11,79772.39,3190895.62
MSME075,Manufacturing MSME 75,2024-06-01,Manufacturing,Gujarat,18,1577973.24,1272954.82,1729950.88,330856.38,165656.21,328487.17,79772.39,3111123.23
MSME075,Manufacturing MSME 75,2024-07-01,Manufacturing,Gujarat,18,1503758.35,1228092.69,1809923.24,336862.78,159818.07,313037.84,79772.39,3031350.84
MSME075,Manufacturing MSME 75,2024-08-01,Manufacturing,Gujarat,18,1393895.14,1108759.19,1880013.05,342973.1,144288.58,290167.58,79772.39,2951578.45
MSME075,Manufacturing MSME 75,2024-09-01,Manufacturing,Gujarat,18,1376706.01,1122989.57,1925799.41,349189.09,146140.46,286589.31,79772.39,2871806.06
MSME075,Manufacturing MSME 75,2024-10-01,Manufacturing,Gujarat,18,1357506.7,1129671.4,1975061.16,355512.53,147010.0,282592.58,79772.39,2792033.67
MSME075,Manufacturing MSME 75,2024-11-01,Manufacturing,Gujarat,18,1356443.23,1114735.34,2034780.81,361945.2,145066.29,282371.2,79772.39,2712261.28
MSME075,Manufacturing MSME 75,2024-12-01,Manufacturing,Gujarat,18,1425591.94,1160694.3,2087728.29,368488.93,151047.17,296765.91,79772.39,2632488.89
MSME075,Manufacturing MSME 75,2025-01-01,Manufacturing,Gujarat,18,1500348.3,1211428.68,2141829.21,375145.59,157649.5,312327.96,79772.39,2552716.5
MSME075,Manufacturing MSME 75,2025-02-01,Manufacturing,Gujarat,18,1517933.73,1202744.44,2233925.24,381917.06,156519.37,315988.73,79772.39,2472944.11
MSME075,Manufacturing MSME 75,2025-03-01,Manufacturing,Gujarat,18,1518567.74,1217402.35,2309977.95,388805.27,158426.88,316120.71,79772.39,2393171.72
MSME075,Manufacturing MSME 75,2025-04-01,Manufacturing,Gujarat,18,1506531.92,1225324.54,2401595.58,395812.15,159457.84,313615.21,79772.39,2313399.33
MSME075,Manufacturing MSME 75,2025-05-01,Manufacturing,Gujarat,18,1474625.29,1192531.3,2479360.4,402939.71,155190.28,306973.2,79772.39,2233626.93
MSME075,Manufacturing MSME 75,2025-06-01,Manufacturing,Gujarat,18,1392740.19,1130449.39,2542055.95,410189.94,147111.24,289927.15,79772.39,2153854.54
MSME075,Manufacturing MSME 75,2025-07-01,Manufacturing,Gujarat,18,1302214.36,1033875.93,2623282.91,417564.9,134543.64,271082.36,79772.39,2074082.15
MSME075,Manufacturing MSME 75,2025-08-01,Manufacturing,Gujarat,18,1259778.85,1029843.49,2684550.32,425066.66,134018.87,262248.55,79772.39,1994309.76
MSME075,Manufacturing MSME 75,2025-09-01,Manufacturing,Gujarat,18,1218573.75,995557.94,2720399.44,432697.36,129557.12,253670.87,79772.39,1914537.37
MSME075,Manufacturing MSME 75,2025-10-01,Manufacturing,Gujarat,18,1209841.41,999724.68,2759124.76,440459.12,130099.36,251853.06,79772.39,1834764.98
MSME075,Manufacturing MSME 75,2025-11-01,Manufacturing,Gujarat,18,1236322.74,996545.99,2824283.84,448354.15,129685.7,257365.68,79772.39,1754992.59
MSME075,Manufacturing MSME 75,2025-12-01,Manufacturing,Gujarat,18,1271483.67,1054488.67,2864176.22,456384.66,137226.08,264685.14,79772.39,1675220.2
MSME075,Manufacturing MSME 75,2026-01-01,Manufacturing,Gujarat,18,1329647.32,1078243.68,2917584.29,464552.9,140317.44,276793.09,79772.39,1595447.81
MSME075,Manufacturing MSME 75,2026-02-01,Manufacturing,Gujarat,18,1372155.57,1106013.72,2974764.03,472861.17,143931.3,285642.04,79772.39,1515675.42
MSME075,Manufacturing MSME 75,2026-03-01,Manufacturing,Gujarat,18,1404114.53,1140486.06,3038737.31,481311.81,148417.36,292294.95,79772.39,1435903.03
MSME075,Manufacturing MSME 75,2026-04-01,Manufacturing,Gujarat,18,1387841.21,1133452.29,3107717.41,489907.17,147502.02,288907.33,79772.39,1356130.64
MSME075,Manufacturing MSME 75,2026-05-01,Manufacturing,Gujarat,18,1374814.76,1130534.27,3166701.61,498649.67,147122.29,286195.61,79772.39,1276358.25
MSME075,Manufacturing MSME 75,2026-06-01,Manufacturing,Gujarat,18,1322180.53,1073334.26,3229713.66,507541.76,139678.55,275238.72,79772.39,1196585.86
MSME075,Manufacturing MSME 75,2026-07-01,Manufacturing,Gujarat,18,1273468.16,1014347.32,3287048.27,516585.91,132002.28,265098.26,79772.39,1116813.47
MSME075,Manufacturing MSME 75,2026-08-01,Manufacturing,Gujarat,18,1202524.89,958733.56,3344818.8,525784.66,124764.97,250329.97,79772.39,1037041.08
MSME075,Manufacturing MSME 75,2026-09-01,Manufacturing,Gujarat,18,1189941.1,979395.16,3386663.85,535140.58,127453.77,247710.4,79772.39,957268.69
MSME076,Manufacturing MSME 76,2023-10-01,Manufacturing,Maharashtra,66,668790.6,535766.9,205831.27,129115.09,95752.53,132935.64,85305.05,4009337.57
MSME076,Manufacturing MSME 76,2023-11-01,Manufacturing,Maharashtra,66,691535.92,564810.35,211693.92,130927.89,100943.19,137456.73,85305.05,3924032.52
MSME076,Manufacturing MSME 76,2023-12-01,Manufacturing,Maharashtra,66,707892.67,575765.48,220889.18,132764.03,102901.09,140707.97,85305.05,3838727.46
MSME076,Manufacturing MSME 76,2024-01-01,Manufacturing,Maharashtra,66,734558.6,599117.09,235429.18,134623.81,107074.51,146008.36,85305.05,3753422.41
MSME076,Manufacturing MSME 76,2024-02-01,Manufacturing,Maharashtra,66,744637.03,623377.18,237851.37,136507.5,111410.28,148011.65,85305.05,3668117.36
MSME076,Manufacturing MSME 76,2024-03-01,Manufacturing,Maharashtra,66,761869.58,610699.46,262670.35,138415.41,109144.51,151436.97,85305.05,3582812.3
MSME076,Manufacturing MSME 76,2024-04-01,Manufacturing,Maharashtra,66,747297.33,606635.51,289496.07,140347.82,108418.2,148540.44,85305.05,3497507.25
MSME076,Manufacturing MSME 76,2024-05-01,Manufacturing,Maharashtra,66,737095.68,600127.84,295189.47,142305.04,107255.15,146512.66,85305.05,3412202.19
MSME076,Manufacturing MSME 76,2024-06-01,Manufacturing,Maharashtra,66,722536.92,618726.03,295395.68,144287.37,110579.02,143618.81,85305.05,3326897.14
MSME076,Manufacturing MSME 76,2024-07-01,Manufacturing,Maharashtra,66,695340.55,553727.21,301570.02,146295.12,98962.4,138212.98,85305.05,3241592.08
MSME076,Manufacturing MSME 76,2024-08-01,Manufacturing,Maharashtra,66,655428.34,518592.73,306776.93,148328.59,92683.15,130279.62,85305.05,3156287.03
MSME076,Manufacturing MSME 76,2024-09-01,Manufacturing,Maharashtra,66,639812.47,515896.6,302764.26,150388.1,92201.3,127175.65,85305.05,3070981.97
MSME076,Manufacturing MSME 76,2024-10-01,Manufacturing,Maharashtra,66,630392.65,497787.22,303039.42,152473.97,88964.78,125303.27,85305.05,2985676.92
MSME076,Manufacturing MSME 76,2024-11-01,Manufacturing,Maharashtra,66,645089.45,525387.43,308063.1,154586.52,93897.5,128224.56,85305.05,2900371.86
MSME076,Manufacturing MSME 76,2024-12-01,Manufacturing,Maharashtra,66,682402.93,542333.17,320721.06,156726.08,96926.06,135641.37,85305.05,2815066.81
MSME076,Manufacturing MSME 76,2025-01-01,Manufacturing,Maharashtra,66,717489.36,581205.95,337650.15,158892.96,103873.42,142615.5,85305.05,2729761.75
MSME076,Manufacturing MSME 76,2025-02-01,Manufacturing,Maharashtra,66,733520.55,592179.01,356501.52,161087.51,105834.53,145802.03,85305.05,2644456.7
MSME076,Manufacturing MSME 76,2025-03-01,Manufacturing,Maharashtra,66,729334.26,599094.57,360467.33,163310.07,107070.48,144969.92,85305.05,2559151.64
MSME076,Manufacturing MSME 76,2025-04-01,Manufacturing,Maharashtra,66,722093.96,580425.28,360627.44,165560.96,103733.9,143530.76,85305.05,2473846.59
MSME076,Manufacturing MSME 76,2025-05-01,Manufacturing,Maharashtra,66,696700.97,558916.32,370176.5,167840.55,99889.8,138483.39,85305.05,2388541.53
MSME076,Manufacturing MSME 76,2025-06-01,Manufacturing,Maharashtra,66,680655.13,555833.15,367276.54,170149.16,99338.78,135293.96,85305.05,2303236.48
MSME076,Manufacturing MSME 76,2025-07-01,Manufacturing,Maharashtra,66,656904.61,530953.83,377276.4,172487.17,94892.33,130573.06,85305.05,2217931.42
MSME076,Manufacturing MSME 76,2025-08-01,Manufacturing,Maharashtra,66,622868.17,480861.55,386614.57,174854.93,85939.82,123807.63,85305.05,2132626.37
MSME076,Manufacturing MSME 76,2025-09-01,Manufacturing,Maharashtra,66,607351.13,480974.67,391824.34,177252.78,85960.03,120723.3,85305.05,2047321.31
MSME076,Manufacturing MSME 76,2025-10-01,Manufacturing,Maharashtra,66,592709.22,481728.66,379329.59,179681.12,86094.79,117812.93,85305.05,1962016.26
MSME076,Manufacturing MSME 76,2025-11-01,Manufacturing,Maharashtra,66,594412.46,481276.17,375064.86,182140.29,86013.92,118151.48,85305.05,1876711.2
MSME076,Manufacturing MSME 76,2025-12-01,Manufacturing,Maharashtra,66,613334.12,494128.47,363408.81,184630.68,88310.89,121912.55,85305.05,1791406.15
MSME076,Manufacturing MSME 76,2026-01-01,Manufacturing,Maharashtra,66,624527.54,498213.72,380351.0,187152.66,89041.0,124137.46,85305.05,1706101.1
MSME076,Manufacturing MSME 76,2026-02-01,Manufacturing,Maharashtra,66,629588.45,504603.7,381823.87,189706.62,90183.03,125143.42,85305.05,1620796.04
MSME076,Manufacturing MSME 76,2026-03-01,Manufacturing,Maharashtra,66,649047.15,521059.97,394834.51,192292.94,93124.1,129011.23,85305.05,1535490.99
MSME076,Manufacturing MSME 76,2026-04-01,Manufacturing,Maharashtra,66,663160.22,546045.81,388823.57,194912.02,97589.58,131816.49,85305.05,1450185.93
MSME076,Manufacturing MSME 76,2026-05-01,Manufacturing,Maharashtra,66,645044.76,519851.49,395651.82,197564.25,92908.12,128215.67,85305.05,1364880.88
MSME076,Manufacturing MSME 76,2026-06-01,Manufacturing,Maharashtra,66,611412.31,499981.61,392650.42,200250.04,89356.96,121530.55,85305.05,1279575.82
MSME076,Manufacturing MSME 76,2026-07-01,Manufacturing,Maharashtra,66,572585.05,462223.28,384950.29,202969.79,82608.78,113812.84,85305.05,1194270.77
MSME076,Manufacturing MSME 76,2026-08-01,Manufacturing,Maharashtra,66,545087.43,441495.46,377980.01,205723.9,78904.29,108347.14,85305.05,1108965.71
MSME076,Manufacturing MSME 76,2026-09-01,Manufacturing,Maharashtra,66,542898.06,442055.88,378606.97,208512.8,79004.45,107911.95,85305.05,1023660.66
MSME077,Manufacturing MSME 77,2023-10-01,Manufacturing,Rajasthan,27,466641.64,346056.78,230981.72,84245.72,65267.9,106193.31,37086.41,1743061.08
MSME077,Manufacturing MSME 77,2023-11-01,Manufacturing,Rajasthan,27,470097.79,352823.57,271081.91,85365.19,66544.15,106979.82,37086.41,1705974.67
MSME077,Manufacturing MSME 77,2023-12-01,Manufacturing,Rajasthan,27,483574.49,366330.59,308137.55,86498.16,69091.64,110046.7,37086.41,1668888.27
MSME077,Manufacturing MSME 77,2024-01-01,Manufacturing,Rajasthan,27,513905.79,374410.54,351571.51,87644.78,70615.55,116949.18,37086.41,1631801.86
MSME077,Manufacturing MSME 77,2024-02-01,Manufacturing,Rajasthan,27,524840.4,390429.95,400914.63,88805.22,73636.89,119437.56,37086.41,1594715.46
MSME077,Manufacturing MSME 77,2024-03-01,Manufacturing,Rajasthan,27,511053.49,382152.26,433052.0,89979.63,72075.68,116300.08,37086.41,1557629.05
MSME077,Manufacturing MSME 77,2024-04-01,Manufacturing,Rajasthan,27,519157.35,386474.16,470640.52,91168.16,72890.81,118144.27,37086.41,1520542.64
MSME077,Manufacturing MSME 77,2024-05-01,Manufacturing,Rajasthan,27,504671.14,387212.52,502656.95,92370.99,73030.06,114847.66,37086.41,1483456.24
MSME077,Manufacturing MSME 77,2024-06-01,Manufacturing,Rajasthan,27,491806.79,379751.81,540551.77,93588.27,71622.94,111920.12,37086.41,1446369.83
MSME077,Manufacturing MSME 77,2024-07-01,Manufacturing,Rajasthan,27,474516.39,357447.13,563075.54,94820.17,67416.18,107985.36,37086.41,1409283.43
MSME077,Manufacturing MSME 77,2024-08-01,Manufacturing,Rajasthan,27,456952.1,334961.61,599327.66,96066.85,63175.3,103988.27,37086.41,1372197.02
MSME077,Manufacturing MSME 77,2024-09-01,Manufacturing,Rajasthan,27,437266.04,328594.06,625167.04,97328.48,61974.35,99508.32,37086.41,1335110.61
MSME077,Manufacturing MSME 77,2024-10-01,Manufacturing,Rajasthan,27,428344.53,326545.69,650840.56,98605.23,61588.02,97478.06,37086.41,1298024.21
MSME077,Manufacturing MSME 77,2024-11-01,Manufacturing,Rajasthan,27,426081.39,319313.68,685174.1,99897.27,60224.03,96963.04,37086.41,1260937.8
MSME077,Manufacturing MSME 77,2024-12-01,Manufacturing,Rajasthan,27,432553.25,322257.65,716060.76,101204.78,60779.28,98435.84,37086.41,1223851.4
MSME077,Manufacturing MSME 77,2025-01-01,Manufacturing,Rajasthan,27,437337.2,327959.71,742175.8,102527.94,61854.71,99524.52,37086.41,1186764.99
MSME077,Manufacturing MSME 77,2025-02-01,Manufacturing,Rajasthan,27,448776.52,336094.74,775575.36,103866.91,63389.02,102127.75,37086.41,1149678.58
MSME077,Manufacturing MSME 77,2025-03-01,Manufacturing,Rajasthan,27,450670.92,334130.63,811962.47,105221.89,63018.57,102558.86,37086.41,1112592.18
MSME077,Manufacturing MSME 77,2025-04-01,Manufacturing,Rajasthan,27,446674.47,335996.17,850622.5,106593.04,63370.43,101649.39,37086.41,1075505.77
MSME077,Manufacturing MSME 77,2025-05-01,Manufacturing,Rajasthan,27,423936.99,321909.51,873242.85,107980.56,60713.62,96475.04,37086.41,1038419.37
MSME077,Manufacturing MSME 77,2025-06-01,Manufacturing,Rajasthan,27,408463.22,298522.39,905673.25,109384.63,56302.7,92953.69,37086.41,1001332.96
MSME077,Manufacturing MSME 77,2025-07-01,Manufacturing,Rajasthan,27,384353.15,286164.16,926312.36,110805.43,53971.88,87466.97,37086.41,964246.55
MSME077,Manufacturing MSME 77,2025-08-01,Manufacturing,Rajasthan,27,365813.76,269113.84,950996.65,112243.16,50756.11,83247.98,37086.41,927160.15
MSME077,Manufacturing MSME 77,2025-09-01,Manufacturing,Rajasthan,27,355897.84,266173.01,963501.67,113698.01,50201.45,80991.42,37086.41,890073.74
MSME077,Manufacturing MSME 77,2025-10-01,Manufacturing,Rajasthan,27,347685.92,258583.49,976264.9,115170.17,48770.04,79122.64,37086.41,852987.34
MSME077,Manufacturing MSME 77,2025-11-01,Manufacturing,Rajasthan,27,352263.18,265635.96,998626.02,116659.84,50100.16,80164.28,37086.41,815900.93
MSME077,Manufacturing MSME 77,2025-12-01,Manufacturing,Rajasthan,27,361991.26,283146.62,1013999.77,118167.22,53402.76,82378.09,37086.41,778814.52
MSME077,Manufacturing MSME 77,2026-01-01,Manufacturing,Rajasthan,27,389872.21,293920.17,1033069.31,119692.5,55434.7,88722.94,37086.41,741728.12
MSME077,Manufacturing MSME 77,2026-02-01,Manufacturing,Rajasthan,27,409865.26,302337.17,1063218.2,121235.88,57022.18,93272.75,37086.41,704641.71
MSME077,Manufacturing MSME 77,2026-03-01,Manufacturing,Rajasthan,27,414015.24,304082.68,1090354.12,122797.59,57351.39,94217.16,37086.41,667555.31
MSME077,Manufacturing MSME 77,2026-04-01,Manufacturing,Rajasthan,27,403636.93,309424.7,1113585.33,124377.81,58358.92,91855.37,37086.41,630468.9
MSME077,Manufacturing MSME 77,2026-05-01,Manufacturing,Rajasthan,27,397850.61,301271.49,1133951.66,125976.75,56821.19,90538.58,37086.41,593382.49
MSME077,Manufacturing MSME 77,2026-06-01,Manufacturing,Rajasthan,27,380861.57,284736.31,1147580.21,127594.64,53702.58,86672.4,37086.41,556296.09
MSME077,Manufacturing MSME 77,2026-07-01,Manufacturing,Rajasthan,27,364179.75,267740.1,1168046.73,129231.68,50497.02,82876.13,37086.41,519209.68
MSME077,Manufacturing MSME 77,2026-08-01,Manufacturing,Rajasthan,27,354823.0,263180.74,1185933.6,130888.09,49637.1,80746.82,37086.41,482123.28
MSME077,Manufacturing MSME 77,2026-09-01,Manufacturing,Rajasthan,27,343107.95,253300.95,1198972.8,132564.09,47773.72,78080.83,37086.41,445036.87
MSME078,Manufacturing MSME 78,2023-10-01,Manufacturing,Karnataka,21,737647.53,604011.76,413670.22,180174.73,91792.48,163792.22,82355.96,3870729.98
MSME078,Manufacturing MSME 78,2023-11-01,Manufacturing,Karnataka,21,756065.04,613705.38,433596.15,182829.39,93265.63,167881.77,82355.96,3788374.02
MSME078,Manufacturing MSME 78,2023-12-01,Manufacturing,Karnataka,21,781857.49,633616.8,448559.36,185520.21,96291.59,173608.89,82355.96,3706018.06
MSME078,Manufacturing MSME 78,2024-01-01,Manufacturing,Karnataka,21,829798.22,695654.29,469557.06,188247.66,105719.51,184253.98,82355.96,3623662.11
MSME078,Manufacturing MSME 78,2024-02-01,Manufacturing,Karnataka,21,835100.85,665639.36,508383.36,191012.24,101158.1,185431.41,82355.96,3541306.15
MSME078,Manufacturing MSME 78,2024-03-01,Manufacturing,Karnataka,21,845678.59,671830.35,566014.37,193814.4,102098.96,187780.16,82355.96,3458950.19
MSME078,Manufacturing MSME 78,2024-04-01,Manufacturing,Karnataka,21,858362.19,710002.38,588265.39,196654.65,107900.01,190596.51,82355.96,3376594.24
MSME078,Manufacturing MSME 78,2024-05-01,Manufacturing,Karnataka,21,838563.06,703890.0,598816.07,199533.48,106971.11,186200.18,82355.96,3294238.28
MSME078,Manufacturing MSME 78,2024-06-01,Manufacturing,Karnataka,21,819546.6,678762.74,610409.05,202451.39,103152.48,181977.64,82355.96,3211882.32
MSME078,Manufacturing MSME 78,2024-07-01,Manufacturing,Karnataka,21,777523.98,633658.27,620763.75,205408.88,96297.9,172646.65,82355.96,3129526.37
MSME078,Manufacturing MSME 78,2024-08-01,Manufacturing,Karnataka,21,759693.14,619418.05,633808.19,208406.47,94133.79,168687.37,82355.96,3047170.41
MSME078,Manufacturing MSME 78,2024-09-01,Manufacturing,Karnataka,21,740277.63,607789.94,636194.71,211444.68,92366.65,164376.22,82355.96,2964814.45
MSME078,Manufacturing MSME 78,2024-10-01,Manufacturing,Karnataka,21,734485.33,595709.93,654185.23,214524.02,90530.84,163090.06,82355.96,2882458.49
MSME078,Manufacturing MSME 78,2024-11-01,Manufacturing,Karnataka,21,722786.6,585428.89,671485.51,217645.05,88968.41,160492.4,82355.96,2800102.54
MSME078,Manufacturing MSME 78,2024-12-01,Manufacturing,Karnataka,21,740060.22,601747.98,680879.66,220808.29,91448.45,164327.95,82355.96,2717746.58
MSME078,Manufacturing MSME 78,2025-01-01,Manufacturing,Karnataka,21,767087.81,616224.77,705156.59,224014.28,93648.5,170329.34,82355.96,2635390.62
MSME078,Manufacturing MSME 78,2025-02-01,Manufacturing,Karnataka,21,788335.2,664712.97,714026.52,227263.59,101017.32,175047.25,82355.96,2553034.67
MSME078,Manufacturing MSME 78,2025-03-01,Manufacturing,Karnataka,21,797343.27,645102.08,735890.41,230556.78,98037.03,177047.46,82355.96,2470678.71
MSME078,Manufacturing MSME 78,2025-04-01,Manufacturing,Karnataka,21,785773.52,634368.93,751655.08,233894.4,96405.9,174478.44,82355.96,2388322.75
MSME078,Manufacturing MSME 78,2025-05-01,Manufacturing,Karnataka,21,746584.43,603671.65,762304.23,237277.03,91740.79,165776.63,82355.96,2305966.8
MSME078,Manufacturing MSME 78,2025-06-01,Manufacturing,Karnataka,21,734554.05,604644.22,787575.54,240705.26,91888.59,163105.32,82355.96,2223610.84
MSME078,Manufacturing MSME 78,2025-07-01,Manufacturing,Karnataka,21,701170.85,571377.15,794840.02,244179.67,86832.95,155692.69,82355.96,2141254.88
MSME078,Manufacturing MSME 78,2025-08-01,Manufacturing,Karnataka,21,674052.93,543525.15,799473.62,247700.86,82600.25,149671.24,82355.96,2058898.92
MSME078,Manufacturing MSME 78,2025-09-01,Manufacturing,Karnataka,21,663072.4,543122.1,800368.99,251269.43,82538.99,147233.05,82355.96,1976542.97
MSME078,Manufacturing MSME 78,2025-10-01,Manufacturing,Karnataka,21,645478.75,526767.91,812849.83,254885.99,80053.62,143326.44,82355.96,1894187.01
MSME078,Manufacturing MSME 78,2025-11-01,Manufacturing,Karnataka,21,657151.02,530305.39,820565.94,258551.16,80591.22,145918.23,82355.96,1811831.05
MSME078,Manufacturing MSME 78,2025-12-01,Manufacturing,Karnataka,21,673478.53,541905.69,833346.97,262265.57,82354.13,149543.7,82355.96,1729475.1
MSME078,Manufacturing MSME 78,2026-01-01,Manufacturing,Karnataka,21,704124.71,573418.15,841491.78,266029.85,87143.12,156348.59,82355.96,1647119.14
MSME078,Manufacturing MSME 78,2026-02-01,Manufacturing,Karnataka,21,729120.45,597318.64,849348.16,269844.64,90775.31,161898.81,82355.96,1564763.18
MSME078,Manufacturing MSME 78,2026-03-01,Manufacturing,Karnataka,21,731455.02,594235.27,851210.1,273710.59,90306.73,162417.19,82355.96,1482407.23
MSME078,Manufacturing MSME 78,2026-04-01,Manufacturing,Karnataka,21,708832.61,584894.98,841933.18,277628.36,88887.27,157393.96,82355.96,1400051.27
MSME078,Manufacturing MSME 78,2026-05-01,Manufacturing,Karnataka,21,692773.59,560688.42,856427.21,281598.61,85208.57,153828.11,82355.96,1317695.31
MSME078,Manufacturing MSME 78,2026-06-01,Manufacturing,Karnataka,21,652985.61,522941.27,861838.01,285622.02,79472.08,144993.32,82355.96,1235339.35
MSME078,Manufacturing MSME 78,2026-07-01,Manufacturing,Karnataka,21,613635.55,505395.71,842707.85,289699.28,76805.66,136255.76,82355.96,1152983.4
MSME078,Manufacturing MSME 78,2026-08-01,Manufacturing,Karnataka,21,592392.34,481369.87,835380.75,293831.07,73154.42,131538.78,82355.96,1070627.44
MSME078,Manufacturing MSME 78,2026-09-01,Manufacturing,Karnataka,21,565927.85,458636.81,814811.65,298018.09,69699.65,125662.43,82355.96,988271.48
MSME079,Manufacturing MSME 79,2023-10-01,Manufacturing,Maharashtra,57,1247665.5,983727.98,838644.57,229510.02,166594.85,321229.03,36017.19,1692807.78
MSME079,Manufacturing MSME 79,2023-11-01,Manufacturing,Maharashtra,57,1231332.65,986855.4,958575.13,233503.94,167124.48,317023.91,36017.19,1656790.59
MSME079,Manufacturing MSME 79,2023-12-01,Manufacturing,Maharashtra,57,1266486.3,1027143.65,1071943.85,237563.59,173947.32,326074.71,36017.19,1620773.4
MSME079,Manufacturing MSME 79,2024-01-01,Manufacturing,Maharashtra,57,1326772.94,1058621.82,1214932.87,241690.01,179278.16,341596.36,36017.19,1584756.22
MSME079,Manufacturing MSME 79,2024-02-01,Manufacturing,Maharashtra,57,1339954.11,1066286.27,1364391.02,245884.27,180576.14,344990.04,36017.19,1548739.03
MSME079,Manufacturing MSME 79,2024-03-01,Manufacturing,Maharashtra,57,1369095.89,1109241.72,1504002.24,250147.43,187850.67,352493.0,36017.19,1512721.84
MSME079,Manufacturing MSME 79,2024-04-01,Manufacturing,Maharashtra,57,1357246.18,1108934.01,1628489.42,254480.6,187798.56,349442.12,36017.19,1476704.66
MSME079,Manufacturing MSME 79,2024-05-01,Manufacturing,Maharashtra,57,1311414.25,1060884.01,1755072.86,258884.87,179661.27,337642.05,36017.19,1440687.47
MSME079,Manufacturing MSME 79,2024-06-01,Manufacturing,Maharashtra,57,1238791.02,992782.87,1864579.78,263361.39,168128.3,318944.17,36017.19,1404670.28
MSME079,Manufacturing MSME 79,2024-07-01,Manufacturing,Maharashtra,57,1200231.14,964868.27,1980927.19,267911.28,163400.95,309016.39,36017.19,1368653.1
MSME079,Manufacturing MSME 79,2024-08-01,Manufacturing,Maharashtra,57,1197549.19,984203.89,2079522.47,272535.72,166675.45,308325.88,36017.19,1332635.91
MSME079,Manufacturing MSME 79,2024-09-01,Manufacturing,Maharashtra,57,1114668.59,894918.88,2155708.04,277235.88,151554.98,286987.11,36017.19,1296618.72
MSME079,Manufacturing MSME 79,2024-10-01,Manufacturing,Maharashtra,57,1100737.31,879371.08,2229732.05,282012.95,148921.95,283400.3,36017.19,1260601.54
MSME079,Manufacturing MSME 79,2024-11-01,Manufacturing,Maharashtra,57,1136487.3,910808.68,2347070.97,286868.17,154245.93,292604.64,36017.19,1224584.35
MSME079,Manufacturing MSME 79,2024-12-01,Manufacturing,Maharashtra,57,1142022.59,908403.39,2464287.41,291802.75,153838.59,294029.78,36017.19,1188567.16
MSME079,Manufacturing MSME 79,2025-01-01,Manufacturing,Maharashtra,57,1168852.16,907306.02,2607825.92,296817.96,153652.75,300937.43,36017.19,1152549.98
MSME079,Manufacturing MSME 79,2025-02-01,Manufacturing,Maharashtra,57,1216797.37,1009229.77,2697831.88,301915.06,170913.59,313281.6,36017.19,1116532.79
MSME079,Manufacturing MSME 79,2025-03-01,Manufacturing,Maharashtra,57,1217591.5,1000354.51,2783669.82,307095.35,169410.56,313486.06,36017.19,1080515.6
MSME079,Manufacturing MSME 79,2025-04-01,Manufacturing,Maharashtra,57,1203159.53,946969.43,2906941.27,312360.15,160369.77,309770.35,36017.19,1044498.42
MSME079,Manufacturing MSME 79,2025-05-01,Manufacturing,Maharashtra,57,1185419.92,945300.41,3012889.27,317710.78,160087.12,305203.03,36017.19,1008481.23
MSME079,Manufacturing MSME 79,2025-06-01,Manufacturing,Maharashtra,57,1141548.4,916626.67,3097673.5,323148.6,155231.21,293907.69,36017.19,972464.04
MSME079,Manufacturing MSME 79,2025-07-01,Manufacturing,Maharashtra,57,1096139.1,897499.95,3174902.09,328674.98,151992.09,282216.43,36017.19,936446.86
MSME079,Manufacturing MSME 79,2025-08-01,Manufacturing,Maharashtra,57,1067455.56,846260.59,3258987.88,334291.32,143314.68,274831.45,36017.19,900429.67
MSME079,Manufacturing MSME 79,2025-09-01,Manufacturing,Maharashtra,57,1019675.31,819939.61,3335673.37,339999.04,138857.2,262529.75,36017.19,864412.48
MSME079,Manufacturing MSME 79,2025-10-01,Manufacturing,Maharashtra,57,995814.84,798858.58,3439553.05,345799.57,135287.12,256386.54,36017.19,828395.3
MSME079,Manufacturing MSME 79,2025-11-01,Manufacturing,Maharashtra,57,1029550.32,811256.29,3523869.53,351694.37,137386.68,265072.21,36017.19,792378.11
MSME079,Manufacturing MSME 79,2025-12-01,Manufacturing,Maharashtra,57,1063789.45,843403.91,3615210.1,357684.94,142830.9,273887.56,36017.19,756360.92
MSME079,Manufacturing MSME 79,2026-01-01,Manufacturing,Maharashtra,57,1112140.76,895887.59,3714920.05,363772.76,151719.04,286336.28,36017.19,720343.74
MSME079,Manufacturing MSME 79,2026-02-01,Manufacturing,Maharashtra,57,1151208.57,930695.12,3805255.52,369959.39,157613.71,296394.84,36017.19,684326.55
MSME079,Manufacturing MSME 79,2026-03-01,Manufacturing,Maharashtra,57,1198365.69,963247.2,3930003.19,376246.35,163126.42,308536.1,36017.19,648309.36
MSME079,Manufacturing MSME 79,2026-04-01,Manufacturing,Maharashtra,57,1187741.69,946478.18,4039583.61,382635.25,160286.58,305800.81,36017.19,612292.18
MSME079,Manufacturing MSME 79,2026-05-01,Manufacturing,Maharashtra,57,1154931.63,915410.55,4163542.04,389127.66,155025.26,297353.39,36017.19,576274.99
MSME079,Manufacturing MSME 79,2026-06-01,Manufacturing,Maharashtra,57,1105139.61,859793.98,4273571.77,395725.23,145606.56,284533.74,36017.19,540257.8
MSME079,Manufacturing MSME 79,2026-07-01,Manufacturing,Maharashtra,57,1039189.92,843173.33,4347594.88,402429.59,142791.85,267554.06,36017.19,504240.61
MSME079,Manufacturing MSME 79,2026-08-01,Manufacturing,Maharashtra,57,996713.44,772323.31,4445297.83,409242.43,130793.36,256617.9,36017.19,468223.43
MSME079,Manufacturing MSME 79,2026-09-01,Manufacturing,Maharashtra,57,963153.58,764015.45,4515558.21,416165.44,129386.42,247977.44,36017.19,432206.24
MSME080,Manufacturing MSME 80,2023-10-01,Manufacturing,Kerala,26,912351.62,750052.7,358778.56,201199.42,120438.14,247713.23,56000.48,2632022.47
MSME080,Manufacturing MSME 80,2023-11-01,Manufacturing,Kerala,26,912141.77,748788.38,384581.8,204597.34,120235.13,247656.26,56000.48,2576021.99
MSME080,Manufacturing MSME 80,2023-12-01,Manufacturing,Kerala,26,936053.95,758759.79,434872.6,208049.34,121836.27,254148.67,56000.48,2520021.51
MSME080,Manufacturing MSME 80,2024-01-01,Manufacturing,Kerala,26,957697.99,773247.13,506533.4,211556.26,124162.54,260025.26,56000.48,2464021.03
MSME080,Manufacturing MSME 80,2024-02-01,Manufacturing,Kerala,26,954177.56,767454.89,569103.06,215118.93,123232.46,259069.42,56000.48,2408020.55
MSME080,Manufacturing MSME 80,2024-03-01,Manufacturing,Kerala,26,987333.65,818894.06,611750.81,218738.2,131492.2,268071.65,56000.48,2352020.08
MSME080,Manufacturing MSME 80,2024-04-01,Manufacturing,Kerala,26,986664.38,795936.55,668397.16,222414.95,127805.85,267889.94,56000.48,2296019.6
MSME080,Manufacturing MSME 80,2024-05-01,Manufacturing,Kerala,26,947184.5,787735.1,705385.68,226150.05,126488.92,257170.73,56000.48,2240019.12
MSME080,Manufacturing MSME 80,2024-06-01,Manufacturing,Kerala,26,914562.1,747034.02,729231.55,229944.39,119953.42,248313.4,56000.48,2184018.64
MSME080,Manufacturing MSME 80,2024-07-01,Manufacturing,Kerala,26,870905.38,716342.68,750344.52,233798.88,115025.23,236460.13,56000.48,2128018.16
MSME080,Manufacturing MSME 80,2024-08-01,Manufacturing,Kerala,26,830426.63,695449.83,771616.36,237714.43,111670.4,225469.72,56000.48,2072017.69
MSME080,Manufacturing MSME 80,2024-09-01,Manufacturing,Kerala,26,797095.48,646294.76,792037.18,241691.99,103777.43,216419.96,56000.48,2016017.21
MSME080,Manufacturing MSME 80,2024-10-01,Manufacturing,Kerala,26,778850.13,641320.74,812211.43,245732.5,102978.74,211466.15,56000.48,1960016.73
MSME080,Manufacturing MSME 80,2024-11-01,Manufacturing,Kerala,26,782643.76,642883.55,825130.18,249836.91,103229.68,212496.16,56000.48,1904016.25
MSME080,Manufacturing MSME 80,2024-12-01,Manufacturing,Kerala,26,804278.99,671422.79,850660.44,254006.21,107812.31,218370.36,56000.48,1848015.77
MSME080,Manufacturing MSME 80,2025-01-01,Manufacturing,Kerala,26,828172.09,660381.03,892725.66,258241.38,106039.3,224857.59,56000.48,1792015.3
MSME080,Manufacturing MSME 80,2025-02-01,Manufacturing,Kerala,26,837965.87,681248.07,943058.25,262543.42,109389.98,227516.7,56000.48,1736014.82
MSME080,Manufacturing MSME 80,2025-03-01,Manufacturing,Kerala,26,861846.28,698841.83,981369.71,266913.36,112215.07,234000.49,56000.48,1680014.34
MSME080,Manufacturing MSME 80,2025-04-01,Manufacturing,Kerala,26,865374.44,712851.82,1019819.94,271352.23,114464.69,234958.42,56000.48,1624013.86
MSME080,Manufacturing MSME 80,2025-05-01,Manufacturing,Kerala,26,833653.49,698910.18,1037695.44,275861.08,112226.04,226345.85,56000.48,1568013.38
MSME080,Manufacturing MSME 80,2025-06-01,Manufacturing,Kerala,26,795524.75,665684.48,1064975.77,280440.97,106890.89,215993.49,56000.48,1512012.91
MSME080,Manufacturing MSME 80,2025-07-01,Manufacturing,Kerala,26,750392.68,609930.82,1082907.42,285092.99,97938.36,203739.64,56000.48,1456012.43
MSME080,Manufacturing MSME 80,2025-08-01,Manufacturing,Kerala,26,727505.0,601081.36,1100234.22,289818.23,96517.38,197525.39,56000.48,1400011.95
MSME080,Manufacturing MSME 80,2025-09-01,Manufacturing,Kerala,26,701347.23,579446.91,1117236.89,294617.81,93043.48,190423.28,56000.48,1344011.47
MSME080,Manufacturing MSME 80,2025-10-01,Manufacturing,Kerala,26,701317.2,576690.87,1129536.22,299492.85,92600.93,190415.13,56000.48,1288010.99
MSME080,Manufacturing MSME 80,2025-11-01,Manufacturing,Kerala,26,700385.19,578535.8,1145020.1,304444.51,92897.17,190162.08,56000.48,1232010.52
MSME080,Manufacturing MSME 80,2025-12-01,Manufacturing,Kerala,26,729837.99,600796.51,1180899.88,309473.94,96471.64,198158.83,56000.48,1176010.04
MSME080,Manufacturing MSME 80,2026-01-01,Manufacturing,Kerala,26,732017.06,612901.3,1198841.91,314582.32,98415.34,198750.47,56000.48,1120009.56
MSME080,Manufacturing MSME 80,2026-02-01,Manufacturing,Kerala,26,744597.65,603814.69,1229693.91,319770.86,96956.28,202166.23,56000.48,1064009.08
MSME080,Manufacturing MSME 80,2026-03-01,Manufacturing,Kerala,26,750855.84,620228.84,1262068.39,325040.78,99591.95,203865.4,56000.48,1008008.6
MSME080,Manufacturing MSME 80,2026-04-01,Manufacturing,Kerala,26,721011.79,595937.13,1259513.74,330393.29,95691.36,195762.42,56000.48,952008.13
MSME080,Manufacturing MSME 80,2026-05-01,Manufacturing,Kerala,26,697082.66,588463.29,1275638.98,335829.67,94491.26,189265.4,56000.48,896007.65
MSME080,Manufacturing MSME 80,2026-06-01,Manufacturing,Kerala,26,679617.67,558544.55,1270351.81,341351.17,89687.12,184523.47,56000.48,840007.17
MSME080,Manufacturing MSME 80,2026-07-01,Manufacturing,Kerala,26,640172.5,533191.72,1273700.48,346959.1,85616.14,173813.69,56000.48,784006.69
MSME080,Manufacturing MSME 80,2026-08-01,Manufacturing,Kerala,26,614256.1,521078.08,1272936.29,352654.74,83671.02,166777.11,56000.48,728006.21
MSME080,Manufacturing MSME 80,2026-09-01,Manufacturing,Kerala,26,598330.91,503994.39,1258577.58,358439.45,80927.85,162453.25,56000.48,672005.74
MSME081,Manufacturing MSME 81,2023-10-01,Manufacturing,Andhra Pradesh,66,842965.17,670205.4,479605.06,200661.0,128627.56,146307.67,34525.12,1622680.59
MSME081,Manufacturing MSME 81,2023-11-01,Manufacturing,Andhra Pradesh,66,864133.01,696580.73,534547.81,204351.78,133689.59,149981.63,34525.12,1588155.47
MSME081,Manufacturing MSME 81,2023-12-01,Manufacturing,Andhra Pradesh,66,915712.38,734795.48,598049.48,208107.14,141023.86,158933.9,34525.12,1553630.35
MSME081,Manufacturing MSME 81,2024-01-01,Manufacturing,Andhra Pradesh,66,952236.36,763359.16,672372.23,211928.17,146505.88,165273.12,34525.12,1519105.23
MSME081,Manufacturing MSME 81,2024-02-01,Manufacturing,Andhra Pradesh,66,960594.24,770760.38,742228.78,215815.99,147926.34,166723.74,34525.12,1484580.12
MSME081,Manufacturing MSME 81,2024-03-01,Manufacturing,Andhra Pradesh,66,994232.76,786053.67,824544.13,219771.72,150861.47,172562.15,34525.12,1450055.0
MSME081,Manufacturing MSME 81,2024-04-01,Manufacturing,Andhra Pradesh,66,968361.43,751715.51,902963.36,223796.52,144271.2,168071.84,34525.12,1415529.88
MSME081,Manufacturing MSME 81,2024-05-01,Manufacturing,Andhra Pradesh,66,951248.35,755388.17,967066.68,227891.55,144976.06,165101.64,34525.12,1381004.76
MSME081,Manufacturing MSME 81,2024-06-01,Manufacturing,Andhra Pradesh,66,910216.67,713739.35,1034453.11,232057.99,136982.71,157980.05,34525.12,1346479.64
MSME081,Manufacturing MSME 81,2024-07-01,Manufacturing,Andhra Pradesh,66,872112.85,698800.36,1096424.12,236297.06,134115.58,151366.63,34525.12,1311954.52
MSME081,Manufacturing MSME 81,2024-08-01,Manufacturing,Andhra Pradesh,66,833589.04,668220.57,1124898.14,240609.98,128246.63,144680.32,34525.12,1277429.4
MSME081,Manufacturing MSME 81,2024-09-01,Manufacturing,Andhra Pradesh,66,820987.46,657783.68,1166771.38,244998.0,126243.56,142493.15,34525.12,1242904.28
MSME081,Manufacturing MSME 81,2024-10-01,Manufacturing,Andhra Pradesh,66,813227.41,639451.07,1217527.62,249462.37,122725.11,141146.29,34525.12,1208379.16
MSME081,Manufacturing MSME 81,2024-11-01,Manufacturing,Andhra Pradesh,66,814025.82,655960.61,1257895.51,254004.4,125893.67,141284.87,34525.12,1173854.04
MSME081,Manufacturing MSME 81,2024-12-01,Manufacturing,Andhra Pradesh,66,849707.91,688929.27,1313716.21,258625.39,132221.1,147477.96,34525.12,1139328.93
MSME081,Manufacturing MSME 81,2025-01-01,Manufacturing,Andhra Pradesh,66,876459.48,698499.62,1368962.32,263326.66,134057.86,152121.05,34525.12,1104803.81
MSME081,Manufacturing MSME 81,2025-02-01,Manufacturing,Andhra Pradesh,66,895364.18,711111.03,1447482.47,268109.58,136478.28,155402.21,34525.12,1070278.69
MSME081,Manufacturing MSME 81,2025-03-01,Manufacturing,Andhra Pradesh,66,914420.73,750687.19,1489926.88,272975.51,144073.84,158709.72,34525.12,1035753.57
MSME081,Manufacturing MSME 81,2025-04-01,Manufacturing,Andhra Pradesh,66,919910.85,726866.71,1550432.53,277925.85,139502.15,159662.6,34525.12,1001228.45
MSME081,Manufacturing MSME 81,2025-05-01,Manufacturing,Andhra Pradesh,66,885101.81,691604.71,1616414.41,282962.03,132734.58,153621.04,34525.12,966703.33
MSME081,Manufacturing MSME 81,2025-06-01,Manufacturing,Andhra Pradesh,66,851564.86,693418.85,1652233.37,288085.49,133082.75,147800.26,34525.12,932178.21
MSME081,Manufacturing MSME 81,2025-07-01,Manufacturing,Andhra Pradesh,66,821103.15,657500.11,1699180.4,293297.69,126189.13,142513.23,34525.12,897653.09
MSME081,Manufacturing MSME 81,2025-08-01,Manufacturing,Andhra Pradesh,66,788651.63,632392.7,1740736.53,298600.13,121370.45,136880.84,34525.12,863127.97
MSME081,Manufacturing MSME 81,2025-09-01,Manufacturing,Andhra Pradesh,66,782959.71,619293.11,1786825.26,303994.32,118856.35,135892.94,34525.12,828602.86
MSME081,Manufacturing MSME 81,2025-10-01,Manufacturing,Andhra Pradesh,66,765989.85,596505.16,1853892.12,309481.8,114482.82,132947.59,34525.12,794077.74
MSME081,Manufacturing MSME 81,2025-11-01,Manufacturing,Andhra Pradesh,66,777172.96,622946.1,1909362.96,315064.14,119557.44,134888.57,34525.12,759552.62
MSME081,Manufacturing MSME 81,2025-12-01,Manufacturing,Andhra Pradesh,66,801429.44,634276.99,1968678.77,320742.94,121732.09,139098.6,34525.12,725027.5
MSME081,Manufacturing MSME 81,2026-01-01,Manufacturing,Andhra Pradesh,66,816310.28,655818.24,2022830.09,326519.8,125866.34,141681.37,34525.12,690502.38
MSME081,Manufacturing MSME 81,2026-02-01,Manufacturing,Andhra Pradesh,66,829614.05,661434.8,2060795.79,332396.37,126944.29,143990.41,34525.12,655977.26
MSME081,Manufacturing MSME 81,2026-03-01,Manufacturing,Andhra Pradesh,66,849559.75,672235.32,2114711.3,338374.34,129017.15,147452.25,34525.12,621452.14
MSME081,Manufacturing MSME 81,2026-04-01,Manufacturing,Andhra Pradesh,66,838327.93,685490.88,2157318.32,344455.39,131561.19,145502.82,34525.12,586927.02
MSME081,Manufacturing MSME 81,2026-05-01,Manufacturing,Andhra Pradesh,66,839023.14,677626.43,2189455.17,350641.25,130051.83,145623.48,34525.12,552401.9
MSME081,Manufacturing MSME 81,2026-06-01,Manufacturing,Andhra Pradesh,66,797007.4,638646.79,2228952.88,356933.67,122570.75,138331.1,34525.12,517876.78
MSME081,Manufacturing MSME 81,2026-07-01,Manufacturing,Andhra Pradesh,66,751502.59,593441.53,2290669.19,363334.45,113894.84,130433.14,34525.12,483351.67
MSME081,Manufacturing MSME 81,2026-08-01,Manufacturing,Andhra Pradesh,66,711893.84,560749.95,2336230.68,369845.4,107620.59,123558.52,34525.12,448826.55
MSME081,Manufacturing MSME 81,2026-09-01,Manufacturing,Andhra Pradesh,66,693933.54,547275.11,2374927.78,376468.35,105034.46,120441.28,34525.12,414301.43
MSME082,Manufacturing MSME 82,2023-10-01,Manufacturing,Karnataka,80,660235.54,536568.98,257374.89,123653.41,75410.35,179981.15,66063.34,3104976.76
MSME082,Manufacturing MSME 82,2023-11-01,Manufacturing,Karnataka,80,659077.37,532134.11,266019.87,125539.11,74787.07,179665.43,66063.34,3038913.42
MSME082,Manufacturing MSME 82,2023-12-01,Manufacturing,Karnataka,80,681630.1,542677.13,291887.81,127451.55,76268.8,185813.34,66063.34,2972850.09
MSME082,Manufacturing MSME 82,2024-01-01,Manufacturing,Karnataka,80,691147.39,557376.32,309855.53,129391.07,78334.65,188407.77,66063.34,2906786.75
MSME082,Manufacturing MSME 82,2024-02-01,Manufacturing,Karnataka,80,698593.32,564676.44,323813.79,131358.07,79360.62,190437.54,66063.34,2840723.42
MSME082,Manufacturing MSME 82,2024-03-01,Manufacturing,Karnataka,80,712867.85,579034.42,340312.95,133352.89,81378.52,194328.79,66063.34,2774660.08
MSME082,Manufacturing MSME 82,2024-04-01,Manufacturing,Karnataka,80,703085.97,565875.4,359255.24,135375.93,79529.13,191662.24,66063.34,2708596.75
MSME082,Manufacturing MSME 82,2024-05-01,Manufacturing,Karnataka,80,693490.54,561608.07,375746.44,137427.56,78929.39,189046.51,66063.34,2642533.41
MSME082,Manufacturing MSME 82,2024-06-01,Manufacturing,Karnataka,80,670605.79,542134.09,380942.51,139508.18,76192.48,182808.1,66063.34,2576470.07
MSME082,Manufacturing MSME 82,2024-07-01,Manufacturing,Karnataka,80,625071.97,503766.73,395942.27,141618.16,70800.27,170395.51,66063.34,2510406.74
MSME082,Manufacturing MSME 82,2024-08-01,Manufacturing,Karnataka,80,603974.26,482430.88,398222.22,143757.91,67801.69,164644.25,66063.34,2444343.4
MSME082,Manufacturing MSME 82,2024-09-01,Manufacturing,Karnataka,80,594956.12,479827.06,410442.75,145927.84,67435.74,162185.89,66063.34,2378280.07
MSME082,Manufacturing MSME 82,2024-10-01,Manufacturing,Karnataka,80,597187.59,471761.37,411175.64,148128.35,66302.18,162794.19,66063.34,2312216.73
MSME082,Manufacturing MSME 82,2024-11-01,Manufacturing,Karnataka,80,612117.08,493288.45,423535.61,150359.84,69327.63,166863.99,66063.34,2246153.4
MSME082,Manufacturing MSME 82,2024-12-01,Manufacturing,Karnataka,80,626595.0,508924.33,436991.47,152622.75,71525.12,170810.69,66063.34,2180090.06
MSME082,Manufacturing MSME 82,2025-01-01,Manufacturing,Karnataka,80,660856.89,537356.46,448612.52,154917.49,75521.03,180150.53,66063.34,2114026.73
MSME082,Manufacturing MSME 82,2025-02-01,Manufacturing,Karnataka,80,690010.91,561864.53,472152.34,157244.49,78965.43,188097.96,66063.34,2047963.39
MSME082,Manufacturing MSME 82,2025-03-01,Manufacturing,Karnataka,80,704193.45,569518.24,490037.41,159604.19,80041.1,191964.14,66063.34,1981900.06
MSME082,Manufacturing MSME 82,2025-04-01,Manufacturing,Karnataka,80,699014.14,540905.72,517174.11,161997.03,76019.85,190552.25,66063.34,1915836.72
MSME082,Manufacturing MSME 82,2025-05-01,Manufacturing,Karnataka,80,671776.02,534498.31,537791.29,164423.46,75119.34,183127.1,66063.34,1849773.39
MSME082,Manufacturing MSME 82,2025-06-01,Manufacturing,Karnataka,80,636793.34,510041.79,566310.03,166883.92,71682.17,173590.77,66063.34,1783710.05
MSME082,Manufacturing MSME 82,2025-07-01,Manufacturing,Karnataka,80,614564.19,505546.7,574726.97,169378.88,71050.43,167531.08,66063.34,1717646.72
MSME082,Manufacturing MSME 82,2025-08-01,Manufacturing,Karnataka,80,592914.87,475057.76,581644.01,171908.8,66765.46,161629.44,66063.34,1651583.38
MSME082,Manufacturing MSME 82,2025-09-01,Manufacturing,Karnataka,80,586489.48,475025.88,588432.14,174474.14,66760.98,159877.87,66063.34,1585520.05
MSME082,Manufacturing MSME 82,2025-10-01,Manufacturing,Karnataka,80,569701.61,461481.86,592052.47,177075.4,64857.48,155301.47,66063.34,1519456.71
MSME082,Manufacturing MSME 82,2025-11-01,Manufacturing,Karnataka,80,579132.31,471495.78,583965.12,179713.04,66264.85,157872.29,66063.34,1453393.38
MSME082,Manufacturing MSME 82,2025-12-01,Manufacturing,Karnataka,80,592720.75,482508.49,589392.2,182387.56,67812.6,161576.52,66063.34,1387330.04
MSME082,Manufacturing MSME 82,2026-01-01,Manufacturing,Karnataka,80,617205.2,505908.75,600108.55,185099.45,71101.31,168251.02,66063.34,1321266.71
MSME082,Manufacturing MSME 82,2026-02-01,Manufacturing,Karnataka,80,645628.31,533097.57,622550.29,187849.21,74922.47,175999.2,66063.34,1255203.37
MSME082,Manufacturing MSME 82,2026-03-01,Manufacturing,Karnataka,80,647850.38,540713.97,634871.33,190637.36,75992.9,176604.94,66063.34,1189140.03
MSME082,Manufacturing MSME 82,2026-04-01,Manufacturing,Karnataka,80,640202.56,524500.42,632343.23,193464.41,73714.22,174520.13,66063.34,1123076.7
MSME082,Manufacturing MSME 82,2026-05-01,Manufacturing,Karnataka,80,621466.93,486884.46,650924.31,196330.87,68427.6,169412.77,66063.34,1057013.36
MSME082,Manufacturing MSME 82,2026-06-01,Manufacturing,Karnataka,80,594131.66,474917.25,670718.25,199237.29,66745.71,161961.14,66063.34,990950.03
MSME082,Manufacturing MSME 82,2026-07-01,Manufacturing,Karnataka,80,581068.01,460127.73,680142.09,202184.18,64667.17,158399.97,66063.34,924886.69
MSME082,Manufacturing MSME 82,2026-08-01,Manufacturing,Karnataka,80,554167.11,449583.92,669462.5,205172.11,63185.32,151066.75,66063.34,858823.36
MSME082,Manufacturing MSME 82,2026-09-01,Manufacturing,Karnataka,80,530878.34,430651.95,662312.2,208201.6,60524.59,144718.19,66063.34,792760.02
MSME083,Manufacturing MSME 83,2023-10-01,Manufacturing,Rajasthan,32,1453003.73,1120174.88,605243.94,345625.08,168452.65,400654.0,41480.58,1949587.22
MSME083,Manufacturing MSME 83,2023-11-01,Manufacturing,Rajasthan,32,1486100.67,1199638.45,698371.65,352028.49,180402.44,409780.21,41480.58,1908106.64
MSME083,Manufacturing MSME 83,2023-12-01,Manufacturing,Rajasthan,32,1542868.12,1255330.6,818200.4,358544.84,188777.46,425433.37,41480.58,1866626.06
MSME083,Manufacturing MSME 83,2024-01-01,Manufacturing,Rajasthan,32,1604940.64,1261525.06,951645.74,365176.07,189708.98,442549.37,41480.58,1825145.48
MSME083,Manufacturing MSME 83,2024-02-01,Manufacturing,Rajasthan,32,1602598.39,1260029.83,1070692.89,371924.13,189484.13,441903.51,41480.58,1783664.9
MSME083,Manufacturing MSME 83,2024-03-01,Manufacturing,Rajasthan,32,1643894.51,1296374.43,1203582.12,378791.01,194949.66,453290.58,41480.58,1742184.33
MSME083,Manufacturing MSME 83,2024-04-01,Manufacturing,Rajasthan,32,1643506.64,1301827.16,1324918.44,385778.75,195769.64,453183.63,41480.58,1700703.75
MSME083,Manufacturing MSME 83,2024-05-01,Manufacturing,Rajasthan,32,1600452.95,1244434.03,1462974.49,392889.4,187138.83,441311.92,41480.58,1659223.17
MSME083,Manufacturing MSME 83,2024-06-01,Manufacturing,Rajasthan,32,1549676.82,1221866.17,1573423.1,400125.05,183745.05,427310.82,41480.58,1617742.59
MSME083,Manufacturing MSME 83,2024-07-01,Manufacturing,Rajasthan,32,1458237.4,1149396.81,1675388.81,407487.84,172847.06,402097.14,41480.58,1576262.01
MSME083,Manufacturing MSME 83,2024-08-01,Manufacturing,Rajasthan,32,1394077.46,1128860.33,1766405.47,414979.92,169758.77,384405.56,41480.58,1534781.43
MSME083,Manufacturing MSME 83,2024-09-01,Manufacturing,Rajasthan,32,1404392.62,1102573.66,1871365.55,422603.51,165805.77,387249.88,41480.58,1493300.85
MSME083,Manufacturing MSME 83,2024-10-01,Manufacturing,Rajasthan,32,1391333.43,1087371.71,1970505.36,430360.82,163519.69,383648.91,41480.58,1451820.27
MSME083,Manufacturing MSME 83,2024-11-01,Manufacturing,Rajasthan,32,1421148.61,1116571.13,2077739.73,438254.15,167910.72,391870.21,41480.58,1410339.69
MSME083,Manufacturing MSME 83,2024-12-01,Manufacturing,Rajasthan,32,1449458.69,1164685.6,2176210.72,446285.8,175146.2,399676.48,41480.58,1368859.11
MSME083,Manufacturing MSME 83,2025-01-01,Manufacturing,Rajasthan,32,1493459.8,1205875.14,2269683.65,454458.11,181340.31,411809.43,41480.58,1327378.53
MSME083,Manufacturing MSME 83,2025-02-01,Manufacturing,Rajasthan,32,1537242.23,1240216.02,2384049.9,462773.49,186504.52,423882.08,41480.58,1285897.95
MSME083,Manufacturing MSME 83,2025-03-01,Manufacturing,Rajasthan,32,1554586.99,1247281.42,2484538.78,471234.36,187567.02,428664.76,41480.58,1244417.38
MSME083,Manufacturing MSME 83,2025-04-01,Manufacturing,Rajasthan,32,1543549.18,1202726.58,2592107.05,479843.19,180866.83,425621.17,41480.58,1202936.8
MSME083,Manufacturing MSME 83,2025-05-01,Manufacturing,Rajasthan,32,1507212.0,1178853.48,2680786.14,488602.48,177276.78,415601.49,41480.58,1161456.22
MSME083,Manufacturing MSME 83,2025-06-01,Manufacturing,Rajasthan,32,1438817.69,1156101.18,2768889.37,497514.8,173855.27,396742.31,41480.58,1119975.64
MSME083,Manufacturing MSME 83,2025-07-01,Manufacturing,Rajasthan,32,1378629.85,1077103.65,2886868.28,506582.73,161975.57,380146.0,41480.58,1078495.06
MSME083,Manufacturing MSME 83,2025-08-01,Manufacturing,Rajasthan,32,1326760.05,1091011.98,2948870.97,515808.91,164067.11,365843.33,41480.58,1037014.48
MSME083,Manufacturing MSME 83,2025-09-01,Manufacturing,Rajasthan,32,1279152.22,1008727.72,3032864.79,525196.03,151693.15,352715.85,41480.58,995533.9
MSME083,Manufacturing MSME 83,2025-10-01,Manufacturing,Rajasthan,32,1255542.41,979879.55,3141661.36,534746.81,147354.94,346205.64,41480.58,954053.32
MSME083,Manufacturing MSME 83,2025-11-01,Manufacturing,Rajasthan,32,1264203.61,971812.68,3259981.66,544464.02,146141.84,348593.89,41480.58,912572.74
MSME083,Manufacturing MSME 83,2025-12-01,Manufacturing,Rajasthan,32,1314235.48,1040887.99,3379994.09,554350.47,156529.43,362389.78,41480.58,871092.16
MSME083,Manufacturing MSME 83,2026-01-01,Manufacturing,Rajasthan,32,1358465.14,1074564.75,3467687.2,564409.04,161593.77,374585.75,41480.58,829611.58
MSME083,Manufacturing MSME 83,2026-02-01,Manufacturing,Rajasthan,32,1366369.47,1056668.28,3573071.29,574642.62,158902.49,376765.3,41480.58,788131.0
MSME083,Manufacturing MSME 83,2026-03-01,Manufacturing,Rajasthan,32,1353302.52,1102433.08,3664546.37,585054.19,165784.63,373162.2,41480.58,746650.43
MSME083,Manufacturing MSME 83,2026-04-01,Manufacturing,Rajasthan,32,1338364.27,1033793.36,3776608.01,595646.74,155462.54,369043.09,41480.58,705169.85
MSME083,Manufacturing MSME 83,2026-05-01,Manufacturing,Rajasthan,32,1286475.55,1012771.31,3851134.14,606423.34,152301.23,354735.2,41480.58,663689.27
MSME083,Manufacturing MSME 83,2026-06-01,Manufacturing,Rajasthan,32,1237011.24,973537.9,3929402.73,617387.1,146401.28,341095.82,41480.58,622208.69
MSME083,Manufacturing MSME 83,2026-07-01,Manufacturing,Rajasthan,32,1193456.84,941300.81,3988821.01,628541.16,141553.45,329086.05,41480.58,580728.11
MSME083,Manufacturing MSME 83,2026-08-01,Manufacturing,Rajasthan,32,1135162.85,917361.54,4035858.23,639888.76,137953.44,313011.95,41480.58,539247.53
MSME083,Manufacturing MSME 83,2026-09-01,Manufacturing,Rajasthan,32,1107056.68,879182.85,4079043.57,651433.14,132212.11,305261.9,41480.58,497766.95
MSME084,Manufacturing MSME 84,2023-10-01,Manufacturing,Tamil Nadu,64,1111185.4,916338.75,415539.1,231344.08,113919.13,169419.94,92521.39,4348505.19
MSME084,Manufacturing MSME 84,2023-11-01,Manufacturing,Tamil Nadu,64,1137468.57,943351.49,461255.39,235302.95,117277.35,173427.28,92521.39,4255983.81
MSME084,Manufacturing MSME 84,2023-12-01,Manufacturing,Tamil Nadu,64,1212993.62,984473.7,520687.76,239325.77,122389.66,184942.42,92521.39,4163462.42
MSME084,Manufacturing MSME 84,2024-01-01,Manufacturing,Tamil Nadu,64,1281132.4,1044208.83,595078.46,243413.53,129815.92,195331.38,92521.39,4070941.03
MSME084,Manufacturing MSME 84,2024-02-01,Manufacturing,Tamil Nadu,64,1307818.3,1054810.06,672074.96,247567.25,131133.87,199400.12,92521.39,3978419.64
MSME084,Manufacturing MSME 84,2024-03-01,Manufacturing,Tamil Nadu,64,1333930.58,1093903.33,738023.27,251787.94,135993.94,203381.4,92521.39,3885898.26
MSME084,Manufacturing MSME 84,2024-04-01,Manufacturing,Tamil Nadu,64,1294252.64,1103100.22,779716.56,256076.66,137137.3,197331.8,92521.39,3793376.87
MSME084,Manufacturing MSME 84,2024-05-01,Manufacturing,Tamil Nadu,64,1247214.72,1017853.21,827241.58,260434.45,126539.4,190160.03,92521.39,3700855.48
MSME084,Manufacturing MSME 84,2024-06-01,Manufacturing,Tamil Nadu,64,1185480.54,986202.59,867262.44,264862.39,122604.6,180747.56,92521.39,3608334.1
MSME084,Manufacturing MSME 84,2024-07-01,Manufacturing,Tamil Nadu,64,1125223.56,928282.86,902732.8,269361.56,115404.02,171560.31,92521.39,3515812.71
MSME084,Manufacturing MSME 84,2024-08-01,Manufacturing,Tamil Nadu,64,1085668.51,890984.33,935209.12,273933.08,110767.07,165529.44,92521.39,3423291.32
MSME084,Manufacturing MSME 84,2024-09-01,Manufacturing,Tamil Nadu,64,1048184.39,841045.45,975345.31,278578.06,104558.68,159814.32,92521.39,3330769.93
MSME084,Manufacturing MSME 84,2024-10-01,Manufacturing,Tamil Nadu,64,1054144.12,842707.59,1030792.45,283297.65,104765.31,160722.99,92521.39,3238248.55
MSME084,Manufacturing MSME 84,2024-11-01,Manufacturing,Tamil Nadu,64,1038551.93,844072.62,1083481.24,288093.0,104935.01,158345.68,92521.39,3145727.16
MSME084,Manufacturing MSME 84,2024-12-01,Manufacturing,Tamil Nadu,64,1037333.63,854645.67,1125291.43,292965.28,106249.45,158159.93,92521.39,3053205.77
MSME084,Manufacturing MSME 84,2025-01-01,Manufacturing,Tamil Nadu,64,1060584.71,864748.28,1173229.61,297915.69,107505.41,161704.97,92521.39,2960684.39
MSME084,Manufacturing MSME 84,2025-02-01,Manufacturing,Tamil Nadu,64,1080790.68,879011.86,1212749.73,302945.44,109278.66,164785.73,92521.39,2868163.0
MSME084,Manufacturing MSME 84,2025-03-01,Manufacturing,Tamil Nadu,64,1098075.3,874714.17,1265732.18,308055.75,108744.37,167421.08,92521.39,2775641.61
MSME084,Manufacturing MSME 84,2025-04-01,Manufacturing,Tamil Nadu,64,1093538.38,902345.93,1305767.26,313247.87,112179.54,166729.34,92521.39,2683120.23
MSME084,Manufacturing MSME 84,2025-05-01,Manufacturing,Tamil Nadu,64,1059924.75,878041.72,1328506.47,318523.07,109158.05,161604.35,92521.39,2590598.84
MSME084,Manufacturing MSME 84,2025-06-01,Manufacturing,Tamil Nadu,64,1022692.49,849730.3,1336894.57,323882.62,105638.38,155927.63,92521.39,2498077.45
MSME084,Manufacturing MSME 84,2025-07-01,Manufacturing,Tamil Nadu,64,965902.32,787586.95,1355087.24,329327.85,97912.72,147268.96,92521.39,2405556.06
MSME084,Manufacturing MSME 84,2025-08-01,Manufacturing,Tamil Nadu,64,896563.1,714915.61,1360079.52,334860.05,88878.23,136696.96,92521.39,2313034.68
MSME084,Manufacturing MSME 84,2025-09-01,Manufacturing,Tamil Nadu,64,897956.27,737064.74,1370140.4,340480.59,91631.81,136909.38,92521.39,2220513.29
MSME084,Manufacturing MSME 84,2025-10-01,Manufacturing,Tamil Nadu,64,892130.24,748223.48,1380019.86,346190.82,93019.06,136021.09,92521.39,2127991.9
MSME084,Manufacturing MSME 84,2025-11-01,Manufacturing,Tamil Nadu,64,888326.26,714659.29,1418594.67,351992.13,88846.36,135441.11,92521.39,2035470.52
MSME084,Manufacturing MSME 84,2025-12-01,Manufacturing,Tamil Nadu,64,935566.9,765609.59,1464157.15,357885.93,95180.5,142643.79,92521.39,1942949.13
MSME084,Manufacturing MSME 84,2026-01-01,Manufacturing,Tamil Nadu,64,952326.45,777678.14,1485606.23,363873.63,96680.86,145199.08,92521.39,1850427.74
MSME084,Manufacturing MSME 84,2026-02-01,Manufacturing,Tamil Nadu,64,969455.53,782759.77,1521061.54,369956.69,97312.61,147810.71,92521.39,1757906.35
MSME084,Manufacturing MSME 84,2026-03-01,Manufacturing,Tamil Nadu,64,1003373.5,841789.54,1548453.73,376136.58,104651.18,152982.11,92521.39,1665384.97
MSME084,Manufacturing MSME 84,2026-04-01,Manufacturing,Tamil Nadu,64,987765.28,806024.23,1571779.43,382414.78,100204.84,150602.35,92521.39,1572863.58
MSME084,Manufacturing MSME 84,2026-05-01,Manufacturing,Tamil Nadu,64,967661.83,784892.91,1599563.28,388792.82,97577.8,147537.23,92521.39,1480342.19
MSME084,Manufacturing MSME 84,2026-06-01,Manufacturing,Tamil Nadu,64,923565.09,748724.54,1598089.38,395272.23,93081.35,140813.9,92521.39,1387820.81
MSME084,Manufacturing MSME 84,2026-07-01,Manufacturing,Tamil Nadu,64,901744.77,737278.48,1611281.14,401854.56,91658.38,137487.0,92521.39,1295299.42
MSME084,Manufacturing MSME 84,2026-08-01,Manufacturing,Tamil Nadu,64,855552.95,688732.62,1618825.6,408541.41,85623.16,130444.24,92521.39,1202778.03
MSME084,Manufacturing MSME 84,2026-09-01,Manufacturing,Tamil Nadu,64,841736.92,680949.81,1605468.42,415334.38,84655.6,128337.74,92521.39,1110256.64
MSME085,Manufacturing MSME 85,2023-10-01,Manufacturing,Kerala,60,765910.4,626722.5,397712.0,161797.17,73933.2,199297.61,56655.34,2662801.14
MSME085,Manufacturing MSME 85,2023-11-01,Manufacturing,Kerala,60,769042.62,618033.91,427727.86,164486.31,72908.22,200112.65,56655.34,2606145.79
MSME085,Manufacturing MSME 85,2023-12-01,Manufacturing,Kerala,60,788897.4,639686.94,467553.99,167217.48,75462.58,205279.06,56655.34,2549490.45
MSME085,Manufacturing MSME 85,2024-01-01,Manufacturing,Kerala,60,796296.47,640768.25,516343.76,169991.32,75590.15,207204.37,56655.34,2492835.11
MSME085,Manufacturing MSME 85,2024-02-01,Manufacturing,Kerala,60,816205.19,649752.66,579582.02,172808.48,76650.02,212384.82,56655.34,2436179.76
MSME085,Manufacturing MSME 85,2024-03-01,Manufacturing,Kerala,60,831538.54,653738.33,633045.7,175669.6,77120.2,216374.72,56655.34,2379524.42
MSME085,Manufacturing MSME 85,2024-04-01,Manufacturing,Kerala,60,821207.09,652670.55,685748.29,178575.34,76994.23,213686.37,56655.34,2322869.08
MSME085,Manufacturing MSME 85,2024-05-01,Manufacturing,Kerala,60,786600.95,643102.64,718862.76,181526.38,75865.53,204681.5,56655.34,2266213.73
MSME085,Manufacturing MSME 85,2024-06-01,Manufacturing,Kerala,60,762577.3,606996.03,756790.08,184523.39,71606.1,198430.31,56655.34,2209558.39
MSME085,Manufacturing MSME 85,2024-07-01,Manufacturing,Kerala,60,710653.3,573244.15,794489.31,187567.07,67624.46,184919.16,56655.34,2152903.05
MSME085,Manufacturing MSME 85,2024-08-01,Manufacturing,Kerala,60,687448.81,556122.23,811274.63,190658.11,65604.62,178881.11,56655.34,2096247.7
MSME085,Manufacturing MSME 85,2024-09-01,Manufacturing,Kerala,60,657666.51,528466.84,816260.21,193797.22,62342.17,171131.46,56655.34,2039592.36
MSME085,Manufacturing MSME 85,2024-10-01,Manufacturing,Kerala,60,665358.31,537888.54,828532.63,196985.12,63453.63,173132.95,56655.34,1982937.02
MSME085,Manufacturing MSME 85,2024-11-01,Manufacturing,Kerala,60,663460.85,535009.91,859895.88,200222.54,63114.05,172639.21,56655.34,1926281.67
MSME085,Manufacturing MSME 85,2024-12-01,Manufacturing,Kerala,60,680326.66,547455.7,887002.26,203510.23,64582.25,177027.86,56655.34,1869626.33
MSME085,Manufacturing MSME 85,2025-01-01,Manufacturing,Kerala,60,705073.92,563718.79,921181.95,206848.94,66500.77,183467.35,56655.34,1812970.99
MSME085,Manufacturing MSME 85,2025-02-01,Manufacturing,Kerala,60,741595.26,597525.81,961098.65,210239.43,70488.92,192970.57,56655.34,1756315.64
MSME085,Manufacturing MSME 85,2025-03-01,Manufacturing,Kerala,60,764086.29,608727.74,1009208.83,213682.47,71810.39,198822.96,56655.34,1699660.3
MSME085,Manufacturing MSME 85,2025-04-01,Manufacturing,Kerala,60,765655.91,622860.83,1057737.77,217178.85,73477.64,199231.39,56655.34,1643004.96
MSME085,Manufacturing MSME 85,2025-05-01,Manufacturing,Kerala,60,739395.38,602322.75,1093223.51,220729.36,71054.81,192398.14,56655.34,1586349.61
MSME085,Manufacturing MSME 85,2025-06-01,Manufacturing,Kerala,60,710835.94,577590.16,1124602.3,224334.82,68137.15,184966.68,56655.34,1529694.27
MSME085,Manufacturing MSME 85,2025-07-01,Manufacturing,Kerala,60,681288.65,536880.34,1145970.59,227996.05,63334.7,177278.18,56655.34,1473038.93
MSME085,Manufacturing MSME 85,2025-08-01,Manufacturing,Kerala,60,649428.42,522444.28,1175062.06,231713.87,61631.7,168987.83,56655.34,1416383.58
MSME085,Manufacturing MSME 85,2025-09-01,Manufacturing,Kerala,60,633167.56,502829.09,1194521.16,235489.13,59317.74,164756.59,56655.34,1359728.24
MSME085,Manufacturing MSME 85,2025-10-01,Manufacturing,Kerala,60,651010.04,522550.76,1239844.41,239322.7,61644.26,169399.38,56655.34,1303072.9
MSME085,Manufacturing MSME 85,2025-11-01,Manufacturing,Kerala,60,648286.53,513558.72,1270794.47,243215.43,60583.49,168690.69,56655.34,1246417.55
MSME085,Manufacturing MSME 85,2025-12-01,Manufacturing,Kerala,60,652904.49,531617.86,1300592.89,247168.21,62713.89,169892.33,56655.34,1189762.21
MSME085,Manufacturing MSME 85,2026-01-01,Manufacturing,Kerala,60,684380.57,552489.67,1315739.09,251181.93,65176.1,178082.73,56655.34,1133106.87
MSME085,Manufacturing MSME 85,2026-02-01,Manufacturing,Kerala,60,695052.9,556681.29,1354407.51,255257.51,65670.57,180859.78,56655.34,1076451.52
MSME085,Manufacturing MSME 85,2026-03-01,Manufacturing,Kerala,60,718305.38,570665.77,1391930.39,259395.85,67320.3,186910.31,56655.34,1019796.18
MSME085,Manufacturing MSME 85,2026-04-01,Manufacturing,Kerala,60,705453.95,579814.84,1418837.16,263597.91,68399.59,183566.24,56655.34,963140.84
MSME085,Manufacturing MSME 85,2026-05-01,Manufacturing,Kerala,60,695130.61,545002.12,1449666.1,267864.62,64292.81,180880.0,56655.34,906485.49
MSME085,Manufacturing MSME 85,2026-06-01,Manufacturing,Kerala,60,663966.88,529150.84,1474997.18,272196.94,62422.86,172770.88,56655.34,849830.15
MSME085,Manufacturing MSME 85,2026-07-01,Manufacturing,Kerala,60,635609.62,509347.59,1497129.79,276595.85,60086.71,165392.04,56655.34,793174.81
MSME085,Manufacturing MSME 85,2026-08-01,Manufacturing,Kerala,60,616097.29,493812.04,1514572.74,281062.35,58254.02,160314.73,56655.34,736519.46
MSME085,Manufacturing MSME 85,2026-09-01,Manufacturing,Kerala,60,597881.97,494112.61,1517256.33,285597.43,58289.47,155574.92,56655.34,679864.12
MSME086,Manufacturing MSME 86,2023-10-01,Manufacturing,Gujarat,26,439984.12,358164.53,216337.46,82423.36,44703.12,121904.46,60038.72,2821819.97
MSME086,Manufacturing MSME 86,2023-11-01,Manufacturing,Gujarat,26,437229.3,348741.24,222969.87,83918.58,43526.98,121141.2,60038.72,2761781.24
MSME086,Manufacturing MSME 86,2023-12-01,Manufacturing,Gujarat,26,440077.47,362814.81,228436.87,85439.58,45283.53,121930.33,60038.72,2701742.52
MSME086,Manufacturing MSME 86,2024-01-01,Manufacturing,Gujarat,26,463467.88,380802.81,236170.57,86986.77,47528.64,128411.0,60038.72,2641703.8
MSME086,Manufacturing MSME 86,2024-02-01,Manufacturing,Gujarat,26,474757.17,381483.57,247316.07,88560.6,47613.61,131538.88,60038.72,2581665.07
MSME086,Manufacturing MSME 86,2024-03-01,Manufacturing,Gujarat,26,484052.74,383198.91,262082.53,90161.5,47827.7,134114.36,60038.72,2521626.35
MSME086,Manufacturing MSME 86,2024-04-01,Manufacturing,Gujarat,26,486558.04,407147.37,260557.87,91789.94,50816.75,134808.49,60038.72,2461587.63
MSME086,Manufacturing MSME 86,2024-05-01,Manufacturing,Gujarat,26,462374.93,381696.74,261995.96,93446.35,47640.21,128108.18,60038.72,2401548.91
MSME086,Manufacturing MSME 86,2024-06-01,Manufacturing,Gujarat,26,454358.27,362914.33,273446.24,95131.22,45295.95,125887.04,60038.72,2341510.18
MSME086,Manufacturing MSME 86,2024-07-01,Manufacturing,Gujarat,26,441526.4,349738.72,276292.09,96845.01,43651.48,122331.77,60038.72,2281471.46
MSME086,Manufacturing MSME 86,2024-08-01,Manufacturing,Gujarat,26,428283.65,352147.36,276049.77,98588.21,43952.11,118662.66,60038.72,2221432.74
MSME086,Manufacturing MSME 86,2024-09-01,Manufacturing,Gujarat,26,423484.28,346852.71,271696.85,100361.3,43291.27,117332.92,60038.72,2161394.02
MSME086,Manufacturing MSME 86,2024-10-01,Manufacturing,Gujarat,26,419879.45,337819.08,275712.41,102164.78,42163.77,116334.15,60038.72,2101355.29
MSME086,Manufacturing MSME 86,2024-11-01,Manufacturing,Gujarat,26,430928.68,355786.51,276454.44,103999.15,44406.32,119395.51,60038.72,2041316.57
MSME086,Manufacturing MSME 86,2024-12-01,Manufacturing,Gujarat,26,441994.81,353569.8,281987.63,105864.93,44129.64,122461.55,60038.72,1981277.85
MSME086,Manufacturing MSME 86,2025-01-01,Manufacturing,Gujarat,26,461704.79,370331.54,293982.57,107762.63,46221.7,127922.51,60038.72,1921239.13
MSME086,Manufacturing MSME 86,2025-02-01,Manufacturing,Gujarat,26,474184.12,382213.23,303217.64,109692.79,47704.68,131380.1,60038.72,1861200.4
MSME086,Manufacturing MSME 86,2025-03-01,Manufacturing,Gujarat,26,498604.95,403825.58,316955.36,111655.94,50402.15,138146.28,60038.72,1801161.68
MSME086,Manufacturing MSME 86,2025-04-01,Manufacturing,Gujarat,26,508913.01,411431.2,335734.29,113652.64,51351.42,141002.28,60038.72,1741122.96
MSME086,Manufacturing MSME 86,2025-05-01,Manufacturing,Gujarat,26,502172.91,417043.81,338709.35,115683.43,52051.94,139134.83,60038.72,1681084.23
MSME086,Manufacturing MSME 86,2025-06-01,Manufacturing,Gujarat,26,492382.52,398242.08,348955.54,117748.87,49705.27,136422.25,60038.72,1621045.51
MSME086,Manufacturing MSME 86,2025-07-01,Manufacturing,Gujarat,26,472711.19,386811.99,347821.0,119849.55,48278.66,130972.01,60038.72,1561006.79
MSME086,Manufacturing MSME 86,2025-08-01,Manufacturing,Gujarat,26,455941.99,372065.39,348263.32,121986.05,46438.11,126325.84,60038.72,1500968.07
MSME086,Manufacturing MSME 86,2025-09-01,Manufacturing,Gujarat,26,447409.52,361556.83,358776.44,124158.95,45126.52,123961.78,60038.72,1440929.34
MSME086,Manufacturing MSME 86,2025-10-01,Manufacturing,Gujarat,26,439273.08,359604.61,357645.42,126368.87,44882.86,121707.46,60038.72,1380890.62
MSME086,Manufacturing MSME 86,2025-11-01,Manufacturing,Gujarat,26,439961.92,355423.5,359377.48,128616.4,44361.01,121898.31,60038.72,1320851.9
MSME086,Manufacturing MSME 86,2025-12-01,Manufacturing,Gujarat,26,462885.74,378251.64,363272.53,130902.18,47210.23,128249.71,60038.72,1260813.18
MSME086,Manufacturing MSME 86,2026-01-01,Manufacturing,Gujarat,26,484762.29,394176.66,364700.16,133226.84,49197.85,134310.95,60038.72,1200774.45
MSME086,Manufacturing MSME 86,2026-02-01,Manufacturing,Gujarat,26,508843.62,415807.64,372933.01,135591.0,51897.65,140983.06,60038.72,1140735.73
MSME086,Manufacturing MSME 86,2026-03-01,Manufacturing,Gujarat,26,507884.83,404920.98,393123.44,137995.34,50538.87,140717.41,60038.72,1080697.01
MSME086,Manufacturing MSME 86,2026-04-01,Manufacturing,Gujarat,26,499018.9,398560.4,402343.11,140440.5,49745.0,138260.97,60038.72,1020658.29
MSME086,Manufacturing MSME 86,2026-05-01,Manufacturing,Gujarat,26,485018.67,395640.71,415877.82,142927.17,49380.59,134381.99,60038.72,960619.56
MSME086,Manufacturing MSME 86,2026-06-01,Manufacturing,Gujarat,26,480879.85,383631.74,428014.76,145456.03,47881.73,133235.26,60038.72,900580.84
MSME086,Manufacturing MSME 86,2026-07-01,Manufacturing,Gujarat,26,457098.44,378294.12,428050.12,148027.77,47215.53,126646.25,60038.72,840542.12
MSME086,Manufacturing MSME 86,2026-08-01,Manufacturing,Gujarat,26,446825.49,370865.85,420202.34,150643.1,46288.39,123799.97,60038.72,780503.39
MSME086,Manufacturing MSME 86,2026-09-01,Manufacturing,Gujarat,26,434553.93,347294.92,421101.88,153302.73,43346.46,120399.94,60038.72,720464.67
MSME087,Manufacturing MSME 87,2023-10-01,Manufacturing,Tamil Nadu,30,505915.25,408339.3,284918.32,125765.08,52960.65,100597.1,41077.41,1930638.19
MSME087,Manufacturing MSME 87,2023-11-01,Manufacturing,Tamil Nadu,30,523524.23,418708.44,316452.26,127331.95,54305.5,104098.5,41077.41,1889560.78
MSME087,Manufacturing MSME 87,2023-12-01,Manufacturing,Tamil Nadu,30,530897.57,433626.52,346237.16,128916.3,56240.34,105564.62,41077.41,1848483.37
MSME087,Manufacturing MSME 87,2024-01-01,Manufacturing,Tamil Nadu,30,549089.73,445346.88,383670.9,130518.31,57760.44,109181.99,41077.41,1807405.96
MSME087,Manufacturing MSME 87,2024-02-01,Manufacturing,Tamil Nadu,30,570790.46,458318.26,418889.89,132138.16,59442.8,113497.0,41077.41,1766328.55
MSME087,Manufacturing MSME 87,2024-03-01,Manufacturing,Tamil Nadu,30,580101.18,466409.63,454548.78,133776.04,60492.23,115348.36,41077.41,1725251.14
MSME087,Manufacturing MSME 87,2024-04-01,Manufacturing,Tamil Nadu,30,586274.15,482487.36,485471.01,135432.14,62577.48,116575.8,41077.41,1684173.74
MSME087,Manufacturing MSME 87,2024-05-01,Manufacturing,Tamil Nadu,30,564716.35,462241.45,507871.13,137106.65,59951.63,112289.21,41077.41,1643096.33
MSME087,Manufacturing MSME 87,2024-06-01,Manufacturing,Tamil Nadu,30,528892.01,435387.68,526643.9,138799.76,56468.76,105165.84,41077.41,1602018.92
MSME087,Manufacturing MSME 87,2024-07-01,Manufacturing,Tamil Nadu,30,505271.15,408861.29,557605.21,140511.67,53028.35,100469.02,41077.41,1560941.51
MSME087,Manufacturing MSME 87,2024-08-01,Manufacturing,Tamil Nadu,30,492012.75,400084.09,568095.86,142242.57,51889.97,97832.7,41077.41,1519864.1
MSME087,Manufacturing MSME 87,2024-09-01,Manufacturing,Tamil Nadu,30,485602.78,401136.12,578953.57,143992.67,52026.41,96558.13,41077.41,1478786.7
MSME087,Manufacturing MSME 87,2024-10-01,Manufacturing,Tamil Nadu,30,472858.03,388666.43,601053.45,145762.16,50409.12,94023.94,41077.41,1437709.29
MSME087,Manufacturing MSME 87,2024-11-01,Manufacturing,Tamil Nadu,30,478640.16,396419.34,614979.99,147551.24,51414.66,95173.67,41077.41,1396631.88
MSME087,Manufacturing MSME 87,2024-12-01,Manufacturing,Tamil Nadu,30,475282.43,381084.65,632661.93,149360.12,49425.78,94506.01,41077.41,1355554.47
MSME087,Manufacturing MSME 87,2025-01-01,Manufacturing,Tamil Nadu,30,497890.87,417822.66,651144.84,151189.01,54190.62,99001.51,41077.41,1314477.06
MSME087,Manufacturing MSME 87,2025-02-01,Manufacturing,Tamil Nadu,30,495439.05,409718.99,676082.39,153038.12,53139.59,98513.99,41077.41,1273399.65
MSME087,Manufacturing MSME 87,2025-03-01,Manufacturing,Tamil Nadu,30,495237.2,416931.37,681522.23,154907.65,54075.02,98473.85,41077.41,1232322.25
MSME087,Manufacturing MSME 87,2025-04-01,Manufacturing,Tamil Nadu,30,492546.06,406781.69,703968.61,156797.82,52758.63,97938.74,41077.41,1191244.84
MSME087,Manufacturing MSME 87,2025-05-01,Manufacturing,Tamil Nadu,30,484299.21,398953.55,712214.19,158708.84,51743.34,96298.92,41077.41,1150167.43
MSME087,Manufacturing MSME 87,2025-06-01,Manufacturing,Tamil Nadu,30,462815.58,378921.76,722586.43,160640.94,49145.26,92027.08,41077.41,1109090.02
MSME087,Manufacturing MSME 87,2025-07-01,Manufacturing,Tamil Nadu,30,439696.33,352222.85,737554.76,162594.32,45682.48,87430.01,41077.41,1068012.61
MSME087,Manufacturing MSME 87,2025-08-01,Manufacturing,Tamil Nadu,30,432969.04,354714.34,747057.08,164569.22,46005.62,86092.34,41077.41,1026935.21
MSME087,Manufacturing MSME 87,2025-09-01,Manufacturing,Tamil Nadu,30,408599.62,336966.78,747025.57,166565.85,43703.8,81246.68,41077.41,985857.8
MSME087,Manufacturing MSME 87,2025-10-01,Manufacturing,Tamil Nadu,30,398502.81,325772.89,758257.56,168584.45,42251.98,79239.01,41077.41,944780.39
MSME087,Manufacturing MSME 87,2025-11-01,Manufacturing,Tamil Nadu,30,412519.81,345425.27,756864.44,170625.23,44800.85,82026.18,41077.41,903702.98
MSME087,Manufacturing MSME 87,2025-12-01,Manufacturing,Tamil Nadu,30,411428.08,339099.86,756414.91,172688.44,43980.46,81809.1,41077.41,862625.57
MSME087,Manufacturing MSME 87,2026-01-01,Manufacturing,Tamil Nadu,30,422679.91,347108.85,760198.94,174774.3,45019.2,84046.43,41077.41,821548.16
MSME087,Manufacturing MSME 87,2026-02-01,Manufacturing,Tamil Nadu,30,433431.22,360183.0,761611.86,176883.05,46714.89,86184.24,41077.41,780470.76
MSME087,Manufacturing MSME 87,2026-03-01,Manufacturing,Tamil Nadu,30,423912.16,351020.87,762452.66,179014.93,45526.58,84291.45,41077.41,739393.35
MSME087,Manufacturing MSME 87,2026-04-01,Manufacturing,Tamil Nadu,30,409225.26,327114.07,772523.26,181170.17,42425.93,81371.09,41077.41,698315.94
MSME087,Manufacturing MSME 87,2026-05-01,Manufacturing,Tamil Nadu,30,390193.67,319509.06,790775.75,183349.03,41439.57,77586.81,41077.41,657238.53
MSME087,Manufacturing MSME 87,2026-06-01,Manufacturing,Tamil Nadu,30,363688.07,297699.28,786072.26,185551.73,38610.9,72316.39,41077.41,616161.12
MSME087,Manufacturing MSME 87,2026-07-01,Manufacturing,Tamil Nadu,30,346526.39,286180.2,793074.75,187778.54,37116.9,68903.93,41077.41,575083.71
MSME087,Manufacturing MSME 87,2026-08-01,Manufacturing,Tamil Nadu,30,320612.42,258577.78,795963.52,190029.7,33536.93,63751.15,41077.41,534006.31
MSME087,Manufacturing MSME 87,2026-09-01,Manufacturing,Tamil Nadu,30,313946.13,261020.29,793950.98,192305.47,33853.72,62425.61,41077.41,492928.9
MSME088,Manufacturing MSME 88,2023-10-01,Manufacturing,Karnataka,87,741545.59,610948.92,280293.7,148812.48,68626.4,197224.42,22054.74,1036572.62
MSME088,Manufacturing MSME 88,2023-11-01,Manufacturing,Karnataka,87,747140.01,619982.83,317057.58,150769.25,69641.15,198712.33,22054.74,1014517.89
MSME088,Manufacturing MSME 88,2023-12-01,Manufacturing,Karnataka,87,741916.06,620754.13,350374.14,152749.33,69727.79,197322.95,22054.74,992463.15
MSME088,Manufacturing MSME 88,2024-01-01,Manufacturing,Karnataka,87,745882.24,607177.65,391241.61,154752.97,68202.78,198377.81,22054.74,970408.41
MSME088,Manufacturing MSME 88,2024-02-01,Manufacturing,Karnataka,87,763521.94,624583.91,441482.92,156780.45,70157.98,203069.34,22054.74,948353.68
MSME088,Manufacturing MSME 88,2024-03-01,Manufacturing,Karnataka,87,772928.97,652114.75,472289.73,158832.03,73250.45,205571.26,22054.74,926298.94
MSME088,Manufacturing MSME 88,2024-04-01,Manufacturing,Karnataka,87,746238.73,615453.8,504181.38,160907.98,69132.42,198472.62,22054.74,904244.2
MSME088,Manufacturing MSME 88,2024-05-01,Manufacturing,Karnataka,87,714810.46,596622.22,530341.73,163008.57,67017.11,190113.84,22054.74,882189.47
MSME088,Manufacturing MSME 88,2024-06-01,Manufacturing,Karnataka,87,685363.52,560679.77,571200.59,165134.09,62979.79,182282.01,22054.74,860134.73
MSME088,Manufacturing MSME 88,2024-07-01,Manufacturing,Karnataka,87,661461.42,562333.78,591325.49,167284.8,63165.58,175924.91,22054.74,838079.99
MSME088,Manufacturing MSME 88,2024-08-01,Manufacturing,Karnataka,87,650616.68,547437.74,612147.63,169461.01,61492.34,173040.6,22054.74,816025.26
MSME088,Manufacturing MSME 88,2024-09-01,Manufacturing,Karnataka,87,627738.68,530187.43,623106.24,171662.98,59554.66,166955.88,22054.74,793970.52
MSME088,Manufacturing MSME 88,2024-10-01,Manufacturing,Karnataka,87,626034.31,523582.81,652873.1,173891.02,58812.78,166502.58,22054.74,771915.78
MSME088,Manufacturing MSME 88,2024-11-01,Manufacturing,Karnataka,87,648575.16,544016.78,688080.02,176145.4,61108.07,172497.63,22054.74,749861.05
MSME088,Manufacturing MSME 88,2024-12-01,Manufacturing,Karnataka,87,689089.19,582143.75,721375.64,178426.43,65390.78,183272.9,22054.74,727806.31
MSME088,Manufacturing MSME 88,2025-01-01,Manufacturing,Karnataka,87,714569.52,595981.79,753343.24,180734.41,66945.18,190049.75,22054.74,705751.57
MSME088,Manufacturing MSME 88,2025-02-01,Manufacturing,Karnataka,87,747142.04,621854.25,790034.55,183069.64,69851.37,198712.87,22054.74,683696.84
MSME088,Manufacturing MSME 88,2025-03-01,Manufacturing,Karnataka,87,750692.34,631145.95,825905.66,185432.41,70895.08,199657.12,22054.74,661642.1
MSME088,Manufacturing MSME 88,2025-04-01,Manufacturing,Karnataka,87,762191.12,645501.57,864503.07,187823.05,72507.61,202715.38,22054.74,639587.36
MSME088,Manufacturing MSME 88,2025-05-01,Manufacturing,Karnataka,87,741506.87,624544.26,891065.08,190241.86,70153.53,197214.12,22054.74,617532.63
MSME088,Manufacturing MSME 88,2025-06-01,Manufacturing,Karnataka,87,709103.98,578833.41,923778.61,192689.16,65018.94,188596.12,22054.74,595477.89
MSME088,Manufacturing MSME 88,2025-07-01,Manufacturing,Karnataka,87,673669.77,564660.79,944061.82,195165.26,63426.96,179171.89,22054.74,573423.15
MSME088,Manufacturing MSME 88,2025-08-01,Manufacturing,Karnataka,87,642661.89,529964.64,967373.18,197670.49,59529.63,170924.91,22054.74,551368.42
MSME088,Manufacturing MSME 88,2025-09-01,Manufacturing,Karnataka,87,623703.1,524441.59,985599.06,200205.17,58909.24,165882.56,22054.74,529313.68
MSME088,Manufacturing MSME 88,2025-10-01,Manufacturing,Karnataka,87,631602.21,533801.03,1011550.65,202769.63,59960.56,167983.44,22054.74,507258.94
MSME088,Manufacturing MSME 88,2025-11-01,Manufacturing,Karnataka,87,643046.62,534978.41,1031759.78,205364.21,60092.82,171027.24,22054.74,485204.21
MSME088,Manufacturing MSME 88,2025-12-01,Manufacturing,Karnataka,87,666272.91,557049.91,1044602.65,207989.23,62572.05,177204.6,22054.74,463149.47
MSME088,Manufacturing MSME 88,2026-01-01,Manufacturing,Karnataka,87,693727.75,575334.11,1076769.69,210645.04,64625.87,184506.59,22054.74,441094.73
MSME088,Manufacturing MSME 88,2026-02-01,Manufacturing,Karnataka,87,709172.98,600028.96,1104771.01,213331.99,67399.78,188614.47,22054.74,419040.0
MSME088,Manufacturing MSME 88,2026-03-01,Manufacturing,Karnataka,87,716977.01,612315.26,1135494.68,216050.41,68779.87,190690.06,22054.74,396985.26
MSME088,Manufacturing MSME 88,2026-04-01,Manufacturing,Karnataka,87,698832.06,588795.13,1155139.52,218800.66,66137.92,185864.16,22054.74,374930.52
MSME088,Manufacturing MSME 88,2026-05-01,Manufacturing,Karnataka,87,674923.92,563273.66,1175090.58,221583.09,63271.15,179505.45,22054.74,352875.79
MSME088,Manufacturing MSME 88,2026-06-01,Manufacturing,Karnataka,87,651620.76,526808.15,1215139.3,224398.07,59175.07,173307.65,22054.74,330821.05
MSME088,Manufacturing MSME 88,2026-07-01,Manufacturing,Karnataka,87,619793.99,526462.2,1237294.31,227245.95,59136.21,164842.88,22054.74,308766.31
MSME088,Manufacturing MSME 88,2026-08-01,Manufacturing,Karnataka,87,590191.99,475365.61,1278343.78,230127.1,53396.65,156969.81,22054.74,286711.58
MSME088,Manufacturing MSME 88,2026-09-01,Manufacturing,Karnataka,87,579126.74,479306.73,1300341.33,233041.89,53839.35,154026.85,22054.74,264656.84
MSME089,Manufacturing MSME 89,2023-10-01,Manufacturing,Maharashtra,53,1342603.51,1044052.84,681446.48,314269.9,151010.83,290051.19,30425.16,1429982.68
MSME089,Manufacturing MSME 89,2023-11-01,Manufacturing,Maharashtra,53,1355646.26,1086679.73,778618.88,319878.52,157176.34,292868.9,30425.16,1399557.51
MSME089,Manufacturing MSME 89,2023-12-01,Manufacturing,Maharashtra,53,1384719.17,1096274.14,899148.07,325582.06,158564.07,299149.7,30425.16,1369132.35
MSME089,Manufacturing MSME 89,2024-01-01,Manufacturing,Maharashtra,53,1406046.24,1155348.47,991710.06,331382.09,167108.52,303757.13,30425.16,1338707.19
MSME089,Manufacturing MSME 89,2024-02-01,Manufacturing,Maharashtra,53,1461061.08,1130313.06,1102120.5,337280.16,163487.43,315642.33,30425.16,1308282.02
MSME089,Manufacturing MSME 89,2024-03-01,Manufacturing,Maharashtra,53,1481267.66,1187540.05,1203022.69,343277.89,171764.68,320007.69,30425.16,1277856.86
MSME089,Manufacturing MSME 89,2024-04-01,Manufacturing,Maharashtra,53,1491417.05,1194449.77,1308189.87,349376.91,172764.1,322200.33,30425.16,1247431.7
MSME089,Manufacturing MSME 89,2024-05-01,Manufacturing,Maharashtra,53,1488501.21,1189813.69,1396410.69,355578.86,172093.54,321570.4,30425.16,1217006.53
MSME089,Manufacturing MSME 89,2024-06-01,Manufacturing,Maharashtra,53,1392918.56,1102718.37,1488739.75,361885.42,159496.16,300921.07,30425.16,1186581.37
MSME089,Manufacturing MSME 89,2024-07-01,Manufacturing,Maharashtra,53,1332042.91,1052903.39,1591937.25,368298.3,152290.96,287769.71,30425.16,1156156.21
MSME089,Manufacturing MSME 89,2024-08-01,Manufacturing,Maharashtra,53,1300579.12,1019626.24,1682090.18,374819.24,147477.79,280972.39,30425.16,1125731.04
MSME089,Manufacturing MSME 89,2024-09-01,Manufacturing,Maharashtra,53,1234745.94,975695.57,1756008.76,381449.99,141123.7,266750.03,30425.16,1095305.88
MSME089,Manufacturing MSME 89,2024-10-01,Manufacturing,Maharashtra,53,1208363.55,963908.81,1825548.04,388192.35,139418.87,261050.48,30425.16,1064880.72
MSME089,Manufacturing MSME 89,2024-11-01,Manufacturing,Maharashtra,53,1258004.99,998956.95,1911300.46,395048.12,144488.2,271774.83,30425.16,1034455.55
MSME089,Manufacturing MSME 89,2024-12-01,Manufacturing,Maharashtra,53,1298296.31,1054325.83,1984099.91,402019.16,152496.7,280479.22,30425.16,1004030.39
MSME089,Manufacturing MSME 89,2025-01-01,Manufacturing,Maharashtra,53,1360202.0,1093413.08,2078850.67,409107.35,158150.25,293853.1,30425.16,973605.23
MSME089,Manufacturing MSME 89,2025-02-01,Manufacturing,Maharashtra,53,1390530.37,1124234.38,2194487.41,416314.57,162608.21,300405.13,30425.16,943180.06
MSME089,Manufacturing MSME 89,2025-03-01,Manufacturing,Maharashtra,53,1409622.53,1122033.69,2284903.81,423642.78,162289.91,304529.73,30425.16,912754.9
MSME089,Manufacturing MSME 89,2025-04-01,Manufacturing,Maharashtra,53,1388423.33,1088596.0,2370853.75,431093.94,157453.51,299949.94,30425.16,882329.74
MSME089,Manufacturing MSME 89,2025-05-01,Manufacturing,Maharashtra,53,1338007.15,1059327.46,2461758.74,438670.05,153220.13,289058.21,30425.16,851904.57
MSME089,Manufacturing MSME 89,2025-06-01,Manufacturing,Maharashtra,53,1288636.08,1030410.31,2546098.1,446373.13,149037.59,278392.26,30425.16,821479.41
MSME089,Manufacturing MSME 89,2025-07-01,Manufacturing,Maharashtra,53,1225181.48,951854.65,2637515.67,454205.24,137675.37,264683.76,30425.16,791054.25
MSME089,Manufacturing MSME 89,2025-08-01,Manufacturing,Maharashtra,53,1177021.39,927980.12,2724737.63,462168.49,134222.18,254279.43,30425.16,760629.08
MSME089,Manufacturing MSME 89,2025-09-01,Manufacturing,Maharashtra,53,1127028.63,892342.85,2789332.36,470264.99,129067.64,243479.17,30425.16,730203.92
MSME089,Manufacturing MSME 89,2025-10-01,Manufacturing,Maharashtra,53,1134468.94,890292.19,2851862.26,478496.91,128771.03,245086.55,30425.16,699778.76
MSME089,Manufacturing MSME 89,2025-11-01,Manufacturing,Maharashtra,53,1149799.66,914293.81,2924870.38,486866.45,132242.6,248398.55,30425.16,669353.59
MSME089,Manufacturing MSME 89,2025-12-01,Manufacturing,Maharashtra,53,1164605.22,925985.27,2972357.82,495375.82,133933.64,251597.09,30425.16,638928.43
MSME089,Manufacturing MSME 89,2026-01-01,Manufacturing,Maharashtra,53,1206431.93,981825.38,3044209.26,504027.31,142010.31,260633.18,30425.16,608503.27
MSME089,Manufacturing MSME 89,2026-02-01,Manufacturing,Maharashtra,53,1254138.45,985068.04,3128774.82,512823.21,142479.32,270939.52,30425.16,578078.1
MSME089,Manufacturing MSME 89,2026-03-01,Manufacturing,Maharashtra,53,1231664.04,979715.87,3204353.08,521765.85,141705.19,266084.23,30425.16,547652.94
MSME089,Manufacturing MSME 89,2026-04-01,Manufacturing,Maharashtra,53,1241025.06,1017039.53,3287670.96,530857.62,147103.65,268106.55,30425.16,517227.78
MSME089,Manufacturing MSME 89,2026-05-01,Manufacturing,Maharashtra,53,1212384.81,961017.77,3389051.47,540100.92,139000.71,261919.21,30425.16,486802.61
MSME089,Manufacturing MSME 89,2026-06-01,Manufacturing,Maharashtra,53,1141288.79,928846.89,3430237.67,549498.21,134347.55,246559.89,30425.16,456377.45
MSME089,Manufacturing MSME 89,2026-07-01,Manufacturing,Maharashtra,53,1090766.94,897548.02,3460047.63,559051.97,129820.51,235645.33,30425.16,425952.29
MSME089,Manufacturing MSME 89,2026-08-01,Manufacturing,Maharashtra,53,1032127.51,824119.9,3512659.61,568764.74,119199.93,222977.08,30425.16,395527.12
MSME089,Manufacturing MSME 89,2026-09-01,Manufacturing,Maharashtra,53,1013476.26,787428.23,3566427.46,578639.08,113892.88,218947.73,30425.16,365101.96
MSME090,Manufacturing MSME 90,2023-10-01,Manufacturing,Rajasthan,40,735346.7,566812.92,311477.87,167243.27,96443.24,137864.18,78925.99,3709521.55
MSME090,Manufacturing MSME 90,2023-11-01,Manufacturing,Rajasthan,40,747782.32,583122.36,338546.12,169690.87,99218.29,140195.63,78925.99,3630595.56
MSME090,Manufacturing MSME 90,2023-12-01,Manufacturing,Rajasthan,40,783450.01,610748.44,394686.0,172171.55,103918.87,146882.68,78925.99,3551669.57
MSME090,Manufacturing MSME 90,2024-01-01,Manufacturing,Rajasthan,40,799830.07,636235.85,430785.21,174685.75,108255.55,149953.64,78925.99,3472743.58
MSME090,Manufacturing MSME 90,2024-02-01,Manufacturing,Rajasthan,40,804930.45,630095.33,483914.77,177233.9,107210.74,150909.87,78925.99,3393817.59
MSME090,Manufacturing MSME 90,2024-03-01,Manufacturing,Rajasthan,40,805620.89,632760.12,532463.87,179816.43,107664.16,151039.32,78925.99,3314891.6
MSME090,Manufacturing MSME 90,2024-04-01,Manufacturing,Rajasthan,40,807924.63,631149.67,569437.95,182433.78,107390.14,151471.23,78925.99,3235965.61
MSME090,Manufacturing MSME 90,2024-05-01,Manufacturing,Rajasthan,40,800943.05,631538.12,601194.07,185086.4,107456.23,150162.31,78925.99,3157039.62
MSME090,Manufacturing MSME 90,2024-06-01,Manufacturing,Rajasthan,40,789128.67,625941.7,636737.78,187774.76,106504.0,147947.32,78925.99,3078113.63
MSME090,Manufacturing MSME 90,2024-07-01,Manufacturing,Rajasthan,40,752968.73,582309.32,674299.82,190499.3,99079.95,141167.99,78925.99,2999187.64
MSME090,Manufacturing MSME 90,2024-08-01,Manufacturing,Rajasthan,40,722397.8,573462.57,686974.84,193260.48,97574.68,135436.5,78925.99,2920261.65
MSME090,Manufacturing MSME 90,2024-09-01,Manufacturing,Rajasthan,40,714031.35,579962.46,703235.96,196058.8,98680.63,133867.94,78925.99,2841335.66
MSME090,Manufacturing MSME 90,2024-10-01,Manufacturing,Rajasthan,40,710822.59,561484.9,723248.44,198894.71,95536.67,133266.35,78925.99,2762409.66
MSME090,Manufacturing MSME 90,2024-11-01,Manufacturing,Rajasthan,40,733207.66,583583.48,758161.99,201768.7,99296.75,137463.15,78925.99,2683483.67
MSME090,Manufacturing MSME 90,2024-12-01,Manufacturing,Rajasthan,40,756336.81,597655.72,801581.91,204681.26,101691.14,141799.44,78925.99,2604557.68
MSME090,Manufacturing MSME 90,2025-01-01,Manufacturing,Rajasthan,40,794995.17,592033.96,857543.7,207632.88,100734.6,149047.19,78925.99,2525631.69
MSME090,Manufacturing MSME 90,2025-02-01,Manufacturing,Rajasthan,40,816063.58,651767.4,903835.03,210624.07,110898.24,152997.13,78925.99,2446705.7
MSME090,Manufacturing MSME 90,2025-03-01,Manufacturing,Rajasthan,40,822925.92,666021.22,939692.62,213655.33,113323.53,154283.7,78925.99,2367779.71
MSME090,Manufacturing MSME 90,2025-04-01,Manufacturing,Rajasthan,40,822976.4,662695.45,970858.67,216727.17,112757.65,154293.16,78925.99,2288853.72
MSME090,Manufacturing MSME 90,2025-05-01,Manufacturing,Rajasthan,40,812574.16,644731.77,1006868.28,219840.13,109701.13,152342.93,78925.99,2209927.73
MSME090,Manufacturing MSME 90,2025-06-01,Manufacturing,Rajasthan,40,771303.6,631947.16,1029009.28,222994.71,107525.83,144605.45,78925.99,2131001.74
MSME090,Manufacturing MSME 90,2025-07-01,Manufacturing,Rajasthan,40,727280.34,591963.39,1040037.12,226191.45,100722.59,136351.88,78925.99,2052075.75
MSME090,Manufacturing MSME 90,2025-08-01,Manufacturing,Rajasthan,40,694123.79,543351.63,1059149.0,229430.9,92451.3,130135.63,78925.99,1973149.76
MSME090,Manufacturing MSME 90,2025-09-01,Manufacturing,Rajasthan,40,667580.96,530456.99,1059934.44,232713.6,90257.27,125159.33,78925.99,1894223.77
MSME090,Manufacturing MSME 90,2025-10-01,Manufacturing,Rajasthan,40,646072.66,513683.62,1076485.44,236040.1,87403.28,121126.91,78925.99,1815297.78
MSME090,Manufacturing MSME 90,2025-11-01,Manufacturing,Rajasthan,40,659602.62,534428.23,1099673.77,239410.96,90932.98,123663.54,78925.99,1736371.79
MSME090,Manufacturing MSME 90,2025-12-01,Manufacturing,Rajasthan,40,709180.48,546251.75,1125217.68,242826.74,92944.75,132958.49,78925.99,1657445.8
MSME090,Manufacturing MSME 90,2026-01-01,Manufacturing,Rajasthan,40,737709.41,583118.24,1158045.54,246288.03,99217.59,138307.14,78925.99,1578519.81
MSME090,Manufacturing MSME 90,2026-02-01,Manufacturing,Rajasthan,40,749713.8,588405.59,1188622.74,249795.4,100117.23,140557.75,78925.99,1499593.82
MSME090,Manufacturing MSME 90,2026-03-01,Manufacturing,Rajasthan,40,753508.66,593679.95,1212684.39,253349.45,101014.66,141269.22,78925.99,1420667.83
MSME090,Manufacturing MSME 90,2026-04-01,Manufacturing,Rajasthan,40,760596.49,593509.34,1254603.92,256950.75,100985.63,142598.06,78925.99,1341741.84
MSME090,Manufacturing MSME 90,2026-05-01,Manufacturing,Rajasthan,40,744430.54,581381.98,1290318.74,260599.93,98922.16,139567.23,78925.99,1262815.85
MSME090,Manufacturing MSME 90,2026-06-01,Manufacturing,Rajasthan,40,706596.78,571779.94,1311959.57,264297.58,97288.38,132474.09,78925.99,1183889.86
MSME090,Manufacturing MSME 90,2026-07-01,Manufacturing,Rajasthan,40,684300.52,534481.01,1326496.7,268044.33,90941.96,128293.94,78925.99,1104963.87
MSME090,Manufacturing MSME 90,2026-08-01,Manufacturing,Rajasthan,40,655065.44,512021.15,1348395.37,271840.8,87120.42,122812.9,78925.99,1026037.88
MSME090,Manufacturing MSME 90,2026-09-01,Manufacturing,Rajasthan,40,636210.02,519579.1,1357547.85,275687.62,88406.4,119277.85,78925.99,947111.89
MSME091,Manufacturing MSME 91,2023-10-01,Manufacturing,Maharashtra,51,980832.9,843990.22,489840.19,196770.6,91228.25,218818.32,89987.37,4229406.59
MSME091,Manufacturing MSME 91,2023-11-01,Manufacturing,Maharashtra,51,969205.23,830975.78,441683.93,203146.63,90180.79,216224.25,89987.37,4139419.22
MSME091,Manufacturing MSME 91,2023-12-01,Manufacturing,Maharashtra,51,994434.08,848363.3,405245.06,209716.06,92434.55,221852.67,89987.37,4049431.84
MSME091,Manufacturing MSME 91,2024-01-01,Manufacturing,Maharashtra,51,1028968.07,889240.12,372310.16,216484.51,97272.82,229557.01,89987.37,3959444.47
MSME091,Manufacturing MSME 91,2024-02-01,Manufacturing,Maharashtra,51,1047646.66,903681.69,319200.94,223457.77,99243.28,233724.1,89987.37,3869457.09
MSME091,Manufacturing MSME 91,2024-03-01,Manufacturing,Maharashtra,51,1066479.27,887605.92,283316.58,230641.78,97861.6,237925.55,89987.37,3779469.72
MSME091,Manufacturing MSME 91,2024-04-01,Manufacturing,Maharashtra,51,1044073.26,891586.76,259285.19,238042.67,98685.99,232926.89,89987.37,3689482.35
MSME091,Manufacturing MSME 91,2024-05-01,Manufacturing,Maharashtra,51,1009444.7,852454.85,220220.89,245666.73,94723.22,225201.45,89987.37,3599494.97
MSME091,Manufacturing MSME 91,2024-06-01,Manufacturing,Maharashtra,51,969774.24,842622.86,170208.71,253520.42,93995.03,216351.2,89987.37,3509507.6
MSME091,Manufacturing MSME 91,2024-07-01,Manufacturing,Maharashtra,51,913455.35,762488.66,155647.18,261610.39,85385.69,203786.77,89987.37,3419520.22
MSME091,Manufacturing MSME 91,2024-08-01,Manufacturing,Maharashtra,51,873900.07,708341.03,119175.04,269943.48,79628.34,194962.21,89987.37,3329532.85
MSME091,Manufacturing MSME 91,2024-09-01,Manufacturing,Maharashtra,51,840316.39,725820.64,74681.53,278526.73,81907.14,187469.88,89987.37,3239545.47
MSME091,Manufacturing MSME 91,2024-10-01,Manufacturing,Maharashtra,51,844334.84,706435.37,28631.38,287367.35,80025.0,188366.37,89987.37,3149558.1
MSME091,Manufacturing MSME 91,2024-11-01,Manufacturing,Maharashtra,51,838253.61,717152.83,5000.0,296472.78,81549.14,187009.68,89987.37,3059570.73
MSME091,Manufacturing MSME 91,2024-12-01,Manufacturing,Maharashtra,51,864314.6,718708.23,5000.0,305850.67,82036.76,192823.74,89987.37,2969583.35
MSME091,Manufacturing MSME 91,2025-01-01,Manufacturing,Maharashtra,51,885582.78,749122.94,5000.0,315508.86,85832.33,197568.55,89987.37,2879595.98
MSME091,Manufacturing MSME 91,2025-02-01,Manufacturing,Maharashtra,51,929355.83,792886.29,5000.0,325455.43,91189.42,207334.08,89987.37,2789608.6
MSME091,Manufacturing MSME 91,2025-03-01,Manufacturing,Maharashtra,51,935180.72,825745.19,5000.0,335698.69,95325.53,208633.58,89987.37,2699621.23
MSME091,Manufacturing MSME 91,2025-04-01,Manufacturing,Maharashtra,51,908593.69,791056.58,5000.0,346247.16,91663.04,202702.16,89987.37,2609633.85
MSME091,Manufacturing MSME 91,2025-05-01,Manufacturing,Maharashtra,51,866161.75,752265.99,5000.0,357109.64,87493.47,193235.83,89987.37,2519646.48
MSME091,Manufacturing MSME 91,2025-06-01,Manufacturing,Maharashtra,51,823456.07,706545.85,5000.0,368295.12,82481.4,183708.43,89987.37,2429659.11
MSME091,Manufacturing MSME 91,2025-07-01,Manufacturing,Maharashtra,51,777514.11,651304.04,5000.0,379812.9,76314.14,173459.04,89987.37,2339671.73
MSME091,Manufacturing MSME 91,2025-08-01,Manufacturing,Maharashtra,51,751004.29,645777.37,5000.0,391672.5,75945.78,167544.85,89987.37,2249684.36
MSME091,Manufacturing MSME 91,2025-09-01,Manufacturing,Maharashtra,51,735319.75,638661.29,5000.0,403883.72,75385.04,164045.71,89987.37,2159696.98
MSME091,Manufacturing MSME 91,2025-10-01,Manufacturing,Maharashtra,51,729092.14,627880.52,5000.0,416456.64,74384.0,162656.37,89987.37,2069709.61
MSME091,Manufacturing MSME 91,2025-11-01,Manufacturing,Maharashtra,51,718554.81,611195.05,5000.0,429401.61,72671.56,160305.55,89987.37,1979722.23
MSME091,Manufacturing MSME 91,2025-12-01,Manufacturing,Maharashtra,51,734489.93,624859.3,5000.0,442729.28,74566.41,163860.59,89987.37,1889734.86
MSME091,Manufacturing MSME 91,2026-01-01,Manufacturing,Maharashtra,51,758185.81,639550.17,5000.0,456450.59,76596.04,169147.0,89987.37,1799747.49
MSME091,Manufacturing MSME 91,2026-02-01,Manufacturing,Maharashtra,51,770416.86,648342.23,5000.0,470576.79,77929.35,171875.68,89987.37,1709760.11
MSME091,Manufacturing MSME 91,2026-03-01,Manufacturing,Maharashtra,51,784075.95,672751.93,5000.0,485119.45,81154.22,174922.95,89987.37,1619772.74
MSME091,Manufacturing MSME 91,2026-04-01,Manufacturing,Maharashtra,51,777863.7,659793.13,5000.0,500090.44,79876.27,173537.03,89987.37,1529785.36
MSME091,Manufacturing MSME 91,2026-05-01,Manufacturing,Maharashtra,51,743412.64,610457.48,5000.0,515501.98,74167.51,165851.19,89987.37,1439797.99
MSME091,Manufacturing MSME 91,2026-06-01,Manufacturing,Maharashtra,51,711374.49,602796.14,5000.0,531366.64,73497.32,158703.66,89987.37,1349810.61
MSME091,Manufacturing MSME 91,2026-07-01,Manufacturing,Maharashtra,51,676052.08,586283.47,5000.0,547697.31,71737.46,150823.43,89987.37,1259823.24
MSME091,Manufacturing MSME 91,2026-08-01,Manufacturing,Maharashtra,51,639256.22,554387.08,5000.0,564507.26,68074.33,142614.48,89987.37,1169835.87
MSME091,Manufacturing MSME 91,2026-09-01,Manufacturing,Maharashtra,51,639769.2,535384.98,5000.0,581810.13,65972.5,142728.92,89987.37,1079848.49
MSME092,Manufacturing MSME 92,2023-10-01,Manufacturing,Telangana,16,859730.44,736317.3,460929.48,160641.42,105111.61,206367.69,43104.3,2025902.28
MSME092,Manufacturing MSME 92,2023-11-01,Manufacturing,Telangana,16,865542.71,743113.69,440641.63,164909.05,106506.14,207762.85,43104.3,1982797.98
MSME092,Manufacturing MSME 92,2023-12-01,Manufacturing,Telangana,16,891764.83,770418.19,443223.57,169279.39,110859.45,214057.15,43104.3,1939693.68
MSME092,Manufacturing MSME 92,2024-01-01,Manufacturing,Telangana,16,913162.4,773439.87,447421.8,173754.78,111735.9,219193.37,43104.3,1896589.37
MSME092,Manufacturing MSME 92,2024-02-01,Manufacturing,Telangana,16,943596.95,819617.49,439764.55,178337.6,118875.02,226498.81,43104.3,1853485.07
MSME092,Manufacturing MSME 92,2024-03-01,Manufacturing,Telangana,16,947407.72,817604.22,419315.82,183030.3,119049.88,227413.54,43104.3,1810380.76
MSME092,Manufacturing MSME 92,2024-04-01,Manufacturing,Telangana,16,931267.64,810755.06,409735.57,187835.36,118515.54,223539.31,43104.3,1767276.46
MSME092,Manufacturing MSME 92,2024-05-01,Manufacturing,Telangana,16,908783.12,768013.83,411688.99,192755.33,112706.21,218142.18,43104.3,1724172.16
MSME092,Manufacturing MSME 92,2024-06-01,Manufacturing,Telangana,16,858953.04,722112.75,402924.93,197792.83,106382.55,206181.08,43104.3,1681067.85
MSME092,Manufacturing MSME 92,2024-07-01,Manufacturing,Telangana,16,789966.99,664551.06,396089.91,202950.5,98281.96,189621.83,43104.3,1637963.55
MSME092,Manufacturing MSME 92,2024-08-01,Manufacturing,Telangana,16,742689.18,633286.9,381222.04,208231.06,94019.84,178273.38,43104.3,1594859.24
MSME092,Manufacturing MSME 92,2024-09-01,Manufacturing,Telangana,16,707621.39,603036.47,356113.9,213637.3,89873.11,169855.79,43104.3,1551754.94
MSME092,Manufacturing MSME 92,2024-10-01,Manufacturing,Telangana,16,689050.28,575190.17,332038.18,219172.04,86051.49,165398.02,43104.3,1508650.64
MSME092,Manufacturing MSME 92,2024-11-01,Manufacturing,Telangana,16,686360.13,580785.85,323131.45,224838.2,87220.27,164752.28,43104.3,1465546.33
MSME092,Manufacturing MSME 92,2024-12-01,Manufacturing,Telangana,16,700046.55,614842.46,281853.36,230638.73,92685.85,168037.54,43104.3,1422442.03
MSME092,Manufacturing MSME 92,2025-01-01,Manufacturing,Telangana,16,724699.07,622672.4,270481.29,236576.66,94221.75,173955.07,43104.3,1379337.73
MSME092,Manufacturing MSME 92,2025-02-01,Manufacturing,Telangana,16,727950.0,625244.18,259558.38,242655.08,94967.93,174735.42,43104.3,1336233.42
MSME092,Manufacturing MSME 92,2025-03-01,Manufacturing,Telangana,16,726760.07,609139.23,246312.78,248877.16,92869.58,174449.79,43104.3,1293129.12
MSME092,Manufacturing MSME 92,2025-04-01,Manufacturing,Telangana,16,718731.6,612087.85,206597.54,255246.13,93668.64,172522.65,43104.3,1250024.81
MSME092,Manufacturing MSME 92,2025-05-01,Manufacturing,Telangana,16,689817.18,584509.61,174559.51,261765.28,89782.07,165582.1,43104.3,1206920.51
MSME092,Manufacturing MSME 92,2025-06-01,Manufacturing,Telangana,16,639524.44,556953.28,147452.06,268437.99,85867.38,153509.95,43104.3,1163816.21
MSME092,Manufacturing MSME 92,2025-07-01,Manufacturing,Telangana,16,613130.04,526574.55,126739.28,275267.7,81484.47,147174.3,43104.3,1120711.9
MSME092,Manufacturing MSME 92,2025-08-01,Manufacturing,Telangana,16,578914.03,505437.15,101366.7,282257.93,78502.18,138961.17,43104.3,1077607.6
MSME092,Manufacturing MSME 92,2025-09-01,Manufacturing,Telangana,16,540133.09,460942.48,76392.22,289412.28,71854.68,129652.29,43104.3,1034503.29
MSME092,Manufacturing MSME 92,2025-10-01,Manufacturing,Telangana,16,517672.01,433658.94,32418.99,296734.42,67849.17,124260.78,43104.3,991398.99
MSME092,Manufacturing MSME 92,2025-11-01,Manufacturing,Telangana,16,507968.03,429429.81,5000.0,304228.11,67432.7,121931.46,43104.3,948294.69
MSME092,Manufacturing MSME 92,2025-12-01,Manufacturing,Telangana,16,519231.38,439730.02,5000.0,311897.19,69301.22,124635.09,43104.3,905190.38
MSME092,Manufacturing MSME 92,2026-01-01,Manufacturing,Telangana,16,534761.67,457021.31,5000.0,319745.56,72287.28,128362.94,43104.3,862086.08
MSME092,Manufacturing MSME 92,2026-02-01,Manufacturing,Telangana,16,549523.09,479400.06,5000.0,327777.23,76100.68,131906.24,43104.3,818981.77
MSME092,Manufacturing MSME 92,2026-03-01,Manufacturing,Telangana,16,555109.28,472969.95,5000.0,335996.3,75350.03,133247.14,43104.3,775877.47
MSME092,Manufacturing MSME 92,2026-04-01,Manufacturing,Telangana,16,549730.98,463299.22,5000.0,344406.94,74073.91,131956.14,43104.3,732773.17
MSME092,Manufacturing MSME 92,2026-05-01,Manufacturing,Telangana,16,528648.92,456766.08,5000.0,353013.42,73290.19,126895.65,43104.3,689668.86
MSME092,Manufacturing MSME 92,2026-06-01,Manufacturing,Telangana,16,506498.91,438463.61,5000.0,361820.11,70603.84,121578.82,43104.3,646564.56
MSME092,Manufacturing MSME 92,2026-07-01,Manufacturing,Telangana,16,477282.81,406648.34,5000.0,370831.45,65712.97,114565.85,43104.3,603460.25
MSME092,Manufacturing MSME 92,2026-08-01,Manufacturing,Telangana,16,453628.08,384421.89,5000.0,380051.99,62340.76,108887.83,43104.3,560355.95
MSME092,Manufacturing MSME 92,2026-09-01,Manufacturing,Telangana,16,433234.55,376005.36,5000.0,389486.4,61190.58,103992.61,43104.3,517251.65
MSME093,Manufacturing MSME 93,2023-10-01,Manufacturing,Telangana,88,1361201.55,1162197.64,491403.64,295782.63,232337.6,253960.71,58043.38,2728038.63
MSME093,Manufacturing MSME 93,2023-11-01,Manufacturing,Telangana,88,1390772.2,1155124.83,487175.63,305388.69,231847.36,259477.74,58043.38,2669995.26
MSME093,Manufacturing MSME 93,2023-12-01,Manufacturing,Telangana,88,1433453.13,1195172.33,486509.94,315286.87,240841.09,267440.76,58043.38,2611951.88
MSME093,Manufacturing MSME 93,2024-01-01,Manufacturing,Telangana,88,1495053.77,1235318.7,510681.89,325485.68,249918.87,278933.65,58043.38,2553908.51
MSME093,Manufacturing MSME 93,2024-02-01,Manufacturing,Telangana,88,1563253.53,1306836.87,549041.86,335993.89,265432.81,291657.75,58043.38,2495865.13
MSME093,Manufacturing MSME 93,2024-03-01,Manufacturing,Telangana,88,1561587.2,1297224.7,544993.25,346820.51,264517.8,291346.86,58043.38,2437821.76
MSME093,Manufacturing MSME 93,2024-04-01,Manufacturing,Telangana,88,1566620.39,1310525.12,559169.22,357974.81,268277.85,292285.9,58043.38,2379778.38
MSME093,Manufacturing MSME 93,2024-05-01,Manufacturing,Telangana,88,1524791.67,1272326.14,566811.94,369466.32,261475.55,284481.88,58043.38,2321735.01
MSME093,Manufacturing MSME 93,2024-06-01,Manufacturing,Telangana,88,1473890.92,1212718.99,554516.03,381304.84,250195.44,274985.28,58043.38,2263691.63
MSME093,Manufacturing MSME 93,2024-07-01,Manufacturing,Telangana,88,1392471.56,1177170.18,540227.75,393500.44,243802.71,259794.79,58043.38,2205648.26
MSME093,Manufacturing MSME 93,2024-08-01,Manufacturing,Telangana,88,1343253.97,1128580.04,532283.11,406063.5,234641.71,250612.21,58043.38,2147604.88
MSME093,Manufacturing MSME 93,2024-09-01,Manufacturing,Telangana,88,1313775.17,1098525.24,522923.35,419004.65,229271.49,245112.32,58043.38,2089561.51
MSME093,Manufacturing MSME 93,2024-10-01,Manufacturing,Telangana,88,1293769.98,1063256.38,521752.32,432334.86,222760.81,241379.94,58043.38,2031518.13
MSME093,Manufacturing MSME 93,2024-11-01,Manufacturing,Telangana,88,1312120.47,1068375.16,540493.42,446065.39,224687.56,244803.61,58043.38,1973474.76
MSME093,Manufacturing MSME 93,2024-12-01,Manufacturing,Telangana,88,1346483.41,1100514.41,535261.86,460207.82,232326.72,251214.73,58043.38,1915431.38
MSME093,Manufacturing MSME 93,2025-01-01,Manufacturing,Telangana,88,1352860.25,1119513.51,529255.71,474774.06,237232.79,252404.47,58043.38,1857388.01
MSME093,Manufacturing MSME 93,2025-02-01,Manufacturing,Telangana,88,1389776.06,1180601.99,513911.24,489776.35,251121.94,259291.88,58043.38,1799344.63
MSME093,Manufacturing MSME 93,2025-03-01,Manufacturing,Telangana,88,1348704.96,1142396.93,524779.15,505227.28,243908.98,251629.21,58043.38,1741301.25
MSME093,Manufacturing MSME 93,2025-04-01,Manufacturing,Telangana,88,1326121.09,1121623.35,520358.9,521139.79,240370.6,247415.71,58043.38,1683257.88
MSME093,Manufacturing MSME 93,2025-05-01,Manufacturing,Telangana,88,1278422.26,1048641.27,507262.49,537527.2,225568.65,238516.5,58043.38,1625214.5
MSME093,Manufacturing MSME 93,2025-06-01,Manufacturing,Telangana,88,1205525.32,1008729.67,471944.18,554403.17,217790.07,224916.04,58043.38,1567171.13
MSME093,Manufacturing MSME 93,2025-07-01,Manufacturing,Telangana,88,1146550.93,943151.43,449339.73,571781.78,204385.57,213913.13,58043.38,1509127.75
MSME093,Manufacturing MSME 93,2025-08-01,Manufacturing,Telangana,88,1091379.78,901471.45,443328.38,589677.48,196074.17,203619.8,58043.38,1451084.38
MSME093,Manufacturing MSME 93,2025-09-01,Manufacturing,Telangana,88,1041309.28,869945.75,388531.55,608105.14,189912.84,194278.09,58043.38,1393041.0
MSME093,Manufacturing MSME 93,2025-10-01,Manufacturing,Telangana,88,1057986.36,897000.75,340464.07,627080.05,196536.35,197389.56,58043.38,1334997.63
MSME093,Manufacturing MSME 93,2025-11-01,Manufacturing,Telangana,88,1071076.71,870997.01,325988.65,646617.9,191535.32,199831.83,58043.38,1276954.25
MSME093,Manufacturing MSME 93,2025-12-01,Manufacturing,Telangana,88,1123061.38,921376.54,348143.44,666734.87,203350.73,209530.67,58043.38,1218910.88
MSME093,Manufacturing MSME 93,2026-01-01,Manufacturing,Telangana,88,1149591.68,958268.66,310216.02,687447.54,212259.22,214480.45,58043.38,1160867.5
MSME093,Manufacturing MSME 93,2026-02-01,Manufacturing,Telangana,88,1153941.1,937927.29,305135.09,708772.98,208503.56,215291.92,58043.38,1102824.13
MSME093,Manufacturing MSME 93,2026-03-01,Manufacturing,Telangana,88,1182936.34,978311.34,246634.64,730728.75,218263.34,220701.6,58043.38,1044780.75
MSME093,Manufacturing MSME 93,2026-04-01,Manufacturing,Telangana,88,1220933.56,1021470.91,223919.26,753332.89,228709.15,227790.77,58043.38,986737.38
MSME093,Manufacturing MSME 93,2026-05-01,Manufacturing,Telangana,88,1157785.59,950275.1,219545.17,776603.92,213528.17,216009.2,58043.38,928694.0
MSME093,Manufacturing MSME 93,2026-06-01,Manufacturing,Telangana,88,1092696.03,891187.78,204554.39,800560.92,200963.8,203865.37,58043.38,870650.63
MSME093,Manufacturing MSME 93,2026-07-01,Manufacturing,Telangana,88,1069798.91,885845.66,183068.46,825223.47,200467.51,199593.43,58043.38,812607.25
MSME093,Manufacturing MSME 93,2026-08-01,Manufacturing,Telangana,88,1025579.74,835787.39,159327.9,850611.72,189807.63,191343.42,58043.38,754563.88
MSME093,Manufacturing MSME 93,2026-09-01,Manufacturing,Telangana,88,996205.18,817628.61,116824.27,876746.36,186337.58,185862.98,58043.38,696520.5
MSME094,Manufacturing MSME 94,2023-10-01,Manufacturing,Maharashtra,89,1095434.31,1004331.69,500292.46,179625.45,144244.25,264817.58,23830.23,1120020.72
MSME094,Manufacturing MSME 94,2023-11-01,Manufacturing,Maharashtra,89,1092953.74,1001727.14,465834.61,184379.94,144445.66,264217.91,23830.23,1096190.49
MSME094,Manufacturing MSME 94,2023-12-01,Manufacturing,Maharashtra,89,1132035.3,1019161.45,448758.14,189248.36,147545.12,273665.75,23830.23,1072360.26
MSME094,Manufacturing MSME 94,2024-01-01,Manufacturing,Maharashtra,89,1167571.33,1085541.74,423744.17,194233.28,157778.7,282256.47,23830.23,1048530.03
MSME094,Manufacturing MSME 94,2024-02-01,Manufacturing,Maharashtra,89,1200986.13,1093846.63,390380.95,199337.34,159614.18,290334.38,23830.23,1024699.8
MSME094,Manufacturing MSME 94,2024-03-01,Manufacturing,Maharashtra,89,1199748.94,1123043.82,343954.63,204563.23,164519.82,290035.3,23830.23,1000869.58
MSME094,Manufacturing MSME 94,2024-04-01,Manufacturing,Maharashtra,89,1187998.35,1063007.01,320653.47,209913.7,156335.43,287194.63,23830.23,977039.35
MSME094,Manufacturing MSME 94,2024-05-01,Manufacturing,Maharashtra,89,1161729.57,1070818.83,308623.82,215391.56,158099.49,280844.24,23830.23,953209.12
MSME094,Manufacturing MSME 94,2024-06-01,Manufacturing,Maharashtra,89,1092091.56,1002177.22,258769.85,220999.69,148540.73,264009.49,23830.23,929378.89
MSME094,Manufacturing MSME 94,2024-07-01,Manufacturing,Maharashtra,89,1052689.57,953782.45,229901.82,226741.02,141915.69,254484.19,23830.23,905548.66
MSME094,Manufacturing MSME 94,2024-08-01,Manufacturing,Maharashtra,89,992253.59,905810.97,213861.39,232618.55,135298.27,239873.99,23830.23,881718.44
MSME094,Manufacturing MSME 94,2024-09-01,Manufacturing,Maharashtra,89,946753.36,858251.87,184001.53,238635.34,128687.57,228874.46,23830.23,857888.21
MSME094,Manufacturing MSME 94,2024-10-01,Manufacturing,Maharashtra,89,943186.45,875711.0,146918.46,244794.52,131808.5,228012.17,23830.23,834057.98
MSME094,Manufacturing MSME 94,2024-11-01,Manufacturing,Maharashtra,89,933432.49,863416.97,113534.71,251099.28,130454.08,225654.18,23830.23,810227.75
MSME094,Manufacturing MSME 94,2024-12-01,Manufacturing,Maharashtra,89,927066.44,849113.85,77236.62,257552.91,128780.82,224115.21,23830.23,786397.52
MSME094,Manufacturing MSME 94,2025-01-01,Manufacturing,Maharashtra,89,930041.45,838034.21,41391.44,264158.73,127581.87,224834.41,23830.23,762567.3
MSME094,Manufacturing MSME 94,2025-02-01,Manufacturing,Maharashtra,89,932191.89,862174.51,17597.42,270920.16,131752.28,225354.27,23830.23,738737.07
MSME094,Manufacturing MSME 94,2025-03-01,Manufacturing,Maharashtra,89,893128.18,848471.77,5000.0,277840.67,130145.75,215910.75,23830.23,714906.84
MSME094,Manufacturing MSME 94,2025-04-01,Manufacturing,Maharashtra,89,861076.98,783983.12,5000.0,284923.84,120704.33,208162.48,23830.23,691076.61
MSME094,Manufacturing MSME 94,2025-05-01,Manufacturing,Maharashtra,89,826776.6,771478.67,5000.0,292173.29,119222.31,199870.48,23830.23,667246.38
MSME094,Manufacturing MSME 94,2025-06-01,Manufacturing,Maharashtra,89,781395.34,715201.8,5000.0,299592.75,110936.31,188899.71,23830.23,643416.16
MSME094,Manufacturing MSME 94,2025-07-01,Manufacturing,Maharashtra,89,741814.77,687284.92,5000.0,307186.0,107000.9,179331.24,23830.23,619585.93
MSME094,Manufacturing MSME 94,2025-08-01,Manufacturing,Maharashtra,89,704059.57,639123.07,5000.0,314956.93,99869.93,170204.05,23830.23,595755.7
MSME094,Manufacturing MSME 94,2025-09-01,Manufacturing,Maharashtra,89,676328.73,611931.91,5000.0,322909.5,95972.56,163500.21,23830.23,571925.47
MSME094,Manufacturing MSME 94,2025-10-01,Manufacturing,Maharashtra,89,662032.67,612414.65,5000.0,331047.76,96400.1,160044.19,23830.23,548095.24
MSME094,Manufacturing MSME 94,2025-11-01,Manufacturing,Maharashtra,89,661905.89,624912.39,5000.0,339375.83,98726.37,160013.54,23830.23,524265.02
MSME094,Manufacturing MSME 94,2025-12-01,Manufacturing,Maharashtra,89,673249.43,610825.21,5000.0,347897.95,96851.73,162755.8,23830.23,500434.79
MSME094,Manufacturing MSME 94,2026-01-01,Manufacturing,Maharashtra,89,680894.43,623992.38,5000.0,356618.43,99297.97,164603.95,23830.23,476604.56
MSME094,Manufacturing MSME 94,2026-02-01,Manufacturing,Maharashtra,89,698394.71,643590.08,5000.0,365541.68,102786.36,168834.59,23830.23,452774.33
MSME094,Manufacturing MSME 94,2026-03-01,Manufacturing,Maharashtra,89,698452.18,636415.73,5000.0,374672.19,102006.17,168848.48,23830.23,428944.1
MSME094,Manufacturing MSME 94,2026-04-01,Manufacturing,Maharashtra,89,677481.11,615581.38,5000.0,384014.58,99020.44,163778.8,23830.23,405113.88
MSME094,Manufacturing MSME 94,2026-05-01,Manufacturing,Maharashtra,89,650113.77,608672.35,5000.0,393573.53,98258.75,157162.83,23830.23,381283.65
MSME094,Manufacturing MSME 94,2026-06-01,Manufacturing,Maharashtra,89,615260.85,573702.66,5000.0,403353.85,92943.13,148737.25,23830.23,357453.42
MSME094,Manufacturing MSME 94,2026-07-01,Manufacturing,Maharashtra,89,564834.25,513179.73,5000.0,413360.45,83432.89,136546.79,23830.23,333623.19
MSME094,Manufacturing MSME 94,2026-08-01,Manufacturing,Maharashtra,89,545954.59,505195.85,5000.0,423598.32,82425.09,131982.7,23830.23,309792.96
MSME094,Manufacturing MSME 94,2026-09-01,Manufacturing,Maharashtra,89,540147.2,505731.72,5000.0,434072.58,82803.06,130578.78,23830.23,285962.74
MSME095,Manufacturing MSME 95,2023-10-01,Manufacturing,Kerala,59,391069.41,353582.96,213188.19,71977.03,66155.6,59370.75,25173.11,1183136.23
MSME095,Manufacturing MSME 95,2023-11-01,Manufacturing,Kerala,59,390689.42,358059.59,196868.31,74325.0,67261.16,59313.06,25173.11,1157963.12
MSME095,Manufacturing MSME 95,2023-12-01,Manufacturing,Kerala,59,401363.5,366431.08,175195.68,76744.72,69107.97,60933.56,25173.11,1132790.01
MSME095,Manufacturing MSME 95,2024-01-01,Manufacturing,Kerala,59,418584.2,379538.77,161783.16,79238.31,71864.1,63547.94,25173.11,1107616.9
MSME095,Manufacturing MSME 95,2024-02-01,Manufacturing,Kerala,59,425346.22,386857.78,145518.21,81807.92,73539.45,64574.53,25173.11,1082443.79
MSME095,Manufacturing MSME 95,2024-03-01,Manufacturing,Kerala,59,422294.3,373735.15,130028.18,84455.79,71324.62,64111.2,25173.11,1057270.68
MSME095,Manufacturing MSME 95,2024-04-01,Manufacturing,Kerala,59,420933.72,379854.39,123810.45,87184.2,72776.71,63904.64,25173.11,1032097.56
MSME095,Manufacturing MSME 95,2024-05-01,Manufacturing,Kerala,59,397078.82,363634.9,100342.29,89995.52,69941.35,60283.07,25173.11,1006924.45
MSME095,Manufacturing MSME 95,2024-06-01,Manufacturing,Kerala,59,386540.56,350796.11,80159.94,92892.15,67734.48,58683.19,25173.11,981751.34
MSME095,Manufacturing MSME 95,2024-07-01,Manufacturing,Kerala,59,356598.73,329798.94,54670.83,95876.6,63927.0,54137.53,25173.11,956578.23
MSME095,Manufacturing MSME 95,2024-08-01,Manufacturing,Kerala,59,340298.27,298171.39,37043.31,98951.41,58019.59,51662.86,25173.11,931405.12
MSME095,Manufacturing MSME 95,2024-09-01,Manufacturing,Kerala,59,330650.03,294683.34,21198.79,102119.24,57561.41,50198.1,25173.11,906232.01
MSME095,Manufacturing MSME 95,2024-10-01,Manufacturing,Kerala,59,325222.12,288380.63,5000.0,105382.78,56546.1,49374.05,25173.11,881058.9
MSME095,Manufacturing MSME 95,2024-11-01,Manufacturing,Kerala,59,322977.66,293388.93,5000.0,108744.83,57747.71,49033.3,25173.11,855885.79
MSME095,Manufacturing MSME 95,2024-12-01,Manufacturing,Kerala,59,323004.19,288757.16,5000.0,112208.24,57052.15,49037.33,25173.11,830712.67
MSME095,Manufacturing MSME 95,2025-01-01,Manufacturing,Kerala,59,329909.87,295904.54,5000.0,115775.97,58685.77,50085.73,25173.11,805539.56
MSME095,Manufacturing MSME 95,2025-02-01,Manufacturing,Kerala,59,341966.44,308219.22,5000.0,119451.04,61358.77,51916.11,25173.11,780366.45
MSME095,Manufacturing MSME 95,2025-03-01,Manufacturing,Kerala,59,348081.41,318450.49,5000.0,123236.57,63633.89,52844.46,25173.11,755193.34
MSME095,Manufacturing MSME 95,2025-04-01,Manufacturing,Kerala,59,349047.06,309893.53,5000.0,127135.76,62155.94,52991.07,25173.11,730020.23
MSME095,Manufacturing MSME 95,2025-05-01,Manufacturing,Kerala,59,346621.92,306502.11,5000.0,131151.9,61705.1,52622.89,25173.11,704847.12
MSME095,Manufacturing MSME 95,2025-06-01,Manufacturing,Kerala,59,332005.35,296574.99,5000.0,135288.39,59928.53,50403.85,25173.11,679674.01
MSME095,Manufacturing MSME 95,2025-07-01,Manufacturing,Kerala,59,317581.7,285294.27,5000.0,139548.71,57862.56,48214.11,25173.11,654500.89
MSME095,Manufacturing MSME 95,2025-08-01,Manufacturing,Kerala,59,300073.74,270056.74,5000.0,143936.43,54974.24,45556.11,25173.11,629327.78
MSME095,Manufacturing MSME 95,2025-09-01,Manufacturing,Kerala,59,299318.85,268377.19,5000.0,148455.24,54833.2,45441.51,25173.11,604154.67
MSME095,Manufacturing MSME 95,2025-10-01,Manufacturing,Kerala,59,293302.17,257108.27,5000.0,153108.93,52723.22,44528.08,25173.11,578981.56
MSME095,Manufacturing MSME 95,2025-11-01,Manufacturing,Kerala,59,286457.93,255378.55,5000.0,157901.39,52559.65,43489.01,25173.11,553808.45
MSME095,Manufacturing MSME 95,2025-12-01,Manufacturing,Kerala,59,294589.54,265975.1,5000.0,162836.61,54939.58,44723.52,25173.11,528635.34
MSME095,Manufacturing MSME 95,2026-01-01,Manufacturing,Kerala,59,308022.19,277403.43,5000.0,167918.73,57507.82,46762.82,25173.11,503462.23
MSME095,Manufacturing MSME 95,2026-02-01,Manufacturing,Kerala,59,318797.76,292411.1,5000.0,173151.96,60837.86,48398.73,25173.11,478289.12
MSME095,Manufacturing MSME 95,2026-03-01,Manufacturing,Kerala,59,319347.96,284480.17,5000.0,178540.66,59400.69,48482.26,25173.11,453116.0
MSME095,Manufacturing MSME 95,2026-04-01,Manufacturing,Kerala,59,315741.26,286664.0,5000.0,184089.29,60071.23,47934.7,25173.11,427942.89
MSME095,Manufacturing MSME 95,2026-05-01,Manufacturing,Kerala,59,302310.77,268786.51,5000.0,189802.47,56526.11,45895.73,25173.11,402769.78
MSME095,Manufacturing MSME 95,2026-06-01,Manufacturing,Kerala,59,295876.75,268034.74,5000.0,195684.91,56568.61,44918.94,25173.11,377596.67
MSME095,Manufacturing MSME 95,2026-07-01,Manufacturing,Kerala,59,280580.41,248701.05,5000.0,201741.48,52674.37,42596.71,25173.11,352423.56
MSME095,Manufacturing MSME 95,2026-08-01,Manufacturing,Kerala,59,268228.42,237481.36,5000.0,207977.18,50475.8,40721.47,25173.11,327250.45
MSME095,Manufacturing MSME 95,2026-09-01,Manufacturing,Kerala,59,262822.74,235261.17,5000.0,214397.13,50179.97,39900.8,25173.11,302077.34
MSME096,Manufacturing MSME 96,2023-10-01,Manufacturing,Maharashtra,55,1211483.69,1029795.27,579070.46,222761.29,185250.48,356445.93,81570.83,3833828.94
MSME096,Manufacturing MSME 96,2023-11-01,Manufacturing,Maharashtra,55,1214276.31,1035301.63,532795.2,229800.66,186985.99,357267.58,81570.83,3752258.11
MSME096,Manufacturing MSME 96,2023-12-01,Manufacturing,Maharashtra,55,1258692.11,1077331.4,472851.88,237047.55,195352.2,370335.71,81570.83,3670687.29
MSME096,Manufacturing MSME 96,2024-01-01,Manufacturing,Maharashtra,55,1261050.8,1115097.28,419220.99,244507.81,203002.66,371029.69,81570.83,3589116.46
MSME096,Manufacturing MSME 96,2024-02-01,Manufacturing,Maharashtra,55,1296366.91,1127940.16,364675.26,252187.46,206152.31,381420.49,81570.83,3507545.63
MSME096,Manufacturing MSME 96,2024-03-01,Manufacturing,Maharashtra,55,1321487.91,1151216.2,352969.91,260092.69,211234.82,388811.66,81570.83,3425974.8
MSME096,Manufacturing MSME 96,2024-04-01,Manufacturing,Maharashtra,55,1311014.42,1112386.28,315453.27,268229.84,204910.41,385730.12,81570.83,3344403.97
MSME096,Manufacturing MSME 96,2024-05-01,Manufacturing,Maharashtra,55,1274755.77,1096471.71,291200.46,276605.46,202767.8,375062.0,81570.83,3262833.14
MSME096,Manufacturing MSME 96,2024-06-01,Manufacturing,Maharashtra,55,1219256.03,1059999.59,235508.92,285226.24,196785.84,358732.72,81570.83,3181262.31
MSME096,Manufacturing MSME 96,2024-07-01,Manufacturing,Maharashtra,55,1141895.86,982983.38,211855.52,294099.07,183195.32,335971.61,81570.83,3099691.49
MSME096,Manufacturing MSME 96,2024-08-01,Manufacturing,Maharashtra,55,1083849.34,907958.15,163970.83,303231.02,169866.45,318893.01,81570.83,3018120.66
MSME096,Manufacturing MSME 96,2024-09-01,Manufacturing,Maharashtra,55,1046401.41,897788.13,126078.12,312629.38,168609.8,307874.98,81570.83,2936549.83
MSME096,Manufacturing MSME 96,2024-10-01,Manufacturing,Maharashtra,55,1033734.72,870787.5,90775.85,322301.6,164165.51,304148.16,81570.83,2854979.0
MSME096,Manufacturing MSME 96,2024-11-01,Manufacturing,Maharashtra,55,1043300.0,889313.36,52211.73,332255.36,168298.02,306962.48,81570.83,2773408.17
MSME096,Manufacturing MSME 96,2024-12-01,Manufacturing,Maharashtra,55,1090173.0,940125.3,5000.0,342498.54,178590.4,320753.57,81570.83,2691837.34
MSME096,Manufacturing MSME 96,2025-01-01,Manufacturing,Maharashtra,55,1121572.37,962125.87,5000.0,353039.23,183462.03,329991.98,81570.83,2610266.51
MSME096,Manufacturing MSME 96,2025-02-01,Manufacturing,Maharashtra,55,1164389.77,1008586.88,5000.0,363885.76,193047.15,342589.83,81570.83,2528695.69
MSME096,Manufacturing MSME 96,2025-03-01,Manufacturing,Maharashtra,55,1178214.93,1010440.24,5000.0,375046.67,194128.96,346657.5,81570.83,2447124.86
MSME096,Manufacturing MSME 96,2025-04-01,Manufacturing,Maharashtra,55,1188036.75,1008118.41,5000.0,386530.72,194408.29,349547.3,81570.83,2365554.03
MSME096,Manufacturing MSME 96,2025-05-01,Manufacturing,Maharashtra,55,1182145.94,1045734.44,5000.0,398346.94,202414.74,347814.09,81570.83,2283983.2
MSME096,Manufacturing MSME 96,2025-06-01,Manufacturing,Maharashtra,55,1127497.29,987412.94,5000.0,410504.58,191836.4,331735.23,81570.83,2202412.37
MSME096,Manufacturing MSME 96,2025-07-01,Manufacturing,Maharashtra,55,1077382.59,943024.08,5000.0,423013.16,183891.02,316990.35,81570.83,2120841.54
MSME096,Manufacturing MSME 96,2025-08-01,Manufacturing,Maharashtra,55,1002142.81,873294.09,5000.0,435882.44,170921.96,294853.1,81570.83,2039270.71
MSME096,Manufacturing MSME 96,2025-09-01,Manufacturing,Maharashtra,55,964647.77,834495.0,5000.0,449122.45,163928.64,283821.21,81570.83,1957699.89
MSME096,Manufacturing MSME 96,2025-10-01,Manufacturing,Maharashtra,55,926899.5,815130.66,5000.0,462743.51,160711.23,272714.82,81570.83,1876129.06
MSME096,Manufacturing MSME 96,2025-11-01,Manufacturing,Maharashtra,55,898375.22,786593.08,5000.0,476756.19,155650.76,264322.33,81570.83,1794558.23
MSME096,Manufacturing MSME 96,2025-12-01,Manufacturing,Maharashtra,55,929562.82,812023.47,5000.0,491171.37,161267.22,273498.42,81570.83,1712987.4
MSME096,Manufacturing MSME 96,2026-01-01,Manufacturing,Maharashtra,55,948242.03,823334.55,5000.0,506000.21,164106.03,278994.27,81570.83,1631416.57
MSME096,Manufacturing MSME 96,2026-02-01,Manufacturing,Maharashtra,55,990179.4,859179.86,5000.0,521254.19,171868.91,291333.19,81570.83,1549845.74
MSME096,Manufacturing MSME 96,2026-03-01,Manufacturing,Maharashtra,55,1022009.36,902809.03,5000.0,536945.07,181246.04,300698.29,81570.83,1468274.91
MSME096,Manufacturing MSME 96,2026-04-01,Manufacturing,Maharashtra,55,1007582.76,867018.4,5000.0,553084.97,174684.67,296453.66,81570.83,1386704.09
MSME096,Manufacturing MSME 96,2026-05-01,Manufacturing,Maharashtra,55,958664.3,832237.97,5000.0,569686.29,168276.04,282060.74,81570.83,1305133.26
MSME096,Manufacturing MSME 96,2026-06-01,Manufacturing,Maharashtra,55,921189.71,820394.83,5000.0,586761.81,166471.72,271034.87,81570.83,1223562.43
MSME096,Manufacturing MSME 96,2026-07-01,Manufacturing,Maharashtra,55,849036.22,735027.88,5000.0,604324.62,149678.25,249805.68,81570.83,1141991.6
MSME096,Manufacturing MSME 96,2026-08-01,Manufacturing,Maharashtra,55,802715.79,684111.95,5000.0,622388.19,139802.18,236177.16,81570.83,1060420.77
MSME096,Manufacturing MSME 96,2026-09-01,Manufacturing,Maharashtra,55,777896.3,682361.08,5000.0,640966.32,139935.38,228874.7,81570.83,978849.94
MSME097,Manufacturing MSME 97,2023-10-01,Manufacturing,Andhra Pradesh,51,994699.92,881979.99,522116.5,172409.12,103648.8,211990.7,85452.89,4016285.73
MSME097,Manufacturing MSME 97,2023-11-01,Manufacturing,Andhra Pradesh,51,988873.19,902561.5,459470.73,177265.47,106491.77,210748.9,85452.89,3930832.84
MSME097,Manufacturing MSME 97,2023-12-01,Manufacturing,Andhra Pradesh,51,1011185.25,902149.21,416999.95,182247.14,106867.2,215504.05,85452.89,3845379.95
MSME097,Manufacturing MSME 97,2024-01-01,Manufacturing,Andhra Pradesh,51,1020627.29,908903.33,365942.06,187357.19,108094.53,217516.34,85452.89,3759927.06
MSME097,Manufacturing MSME 97,2024-02-01,Manufacturing,Andhra Pradesh,51,1070517.03,953137.37,347350.82,192598.77,113803.27,228148.86,85452.89,3674474.17
MSME097,Manufacturing MSME 97,2024-03-01,Manufacturing,Andhra Pradesh,51,1066923.87,965779.15,301108.44,197975.08,115766.67,227383.08,85452.89,3589021.29
MSME097,Manufacturing MSME 97,2024-04-01,Manufacturing,Andhra Pradesh,51,1044027.24,931260.78,258385.38,203489.44,112066.76,222503.35,85452.89,3503568.4
MSME097,Manufacturing MSME 97,2024-05-01,Manufacturing,Andhra Pradesh,51,992388.26,879864.17,193290.21,209145.2,106295.35,211498.03,85452.89,3418115.51
MSME097,Manufacturing MSME 97,2024-06-01,Manufacturing,Andhra Pradesh,51,950995.07,860955.06,129727.13,214945.82,104415.68,202676.31,85452.89,3332662.62
MSME097,Manufacturing MSME 97,2024-07-01,Manufacturing,Andhra Pradesh,51,878931.38,798527.69,54604.69,220894.83,97219.92,187318.08,85452.89,3247209.74
MSME097,Manufacturing MSME 97,2024-08-01,Manufacturing,Andhra Pradesh,51,838399.06,747691.02,11351.72,226995.85,91382.08,178679.82,85452.89,3161756.85
MSME097,Manufacturing MSME 97,2024-09-01,Manufacturing,Andhra Pradesh,51,814167.57,727127.13,5000.0,233252.58,89210.58,173515.6,85452.89,3076303.96
MSME097,Manufacturing MSME 97,2024-10-01,Manufacturing,Andhra Pradesh,51,812267.28,725145.37,5000.0,239668.8,89308.31,173110.61,85452.89,2990851.07
MSME097,Manufacturing MSME 97,2024-11-01,Manufacturing,Andhra Pradesh,51,808553.4,741495.88,5000.0,246248.4,91670.59,172319.1,85452.89,2905398.18
MSME097,Manufacturing MSME 97,2024-12-01,Manufacturing,Andhra Pradesh,51,812579.76,725744.44,5000.0,252995.34,90064.4,173177.2,85452.89,2819945.3
MSME097,Manufacturing MSME 97,2025-01-01,Manufacturing,Andhra Pradesh,51,842421.66,756308.61,5000.0,259913.69,94212.91,179537.12,85452.89,2734492.41
MSME097,Manufacturing MSME 97,2025-02-01,Manufacturing,Andhra Pradesh,51,875468.21,802115.5,5000.0,267007.6,100296.1,186580.0,85452.89,2649039.52
MSME097,Manufacturing MSME 97,2025-03-01,Manufacturing,Andhra Pradesh,51,863300.35,767127.97,5000.0,274281.33,96281.89,183986.79,85452.89,2563586.63
MSME097,Manufacturing MSME 97,2025-04-01,Manufacturing,Andhra Pradesh,51,825790.06,765539.66,5000.0,281739.24,96442.4,175992.58,85452.89,2478133.75
MSME097,Manufacturing MSME 97,2025-05-01,Manufacturing,Andhra Pradesh,51,785960.6,704466.63,5000.0,289385.78,89079.59,167504.12,85452.89,2392680.86
MSME097,Manufacturing MSME 97,2025-06-01,Manufacturing,Andhra Pradesh,51,743837.6,676278.86,5000.0,297225.51,85833.16,158526.86,85452.89,2307227.97
MSME097,Manufacturing MSME 97,2025-07-01,Manufacturing,Andhra Pradesh,51,700115.39,631708.55,5000.0,305263.11,80473.25,149208.77,85452.89,2221775.08
MSME097,Manufacturing MSME 97,2025-08-01,Manufacturing,Andhra Pradesh,51,666011.84,597825.63,5000.0,313503.36,76437.94,141940.61,85452.89,2136322.19
MSME097,Manufacturing MSME 97,2025-09-01,Manufacturing,Andhra Pradesh,51,640317.95,575543.83,5000.0,321951.15,73859.53,136464.72,85452.89,2050869.31
MSME097,Manufacturing MSME 97,2025-10-01,Manufacturing,Andhra Pradesh,51,635839.95,585559.83,5000.0,330611.47,75420.14,135510.37,85452.89,1965416.42
MSME097,Manufacturing MSME 97,2025-11-01,Manufacturing,Andhra Pradesh,51,617392.56,561497.25,5000.0,339489.47,72584.83,131578.86,85452.89,1879963.53
MSME097,Manufacturing MSME 97,2025-12-01,Manufacturing,Andhra Pradesh,51,629561.33,561605.87,5000.0,348590.37,72862.86,134172.27,85452.89,1794510.64
MSME097,Manufacturing MSME 97,2026-01-01,Manufacturing,Andhra Pradesh,51,649198.0,576697.08,5000.0,357919.55,75091.89,138357.24,85452.89,1709057.76
MSME097,Manufacturing MSME 97,2026-02-01,Manufacturing,Andhra Pradesh,51,666907.03,606680.05,5000.0,367482.5,79281.17,142131.39,85452.89,1623604.87
MSME097,Manufacturing MSME 97,2026-03-01,Manufacturing,Andhra Pradesh,51,660806.57,596280.48,5000.0,377284.83,78202.44,140831.26,85452.89,1538151.98
MSME097,Manufacturing MSME 97,2026-04-01,Manufacturing,Andhra Pradesh,51,673266.53,606642.1,5000.0,387332.3,79846.54,143486.73,85452.89,1452699.09
MSME097,Manufacturing MSME 97,2026-05-01,Manufacturing,Andhra Pradesh,51,632452.44,579898.54,5000.0,397630.79,76599.13,134788.42,85452.89,1367246.2
MSME097,Manufacturing MSME 97,2026-06-01,Manufacturing,Andhra Pradesh,51,589382.62,530267.79,5000.0,408186.33,70292.64,125609.37,85452.89,1281793.32
MSME097,Manufacturing MSME 97,2026-07-01,Manufacturing,Andhra Pradesh,51,564272.05,506951.84,5000.0,419005.07,67440.17,120257.8,85452.89,1196340.43
MSME097,Manufacturing MSME 97,2026-08-01,Manufacturing,Andhra Pradesh,51,548436.72,484192.0,5000.0,430093.33,64640.02,116882.97,85452.89,1110887.54
MSME097,Manufacturing MSME 97,2026-09-01,Manufacturing,Andhra Pradesh,51,528778.37,470624.46,5000.0,441457.56,63049.97,112693.38,85452.89,1025434.65
MSME098,Manufacturing MSME 98,2023-10-01,Manufacturing,Telangana,93,576109.32,512282.97,257219.61,108841.46,88307.61,94353.86,80109.27,3765135.54
MSME098,Manufacturing MSME 98,2023-11-01,Manufacturing,Telangana,93,574530.77,535135.79,212065.36,111564.57,92615.98,94095.33,80109.27,3685026.27
MSME098,Manufacturing MSME 98,2023-12-01,Manufacturing,Telangana,93,584139.37,526334.8,167340.9,114348.61,91455.71,95669.01,80109.27,3604917.01
MSME098,Manufacturing MSME 98,2024-01-01,Manufacturing,Telangana,93,607160.47,546065.72,124097.47,117194.85,95260.67,99439.35,80109.27,3524807.74
MSME098,Manufacturing MSME 98,2024-02-01,Manufacturing,Telangana,93,609155.48,549561.52,82426.61,120104.61,96249.44,99766.09,80109.27,3444698.47
MSME098,Manufacturing MSME 98,2024-03-01,Manufacturing,Telangana,93,602028.76,539119.54,33889.5,123079.22,94792.38,98598.89,80109.27,3364589.21
MSME098,Manufacturing MSME 98,2024-04-01,Manufacturing,Telangana,93,588062.72,530944.41,5000.0,126120.03,93721.07,96311.56,80109.27,3284479.94
MSME098,Manufacturing MSME 98,2024-05-01,Manufacturing,Telangana,93,564634.33,510145.75,5000.0,129228.44,90401.49,92474.52,80109.27,3204370.67
MSME098,Manufacturing MSME 98,2024-06-01,Manufacturing,Telangana,93,545554.26,488930.85,5000.0,132405.87,86979.19,89349.63,80109.27,3124261.41
MSME098,Manufacturing MSME 98,2024-07-01,Manufacturing,Telangana,93,506306.69,460348.07,5000.0,135653.75,82211.82,82921.75,80109.27,3044152.14
MSME098,Manufacturing MSME 98,2024-08-01,Manufacturing,Telangana,93,480559.98,429760.49,5000.0,138973.56,77045.63,78705.01,80109.27,2964042.87
MSME098,Manufacturing MSME 98,2024-09-01,Manufacturing,Telangana,93,460761.86,417068.2,5000.0,142366.8,75057.79,75462.52,80109.27,2883933.61
MSME098,Manufacturing MSME 98,2024-10-01,Manufacturing,Telangana,93,449579.13,411840.98,5000.0,145835.01,74401.05,73631.04,80109.27,2803824.34
MSME098,Manufacturing MSME 98,2024-11-01,Manufacturing,Telangana,93,453761.12,408680.24,5000.0,149379.75,74111.84,74315.96,80109.27,2723715.07
MSME098,Manufacturing MSME 98,2024-12-01,Manufacturing,Telangana,93,468750.23,428638.08,5000.0,153002.61,78026.63,76770.84,80109.27,2643605.81
MSME098,Manufacturing MSME 98,2025-01-01,Manufacturing,Telangana,93,477837.44,431307.33,5000.0,156705.23,78809.92,78259.12,80109.27,2563496.54
MSME098,Manufacturing MSME 98,2025-02-01,Manufacturing,Telangana,93,481890.81,437881.13,5000.0,160489.26,80313.04,78922.97,80109.27,2483387.27
MSME098,Manufacturing MSME 98,2025-03-01,Manufacturing,Telangana,93,488598.11,449218.41,5000.0,164356.39,82702.19,80021.48,80109.27,2403278.01
MSME098,Manufacturing MSME 98,2025-04-01,Manufacturing,Telangana,93,481281.95,430956.9,5000.0,168308.37,79637.36,78823.25,80109.27,2323168.74
MSME098,Manufacturing MSME 98,2025-05-01,Manufacturing,Telangana,93,471206.78,434251.98,5000.0,172346.94,80545.69,77173.17,80109.27,2243059.47
MSME098,Manufacturing MSME 98,2025-06-01,Manufacturing,Telangana,93,450931.44,411866.61,5000.0,176473.9,76677.61,73852.52,80109.27,2162950.2
MSME098,Manufacturing MSME 98,2025-07-01,Manufacturing,Telangana,93,417332.84,375831.13,5000.0,180691.09,70227.99,68349.82,80109.27,2082840.94
MSME098,Manufacturing MSME 98,2025-08-01,Manufacturing,Telangana,93,406876.82,359682.88,5000.0,185000.38,67458.53,66637.35,80109.27,2002731.67
MSME098,Manufacturing MSME 98,2025-09-01,Manufacturing,Telangana,93,398862.86,365404.42,5000.0,189403.68,68783.56,65324.84,80109.27,1922622.4
MSME098,Manufacturing MSME 98,2025-10-01,Manufacturing,Telangana,93,384769.95,349667.29,5000.0,193902.93,66062.31,63016.74,80109.27,1842513.14
MSME098,Manufacturing MSME 98,2025-11-01,Manufacturing,Telangana,93,390497.17,355059.35,5000.0,198500.12,67325.85,63954.73,80109.27,1762403.87
MSME098,Manufacturing MSME 98,2025-12-01,Manufacturing,Telangana,93,395637.61,361016.43,5000.0,203197.27,68704.35,64796.62,80109.27,1682294.6
MSME098,Manufacturing MSME 98,2026-01-01,Manufacturing,Telangana,93,393016.7,354749.82,5000.0,207996.45,67756.37,64367.37,80109.27,1602185.34
MSME098,Manufacturing MSME 98,2026-02-01,Manufacturing,Telangana,93,404869.06,382286.98,5000.0,212899.76,73279.5,66308.53,80109.27,1522076.07
MSME098,Manufacturing MSME 98,2026-03-01,Manufacturing,Telangana,93,412138.71,368287.83,5000.0,217909.35,70849.98,67499.13,80109.27,1441966.8
MSME098,Manufacturing MSME 98,2026-04-01,Manufacturing,Telangana,93,408469.96,377087.5,5000.0,223027.42,72802.85,66898.27,80109.27,1361857.54
MSME098,Manufacturing MSME 98,2026-05-01,Manufacturing,Telangana,93,395299.12,359113.88,5000.0,228256.19,69580.37,64741.18,80109.27,1281748.27
MSME098,Manufacturing MSME 98,2026-06-01,Manufacturing,Telangana,93,377528.0,344448.4,5000.0,233597.95,66976.35,61830.67,80109.27,1201639.0
MSME098,Manufacturing MSME 98,2026-07-01,Manufacturing,Telangana,93,362621.35,332946.72,5000.0,239055.02,64969.48,59389.29,80109.27,1121529.74
MSME098,Manufacturing MSME 98,2026-08-01,Manufacturing,Telangana,93,340064.75,309865.81,5000.0,244629.77,60679.25,55695.02,80109.27,1041420.47
MSME098,Manufacturing MSME 98,2026-09-01,Manufacturing,Telangana,93,332220.03,306929.35,5000.0,250324.62,60315.85,54410.24,80109.27,961311.2
MSME099,Manufacturing MSME 99,2023-10-01,Manufacturing,Telangana,91,750233.2,676438.18,304612.28,154109.06,130121.74,142431.4,45831.01,2154057.33
MSME099,Manufacturing MSME 99,2023-11-01,Manufacturing,Telangana,91,765007.72,690015.96,274280.59,157850.52,133264.53,145236.34,45831.01,2108226.32
MSME099,Manufacturing MSME 99,2023-12-01,Manufacturing,Telangana,91,788111.79,711820.03,254974.88,161672.64,138023.32,149622.63,45831.01,2062395.32
MSME099,Manufacturing MSME 99,2024-01-01,Manufacturing,Telangana,91,819955.2,744566.05,225262.77,165577.03,144945.75,155668.09,45831.01,2016564.31
MSME099,Manufacturing MSME 99,2024-02-01,Manufacturing,Telangana,91,839590.68,757321.51,186073.71,169565.37,148011.6,159395.87,45831.01,1970733.3
MSME099,Manufacturing MSME 99,2024-03-01,Manufacturing,Telangana,91,839199.3,765506.87,158921.77,173639.34,150200.37,159321.57,45831.01,1924902.29
MSME099,Manufacturing MSME 99,2024-04-01,Manufacturing,Telangana,91,837496.66,777017.48,118171.21,177800.67,153056.75,158998.33,45831.01,1879071.29
MSME099,Manufacturing MSME 99,2024-05-01,Manufacturing,Telangana,91,809572.39,743962.94,79138.59,182051.12,147118.12,153696.92,45831.01,1833240.28
MSME099,Manufacturing MSME 99,2024-06-01,Manufacturing,Telangana,91,741321.04,684756.23,15509.85,186392.49,135936.92,140739.43,45831.01,1787409.27
MSME099,Manufacturing MSME 99,2024-07-01,Manufacturing,Telangana,91,709856.67,646463.17,5000.0,190826.59,128832.46,134765.94,45831.01,1741578.27
MSME099,Manufacturing MSME 99,2024-08-01,Manufacturing,Telangana,91,680507.84,606324.09,5000.0,195355.29,121299.75,129194.08,45831.01,1695747.26
MSME099,Manufacturing MSME 99,2024-09-01,Manufacturing,Telangana,91,664455.19,614911.56,5000.0,199980.5,123490.88,126146.49,45831.01,1649916.25
MSME099,Manufacturing MSME 99,2024-10-01,Manufacturing,Telangana,91,646758.13,584161.45,5000.0,204704.14,117764.91,122786.71,45831.01,1604085.25
MSME099,Manufacturing MSME 99,2024-11-01,Manufacturing,Telangana,91,657311.5,605677.14,5000.0,209528.2,122568.44,124790.26,45831.01,1558254.24
MSME099,Manufacturing MSME 99,2024-12-01,Manufacturing,Telangana,91,685107.61,634583.96,5000.0,214454.67,128906.48,130067.34,45831.01,1512423.23
MSME099,Manufacturing MSME 99,2025-01-01,Manufacturing,Telangana,91,701278.72,630898.01,5000.0,219485.62,128643.18,133137.42,45831.01,1466592.22
MSME099,Manufacturing MSME 99,2025-02-01,Manufacturing,Telangana,91,715977.46,657865.72,5000.0,224623.13,134648.22,135927.97,45831.01,1420761.22
MSME099,Manufacturing MSME 99,2025-03-01,Manufacturing,Telangana,91,720088.39,653416.36,5000.0,229869.33,134240.33,136708.42,45831.01,1374930.21
MSME099,Manufacturing MSME 99,2025-04-01,Manufacturing,Telangana,91,714359.6,650326.87,5000.0,235226.4,134106.0,135620.82,45831.01,1329099.2
MSME099,Manufacturing MSME 99,2025-05-01,Manufacturing,Telangana,91,697050.31,626369.19,5000.0,240696.54,129647.58,132334.66,45831.01,1283268.2
MSME099,Manufacturing MSME 99,2025-06-01,Manufacturing,Telangana,91,659501.12,601117.02,5000.0,246282.0,124883.34,125205.96,45831.01,1237437.19
MSME099,Manufacturing MSME 99,2025-07-01,Manufacturing,Telangana,91,614703.12,568330.77,5000.0,251985.1,118509.23,116701.08,45831.01,1191606.18
MSME099,Manufacturing MSME 99,2025-08-01,Manufacturing,Telangana,91,580680.69,520664.53,5000.0,257808.16,108970.42,110241.94,45831.01,1145775.18
MSME099,Manufacturing MSME 99,2025-09-01,Manufacturing,Telangana,91,578351.35,514299.04,5000.0,263753.58,108033.91,109799.72,45831.01,1099944.17
MSME099,Manufacturing MSME 99,2025-10-01,Manufacturing,Telangana,91,570206.45,523834.19,5000.0,269823.79,110439.93,108253.41,45831.01,1054113.16
MSME099,Manufacturing MSME 99,2025-11-01,Manufacturing,Telangana,91,571847.65,503269.68,5000.0,276021.28,106491.56,108564.99,45831.01,1008282.15
MSME099,Manufacturing MSME 99,2025-12-01,Manufacturing,Telangana,91,594307.72,550052.93,5000.0,282348.56,116814.11,112829.03,45831.01,962451.15
MSME099,Manufacturing MSME 99,2026-01-01,Manufacturing,Telangana,91,603911.47,558350.84,5000.0,288808.22,119005.95,114652.29,45831.01,916620.14
MSME099,Manufacturing MSME 99,2026-02-01,Manufacturing,Telangana,91,614245.57,548510.64,5000.0,295402.87,117330.68,116614.22,45831.01,870789.13
MSME099,Manufacturing MSME 99,2026-03-01,Manufacturing,Telangana,91,632849.08,576775.53,5000.0,302135.2,123820.56,120146.08,45831.01,824958.13
MSME099,Manufacturing MSME 99,2026-04-01,Manufacturing,Telangana,91,628165.67,575512.11,5000.0,309007.94,123992.16,119256.94,45831.01,779127.12
MSME099,Manufacturing MSME 99,2026-05-01,Manufacturing,Telangana,91,620010.06,551169.77,5000.0,316023.85,119171.78,117708.6,45831.01,733296.11
MSME099,Manufacturing MSME 99,2026-06-01,Manufacturing,Telangana,91,585264.91,538633.23,5000.0,323185.78,116875.64,111112.25,45831.01,687465.11
MSME099,Manufacturing MSME 99,2026-07-01,Manufacturing,Telangana,91,557920.22,507409.26,5000.0,330496.6,110490.91,105920.88,45831.01,641634.1
MSME099,Manufacturing MSME 99,2026-08-01,Manufacturing,Telangana,91,531097.43,478879.14,5000.0,337959.27,104646.81,100828.58,45831.01,595803.09
MSME099,Manufacturing MSME 99,2026-09-01,Manufacturing,Telangana,91,510583.97,460629.43,5000.0,345576.77,101013.23,96934.11,45831.01,549972.08
MSME100,Manufacturing MSME 100,2023-10-01,Manufacturing,Andhra Pradesh,68,690633.47,599333.79,233347.78,154148.3,61558.34,161275.0,53775.3,2527439.0
MSME100,Manufacturing MSME 100,2023-11-01,Manufacturing,Andhra Pradesh,68,710327.42,619394.97,208837.6,158049.65,63873.32,165873.88,53775.3,2473663.7
MSME100,Manufacturing MSME 100,2023-12-01,Manufacturing,Andhra Pradesh,68,735915.92,643793.33,183479.52,162039.53,66653.83,171849.25,53775.3,2419888.4
MSME100,Manufacturing MSME 100,2024-01-01,Manufacturing,Andhra Pradesh,68,749452.11,635056.72,186920.78,166119.83,66010.21,175010.18,53775.3,2366113.11
MSME100,Manufacturing MSME 100,2024-02-01,Manufacturing,Andhra Pradesh,68,778521.11,672066.69,172441.24,170292.48,70133.29,181798.3,53775.3,2312337.81
MSME100,Manufacturing MSME 100,2024-03-01,Manufacturing,Andhra Pradesh,68,781125.3,682241.15,150125.2,174559.45,71475.33,182406.43,53775.3,2258562.51
MSME100,Manufacturing MSME 100,2024-04-01,Manufacturing,Andhra Pradesh,68,776048.83,688101.74,126867.33,178922.76,72372.03,181220.98,53775.3,2204787.21
MSME100,Manufacturing MSME 100,2024-05-01,Manufacturing,Andhra Pradesh,68,742314.54,642281.52,109728.65,183384.44,67816.7,173343.43,53775.3,2151011.91
MSME100,Manufacturing MSME 100,2024-06-01,Manufacturing,Andhra Pradesh,68,709133.52,617065.73,88618.49,187946.59,65407.75,165595.09,53775.3,2097236.62
MSME100,Manufacturing MSME 100,2024-07-01,Manufacturing,Andhra Pradesh,68,683190.12,592320.8,61525.46,192611.34,63028.19,159536.85,53775.3,2043461.32
MSME100,Manufacturing MSME 100,2024-08-01,Manufacturing,Andhra Pradesh,68,666543.88,571960.64,55853.27,197380.88,61096.68,155649.66,53775.3,1989686.02
MSME100,Manufacturing MSME 100,2024-09-01,Manufacturing,Andhra Pradesh,68,618532.52,542423.63,18830.67,202257.43,58164.39,144438.17,53775.3,1935910.72
MSME100,Manufacturing MSME 100,2024-10-01,Manufacturing,Andhra Pradesh,68,601643.05,520386.26,5000.0,207243.25,56015.11,140494.18,53775.3,1882135.42
MSME100,Manufacturing MSME 100,2024-11-01,Manufacturing,Andhra Pradesh,68,598351.95,519307.32,5000.0,212340.67,56112.33,139725.65,53775.3,1828360.13
MSME100,Manufacturing MSME 100,2024-12-01,Manufacturing,Andhra Pradesh,68,591935.92,524757.84,5000.0,217552.04,56916.86,138227.4,53775.3,1774584.83
MSME100,Manufacturing MSME 100,2025-01-01,Manufacturing,Andhra Pradesh,68,603745.94,528000.66,5000.0,222879.77,57485.52,140985.24,53775.3,1720809.53
MSME100,Manufacturing MSME 100,2025-02-01,Manufacturing,Andhra Pradesh,68,604644.28,525077.86,5000.0,228326.32,57383.03,141195.02,53775.3,1667034.23
MSME100,Manufacturing MSME 100,2025-03-01,Manufacturing,Andhra Pradesh,68,604247.96,531781.14,5000.0,233894.21,58334.07,141102.47,53775.3,1613258.94
MSME100,Manufacturing MSME 100,2025-04-01,Manufacturing,Andhra Pradesh,68,593537.2,520347.26,5000.0,239585.99,57293.61,138601.32,53775.3,1559483.64
MSME100,Manufacturing MSME 100,2025-05-01,Manufacturing,Andhra Pradesh,68,570541.67,492875.25,5000.0,245404.28,54471.26,133231.46,53775.3,1505708.34
MSME100,Manufacturing MSME 100,2025-06-01,Manufacturing,Andhra Pradesh,68,535159.48,464931.21,5000.0,251351.75,51573.97,124969.1,53775.3,1451933.04
MSME100,Manufacturing MSME 100,2025-07-01,Manufacturing,Andhra Pradesh,68,506800.51,442362.68,5000.0,257431.1,49252.23,118346.79,53775.3,1398157.74
MSME100,Manufacturing MSME 100,2025-08-01,Manufacturing,Andhra Pradesh,68,477887.47,419946.35,5000.0,263645.13,46928.95,111595.09,53775.3,1344382.45
MSME100,Manufacturing MSME 100,2025-09-01,Manufacturing,Andhra Pradesh,68,459753.46,408406.43,5000.0,269996.66,45807.16,107360.48,53775.3,1290607.15
MSME100,Manufacturing MSME 100,2025-10-01,Manufacturing,Andhra Pradesh,68,443357.82,386712.43,5000.0,276488.59,43532.82,103531.81,53775.3,1236831.85
MSME100,Manufacturing MSME 100,2025-11-01,Manufacturing,Andhra Pradesh,68,448022.12,383226.99,5000.0,283123.85,43297.91,104621.01,53775.3,1183056.55
MSME100,Manufacturing MSME 100,2025-12-01,Manufacturing,Andhra Pradesh,68,441511.99,383151.3,5000.0,289905.47,43446.77,103100.78,53775.3,1129281.25
MSME100,Manufacturing MSME 100,2026-01-01,Manufacturing,Andhra Pradesh,68,468708.81,406590.52,5000.0,296836.5,46271.66,109451.71,53775.3,1075505.96
MSME100,Manufacturing MSME 100,2026-02-01,Manufacturing,Andhra Pradesh,68,469875.11,414619.69,5000.0,303920.09,47355.76,109724.06,53775.3,1021730.66
MSME100,Manufacturing MSME 100,2026-03-01,Manufacturing,Andhra Pradesh,68,462586.73,417816.73,5000.0,311159.42,47892.57,108022.1,53775.3,967955.36
MSME100,Manufacturing MSME 100,2026-04-01,Manufacturing,Andhra Pradesh,68,452408.2,391508.0,5000.0,318557.76,45037.76,105645.23,53775.3,914180.06
MSME100,Manufacturing MSME 100,2026-05-01,Manufacturing,Andhra Pradesh,68,446714.41,386585.95,5000.0,326118.43,44630.37,104315.63,53775.3,860404.77
MSME100,Manufacturing MSME 100,2026-06-01,Manufacturing,Andhra Pradesh,68,429647.09,373364.14,5000.0,333844.83,43257.34,100330.11,53775.3,806629.47
MSME100,Manufacturing MSME 100,2026-07-01,Manufacturing,Andhra Pradesh,68,400389.85,352190.45,5000.0,341740.42,40948.89,93498.04,53775.3,752854.17
MSME100,Manufacturing MSME 100,2026-08-01,Manufacturing,Andhra Pradesh,68,377445.94,328050.05,5000.0,349808.73,38276.88,88140.23,53775.3,699078.87
MSME100,Manufacturing MSME 100,2026-09-01,Manufacturing,Andhra Pradesh,68,362465.58,314029.42,5000.0,358053.37,36769.97,84642.06,53775.3,645303.57
